student_key,year,exam_id,subject_id,exam_type,submitted_at,percentage,passed
2568-1001,2568,2568-S5-P6,5,practice,2025-06-10 20:00:00,49.1,0
2568-1001,2568,2568-S6-P6,6,practice,2025-06-11 21:00:00,81.9,1
2568-1001,2568,2568-S4-C3,4,checkpoint,2025-06-27 20:00:00,61.6,1
2568-1001,2568,2568-S5-C3,5,checkpoint,2025-06-24 17:00:00,66.1,1
2568-1001,2568,2568-S6-C3,6,checkpoint,2025-06-26 16:00:00,94.2,1
2568-1001,2568,2568-S1-P8,1,practice,2025-07-23 22:00:00,46.7,0
2568-1001,2568,2568-S4-P8,4,practice,2025-07-23 20:00:00,62.2,1
2568-1001,2568,2568-S5-P8,5,practice,2025-07-26 17:00:00,55.2,1
2568-1001,2568,2568-S6-P8,6,practice,2025-07-26 17:00:00,66.0,1
2568-1002,2568,2568-S1-P2,1,practice,2025-03-23 20:00:00,83.4,1
2568-1002,2568,2568-S4-P2,4,practice,2025-03-22 20:00:00,90.6,1
2568-1002,2568,2568-S5-P2,5,practice,2025-03-20 19:00:00,87.9,1
2568-1002,2568,2568-S6-P2,6,practice,2025-03-21 22:00:00,100.0,1
2568-1002,2568,2568-S1-C1,1,checkpoint,2025-04-05 20:00:00,75.8,1
2568-1002,2568,2568-S4-C1,4,checkpoint,2025-04-05 21:00:00,48.0,0
2568-1002,2568,2568-S5-C1,5,checkpoint,2025-04-01 19:00:00,80.5,1
2568-1002,2568,2568-S1-P3,1,practice,2025-04-07 19:00:00,87.1,1
2568-1002,2568,2568-S4-P3,4,practice,2025-04-13 22:00:00,55.2,1
2568-1002,2568,2568-S1-P4,1,practice,2025-05-03 18:00:00,83.8,1
2568-1002,2568,2568-S5-P4,5,practice,2025-05-01 16:00:00,64.5,1
2568-1002,2568,2568-S6-P4,6,practice,2025-05-02 19:00:00,67.4,1
2568-1002,2568,2568-S1-C2,1,checkpoint,2025-05-12 16:00:00,84.2,1
2568-1002,2568,2568-S4-C2,4,checkpoint,2025-05-15 19:00:00,63.1,1
2568-1002,2568,2568-S4-P5,4,practice,2025-05-25 22:00:00,67.0,1
2568-1002,2568,2568-S5-P5,5,practice,2025-05-25 21:00:00,85.1,1
2568-1002,2568,2568-S6-P5,6,practice,2025-05-24 18:00:00,100.0,1
2568-1002,2568,2568-S5-P6,5,practice,2025-06-10 21:00:00,93.7,1
2568-1002,2568,2568-S6-P6,6,practice,2025-06-13 18:00:00,91.5,1
2568-1002,2568,2568-S1-C3,1,checkpoint,2025-06-27 16:00:00,56.6,1
2568-1002,2568,2568-S4-C3,4,checkpoint,2025-06-26 21:00:00,66.7,1
2568-1002,2568,2568-S5-C3,5,checkpoint,2025-06-27 19:00:00,59.7,1
2568-1002,2568,2568-S6-C3,6,checkpoint,2025-06-29 17:00:00,45.1,0
2568-1002,2568,2568-S1-P7,1,practice,2025-07-02 19:00:00,82.4,1
2568-1002,2568,2568-S5-P7,5,practice,2025-07-03 17:00:00,63.0,1
2568-1002,2568,2568-S6-P8,6,practice,2025-07-23 21:00:00,88.4,1
2568-1003,2568,2568-S1-P2,1,practice,2025-03-20 16:00:00,62.6,1
2568-1003,2568,2568-S5-P2,5,practice,2025-03-21 17:00:00,68.5,1
2568-1003,2568,2568-S1-C1,1,checkpoint,2025-04-02 21:00:00,71.0,1
2568-1003,2568,2568-S4-C1,4,checkpoint,2025-04-06 17:00:00,52.1,1
2568-1003,2568,2568-S6-C1,6,checkpoint,2025-04-03 18:00:00,78.9,1
2568-1003,2568,2568-S5-P3,5,practice,2025-04-13 16:00:00,58.1,1
2568-1003,2568,2568-S4-P4,4,practice,2025-05-01 16:00:00,74.7,1
2568-1003,2568,2568-S1-C2,1,checkpoint,2025-05-18 16:00:00,55.1,1
2568-1003,2568,2568-S6-C2,6,checkpoint,2025-05-14 18:00:00,80.9,1
2568-1003,2568,2568-S4-P5,4,practice,2025-05-20 17:00:00,52.2,1
2568-1003,2568,2568-S5-P5,5,practice,2025-05-21 22:00:00,57.8,1
2568-1003,2568,2568-S4-P6,4,practice,2025-06-11 20:00:00,48.4,0
2568-1003,2568,2568-S5-P6,5,practice,2025-06-09 22:00:00,62.2,1
2568-1003,2568,2568-S6-C3,6,checkpoint,2025-06-24 20:00:00,64.2,1
2568-1003,2568,2568-S4-P7,4,practice,2025-06-30 21:00:00,65.6,1
2568-1003,2568,2568-S5-P7,5,practice,2025-07-04 17:00:00,80.9,1
2568-1003,2568,2568-S6-P8,6,practice,2025-07-25 19:00:00,64.5,1
2568-1003,2568,2568-S5-P9,5,practice,2025-08-12 16:00:00,65.9,1
2568-1003,2568,2568-S6-P9,6,practice,2025-08-14 17:00:00,32.0,0
2568-1004,2568,2568-S1-P2,1,practice,2025-03-21 16:00:00,51.0,1
2568-1004,2568,2568-S6-P2,6,practice,2025-03-17 22:00:00,73.4,1
2568-1004,2568,2568-S1-C1,1,checkpoint,2025-04-02 17:00:00,93.0,1
2568-1004,2568,2568-S4-C1,4,checkpoint,2025-04-01 18:00:00,77.0,1
2568-1004,2568,2568-S5-C1,5,checkpoint,2025-04-05 21:00:00,67.6,1
2568-1004,2568,2568-S6-C1,6,checkpoint,2025-04-01 21:00:00,80.0,1
2568-1004,2568,2568-S1-P3,1,practice,2025-04-07 22:00:00,79.2,1
2568-1004,2568,2568-S6-P3,6,practice,2025-04-09 16:00:00,78.6,1
2568-1004,2568,2568-S1-P4,1,practice,2025-04-29 17:00:00,84.6,1
2568-1004,2568,2568-S4-P4,4,practice,2025-04-29 21:00:00,73.5,1
2568-1004,2568,2568-S5-P4,5,practice,2025-05-03 20:00:00,88.6,1
2568-1004,2568,2568-S6-P4,6,practice,2025-05-03 19:00:00,66.6,1
2568-1004,2568,2568-S4-C2,4,checkpoint,2025-05-13 18:00:00,68.8,1
2568-1004,2568,2568-S6-C2,6,checkpoint,2025-05-12 18:00:00,87.9,1
2568-1004,2568,2568-S1-P5,1,practice,2025-05-20 22:00:00,82.4,1
2568-1004,2568,2568-S4-P5,4,practice,2025-05-22 21:00:00,63.7,1
2568-1004,2568,2568-S5-P5,5,practice,2025-05-19 22:00:00,74.6,1
2568-1004,2568,2568-S6-P5,6,practice,2025-05-23 22:00:00,72.4,1
2568-1004,2568,2568-S1-P6,1,practice,2025-06-10 20:00:00,61.2,1
2568-1004,2568,2568-S6-P6,6,practice,2025-06-15 18:00:00,74.0,1
2568-1004,2568,2568-S1-C3,1,checkpoint,2025-06-25 17:00:00,67.4,1
2568-1004,2568,2568-S4-C3,4,checkpoint,2025-06-28 22:00:00,66.8,1
2568-1004,2568,2568-S5-C3,5,checkpoint,2025-06-23 20:00:00,81.1,1
2568-1004,2568,2568-S6-P7,6,practice,2025-07-04 18:00:00,53.5,1
2568-1004,2568,2568-S1-P8,1,practice,2025-07-21 16:00:00,79.6,1
2568-1004,2568,2568-S4-P8,4,practice,2025-07-27 22:00:00,81.4,1
2568-1004,2568,2568-S4-C4,4,checkpoint,2025-08-04 22:00:00,83.2,1
2568-1004,2568,2568-S6-C4,6,checkpoint,2025-08-04 21:00:00,61.5,1
2568-1004,2568,2568-S1-P9,1,practice,2025-08-13 22:00:00,61.0,1
2568-1005,2568,2568-S4-P2,4,practice,2025-03-21 18:00:00,73.1,1
2568-1005,2568,2568-S4-C1,4,checkpoint,2025-04-03 18:00:00,68.8,1
2568-1005,2568,2568-S5-C1,5,checkpoint,2025-04-06 17:00:00,100.0,1
2568-1005,2568,2568-S4-P3,4,practice,2025-04-10 18:00:00,54.3,1
2568-1005,2568,2568-S6-P3,6,practice,2025-04-09 20:00:00,89.2,1
2568-1005,2568,2568-S1-P4,1,practice,2025-04-29 16:00:00,77.2,1
2568-1005,2568,2568-S5-P4,5,practice,2025-05-02 21:00:00,85.0,1
2568-1005,2568,2568-S1-P5,1,practice,2025-05-25 19:00:00,78.1,1
2568-1005,2568,2568-S4-P5,4,practice,2025-05-22 17:00:00,76.2,1
2568-1005,2568,2568-S5-P5,5,practice,2025-05-19 18:00:00,69.6,1
2568-1005,2568,2568-S1-P6,1,practice,2025-06-10 19:00:00,46.7,0
2568-1005,2568,2568-S1-C3,1,checkpoint,2025-06-27 16:00:00,51.4,1
2568-1005,2568,2568-S4-C3,4,checkpoint,2025-06-25 21:00:00,66.0,1
2568-1005,2568,2568-S5-C3,5,checkpoint,2025-06-27 16:00:00,80.6,1
2568-1005,2568,2568-S6-C3,6,checkpoint,2025-06-25 20:00:00,83.2,1
2568-1005,2568,2568-S1-P7,1,practice,2025-07-03 21:00:00,52.1,1
2568-1005,2568,2568-S5-P7,5,practice,2025-07-04 16:00:00,82.7,1
2568-1005,2568,2568-S5-P8,5,practice,2025-07-23 21:00:00,95.4,1
2568-1005,2568,2568-S6-P8,6,practice,2025-07-26 17:00:00,53.3,1
2568-1005,2568,2568-S1-C4,1,checkpoint,2025-08-08 19:00:00,67.6,1
2568-1005,2568,2568-S5-C4,5,checkpoint,2025-08-10 16:00:00,58.1,1
2568-1005,2568,2568-S6-C4,6,checkpoint,2025-08-04 20:00:00,72.8,1
2568-1005,2568,2568-S1-P9,1,practice,2025-08-16 21:00:00,66.0,1
2568-1005,2568,2568-S4-P9,4,practice,2025-08-16 16:00:00,71.3,1
2568-1006,2568,2568-S4-P2,4,practice,2025-03-19 21:00:00,67.7,1
2568-1006,2568,2568-S5-P2,5,practice,2025-03-19 20:00:00,88.3,1
2568-1006,2568,2568-S1-C1,1,checkpoint,2025-04-04 17:00:00,81.8,1
2568-1006,2568,2568-S5-C1,5,checkpoint,2025-04-03 19:00:00,70.6,1
2568-1006,2568,2568-S5-P3,5,practice,2025-04-10 18:00:00,90.9,1
2568-1006,2568,2568-S1-P4,1,practice,2025-05-02 20:00:00,91.7,1
2568-1006,2568,2568-S4-P4,4,practice,2025-04-28 22:00:00,65.9,1
2568-1006,2568,2568-S5-P4,5,practice,2025-04-29 16:00:00,86.3,1
2568-1006,2568,2568-S5-C2,5,checkpoint,2025-05-15 16:00:00,92.1,1
2568-1006,2568,2568-S4-P5,4,practice,2025-05-25 20:00:00,69.8,1
2568-1006,2568,2568-S5-P5,5,practice,2025-05-23 19:00:00,97.2,1
2568-1006,2568,2568-S1-P6,1,practice,2025-06-11 20:00:00,86.0,1
2568-1006,2568,2568-S4-P6,4,practice,2025-06-14 17:00:00,85.7,1
2568-1006,2568,2568-S5-P6,5,practice,2025-06-12 19:00:00,84.7,1
2568-1006,2568,2568-S1-C3,1,checkpoint,2025-06-23 16:00:00,73.7,1
2568-1006,2568,2568-S4-C3,4,checkpoint,2025-06-25 22:00:00,100.0,1
2568-1006,2568,2568-S1-P7,1,practice,2025-07-03 18:00:00,85.9,1
2568-1006,2568,2568-S4-P7,4,practice,2025-06-30 21:00:00,86.1,1
2568-1006,2568,2568-S5-P7,5,practice,2025-07-02 16:00:00,71.1,1
2568-1007,2568,2568-S1-P3,1,practice,2025-04-13 21:00:00,65.5,1
2568-1007,2568,2568-S5-P3,5,practice,2025-04-13 16:00:00,68.4,1
2568-1007,2568,2568-S1-P4,1,practice,2025-05-04 19:00:00,78.3,1
2568-1007,2568,2568-S4-P4,4,practice,2025-04-29 21:00:00,70.7,1
2568-1007,2568,2568-S5-P4,5,practice,2025-05-03 16:00:00,76.3,1
2568-1007,2568,2568-S6-P4,6,practice,2025-05-02 17:00:00,78.2,1
2568-1007,2568,2568-S1-C2,1,checkpoint,2025-05-18 22:00:00,78.5,1
2568-1007,2568,2568-S5-C2,5,checkpoint,2025-05-13 20:00:00,81.2,1
2568-1007,2568,2568-S6-C2,6,checkpoint,2025-05-16 18:00:00,73.4,1
2568-1007,2568,2568-S1-P5,1,practice,2025-05-21 18:00:00,72.1,1
2568-1007,2568,2568-S4-P5,4,practice,2025-05-24 16:00:00,100.0,1
2568-1007,2568,2568-S6-P5,6,practice,2025-05-25 17:00:00,62.8,1
2568-1007,2568,2568-S4-P6,4,practice,2025-06-10 17:00:00,82.7,1
2568-1007,2568,2568-S4-C3,4,checkpoint,2025-06-25 17:00:00,76.7,1
2568-1007,2568,2568-S5-C3,5,checkpoint,2025-06-29 19:00:00,70.4,1
2568-1007,2568,2568-S1-P7,1,practice,2025-07-04 17:00:00,69.0,1
2568-1007,2568,2568-S4-P7,4,practice,2025-07-04 18:00:00,92.0,1
2568-1007,2568,2568-S5-P7,5,practice,2025-07-03 18:00:00,78.8,1
2568-1007,2568,2568-S1-P8,1,practice,2025-07-27 17:00:00,71.6,1
2568-1007,2568,2568-S5-P8,5,practice,2025-07-25 21:00:00,95.2,1
2568-1007,2568,2568-S6-P8,6,practice,2025-07-26 16:00:00,63.8,1
2568-1008,2568,2568-S1-P3,1,practice,2025-04-07 17:00:00,77.5,1
2568-1008,2568,2568-S4-P3,4,practice,2025-04-11 19:00:00,70.3,1
2568-1008,2568,2568-S5-P3,5,practice,2025-04-11 16:00:00,63.7,1
2568-1008,2568,2568-S1-P4,1,practice,2025-05-01 18:00:00,59.6,1
2568-1008,2568,2568-S1-C2,1,checkpoint,2025-05-16 16:00:00,66.1,1
2568-1008,2568,2568-S5-C2,5,checkpoint,2025-05-18 21:00:00,72.1,1
2568-1008,2568,2568-S4-P5,4,practice,2025-05-20 20:00:00,81.7,1
2568-1008,2568,2568-S6-P5,6,practice,2025-05-24 16:00:00,100.0,1
2568-1008,2568,2568-S1-C3,1,checkpoint,2025-06-27 18:00:00,92.1,1
2568-1008,2568,2568-S4-C3,4,checkpoint,2025-06-24 18:00:00,69.7,1
2568-1008,2568,2568-S5-C3,5,checkpoint,2025-06-29 16:00:00,93.1,1
2568-1008,2568,2568-S1-P7,1,practice,2025-07-01 18:00:00,81.5,1
2568-1008,2568,2568-S4-P8,4,practice,2025-07-27 18:00:00,89.5,1
2568-1008,2568,2568-S1-C4,1,checkpoint,2025-08-04 20:00:00,73.8,1
2568-1008,2568,2568-S1-P9,1,practice,2025-08-17 21:00:00,40.7,0
2568-1008,2568,2568-S5-P9,5,practice,2025-08-13 19:00:00,55.8,1
2568-1008,2568,2568-S6-P9,6,practice,2025-08-15 18:00:00,76.9,1
2568-1009,2568,2568-S1-P6,1,practice,2025-06-14 19:00:00,77.5,1
2568-1009,2568,2568-S5-P6,5,practice,2025-06-13 20:00:00,85.8,1
2568-1009,2568,2568-S6-P6,6,practice,2025-06-12 22:00:00,88.5,1
2568-1009,2568,2568-S4-C3,4,checkpoint,2025-06-25 22:00:00,67.2,1
2568-1009,2568,2568-S5-C3,5,checkpoint,2025-06-27 19:00:00,85.7,1
2568-1009,2568,2568-S6-C3,6,checkpoint,2025-06-24 16:00:00,92.5,1
2568-1009,2568,2568-S1-P7,1,practice,2025-07-03 18:00:00,80.1,1
2568-1009,2568,2568-S5-P7,5,practice,2025-07-04 21:00:00,100.0,1
2568-1009,2568,2568-S1-P8,1,practice,2025-07-21 19:00:00,90.7,1
2568-1009,2568,2568-S4-P8,4,practice,2025-07-23 19:00:00,99.5,1
2568-1009,2568,2568-S5-P8,5,practice,2025-07-22 21:00:00,67.9,1
2568-1009,2568,2568-S6-P8,6,practice,2025-07-27 19:00:00,92.8,1
2568-1009,2568,2568-S1-C4,1,checkpoint,2025-08-04 20:00:00,89.7,1
2568-1009,2568,2568-S4-C4,4,checkpoint,2025-08-05 22:00:00,85.7,1
2568-1009,2568,2568-S5-C4,5,checkpoint,2025-08-07 21:00:00,66.5,1
2568-1009,2568,2568-S1-P9,1,practice,2025-08-15 18:00:00,82.0,1
2568-1009,2568,2568-S5-P9,5,practice,2025-08-14 20:00:00,80.8,1
2568-1009,2568,2568-S6-P9,6,practice,2025-08-14 22:00:00,100.0,1
2568-1010,2568,2568-S4-P3,4,practice,2025-04-08 19:00:00,61.8,1
2568-1010,2568,2568-S5-P3,5,practice,2025-04-12 22:00:00,98.9,1
2568-1010,2568,2568-S6-P3,6,practice,2025-04-07 18:00:00,80.8,1
2568-1010,2568,2568-S1-P4,1,practice,2025-04-28 18:00:00,56.9,1
2568-1010,2568,2568-S4-P4,4,practice,2025-05-02 21:00:00,53.2,1
2568-1010,2568,2568-S5-P4,5,practice,2025-05-03 17:00:00,63.9,1
2568-1010,2568,2568-S6-P4,6,practice,2025-05-01 17:00:00,69.1,1
2568-1010,2568,2568-S1-C2,1,checkpoint,2025-05-14 20:00:00,97.5,1
2568-1010,2568,2568-S4-C2,4,checkpoint,2025-05-13 18:00:00,75.5,1
2568-1010,2568,2568-S5-C2,5,checkpoint,2025-05-18 19:00:00,92.0,1
2568-1010,2568,2568-S6-C2,6,checkpoint,2025-05-12 22:00:00,71.8,1
2568-1010,2568,2568-S1-P5,1,practice,2025-05-22 18:00:00,90.5,1
2568-1010,2568,2568-S4-P5,4,practice,2025-05-23 16:00:00,57.4,1
2568-1010,2568,2568-S5-P5,5,practice,2025-05-24 18:00:00,89.0,1
2568-1010,2568,2568-S1-P6,1,practice,2025-06-10 18:00:00,97.5,1
2568-1010,2568,2568-S4-P6,4,practice,2025-06-09 20:00:00,95.0,1
2568-1010,2568,2568-S5-P6,5,practice,2025-06-15 20:00:00,75.9,1
2568-1010,2568,2568-S1-C3,1,checkpoint,2025-06-27 20:00:00,100.0,1
2568-1010,2568,2568-S5-C3,5,checkpoint,2025-06-23 18:00:00,64.6,1
2568-1010,2568,2568-S6-C3,6,checkpoint,2025-06-26 18:00:00,70.6,1
2568-1010,2568,2568-S1-P7,1,practice,2025-07-03 18:00:00,75.9,1
2568-1010,2568,2568-S4-P7,4,practice,2025-07-06 22:00:00,77.0,1
2568-1010,2568,2568-S6-P7,6,practice,2025-07-06 18:00:00,89.4,1
2568-1010,2568,2568-S1-P8,1,practice,2025-07-22 20:00:00,62.2,1
2568-1010,2568,2568-S4-P8,4,practice,2025-07-24 18:00:00,73.2,1
2568-1010,2568,2568-S5-P8,5,practice,2025-07-24 22:00:00,95.4,1
2568-1010,2568,2568-S6-P8,6,practice,2025-07-27 22:00:00,77.7,1
2568-1010,2568,2568-S1-C4,1,checkpoint,2025-08-07 21:00:00,70.7,1
2568-1010,2568,2568-S4-C4,4,checkpoint,2025-08-05 20:00:00,81.7,1
2568-1010,2568,2568-S5-C4,5,checkpoint,2025-08-07 18:00:00,81.6,1
2568-1010,2568,2568-S1-P9,1,practice,2025-08-15 21:00:00,65.5,1
2568-1010,2568,2568-S4-P9,4,practice,2025-08-16 16:00:00,47.4,0
2568-1010,2568,2568-S5-P9,5,practice,2025-08-15 21:00:00,68.1,1
2568-1010,2568,2568-S6-P9,6,practice,2025-08-16 22:00:00,88.8,1
2568-1011,2568,2568-S1-P6,1,practice,2025-06-09 18:00:00,78.5,1
2568-1011,2568,2568-S4-P6,4,practice,2025-06-15 20:00:00,85.6,1
2568-1011,2568,2568-S5-P6,5,practice,2025-06-13 16:00:00,84.0,1
2568-1011,2568,2568-S6-P6,6,practice,2025-06-10 18:00:00,69.7,1
2568-1011,2568,2568-S4-C3,4,checkpoint,2025-06-27 21:00:00,65.8,1
2568-1011,2568,2568-S5-C3,5,checkpoint,2025-06-29 21:00:00,71.9,1
2568-1011,2568,2568-S6-C3,6,checkpoint,2025-06-29 19:00:00,80.5,1
2568-1011,2568,2568-S1-P7,1,practice,2025-07-02 22:00:00,80.6,1
2568-1011,2568,2568-S4-P7,4,practice,2025-07-05 17:00:00,81.9,1
2568-1011,2568,2568-S5-P7,5,practice,2025-06-30 21:00:00,100.0,1
2568-1011,2568,2568-S6-P7,6,practice,2025-07-01 17:00:00,89.4,1
2568-1011,2568,2568-S1-P8,1,practice,2025-07-27 16:00:00,79.3,1
2568-1011,2568,2568-S4-P8,4,practice,2025-07-27 20:00:00,95.5,1
2568-1011,2568,2568-S6-P8,6,practice,2025-07-25 18:00:00,87.4,1
2568-1011,2568,2568-S1-C4,1,checkpoint,2025-08-05 22:00:00,77.1,1
2568-1011,2568,2568-S4-C4,4,checkpoint,2025-08-04 18:00:00,97.3,1
2568-1011,2568,2568-S5-C4,5,checkpoint,2025-08-06 18:00:00,98.0,1
2568-1011,2568,2568-S6-C4,6,checkpoint,2025-08-05 18:00:00,100.0,1
2568-1011,2568,2568-S1-P9,1,practice,2025-08-15 18:00:00,81.8,1
2568-1011,2568,2568-S4-P9,4,practice,2025-08-11 20:00:00,86.5,1
2568-1011,2568,2568-S5-P9,5,practice,2025-08-16 19:00:00,85.6,1
2568-1011,2568,2568-S6-P9,6,practice,2025-08-17 20:00:00,68.8,1
2568-1012,2568,2568-S6-P2,6,practice,2025-03-22 20:00:00,100.0,1
2568-1012,2568,2568-S6-C1,6,checkpoint,2025-04-04 17:00:00,81.6,1
2568-1012,2568,2568-S1-P3,1,practice,2025-04-07 22:00:00,88.8,1
2568-1012,2568,2568-S6-P3,6,practice,2025-04-12 20:00:00,84.5,1
2568-1012,2568,2568-S1-P4,1,practice,2025-05-02 20:00:00,73.2,1
2568-1012,2568,2568-S6-P4,6,practice,2025-04-30 16:00:00,100.0,1
2568-1012,2568,2568-S1-C2,1,checkpoint,2025-05-16 16:00:00,97.8,1
2568-1012,2568,2568-S6-P5,6,practice,2025-05-24 20:00:00,83.6,1
2568-1012,2568,2568-S1-P6,1,practice,2025-06-15 19:00:00,79.4,1
2568-1012,2568,2568-S6-P6,6,practice,2025-06-10 17:00:00,77.3,1
2568-1012,2568,2568-S1-C3,1,checkpoint,2025-06-24 19:00:00,71.0,1
2568-1012,2568,2568-S1-P7,1,practice,2025-07-03 18:00:00,80.0,1
2568-1012,2568,2568-S6-P7,6,practice,2025-07-02 17:00:00,84.1,1
2568-1012,2568,2568-S1-P8,1,practice,2025-07-23 20:00:00,80.9,1
2568-1012,2568,2568-S6-P8,6,practice,2025-07-24 18:00:00,65.3,1
2568-1012,2568,2568-S1-C4,1,checkpoint,2025-08-04 17:00:00,97.3,1
2568-1012,2568,2568-S6-C4,6,checkpoint,2025-08-10 17:00:00,82.6,1
2568-1012,2568,2568-S1-P9,1,practice,2025-08-13 16:00:00,82.1,1
2568-1012,2568,2568-S6-P9,6,practice,2025-08-17 19:00:00,94.5,1
2568-1013,2568,2568-S1-P3,1,practice,2025-04-10 20:00:00,100.0,1
2568-1013,2568,2568-S4-P3,4,practice,2025-04-07 18:00:00,94.4,1
2568-1013,2568,2568-S6-P3,6,practice,2025-04-13 17:00:00,81.5,1
2568-1013,2568,2568-S4-P4,4,practice,2025-05-02 16:00:00,62.3,1
2568-1013,2568,2568-S5-P4,5,practice,2025-05-02 21:00:00,98.2,1
2568-1013,2568,2568-S1-C2,1,checkpoint,2025-05-17 16:00:00,77.5,1
2568-1013,2568,2568-S5-C2,5,checkpoint,2025-05-17 16:00:00,78.5,1
2568-1013,2568,2568-S6-C2,6,checkpoint,2025-05-15 22:00:00,69.9,1
2568-1013,2568,2568-S4-P5,4,practice,2025-05-23 22:00:00,86.1,1
2568-1013,2568,2568-S6-P5,6,practice,2025-05-25 22:00:00,90.7,1
2568-1013,2568,2568-S1-P6,1,practice,2025-06-14 20:00:00,74.2,1
2568-1013,2568,2568-S4-P6,4,practice,2025-06-10 18:00:00,84.9,1
2568-1013,2568,2568-S6-P6,6,practice,2025-06-12 22:00:00,79.6,1
2568-1013,2568,2568-S1-C3,1,checkpoint,2025-06-27 21:00:00,59.1,1
2568-1013,2568,2568-S4-C3,4,checkpoint,2025-06-24 21:00:00,80.7,1
2568-1013,2568,2568-S5-C3,5,checkpoint,2025-06-26 18:00:00,78.4,1
2568-1013,2568,2568-S6-C3,6,checkpoint,2025-06-26 21:00:00,70.1,1
2568-1013,2568,2568-S1-P7,1,practice,2025-07-01 19:00:00,70.1,1
2568-1013,2568,2568-S5-P7,5,practice,2025-07-02 21:00:00,84.6,1
2568-1013,2568,2568-S6-P7,6,practice,2025-07-06 21:00:00,53.1,1
2568-1013,2568,2568-S1-P8,1,practice,2025-07-25 19:00:00,69.3,1
2568-1013,2568,2568-S4-P8,4,practice,2025-07-25 17:00:00,83.0,1
2568-1013,2568,2568-S1-C4,1,checkpoint,2025-08-04 18:00:00,98.0,1
2568-1013,2568,2568-S5-C4,5,checkpoint,2025-08-08 16:00:00,73.4,1
2568-1013,2568,2568-S6-C4,6,checkpoint,2025-08-09 22:00:00,62.5,1
2568-1013,2568,2568-S1-P9,1,practice,2025-08-16 18:00:00,77.2,1
2568-1013,2568,2568-S4-P9,4,practice,2025-08-14 16:00:00,51.5,1
2568-1013,2568,2568-S5-P9,5,practice,2025-08-12 21:00:00,73.5,1
2568-1013,2568,2568-S6-P9,6,practice,2025-08-15 18:00:00,69.5,1
2568-1014,2568,2568-S6-P2,6,practice,2025-03-21 20:00:00,68.5,1
2568-1014,2568,2568-S4-C1,4,checkpoint,2025-04-05 18:00:00,78.3,1
2568-1014,2568,2568-S5-C1,5,checkpoint,2025-04-04 21:00:00,73.7,1
2568-1014,2568,2568-S6-C1,6,checkpoint,2025-04-05 20:00:00,72.1,1
2568-1014,2568,2568-S4-P3,4,practice,2025-04-12 21:00:00,94.9,1
2568-1014,2568,2568-S5-P3,5,practice,2025-04-08 22:00:00,75.3,1
2568-1014,2568,2568-S6-P3,6,practice,2025-04-07 20:00:00,70.6,1
2568-1014,2568,2568-S4-P4,4,practice,2025-05-04 21:00:00,93.6,1
2568-1014,2568,2568-S6-P4,6,practice,2025-05-04 17:00:00,79.5,1
2568-1014,2568,2568-S1-C2,1,checkpoint,2025-05-16 17:00:00,84.5,1
2568-1014,2568,2568-S4-C2,4,checkpoint,2025-05-14 22:00:00,66.0,1
2568-1014,2568,2568-S5-C2,5,checkpoint,2025-05-12 16:00:00,99.8,1
2568-1014,2568,2568-S6-C2,6,checkpoint,2025-05-14 17:00:00,63.0,1
2568-1014,2568,2568-S4-P5,4,practice,2025-05-19 16:00:00,81.4,1
2568-1014,2568,2568-S5-P5,5,practice,2025-05-19 22:00:00,59.4,1
2568-1014,2568,2568-S1-P6,1,practice,2025-06-13 18:00:00,70.1,1
2568-1014,2568,2568-S4-P6,4,practice,2025-06-14 21:00:00,78.2,1
2568-1014,2568,2568-S5-P7,5,practice,2025-07-04 22:00:00,85.5,1
2568-1014,2568,2568-S4-P8,4,practice,2025-07-24 19:00:00,70.5,1
2568-1014,2568,2568-S4-C4,4,checkpoint,2025-08-04 21:00:00,82.5,1
2568-1014,2568,2568-S6-C4,6,checkpoint,2025-08-08 19:00:00,96.8,1
2568-1014,2568,2568-S1-P9,1,practice,2025-08-15 21:00:00,80.8,1
2568-1014,2568,2568-S4-P9,4,practice,2025-08-14 20:00:00,62.3,1
2568-1014,2568,2568-S5-P9,5,practice,2025-08-16 19:00:00,88.5,1
2568-1015,2568,2568-S1-P2,1,practice,2025-03-19 21:00:00,83.1,1
2568-1015,2568,2568-S5-P2,5,practice,2025-03-18 22:00:00,61.7,1
2568-1016,2568,2568-S1-P2,1,practice,2025-03-20 21:00:00,100.0,1
2568-1016,2568,2568-S4-P2,4,practice,2025-03-21 18:00:00,90.6,1
2568-1016,2568,2568-S5-P2,5,practice,2025-03-17 16:00:00,97.5,1
2568-1016,2568,2568-S6-P2,6,practice,2025-03-17 16:00:00,100.0,1
2568-1016,2568,2568-S1-C1,1,checkpoint,2025-04-05 18:00:00,83.1,1
2568-1016,2568,2568-S4-C1,4,checkpoint,2025-04-02 17:00:00,80.9,1
2568-1016,2568,2568-S5-P3,5,practice,2025-04-11 20:00:00,94.8,1
2568-1016,2568,2568-S1-P4,1,practice,2025-04-29 22:00:00,100.0,1
2568-1016,2568,2568-S4-P4,4,practice,2025-05-02 19:00:00,97.7,1
2568-1016,2568,2568-S5-P4,5,practice,2025-05-03 20:00:00,73.6,1
2568-1016,2568,2568-S6-P4,6,practice,2025-05-02 16:00:00,97.8,1
2568-1016,2568,2568-S1-C2,1,checkpoint,2025-05-14 22:00:00,78.9,1
2568-1016,2568,2568-S4-C2,4,checkpoint,2025-05-14 19:00:00,100.0,1
2568-1016,2568,2568-S6-C2,6,checkpoint,2025-05-13 16:00:00,73.9,1
2568-1016,2568,2568-S1-P5,1,practice,2025-05-19 21:00:00,100.0,1
2568-1016,2568,2568-S4-P5,4,practice,2025-05-23 16:00:00,100.0,1
2568-1016,2568,2568-S5-P5,5,practice,2025-05-21 19:00:00,95.8,1
2568-1016,2568,2568-S6-P5,6,practice,2025-05-19 22:00:00,100.0,1
2568-1016,2568,2568-S1-P6,1,practice,2025-06-13 17:00:00,89.0,1
2568-1016,2568,2568-S4-P6,4,practice,2025-06-13 19:00:00,96.0,1
2568-1016,2568,2568-S5-P6,5,practice,2025-06-12 17:00:00,78.5,1
2568-1016,2568,2568-S6-P6,6,practice,2025-06-11 20:00:00,93.5,1
2568-1016,2568,2568-S1-C3,1,checkpoint,2025-06-28 21:00:00,83.0,1
2568-1016,2568,2568-S6-C3,6,checkpoint,2025-06-23 16:00:00,89.6,1
2568-1016,2568,2568-S1-P7,1,practice,2025-07-04 21:00:00,100.0,1
2568-1016,2568,2568-S4-P7,4,practice,2025-07-04 16:00:00,100.0,1
2568-1016,2568,2568-S5-P7,5,practice,2025-07-05 22:00:00,93.1,1
2568-1016,2568,2568-S6-P7,6,practice,2025-07-03 19:00:00,71.7,1
2568-1016,2568,2568-S1-P8,1,practice,2025-07-23 16:00:00,87.4,1
2568-1016,2568,2568-S4-P8,4,practice,2025-07-25 22:00:00,80.8,1
2568-1016,2568,2568-S6-P8,6,practice,2025-07-25 16:00:00,100.0,1
2568-1017,2568,2568-S6-P2,6,practice,2025-03-18 19:00:00,88.6,1
2568-1017,2568,2568-S1-C1,1,checkpoint,2025-04-04 18:00:00,67.6,1
2568-1017,2568,2568-S4-C1,4,checkpoint,2025-04-05 21:00:00,89.1,1
2568-1017,2568,2568-S6-C1,6,checkpoint,2025-04-03 17:00:00,68.8,1
2568-1017,2568,2568-S4-P3,4,practice,2025-04-13 22:00:00,87.8,1
2568-1017,2568,2568-S5-P3,5,practice,2025-04-10 19:00:00,79.7,1
2568-1017,2568,2568-S6-P3,6,practice,2025-04-11 22:00:00,77.7,1
2568-1017,2568,2568-S1-P4,1,practice,2025-04-28 20:00:00,77.4,1
2568-1017,2568,2568-S4-P4,4,practice,2025-04-29 22:00:00,81.1,1
2568-1017,2568,2568-S5-P4,5,practice,2025-05-04 20:00:00,75.7,1
2568-1017,2568,2568-S6-P4,6,practice,2025-05-01 16:00:00,75.7,1
2568-1017,2568,2568-S4-C2,4,checkpoint,2025-05-13 16:00:00,79.2,1
2568-1017,2568,2568-S5-C2,5,checkpoint,2025-05-18 22:00:00,77.3,1
2568-1017,2568,2568-S1-P5,1,practice,2025-05-19 19:00:00,71.0,1
2568-1017,2568,2568-S4-P5,4,practice,2025-05-20 18:00:00,78.2,1
2568-1017,2568,2568-S5-P6,5,practice,2025-06-12 20:00:00,64.0,1
2568-1017,2568,2568-S6-P6,6,practice,2025-06-09 22:00:00,87.2,1
2568-1017,2568,2568-S1-C3,1,checkpoint,2025-06-26 21:00:00,64.6,1
2568-1017,2568,2568-S4-C3,4,checkpoint,2025-06-26 21:00:00,73.9,1
2568-1017,2568,2568-S6-C3,6,checkpoint,2025-06-26 18:00:00,80.6,1
2568-1017,2568,2568-S1-P7,1,practice,2025-07-05 16:00:00,88.1,1
2568-1017,2568,2568-S4-P7,4,practice,2025-07-03 22:00:00,69.7,1
2568-1017,2568,2568-S5-P7,5,practice,2025-07-06 20:00:00,81.4,1
2568-1017,2568,2568-S1-P8,1,practice,2025-07-21 21:00:00,98.0,1
2568-1017,2568,2568-S4-P8,4,practice,2025-07-24 20:00:00,91.9,1
2568-1017,2568,2568-S5-P8,5,practice,2025-07-25 17:00:00,98.6,1
2568-1017,2568,2568-S6-P8,6,practice,2025-07-27 19:00:00,72.9,1
2568-1017,2568,2568-S5-C4,5,checkpoint,2025-08-08 17:00:00,89.7,1
2568-1017,2568,2568-S6-C4,6,checkpoint,2025-08-08 17:00:00,91.2,1
2568-1017,2568,2568-S1-P9,1,practice,2025-08-17 21:00:00,84.0,1
2568-1017,2568,2568-S5-P9,5,practice,2025-08-13 22:00:00,70.1,1
2568-1017,2568,2568-S6-P9,6,practice,2025-08-15 22:00:00,67.1,1
2568-1018,2568,2568-S4-P3,4,practice,2025-04-12 19:00:00,82.9,1
2568-1018,2568,2568-S4-P4,4,practice,2025-05-02 18:00:00,67.1,1
2568-1018,2568,2568-S5-P4,5,practice,2025-04-30 16:00:00,78.6,1
2568-1018,2568,2568-S1-C2,1,checkpoint,2025-05-14 17:00:00,80.5,1
2568-1018,2568,2568-S4-C2,4,checkpoint,2025-05-17 17:00:00,88.3,1
2568-1018,2568,2568-S5-C2,5,checkpoint,2025-05-13 19:00:00,81.2,1
2568-1018,2568,2568-S1-P5,1,practice,2025-05-22 17:00:00,61.2,1
2568-1018,2568,2568-S5-P5,5,practice,2025-05-25 18:00:00,74.1,1
2568-1018,2568,2568-S4-P6,4,practice,2025-06-14 19:00:00,72.3,1
2568-1018,2568,2568-S5-P6,5,practice,2025-06-10 20:00:00,56.1,1
2568-1018,2568,2568-S1-C3,1,checkpoint,2025-06-24 20:00:00,68.4,1
2568-1018,2568,2568-S4-C3,4,checkpoint,2025-06-23 17:00:00,72.6,1
2568-1018,2568,2568-S1-P7,1,practice,2025-07-02 22:00:00,64.0,1
2568-1018,2568,2568-S4-P7,4,practice,2025-07-06 20:00:00,88.3,1
2568-1018,2568,2568-S5-P7,5,practice,2025-06-30 20:00:00,85.8,1
2568-1018,2568,2568-S5-P8,5,practice,2025-07-22 18:00:00,62.8,1
2568-1018,2568,2568-S1-C4,1,checkpoint,2025-08-05 16:00:00,61.6,1
2568-1018,2568,2568-S4-C4,4,checkpoint,2025-08-10 17:00:00,70.0,1
2568-1018,2568,2568-S5-C4,5,checkpoint,2025-08-09 22:00:00,62.1,1
2568-1018,2568,2568-S5-P9,5,practice,2025-08-14 16:00:00,80.2,1
2568-1019,2568,2568-S1-C2,1,checkpoint,2025-05-12 20:00:00,82.0,1
2568-1019,2568,2568-S4-C2,4,checkpoint,2025-05-15 17:00:00,85.6,1
2568-1019,2568,2568-S5-C2,5,checkpoint,2025-05-12 16:00:00,97.8,1
2568-1019,2568,2568-S6-C2,6,checkpoint,2025-05-13 17:00:00,72.6,1
2568-1019,2568,2568-S1-P5,1,practice,2025-05-24 18:00:00,79.6,1
2568-1019,2568,2568-S4-P5,4,practice,2025-05-25 17:00:00,83.6,1
2568-1019,2568,2568-S5-P5,5,practice,2025-05-23 16:00:00,92.1,1
2568-1019,2568,2568-S6-P5,6,practice,2025-05-25 19:00:00,81.4,1
2568-1019,2568,2568-S1-P6,1,practice,2025-06-10 17:00:00,84.1,1
2568-1019,2568,2568-S4-P6,4,practice,2025-06-13 16:00:00,63.5,1
2568-1019,2568,2568-S5-P6,5,practice,2025-06-11 18:00:00,89.8,1
2568-1019,2568,2568-S6-P6,6,practice,2025-06-10 22:00:00,92.6,1
2568-1019,2568,2568-S1-C3,1,checkpoint,2025-06-23 19:00:00,81.6,1
2568-1019,2568,2568-S5-C3,5,checkpoint,2025-06-26 19:00:00,71.3,1
2568-1019,2568,2568-S6-C3,6,checkpoint,2025-06-23 20:00:00,83.3,1
2568-1019,2568,2568-S1-P7,1,practice,2025-07-05 18:00:00,80.8,1
2568-1019,2568,2568-S4-P7,4,practice,2025-07-01 17:00:00,79.6,1
2568-1019,2568,2568-S5-P7,5,practice,2025-07-06 20:00:00,72.6,1
2568-1019,2568,2568-S6-P7,6,practice,2025-07-05 19:00:00,76.8,1
2568-1019,2568,2568-S1-P8,1,practice,2025-07-27 17:00:00,87.3,1
2568-1019,2568,2568-S5-P8,5,practice,2025-07-25 17:00:00,71.1,1
2568-1019,2568,2568-S6-P8,6,practice,2025-07-27 16:00:00,88.0,1
2568-1020,2568,2568-S5-P3,5,practice,2025-04-09 17:00:00,78.7,1
2568-1020,2568,2568-S6-P3,6,practice,2025-04-07 20:00:00,81.8,1
2568-1020,2568,2568-S1-P4,1,practice,2025-05-04 22:00:00,81.1,1
2568-1020,2568,2568-S4-P4,4,practice,2025-04-30 19:00:00,76.1,1
2568-1020,2568,2568-S5-P4,5,practice,2025-04-29 21:00:00,91.0,1
2568-1020,2568,2568-S6-P4,6,practice,2025-05-03 22:00:00,81.1,1
2568-1020,2568,2568-S1-C2,1,checkpoint,2025-05-16 18:00:00,74.6,1
2568-1020,2568,2568-S4-C2,4,checkpoint,2025-05-12 22:00:00,59.6,1
2568-1020,2568,2568-S6-C2,6,checkpoint,2025-05-17 18:00:00,91.4,1
2568-1020,2568,2568-S1-P5,1,practice,2025-05-25 22:00:00,100.0,1
2568-1020,2568,2568-S4-P5,4,practice,2025-05-22 19:00:00,92.6,1
2568-1020,2568,2568-S5-P5,5,practice,2025-05-20 21:00:00,87.5,1
2568-1020,2568,2568-S6-P5,6,practice,2025-05-23 18:00:00,76.5,1
2568-1020,2568,2568-S1-P6,1,practice,2025-06-12 22:00:00,69.7,1
2568-1020,2568,2568-S4-P6,4,practice,2025-06-12 19:00:00,91.9,1
2568-1020,2568,2568-S5-P6,5,practice,2025-06-09 20:00:00,88.4,1
2568-1020,2568,2568-S6-P6,6,practice,2025-06-12 22:00:00,79.0,1
2568-1020,2568,2568-S1-C3,1,checkpoint,2025-06-29 20:00:00,70.1,1
2568-1020,2568,2568-S4-C3,4,checkpoint,2025-06-26 18:00:00,78.2,1
2568-1020,2568,2568-S1-P7,1,practice,2025-07-05 21:00:00,78.9,1
2568-1020,2568,2568-S4-P7,4,practice,2025-07-05 19:00:00,85.0,1
2568-1020,2568,2568-S5-P7,5,practice,2025-07-05 22:00:00,72.0,1
2568-1020,2568,2568-S1-P8,1,practice,2025-07-27 17:00:00,84.1,1
2568-1020,2568,2568-S6-P8,6,practice,2025-07-27 20:00:00,74.3,1
2568-1020,2568,2568-S4-C4,4,checkpoint,2025-08-10 18:00:00,68.3,1
2568-1020,2568,2568-S6-C4,6,checkpoint,2025-08-07 16:00:00,61.2,1
2568-1020,2568,2568-S1-P9,1,practice,2025-08-13 22:00:00,70.8,1
2568-1021,2568,2568-S1-P2,1,practice,2025-03-17 16:00:00,82.1,1
2568-1021,2568,2568-S4-P2,4,practice,2025-03-17 22:00:00,76.7,1
2568-1021,2568,2568-S6-P2,6,practice,2025-03-18 18:00:00,99.6,1
2568-1021,2568,2568-S1-C1,1,checkpoint,2025-04-06 16:00:00,73.1,1
2568-1021,2568,2568-S4-C1,4,checkpoint,2025-04-02 19:00:00,90.0,1
2568-1021,2568,2568-S5-C1,5,checkpoint,2025-04-04 21:00:00,95.2,1
2568-1021,2568,2568-S6-C1,6,checkpoint,2025-04-04 18:00:00,93.2,1
2568-1021,2568,2568-S5-P3,5,practice,2025-04-10 17:00:00,100.0,1
2568-1021,2568,2568-S6-P3,6,practice,2025-04-10 19:00:00,94.6,1
2568-1021,2568,2568-S1-P4,1,practice,2025-04-30 17:00:00,87.2,1
2568-1021,2568,2568-S4-P4,4,practice,2025-04-30 20:00:00,82.1,1
2568-1021,2568,2568-S5-P4,5,practice,2025-05-01 21:00:00,80.5,1
2568-1021,2568,2568-S6-P4,6,practice,2025-05-03 16:00:00,68.4,1
2568-1021,2568,2568-S1-C2,1,checkpoint,2025-05-17 18:00:00,91.3,1
2568-1021,2568,2568-S4-C2,4,checkpoint,2025-05-13 18:00:00,86.1,1
2568-1021,2568,2568-S5-C2,5,checkpoint,2025-05-17 18:00:00,79.7,1
2568-1021,2568,2568-S6-C2,6,checkpoint,2025-05-12 22:00:00,67.0,1
2568-1021,2568,2568-S1-P5,1,practice,2025-05-19 17:00:00,63.7,1
2568-1021,2568,2568-S4-P5,4,practice,2025-05-24 19:00:00,78.0,1
2568-1021,2568,2568-S5-P5,5,practice,2025-05-23 20:00:00,79.2,1
2568-1021,2568,2568-S1-P6,1,practice,2025-06-09 18:00:00,74.4,1
2568-1021,2568,2568-S4-P6,4,practice,2025-06-09 22:00:00,97.1,1
2568-1021,2568,2568-S5-P6,5,practice,2025-06-14 22:00:00,86.1,1
2568-1021,2568,2568-S4-C3,4,checkpoint,2025-06-24 20:00:00,86.5,1
2568-1021,2568,2568-S5-C3,5,checkpoint,2025-06-23 21:00:00,55.0,1
2568-1021,2568,2568-S6-C3,6,checkpoint,2025-06-23 20:00:00,66.0,1
2568-1021,2568,2568-S1-P7,1,practice,2025-07-05 19:00:00,84.1,1
2568-1021,2568,2568-S4-P7,4,practice,2025-07-01 19:00:00,74.6,1
2568-1021,2568,2568-S5-P7,5,practice,2025-07-03 22:00:00,75.1,1
2568-1021,2568,2568-S6-P7,6,practice,2025-07-03 21:00:00,60.3,1
2568-1021,2568,2568-S1-P8,1,practice,2025-07-26 16:00:00,87.7,1
2568-1021,2568,2568-S4-P8,4,practice,2025-07-24 22:00:00,73.8,1
2568-1021,2568,2568-S5-P8,5,practice,2025-07-25 20:00:00,73.4,1
2568-1021,2568,2568-S6-P8,6,practice,2025-07-24 22:00:00,50.2,1
2568-1021,2568,2568-S4-C4,4,checkpoint,2025-08-04 18:00:00,84.2,1
2568-1021,2568,2568-S5-C4,5,checkpoint,2025-08-09 20:00:00,75.9,1
2568-1021,2568,2568-S6-C4,6,checkpoint,2025-08-06 21:00:00,100.0,1
2568-1021,2568,2568-S1-P9,1,practice,2025-08-11 22:00:00,78.8,1
2568-1021,2568,2568-S4-P9,4,practice,2025-08-11 16:00:00,64.1,1
2568-1021,2568,2568-S5-P9,5,practice,2025-08-14 21:00:00,79.5,1
2568-1021,2568,2568-S6-P9,6,practice,2025-08-11 18:00:00,71.9,1
2568-1022,2568,2568-S1-P2,1,practice,2025-03-23 18:00:00,77.3,1
2568-1022,2568,2568-S5-P2,5,practice,2025-03-21 16:00:00,62.8,1
2568-1022,2568,2568-S5-C1,5,checkpoint,2025-04-03 22:00:00,86.5,1
2568-1022,2568,2568-S6-C1,6,checkpoint,2025-04-05 19:00:00,74.9,1
2568-1022,2568,2568-S1-P3,1,practice,2025-04-09 19:00:00,60.1,1
2568-1022,2568,2568-S5-P3,5,practice,2025-04-07 21:00:00,55.0,1
2568-1022,2568,2568-S6-P3,6,practice,2025-04-08 22:00:00,95.6,1
2568-1022,2568,2568-S1-P4,1,practice,2025-05-04 17:00:00,98.1,1
2568-1022,2568,2568-S5-P4,5,practice,2025-05-04 16:00:00,86.5,1
2568-1022,2568,2568-S6-C2,6,checkpoint,2025-05-17 22:00:00,93.9,1
2568-1022,2568,2568-S5-P5,5,practice,2025-05-23 19:00:00,53.1,1
2568-1022,2568,2568-S6-P5,6,practice,2025-05-24 18:00:00,75.5,1
2568-1022,2568,2568-S1-P6,1,practice,2025-06-15 20:00:00,80.7,1
2568-1022,2568,2568-S5-P6,5,practice,2025-06-14 16:00:00,65.9,1
2568-1022,2568,2568-S6-P6,6,practice,2025-06-09 20:00:00,92.4,1
2568-1022,2568,2568-S5-C3,5,checkpoint,2025-06-27 17:00:00,89.0,1
2568-1022,2568,2568-S6-C3,6,checkpoint,2025-06-24 19:00:00,74.1,1
2568-1022,2568,2568-S1-P8,1,practice,2025-07-23 22:00:00,85.2,1
2568-1022,2568,2568-S5-P8,5,practice,2025-07-27 19:00:00,74.2,1
2568-1022,2568,2568-S6-P8,6,practice,2025-07-25 20:00:00,62.0,1
2568-1022,2568,2568-S1-C4,1,checkpoint,2025-08-06 20:00:00,94.9,1
2568-1022,2568,2568-S5-P9,5,practice,2025-08-11 19:00:00,67.4,1
2568-1023,2568,2568-S1-P3,1,practice,2025-04-08 16:00:00,89.7,1
2568-1023,2568,2568-S4-P3,4,practice,2025-04-07 20:00:00,100.0,1
2568-1023,2568,2568-S1-P4,1,practice,2025-05-02 18:00:00,74.1,1
2568-1023,2568,2568-S4-P4,4,practice,2025-05-01 18:00:00,71.4,1
2568-1023,2568,2568-S4-C2,4,checkpoint,2025-05-12 22:00:00,56.0,1
2568-1023,2568,2568-S1-P5,1,practice,2025-05-23 21:00:00,77.2,1
2568-1023,2568,2568-S1-P7,1,practice,2025-07-03 18:00:00,73.5,1
2568-1023,2568,2568-S4-P7,4,practice,2025-07-02 17:00:00,76.6,1
2568-1024,2568,2568-S1-P3,1,practice,2025-04-11 22:00:00,66.1,1
2568-1024,2568,2568-S6-P4,6,practice,2025-05-01 16:00:00,67.0,1
2568-1024,2568,2568-S1-C2,1,checkpoint,2025-05-15 16:00:00,98.3,1
2568-1024,2568,2568-S6-C2,6,checkpoint,2025-05-14 20:00:00,64.3,1
2568-1024,2568,2568-S1-P6,1,practice,2025-06-12 17:00:00,77.7,1
2568-1024,2568,2568-S6-P6,6,practice,2025-06-14 22:00:00,70.7,1
2568-1024,2568,2568-S1-C3,1,checkpoint,2025-06-25 18:00:00,88.3,1
2568-1024,2568,2568-S1-P7,1,practice,2025-07-01 17:00:00,78.8,1
2568-1024,2568,2568-S6-P7,6,practice,2025-07-04 19:00:00,68.4,1
2568-1024,2568,2568-S1-P8,1,practice,2025-07-23 16:00:00,54.7,1
2568-1024,2568,2568-S6-P8,6,practice,2025-07-23 19:00:00,66.8,1
2568-1025,2568,2568-S5-C1,5,checkpoint,2025-04-03 21:00:00,87.2,1
2568-1025,2568,2568-S4-P3,4,practice,2025-04-10 21:00:00,81.4,1
2568-1025,2568,2568-S5-C2,5,checkpoint,2025-05-15 20:00:00,81.9,1
2568-1025,2568,2568-S5-C3,5,checkpoint,2025-06-27 20:00:00,73.4,1
2568-1025,2568,2568-S5-P7,5,practice,2025-07-03 16:00:00,70.1,1
2568-1025,2568,2568-S4-P8,4,practice,2025-07-25 18:00:00,75.2,1
2568-1025,2568,2568-S4-C4,4,checkpoint,2025-08-08 21:00:00,76.1,1
2568-1025,2568,2568-S5-C4,5,checkpoint,2025-08-05 19:00:00,67.1,1
2568-1026,2568,2568-S1-P2,1,practice,2025-03-17 17:00:00,63.4,1
2568-1026,2568,2568-S5-P2,5,practice,2025-03-21 16:00:00,68.1,1
2568-1026,2568,2568-S6-P2,6,practice,2025-03-22 20:00:00,93.1,1
2568-1026,2568,2568-S1-C1,1,checkpoint,2025-04-02 20:00:00,59.8,1
2568-1026,2568,2568-S4-C1,4,checkpoint,2025-04-03 19:00:00,61.6,1
2568-1026,2568,2568-S5-C1,5,checkpoint,2025-04-04 19:00:00,73.8,1
2568-1026,2568,2568-S6-C1,6,checkpoint,2025-04-01 22:00:00,71.8,1
2568-1026,2568,2568-S6-P3,6,practice,2025-04-09 22:00:00,72.9,1
2568-1026,2568,2568-S4-P4,4,practice,2025-05-04 22:00:00,69.4,1
2568-1026,2568,2568-S5-P4,5,practice,2025-05-03 22:00:00,71.3,1
2568-1026,2568,2568-S6-P4,6,practice,2025-05-04 18:00:00,92.5,1
2568-1026,2568,2568-S1-C2,1,checkpoint,2025-05-17 20:00:00,84.8,1
2568-1026,2568,2568-S4-C2,4,checkpoint,2025-05-16 17:00:00,84.6,1
2568-1026,2568,2568-S6-C2,6,checkpoint,2025-05-14 22:00:00,82.1,1
2568-1026,2568,2568-S4-P5,4,practice,2025-05-23 17:00:00,55.4,1
2568-1026,2568,2568-S5-P5,5,practice,2025-05-25 21:00:00,79.7,1
2568-1026,2568,2568-S6-P5,6,practice,2025-05-22 21:00:00,65.6,1
2568-1026,2568,2568-S1-P6,1,practice,2025-06-10 17:00:00,76.0,1
2568-1026,2568,2568-S5-P6,5,practice,2025-06-09 16:00:00,64.5,1
2568-1026,2568,2568-S6-P6,6,practice,2025-06-15 21:00:00,78.9,1
2568-1026,2568,2568-S1-C3,1,checkpoint,2025-06-24 17:00:00,54.5,1
2568-1026,2568,2568-S4-C3,4,checkpoint,2025-06-28 16:00:00,65.5,1
2568-1026,2568,2568-S6-C3,6,checkpoint,2025-06-27 19:00:00,97.9,1
2568-1026,2568,2568-S1-P7,1,practice,2025-07-06 19:00:00,78.7,1
2568-1026,2568,2568-S4-P7,4,practice,2025-07-04 16:00:00,62.9,1
2568-1026,2568,2568-S5-P7,5,practice,2025-07-02 22:00:00,57.3,1
2568-1026,2568,2568-S6-P7,6,practice,2025-06-30 18:00:00,76.8,1
2568-1026,2568,2568-S4-P8,4,practice,2025-07-25 16:00:00,72.5,1
2568-1026,2568,2568-S5-P8,5,practice,2025-07-23 17:00:00,49.6,0
2568-1026,2568,2568-S4-C4,4,checkpoint,2025-08-07 21:00:00,72.3,1
2568-1026,2568,2568-S5-C4,5,checkpoint,2025-08-06 21:00:00,65.1,1
2568-1026,2568,2568-S1-P9,1,practice,2025-08-17 21:00:00,58.3,1
2568-1026,2568,2568-S4-P9,4,practice,2025-08-13 17:00:00,53.1,1
2568-1026,2568,2568-S5-P9,5,practice,2025-08-15 20:00:00,71.5,1
2568-1027,2568,2568-S1-P2,1,practice,2025-03-19 20:00:00,79.5,1
2568-1027,2568,2568-S4-P2,4,practice,2025-03-18 18:00:00,68.5,1
2568-1027,2568,2568-S5-P2,5,practice,2025-03-20 16:00:00,80.6,1
2568-1027,2568,2568-S6-P2,6,practice,2025-03-23 21:00:00,83.8,1
2568-1027,2568,2568-S1-C1,1,checkpoint,2025-04-03 21:00:00,79.6,1
2568-1027,2568,2568-S4-C1,4,checkpoint,2025-04-06 17:00:00,70.3,1
2568-1027,2568,2568-S5-C1,5,checkpoint,2025-04-05 22:00:00,69.7,1
2568-1027,2568,2568-S6-C1,6,checkpoint,2025-04-03 19:00:00,59.8,1
2568-1027,2568,2568-S1-P3,1,practice,2025-04-08 17:00:00,87.8,1
2568-1027,2568,2568-S4-P3,4,practice,2025-04-09 18:00:00,100.0,1
2568-1027,2568,2568-S5-P3,5,practice,2025-04-10 21:00:00,86.0,1
2568-1027,2568,2568-S6-P3,6,practice,2025-04-07 19:00:00,99.3,1
2568-1027,2568,2568-S1-P4,1,practice,2025-04-28 22:00:00,78.5,1
2568-1027,2568,2568-S4-P4,4,practice,2025-04-28 18:00:00,69.3,1
2568-1027,2568,2568-S5-P4,5,practice,2025-05-01 17:00:00,77.9,1
2568-1027,2568,2568-S6-P4,6,practice,2025-04-30 16:00:00,69.9,1
2568-1027,2568,2568-S1-C2,1,checkpoint,2025-05-18 17:00:00,63.4,1
2568-1027,2568,2568-S4-C2,4,checkpoint,2025-05-12 19:00:00,70.7,1
2568-1027,2568,2568-S5-C2,5,checkpoint,2025-05-15 19:00:00,74.2,1
2568-1027,2568,2568-S6-C2,6,checkpoint,2025-05-17 16:00:00,72.2,1
2568-1027,2568,2568-S4-P5,4,practice,2025-05-22 18:00:00,95.0,1
2568-1027,2568,2568-S5-P5,5,practice,2025-05-19 18:00:00,96.3,1
2568-1027,2568,2568-S6-P5,6,practice,2025-05-21 16:00:00,93.4,1
2568-1027,2568,2568-S1-P6,1,practice,2025-06-12 17:00:00,87.6,1
2568-1027,2568,2568-S6-P6,6,practice,2025-06-11 20:00:00,84.1,1
2568-1027,2568,2568-S1-C3,1,checkpoint,2025-06-24 17:00:00,82.4,1
2568-1027,2568,2568-S4-C3,4,checkpoint,2025-06-29 22:00:00,84.2,1
2568-1027,2568,2568-S5-C3,5,checkpoint,2025-06-23 16:00:00,78.1,1
2568-1027,2568,2568-S6-C3,6,checkpoint,2025-06-25 18:00:00,83.5,1
2568-1027,2568,2568-S1-P7,1,practice,2025-07-05 16:00:00,61.9,1
2568-1027,2568,2568-S4-P7,4,practice,2025-07-02 16:00:00,65.0,1
2568-1027,2568,2568-S5-P7,5,practice,2025-07-03 19:00:00,73.3,1
2568-1027,2568,2568-S6-P7,6,practice,2025-07-03 19:00:00,93.8,1
2568-1027,2568,2568-S1-P8,1,practice,2025-07-27 20:00:00,87.6,1
2568-1027,2568,2568-S4-P8,4,practice,2025-07-23 21:00:00,80.8,1
2568-1027,2568,2568-S5-P8,5,practice,2025-07-24 21:00:00,71.1,1
2568-1027,2568,2568-S6-P8,6,practice,2025-07-24 22:00:00,81.1,1
2568-1027,2568,2568-S1-C4,1,checkpoint,2025-08-09 17:00:00,60.7,1
2568-1027,2568,2568-S4-C4,4,checkpoint,2025-08-08 22:00:00,100.0,1
2568-1027,2568,2568-S5-C4,5,checkpoint,2025-08-09 21:00:00,90.0,1
2568-1027,2568,2568-S6-C4,6,checkpoint,2025-08-09 18:00:00,72.3,1
2568-1027,2568,2568-S1-P9,1,practice,2025-08-17 16:00:00,61.8,1
2568-1027,2568,2568-S4-P9,4,practice,2025-08-16 21:00:00,87.3,1
2568-1027,2568,2568-S5-P9,5,practice,2025-08-12 22:00:00,100.0,1
2568-1028,2568,2568-S1-P2,1,practice,2025-03-23 16:00:00,93.4,1
2568-1028,2568,2568-S4-P2,4,practice,2025-03-17 19:00:00,80.4,1
2568-1028,2568,2568-S5-P2,5,practice,2025-03-21 19:00:00,81.7,1
2568-1028,2568,2568-S1-C1,1,checkpoint,2025-04-04 22:00:00,87.8,1
2568-1028,2568,2568-S5-C1,5,checkpoint,2025-03-31 22:00:00,97.1,1
2568-1028,2568,2568-S6-C1,6,checkpoint,2025-04-02 18:00:00,85.5,1
2568-1028,2568,2568-S1-P3,1,practice,2025-04-12 16:00:00,61.2,1
2568-1028,2568,2568-S4-P3,4,practice,2025-04-13 18:00:00,100.0,1
2568-1028,2568,2568-S6-P3,6,practice,2025-04-08 18:00:00,70.9,1
2568-1028,2568,2568-S1-P4,1,practice,2025-05-03 18:00:00,71.2,1
2568-1028,2568,2568-S4-P4,4,practice,2025-05-04 19:00:00,87.0,1
2568-1028,2568,2568-S5-P4,5,practice,2025-05-01 20:00:00,98.6,1
2568-1028,2568,2568-S6-P4,6,practice,2025-04-30 21:00:00,81.7,1
2568-1028,2568,2568-S1-C2,1,checkpoint,2025-05-18 17:00:00,55.7,1
2568-1028,2568,2568-S4-C2,4,checkpoint,2025-05-13 17:00:00,73.0,1
2568-1028,2568,2568-S5-C2,5,checkpoint,2025-05-15 17:00:00,81.7,1
2568-1028,2568,2568-S6-C2,6,checkpoint,2025-05-13 17:00:00,82.5,1
2568-1028,2568,2568-S1-P5,1,practice,2025-05-23 16:00:00,63.8,1
2568-1028,2568,2568-S4-P5,4,practice,2025-05-20 19:00:00,63.2,1
2568-1028,2568,2568-S5-P5,5,practice,2025-05-20 16:00:00,90.1,1
2568-1028,2568,2568-S1-P6,1,practice,2025-06-09 20:00:00,76.7,1
2568-1028,2568,2568-S4-P6,4,practice,2025-06-10 20:00:00,79.3,1
2568-1028,2568,2568-S6-P6,6,practice,2025-06-09 16:00:00,94.0,1
2568-1028,2568,2568-S4-C3,4,checkpoint,2025-06-25 16:00:00,78.1,1
2568-1028,2568,2568-S5-C3,5,checkpoint,2025-06-24 18:00:00,100.0,1
2568-1028,2568,2568-S6-C3,6,checkpoint,2025-06-27 19:00:00,100.0,1
2568-1028,2568,2568-S4-P7,4,practice,2025-07-05 16:00:00,73.1,1
2568-1028,2568,2568-S5-P7,5,practice,2025-07-03 22:00:00,100.0,1
2568-1028,2568,2568-S6-P7,6,practice,2025-07-05 20:00:00,94.6,1
2568-1028,2568,2568-S1-P8,1,practice,2025-07-27 20:00:00,76.0,1
2568-1028,2568,2568-S4-P8,4,practice,2025-07-21 17:00:00,67.7,1
2568-1028,2568,2568-S5-P8,5,practice,2025-07-25 19:00:00,91.9,1
2568-1028,2568,2568-S6-P8,6,practice,2025-07-23 20:00:00,99.0,1
2568-1029,2568,2568-S1-P2,1,practice,2025-03-18 19:00:00,97.6,1
2568-1029,2568,2568-S4-P2,4,practice,2025-03-21 22:00:00,76.2,1
2568-1029,2568,2568-S6-P2,6,practice,2025-03-18 16:00:00,77.1,1
2568-1029,2568,2568-S1-C1,1,checkpoint,2025-04-02 22:00:00,88.2,1
2568-1029,2568,2568-S4-C1,4,checkpoint,2025-04-04 19:00:00,92.1,1
2568-1029,2568,2568-S5-C1,5,checkpoint,2025-04-06 20:00:00,86.9,1
2568-1029,2568,2568-S6-C1,6,checkpoint,2025-04-03 18:00:00,98.6,1
2568-1029,2568,2568-S4-P3,4,practice,2025-04-09 21:00:00,93.3,1
2568-1029,2568,2568-S6-P3,6,practice,2025-04-08 18:00:00,96.9,1
2568-1029,2568,2568-S1-P4,1,practice,2025-05-03 19:00:00,100.0,1
2568-1029,2568,2568-S4-P4,4,practice,2025-05-02 18:00:00,79.2,1
2568-1029,2568,2568-S5-P4,5,practice,2025-04-30 16:00:00,100.0,1
2568-1029,2568,2568-S6-P4,6,practice,2025-05-01 18:00:00,96.0,1
2568-1029,2568,2568-S4-C2,4,checkpoint,2025-05-18 22:00:00,79.5,1
2568-1029,2568,2568-S5-C2,5,checkpoint,2025-05-14 18:00:00,77.4,1
2568-1029,2568,2568-S6-C2,6,checkpoint,2025-05-15 21:00:00,82.7,1
2568-1029,2568,2568-S1-P5,1,practice,2025-05-19 16:00:00,100.0,1
2568-1029,2568,2568-S4-P5,4,practice,2025-05-24 18:00:00,96.9,1
2568-1029,2568,2568-S5-P5,5,practice,2025-05-20 22:00:00,64.7,1
2568-1029,2568,2568-S6-P5,6,practice,2025-05-19 20:00:00,96.5,1
2568-1029,2568,2568-S1-P6,1,practice,2025-06-09 17:00:00,100.0,1
2568-1029,2568,2568-S4-P6,4,practice,2025-06-10 22:00:00,75.1,1
2568-1029,2568,2568-S6-P6,6,practice,2025-06-15 22:00:00,87.3,1
2568-1029,2568,2568-S5-C3,5,checkpoint,2025-06-27 17:00:00,100.0,1
2568-1029,2568,2568-S6-C3,6,checkpoint,2025-06-24 16:00:00,94.1,1
2568-1029,2568,2568-S1-P7,1,practice,2025-07-06 17:00:00,100.0,1
2568-1029,2568,2568-S4-P7,4,practice,2025-07-04 22:00:00,77.6,1
2568-1029,2568,2568-S5-P7,5,practice,2025-07-06 16:00:00,70.5,1
2568-1030,2568,2568-S1-P2,1,practice,2025-03-18 16:00:00,82.9,1
2568-1030,2568,2568-S5-P2,5,practice,2025-03-20 17:00:00,96.8,1
2568-1030,2568,2568-S6-P2,6,practice,2025-03-20 18:00:00,88.7,1
2568-1030,2568,2568-S1-C1,1,checkpoint,2025-03-31 17:00:00,81.6,1
2568-1030,2568,2568-S4-C1,4,checkpoint,2025-04-04 20:00:00,76.5,1
2568-1030,2568,2568-S5-C1,5,checkpoint,2025-04-03 22:00:00,100.0,1
2568-1030,2568,2568-S1-P3,1,practice,2025-04-10 18:00:00,91.0,1
2568-1030,2568,2568-S4-P3,4,practice,2025-04-08 18:00:00,90.1,1
2568-1030,2568,2568-S5-P3,5,practice,2025-04-07 16:00:00,75.6,1
2568-1030,2568,2568-S1-P4,1,practice,2025-04-28 20:00:00,74.6,1
2568-1030,2568,2568-S4-P4,4,practice,2025-04-29 18:00:00,86.5,1
2568-1030,2568,2568-S5-P4,5,practice,2025-04-30 16:00:00,66.9,1
2568-1030,2568,2568-S6-P4,6,practice,2025-05-04 22:00:00,96.3,1
2568-1030,2568,2568-S1-C2,1,checkpoint,2025-05-17 19:00:00,65.8,1
2568-1030,2568,2568-S4-C2,4,checkpoint,2025-05-15 18:00:00,59.9,1
2568-1030,2568,2568-S1-P5,1,practice,2025-05-23 22:00:00,63.4,1
2568-1030,2568,2568-S5-P5,5,practice,2025-05-21 17:00:00,88.0,1
2568-1030,2568,2568-S6-P5,6,practice,2025-05-25 21:00:00,57.0,1
2568-1030,2568,2568-S1-P6,1,practice,2025-06-13 19:00:00,100.0,1
2568-1030,2568,2568-S4-P6,4,practice,2025-06-12 17:00:00,76.7,1
2568-1030,2568,2568-S1-C3,1,checkpoint,2025-06-23 20:00:00,74.5,1
2568-1030,2568,2568-S4-C3,4,checkpoint,2025-06-29 17:00:00,86.0,1
2568-1030,2568,2568-S6-C3,6,checkpoint,2025-06-26 18:00:00,72.8,1
2568-1030,2568,2568-S1-P7,1,practice,2025-07-03 19:00:00,93.3,1
2568-1030,2568,2568-S4-P7,4,practice,2025-07-05 19:00:00,72.9,1
2568-1030,2568,2568-S1-P8,1,practice,2025-07-25 16:00:00,87.4,1
2568-1030,2568,2568-S4-P8,4,practice,2025-07-22 22:00:00,80.4,1
2568-1030,2568,2568-S6-P8,6,practice,2025-07-25 19:00:00,98.1,1
2568-1030,2568,2568-S1-C4,1,checkpoint,2025-08-04 22:00:00,94.5,1
2568-1030,2568,2568-S4-C4,4,checkpoint,2025-08-08 17:00:00,86.5,1
2568-1030,2568,2568-S5-C4,5,checkpoint,2025-08-04 20:00:00,83.7,1
2568-1030,2568,2568-S1-P9,1,practice,2025-08-15 22:00:00,58.6,1
2568-1030,2568,2568-S4-P9,4,practice,2025-08-16 20:00:00,77.2,1
2568-1030,2568,2568-S6-P9,6,practice,2025-08-15 18:00:00,61.3,1
2568-1031,2568,2568-S4-P2,4,practice,2025-03-21 22:00:00,63.6,1
2568-1031,2568,2568-S6-C1,6,checkpoint,2025-03-31 19:00:00,72.2,1
2568-1031,2568,2568-S1-P3,1,practice,2025-04-08 18:00:00,52.4,1
2568-1031,2568,2568-S4-P3,4,practice,2025-04-12 17:00:00,71.0,1
2568-1031,2568,2568-S6-P3,6,practice,2025-04-10 20:00:00,77.2,1
2568-1031,2568,2568-S4-P4,4,practice,2025-04-29 19:00:00,81.0,1
2568-1031,2568,2568-S6-P4,6,practice,2025-04-29 17:00:00,81.5,1
2568-1031,2568,2568-S4-C2,4,checkpoint,2025-05-12 16:00:00,77.2,1
2568-1031,2568,2568-S5-C2,5,checkpoint,2025-05-13 20:00:00,75.5,1
2568-1031,2568,2568-S6-C2,6,checkpoint,2025-05-17 22:00:00,73.1,1
2568-1031,2568,2568-S1-P5,1,practice,2025-05-19 21:00:00,77.1,1
2568-1031,2568,2568-S4-P5,4,practice,2025-05-25 17:00:00,88.0,1
2568-1031,2568,2568-S5-P5,5,practice,2025-05-23 17:00:00,53.4,1
2568-1031,2568,2568-S6-P5,6,practice,2025-05-21 18:00:00,71.9,1
2568-1031,2568,2568-S1-P6,1,practice,2025-06-10 20:00:00,41.2,0
2568-1031,2568,2568-S4-P6,4,practice,2025-06-09 16:00:00,80.3,1
2568-1031,2568,2568-S4-C3,4,checkpoint,2025-06-23 20:00:00,67.9,1
2568-1031,2568,2568-S5-C3,5,checkpoint,2025-06-27 21:00:00,92.3,1
2568-1031,2568,2568-S6-C3,6,checkpoint,2025-06-29 22:00:00,70.3,1
2568-1031,2568,2568-S1-P7,1,practice,2025-06-30 19:00:00,64.1,1
2568-1031,2568,2568-S4-P7,4,practice,2025-07-02 16:00:00,61.3,1
2568-1031,2568,2568-S1-P8,1,practice,2025-07-27 18:00:00,78.3,1
2568-1031,2568,2568-S4-P8,4,practice,2025-07-27 18:00:00,94.4,1
2568-1031,2568,2568-S1-C4,1,checkpoint,2025-08-04 21:00:00,62.0,1
2568-1031,2568,2568-S6-P9,6,practice,2025-08-17 17:00:00,51.5,1
2568-1032,2568,2568-S1-P2,1,practice,2025-03-17 18:00:00,86.5,1
2568-1032,2568,2568-S4-P2,4,practice,2025-03-21 20:00:00,100.0,1
2568-1032,2568,2568-S5-P2,5,practice,2025-03-23 19:00:00,76.6,1
2568-1032,2568,2568-S6-P2,6,practice,2025-03-19 16:00:00,82.2,1
2568-1032,2568,2568-S5-C1,5,checkpoint,2025-04-03 19:00:00,88.2,1
2568-1032,2568,2568-S6-C1,6,checkpoint,2025-04-04 16:00:00,79.0,1
2568-1032,2568,2568-S1-P3,1,practice,2025-04-07 16:00:00,68.6,1
2568-1032,2568,2568-S4-P3,4,practice,2025-04-10 17:00:00,94.0,1
2568-1032,2568,2568-S5-P3,5,practice,2025-04-11 19:00:00,88.4,1
2568-1032,2568,2568-S6-P3,6,practice,2025-04-11 20:00:00,75.5,1
2568-1032,2568,2568-S1-P4,1,practice,2025-05-01 20:00:00,93.7,1
2568-1032,2568,2568-S4-P4,4,practice,2025-04-29 22:00:00,92.3,1
2568-1032,2568,2568-S5-P4,5,practice,2025-05-04 16:00:00,97.8,1
2568-1032,2568,2568-S6-P4,6,practice,2025-05-03 17:00:00,91.3,1
2568-1032,2568,2568-S1-C2,1,checkpoint,2025-05-17 20:00:00,92.1,1
2568-1032,2568,2568-S4-C2,4,checkpoint,2025-05-18 19:00:00,93.0,1
2568-1032,2568,2568-S5-C2,5,checkpoint,2025-05-15 17:00:00,100.0,1
2568-1032,2568,2568-S6-C2,6,checkpoint,2025-05-14 18:00:00,77.8,1
2568-1032,2568,2568-S1-P5,1,practice,2025-05-24 19:00:00,85.0,1
2568-1032,2568,2568-S4-P5,4,practice,2025-05-25 18:00:00,85.3,1
2568-1032,2568,2568-S5-P5,5,practice,2025-05-21 17:00:00,82.1,1
2568-1032,2568,2568-S6-P5,6,practice,2025-05-22 19:00:00,76.6,1
2568-1032,2568,2568-S1-P6,1,practice,2025-06-09 19:00:00,100.0,1
2568-1032,2568,2568-S4-P6,4,practice,2025-06-15 21:00:00,89.8,1
2568-1032,2568,2568-S6-P6,6,practice,2025-06-15 21:00:00,88.0,1
2568-1032,2568,2568-S1-C3,1,checkpoint,2025-06-29 17:00:00,98.6,1
2568-1032,2568,2568-S4-C3,4,checkpoint,2025-06-28 17:00:00,92.6,1
2568-1032,2568,2568-S5-C3,5,checkpoint,2025-06-25 20:00:00,78.4,1
2568-1032,2568,2568-S1-P7,1,practice,2025-07-03 16:00:00,100.0,1
2568-1032,2568,2568-S4-P7,4,practice,2025-07-03 16:00:00,93.2,1
2568-1032,2568,2568-S5-P7,5,practice,2025-07-04 16:00:00,100.0,1
2568-1032,2568,2568-S6-P7,6,practice,2025-06-30 20:00:00,70.7,1
2568-1032,2568,2568-S1-P8,1,practice,2025-07-23 20:00:00,83.9,1
2568-1032,2568,2568-S4-P8,4,practice,2025-07-23 17:00:00,100.0,1
2568-1032,2568,2568-S6-P8,6,practice,2025-07-24 16:00:00,85.1,1
2568-1032,2568,2568-S1-C4,1,checkpoint,2025-08-05 22:00:00,98.5,1
2568-1032,2568,2568-S4-C4,4,checkpoint,2025-08-04 17:00:00,100.0,1
2568-1032,2568,2568-S5-C4,5,checkpoint,2025-08-04 20:00:00,98.2,1
2568-1032,2568,2568-S6-C4,6,checkpoint,2025-08-10 17:00:00,88.1,1
2568-1032,2568,2568-S1-P9,1,practice,2025-08-14 19:00:00,70.1,1
2568-1032,2568,2568-S4-P9,4,practice,2025-08-11 17:00:00,93.3,1
2568-1032,2568,2568-S5-P9,5,practice,2025-08-13 22:00:00,77.2,1
2568-1032,2568,2568-S6-P9,6,practice,2025-08-11 17:00:00,88.7,1
2568-1033,2568,2568-S4-P2,4,practice,2025-03-20 19:00:00,71.0,1
2568-1033,2568,2568-S1-C1,1,checkpoint,2025-04-06 20:00:00,72.8,1
2568-1033,2568,2568-S1-P3,1,practice,2025-04-07 20:00:00,77.4,1
2568-1033,2568,2568-S4-P3,4,practice,2025-04-10 17:00:00,59.2,1
2568-1033,2568,2568-S1-P4,1,practice,2025-04-28 22:00:00,64.1,1
2568-1033,2568,2568-S1-C2,1,checkpoint,2025-05-15 20:00:00,83.1,1
2568-1033,2568,2568-S4-C2,4,checkpoint,2025-05-13 19:00:00,73.7,1
2568-1033,2568,2568-S1-P5,1,practice,2025-05-19 21:00:00,63.6,1
2568-1033,2568,2568-S4-P5,4,practice,2025-05-25 18:00:00,68.0,1
2568-1033,2568,2568-S4-P6,4,practice,2025-06-09 17:00:00,76.1,1
2568-1033,2568,2568-S4-C3,4,checkpoint,2025-06-24 21:00:00,89.0,1
2568-1033,2568,2568-S1-P7,1,practice,2025-07-03 17:00:00,53.9,1
2568-1033,2568,2568-S4-P7,4,practice,2025-07-02 20:00:00,68.9,1
2568-1033,2568,2568-S1-P8,1,practice,2025-07-25 21:00:00,81.0,1
2568-1033,2568,2568-S1-C4,1,checkpoint,2025-08-10 17:00:00,81.3,1
2568-1033,2568,2568-S4-C4,4,checkpoint,2025-08-10 18:00:00,69.6,1
2568-1033,2568,2568-S4-P9,4,practice,2025-08-13 16:00:00,87.9,1
2568-1034,2568,2568-S1-P3,1,practice,2025-04-13 17:00:00,55.2,1
2568-1034,2568,2568-S5-P3,5,practice,2025-04-10 17:00:00,82.3,1
2568-1034,2568,2568-S6-P3,6,practice,2025-04-08 17:00:00,94.8,1
2568-1034,2568,2568-S1-P4,1,practice,2025-04-29 20:00:00,63.5,1
2568-1034,2568,2568-S5-P4,5,practice,2025-05-02 18:00:00,72.8,1
2568-1034,2568,2568-S6-P4,6,practice,2025-05-03 19:00:00,73.2,1
2568-1034,2568,2568-S5-C2,5,checkpoint,2025-05-15 18:00:00,61.9,1
2568-1034,2568,2568-S6-C2,6,checkpoint,2025-05-14 19:00:00,56.4,1
2568-1034,2568,2568-S1-P5,1,practice,2025-05-25 20:00:00,66.3,1
2568-1034,2568,2568-S5-P5,5,practice,2025-05-21 21:00:00,69.5,1
2568-1034,2568,2568-S6-P5,6,practice,2025-05-19 17:00:00,91.4,1
2568-1034,2568,2568-S1-C3,1,checkpoint,2025-06-25 18:00:00,83.7,1
2568-1034,2568,2568-S6-C3,6,checkpoint,2025-06-28 19:00:00,64.6,1
2568-1034,2568,2568-S5-P7,5,practice,2025-07-02 16:00:00,68.4,1
2568-1034,2568,2568-S6-P7,6,practice,2025-07-02 20:00:00,52.0,1
2568-1034,2568,2568-S1-P8,1,practice,2025-07-21 17:00:00,89.5,1
2568-1034,2568,2568-S5-P8,5,practice,2025-07-26 18:00:00,93.0,1
2568-1034,2568,2568-S5-C4,5,checkpoint,2025-08-09 16:00:00,62.5,1
2568-1034,2568,2568-S6-C4,6,checkpoint,2025-08-04 17:00:00,71.6,1
2568-1034,2568,2568-S1-P9,1,practice,2025-08-15 18:00:00,78.3,1
2568-1034,2568,2568-S5-P9,5,practice,2025-08-11 16:00:00,88.8,1
2568-1035,2568,2568-S6-P3,6,practice,2025-04-13 20:00:00,51.3,1
2568-1035,2568,2568-S1-P4,1,practice,2025-05-01 17:00:00,84.9,1
2568-1035,2568,2568-S6-P4,6,practice,2025-04-28 22:00:00,70.1,1
2568-1035,2568,2568-S1-C2,1,checkpoint,2025-05-13 22:00:00,70.4,1
2568-1035,2568,2568-S6-C2,6,checkpoint,2025-05-12 16:00:00,73.9,1
2568-1035,2568,2568-S1-P5,1,practice,2025-05-19 18:00:00,81.9,1
2568-1035,2568,2568-S1-P6,1,practice,2025-06-11 22:00:00,82.5,1
2568-1035,2568,2568-S6-P6,6,practice,2025-06-10 22:00:00,67.4,1
2568-1035,2568,2568-S1-C3,1,checkpoint,2025-06-25 19:00:00,80.6,1
2568-1035,2568,2568-S6-C3,6,checkpoint,2025-06-29 17:00:00,69.7,1
2568-1035,2568,2568-S6-P7,6,practice,2025-07-03 22:00:00,80.1,1
2568-1035,2568,2568-S1-P8,1,practice,2025-07-25 20:00:00,57.2,1
2568-1035,2568,2568-S6-P8,6,practice,2025-07-24 21:00:00,64.8,1
2568-1035,2568,2568-S6-C4,6,checkpoint,2025-08-09 16:00:00,73.7,1
2568-1035,2568,2568-S1-P9,1,practice,2025-08-11 22:00:00,65.8,1
2568-1036,2568,2568-S1-P2,1,practice,2025-03-20 19:00:00,64.6,1
2568-1036,2568,2568-S4-P2,4,practice,2025-03-17 20:00:00,70.7,1
2568-1036,2568,2568-S5-P2,5,practice,2025-03-21 20:00:00,100.0,1
2568-1036,2568,2568-S6-P2,6,practice,2025-03-18 22:00:00,80.3,1
2568-1036,2568,2568-S4-C1,4,checkpoint,2025-04-05 17:00:00,90.9,1
2568-1036,2568,2568-S5-C1,5,checkpoint,2025-04-03 22:00:00,73.4,1
2568-1036,2568,2568-S6-C1,6,checkpoint,2025-04-04 19:00:00,78.4,1
2568-1036,2568,2568-S1-P3,1,practice,2025-04-09 21:00:00,80.7,1
2568-1036,2568,2568-S4-P3,4,practice,2025-04-08 17:00:00,76.6,1
2568-1036,2568,2568-S6-P3,6,practice,2025-04-11 17:00:00,72.9,1
2568-1036,2568,2568-S4-P4,4,practice,2025-05-03 19:00:00,58.7,1
2568-1036,2568,2568-S5-P4,5,practice,2025-05-03 21:00:00,82.3,1
2568-1036,2568,2568-S1-C2,1,checkpoint,2025-05-15 19:00:00,70.3,1
2568-1036,2568,2568-S4-C2,4,checkpoint,2025-05-13 19:00:00,81.1,1
2568-1036,2568,2568-S5-C2,5,checkpoint,2025-05-15 21:00:00,78.0,1
2568-1036,2568,2568-S4-P5,4,practice,2025-05-22 16:00:00,77.0,1
2568-1036,2568,2568-S5-P5,5,practice,2025-05-21 19:00:00,98.9,1
2568-1036,2568,2568-S6-P5,6,practice,2025-05-23 17:00:00,77.5,1
2568-1036,2568,2568-S1-P6,1,practice,2025-06-14 22:00:00,69.5,1
2568-1036,2568,2568-S4-P6,4,practice,2025-06-12 19:00:00,72.6,1
2568-1036,2568,2568-S5-P6,5,practice,2025-06-10 16:00:00,69.5,1
2568-1036,2568,2568-S1-C3,1,checkpoint,2025-06-24 18:00:00,85.5,1
2568-1036,2568,2568-S4-C3,4,checkpoint,2025-06-24 18:00:00,88.3,1
2568-1036,2568,2568-S5-C3,5,checkpoint,2025-06-26 17:00:00,66.5,1
2568-1036,2568,2568-S1-P7,1,practice,2025-07-02 21:00:00,63.7,1
2568-1036,2568,2568-S5-P7,5,practice,2025-07-03 21:00:00,84.2,1
2568-1036,2568,2568-S6-P7,6,practice,2025-06-30 19:00:00,64.5,1
2568-1036,2568,2568-S1-P8,1,practice,2025-07-24 16:00:00,90.4,1
2568-1036,2568,2568-S4-P8,4,practice,2025-07-22 18:00:00,58.3,1
2568-1036,2568,2568-S6-P8,6,practice,2025-07-21 22:00:00,81.5,1
2568-1036,2568,2568-S1-C4,1,checkpoint,2025-08-05 18:00:00,89.8,1
2568-1036,2568,2568-S5-C4,5,checkpoint,2025-08-10 16:00:00,78.5,1
2568-1036,2568,2568-S6-C4,6,checkpoint,2025-08-07 19:00:00,75.5,1
2568-1036,2568,2568-S4-P9,4,practice,2025-08-12 16:00:00,76.2,1
2568-1036,2568,2568-S5-P9,5,practice,2025-08-15 16:00:00,94.0,1
2568-1036,2568,2568-S6-P9,6,practice,2025-08-13 18:00:00,91.5,1
2568-1037,2568,2568-S5-P2,5,practice,2025-03-18 20:00:00,100.0,1
2568-1037,2568,2568-S6-P2,6,practice,2025-03-21 19:00:00,100.0,1
2568-1037,2568,2568-S1-C1,1,checkpoint,2025-04-04 17:00:00,75.0,1
2568-1037,2568,2568-S5-C1,5,checkpoint,2025-04-05 22:00:00,90.2,1
2568-1037,2568,2568-S6-C1,6,checkpoint,2025-04-05 17:00:00,90.7,1
2568-1037,2568,2568-S1-P3,1,practice,2025-04-11 16:00:00,100.0,1
2568-1037,2568,2568-S5-P3,5,practice,2025-04-10 19:00:00,100.0,1
2568-1037,2568,2568-S6-P3,6,practice,2025-04-13 19:00:00,93.5,1
2568-1037,2568,2568-S1-P4,1,practice,2025-05-01 20:00:00,100.0,1
2568-1037,2568,2568-S5-P4,5,practice,2025-05-03 20:00:00,82.8,1
2568-1037,2568,2568-S6-P4,6,practice,2025-05-04 16:00:00,100.0,1
2568-1037,2568,2568-S1-C2,1,checkpoint,2025-05-12 19:00:00,80.1,1
2568-1037,2568,2568-S5-C2,5,checkpoint,2025-05-18 19:00:00,90.5,1
2568-1037,2568,2568-S6-C2,6,checkpoint,2025-05-18 20:00:00,95.8,1
2568-1037,2568,2568-S1-P5,1,practice,2025-05-24 17:00:00,87.8,1
2568-1037,2568,2568-S5-P5,5,practice,2025-05-23 17:00:00,100.0,1
2568-1037,2568,2568-S6-P5,6,practice,2025-05-19 17:00:00,100.0,1
2568-1037,2568,2568-S1-P6,1,practice,2025-06-10 20:00:00,79.7,1
2568-1037,2568,2568-S5-P6,5,practice,2025-06-14 18:00:00,79.3,1
2568-1037,2568,2568-S6-P6,6,practice,2025-06-10 16:00:00,81.1,1
2568-1037,2568,2568-S1-C3,1,checkpoint,2025-06-29 20:00:00,100.0,1
2568-1037,2568,2568-S5-C3,5,checkpoint,2025-06-24 20:00:00,85.4,1
2568-1037,2568,2568-S6-C3,6,checkpoint,2025-06-29 21:00:00,81.1,1
2568-1037,2568,2568-S1-P7,1,practice,2025-07-03 21:00:00,83.0,1
2568-1037,2568,2568-S6-P7,6,practice,2025-07-06 19:00:00,88.5,1
2568-1037,2568,2568-S1-P8,1,practice,2025-07-22 16:00:00,85.0,1
2568-1037,2568,2568-S5-P8,5,practice,2025-07-26 21:00:00,92.6,1
2568-1037,2568,2568-S6-P8,6,practice,2025-07-25 17:00:00,100.0,1
2568-1037,2568,2568-S1-C4,1,checkpoint,2025-08-05 22:00:00,94.6,1
2568-1037,2568,2568-S5-C4,5,checkpoint,2025-08-05 21:00:00,64.7,1
2568-1037,2568,2568-S6-C4,6,checkpoint,2025-08-09 20:00:00,89.5,1
2568-1037,2568,2568-S1-P9,1,practice,2025-08-11 17:00:00,83.0,1
2568-1037,2568,2568-S5-P9,5,practice,2025-08-11 20:00:00,90.3,1
2568-1037,2568,2568-S6-P9,6,practice,2025-08-14 16:00:00,97.4,1
2568-1038,2568,2568-S1-P2,1,practice,2025-03-23 19:00:00,89.7,1
2568-1038,2568,2568-S1-C1,1,checkpoint,2025-04-01 19:00:00,74.5,1
2568-1038,2568,2568-S4-C1,4,checkpoint,2025-03-31 22:00:00,84.0,1
2568-1038,2568,2568-S1-P3,1,practice,2025-04-12 22:00:00,73.1,1
2568-1038,2568,2568-S4-P4,4,practice,2025-05-04 17:00:00,75.2,1
2568-1038,2568,2568-S4-P5,4,practice,2025-05-22 16:00:00,90.7,1
2568-1038,2568,2568-S6-P6,6,practice,2025-06-13 17:00:00,61.8,1
2568-1038,2568,2568-S4-C3,4,checkpoint,2025-06-25 19:00:00,87.4,1
2568-1038,2568,2568-S6-C3,6,checkpoint,2025-06-25 20:00:00,81.7,1
2568-1038,2568,2568-S1-P7,1,practice,2025-07-04 19:00:00,98.6,1
2568-1038,2568,2568-S6-P7,6,practice,2025-07-01 16:00:00,60.7,1
2568-1039,2568,2568-S4-C2,4,checkpoint,2025-05-12 16:00:00,82.9,1
2568-1039,2568,2568-S6-C2,6,checkpoint,2025-05-17 18:00:00,89.5,1
2568-1039,2568,2568-S4-P5,4,practice,2025-05-19 20:00:00,70.1,1
2568-1039,2568,2568-S5-P5,5,practice,2025-05-23 22:00:00,95.3,1
2568-1039,2568,2568-S6-P5,6,practice,2025-05-19 22:00:00,76.6,1
2568-1039,2568,2568-S4-P6,4,practice,2025-06-13 17:00:00,76.1,1
2568-1039,2568,2568-S5-C3,5,checkpoint,2025-06-25 21:00:00,80.0,1
2568-1039,2568,2568-S6-C3,6,checkpoint,2025-06-23 20:00:00,71.4,1
2568-1039,2568,2568-S4-P7,4,practice,2025-07-03 19:00:00,71.7,1
2568-1039,2568,2568-S5-P7,5,practice,2025-07-03 17:00:00,52.2,1
2568-1039,2568,2568-S6-P7,6,practice,2025-07-03 21:00:00,71.3,1
2568-1039,2568,2568-S4-P8,4,practice,2025-07-23 21:00:00,76.5,1
2568-1039,2568,2568-S5-P8,5,practice,2025-07-23 16:00:00,78.1,1
2568-1039,2568,2568-S5-C4,5,checkpoint,2025-08-04 17:00:00,77.0,1
2568-1039,2568,2568-S4-P9,4,practice,2025-08-11 18:00:00,69.6,1
2568-1039,2568,2568-S6-P9,6,practice,2025-08-12 18:00:00,74.6,1
2568-1040,2568,2568-S1-C1,1,checkpoint,2025-04-02 16:00:00,84.3,1
2568-1040,2568,2568-S6-C1,6,checkpoint,2025-04-03 17:00:00,84.3,1
2568-1040,2568,2568-S1-P3,1,practice,2025-04-13 21:00:00,73.4,1
2568-1040,2568,2568-S5-P3,5,practice,2025-04-10 19:00:00,61.9,1
2568-1040,2568,2568-S6-P3,6,practice,2025-04-10 19:00:00,59.8,1
2568-1040,2568,2568-S1-P4,1,practice,2025-05-02 19:00:00,66.4,1
2568-1040,2568,2568-S1-C2,1,checkpoint,2025-05-14 20:00:00,80.2,1
2568-1040,2568,2568-S6-C2,6,checkpoint,2025-05-16 21:00:00,60.9,1
2568-1040,2568,2568-S5-P5,5,practice,2025-05-19 21:00:00,53.6,1
2568-1040,2568,2568-S6-P5,6,practice,2025-05-22 18:00:00,71.9,1
2568-1040,2568,2568-S1-P6,1,practice,2025-06-12 22:00:00,59.2,1
2568-1040,2568,2568-S6-P6,6,practice,2025-06-09 19:00:00,86.1,1
2568-1040,2568,2568-S5-P7,5,practice,2025-07-06 20:00:00,71.1,1
2568-1040,2568,2568-S6-P7,6,practice,2025-07-02 22:00:00,84.9,1
2568-1040,2568,2568-S1-C4,1,checkpoint,2025-08-04 21:00:00,63.7,1
2568-1040,2568,2568-S5-C4,5,checkpoint,2025-08-10 16:00:00,76.6,1
2568-1040,2568,2568-S6-C4,6,checkpoint,2025-08-06 21:00:00,77.4,1
2568-1040,2568,2568-S1-P9,1,practice,2025-08-12 16:00:00,94.9,1
2568-1040,2568,2568-S5-P9,5,practice,2025-08-17 18:00:00,100.0,1
2568-1040,2568,2568-S6-P9,6,practice,2025-08-11 20:00:00,79.1,1
2568-1041,2568,2568-S1-P2,1,practice,2025-03-18 18:00:00,74.7,1
2568-1041,2568,2568-S5-P2,5,practice,2025-03-23 18:00:00,52.6,1
2568-1041,2568,2568-S6-P2,6,practice,2025-03-18 19:00:00,76.9,1
2568-1041,2568,2568-S4-C1,4,checkpoint,2025-04-02 17:00:00,81.7,1
2568-1041,2568,2568-S1-P3,1,practice,2025-04-13 22:00:00,52.9,1
2568-1041,2568,2568-S4-P3,4,practice,2025-04-08 18:00:00,77.9,1
2568-1041,2568,2568-S6-P3,6,practice,2025-04-10 22:00:00,71.9,1
2568-1041,2568,2568-S1-P4,1,practice,2025-04-29 20:00:00,78.8,1
2568-1041,2568,2568-S4-P4,4,practice,2025-04-29 19:00:00,80.2,1
2568-1041,2568,2568-S6-P4,6,practice,2025-05-03 21:00:00,72.5,1
2568-1041,2568,2568-S4-C2,4,checkpoint,2025-05-12 22:00:00,54.0,1
2568-1041,2568,2568-S5-C2,5,checkpoint,2025-05-15 21:00:00,79.8,1
2568-1041,2568,2568-S6-C2,6,checkpoint,2025-05-12 19:00:00,62.2,1
2568-1041,2568,2568-S1-P5,1,practice,2025-05-23 19:00:00,66.4,1
2568-1041,2568,2568-S4-P5,4,practice,2025-05-19 19:00:00,72.3,1
2568-1041,2568,2568-S5-P5,5,practice,2025-05-20 18:00:00,62.2,1
2568-1041,2568,2568-S6-P5,6,practice,2025-05-23 21:00:00,46.9,0
2568-1041,2568,2568-S1-P6,1,practice,2025-06-15 21:00:00,71.5,1
2568-1041,2568,2568-S6-P6,6,practice,2025-06-13 17:00:00,86.2,1
2568-1041,2568,2568-S4-C3,4,checkpoint,2025-06-25 19:00:00,84.7,1
2568-1041,2568,2568-S6-C3,6,checkpoint,2025-06-24 18:00:00,89.8,1
2568-1041,2568,2568-S1-P7,1,practice,2025-07-03 16:00:00,81.2,1
2568-1041,2568,2568-S4-P7,4,practice,2025-06-30 17:00:00,90.7,1
2568-1041,2568,2568-S5-P7,5,practice,2025-07-01 18:00:00,61.2,1
2568-1041,2568,2568-S1-P8,1,practice,2025-07-26 16:00:00,81.3,1
2568-1041,2568,2568-S5-P8,5,practice,2025-07-23 16:00:00,77.4,1
2568-1041,2568,2568-S4-C4,4,checkpoint,2025-08-06 19:00:00,71.1,1
2568-1041,2568,2568-S5-C4,5,checkpoint,2025-08-05 18:00:00,93.3,1
2568-1041,2568,2568-S6-C4,6,checkpoint,2025-08-08 21:00:00,62.7,1
2568-1041,2568,2568-S4-P9,4,practice,2025-08-14 18:00:00,58.8,1
2568-1041,2568,2568-S6-P9,6,practice,2025-08-14 20:00:00,66.9,1
2568-1042,2568,2568-S4-P3,4,practice,2025-04-10 18:00:00,93.0,1
2568-1042,2568,2568-S5-P3,5,practice,2025-04-12 20:00:00,79.8,1
2568-1042,2568,2568-S1-P4,1,practice,2025-05-04 17:00:00,81.5,1
2568-1042,2568,2568-S4-P4,4,practice,2025-05-03 19:00:00,100.0,1
2568-1042,2568,2568-S5-P4,5,practice,2025-05-01 19:00:00,86.5,1
2568-1042,2568,2568-S6-P4,6,practice,2025-05-04 21:00:00,82.6,1
2568-1042,2568,2568-S1-C2,1,checkpoint,2025-05-18 21:00:00,90.8,1
2568-1042,2568,2568-S4-C2,4,checkpoint,2025-05-15 22:00:00,77.8,1
2568-1042,2568,2568-S5-C2,5,checkpoint,2025-05-14 20:00:00,78.3,1
2568-1042,2568,2568-S6-C2,6,checkpoint,2025-05-16 16:00:00,75.0,1
2568-1042,2568,2568-S1-P5,1,practice,2025-05-21 17:00:00,93.1,1
2568-1042,2568,2568-S4-P5,4,practice,2025-05-24 19:00:00,97.1,1
2568-1042,2568,2568-S5-P5,5,practice,2025-05-20 22:00:00,76.0,1
2568-1042,2568,2568-S6-P5,6,practice,2025-05-19 18:00:00,99.7,1
2568-1042,2568,2568-S1-P6,1,practice,2025-06-11 16:00:00,85.3,1
2568-1042,2568,2568-S4-P6,4,practice,2025-06-13 17:00:00,84.2,1
2568-1042,2568,2568-S1-C3,1,checkpoint,2025-06-26 19:00:00,74.6,1
2568-1042,2568,2568-S4-C3,4,checkpoint,2025-06-25 20:00:00,83.3,1
2568-1042,2568,2568-S5-C3,5,checkpoint,2025-06-27 19:00:00,83.7,1
2568-1042,2568,2568-S6-C3,6,checkpoint,2025-06-25 18:00:00,87.5,1
2568-1042,2568,2568-S4-P7,4,practice,2025-07-01 17:00:00,81.6,1
2568-1042,2568,2568-S5-P7,5,practice,2025-07-06 18:00:00,90.5,1
2568-1042,2568,2568-S6-P7,6,practice,2025-07-05 20:00:00,71.9,1
2568-1042,2568,2568-S4-P8,4,practice,2025-07-25 20:00:00,84.3,1
2568-1042,2568,2568-S5-P8,5,practice,2025-07-26 18:00:00,81.0,1
2568-1042,2568,2568-S6-P8,6,practice,2025-07-23 20:00:00,79.4,1
2568-1042,2568,2568-S1-C4,1,checkpoint,2025-08-05 16:00:00,70.6,1
2568-1042,2568,2568-S4-C4,4,checkpoint,2025-08-07 20:00:00,81.9,1
2568-1042,2568,2568-S5-C4,5,checkpoint,2025-08-04 19:00:00,66.7,1
2568-1042,2568,2568-S6-C4,6,checkpoint,2025-08-10 18:00:00,75.1,1
2568-1042,2568,2568-S5-P9,5,practice,2025-08-12 16:00:00,71.8,1
2568-1042,2568,2568-S6-P9,6,practice,2025-08-11 22:00:00,76.3,1
2568-1043,2568,2568-S1-P2,1,practice,2025-03-20 22:00:00,63.9,1
2568-1043,2568,2568-S6-P2,6,practice,2025-03-18 19:00:00,80.0,1
2568-1043,2568,2568-S4-C1,4,checkpoint,2025-04-02 22:00:00,59.5,1
2568-1043,2568,2568-S5-C1,5,checkpoint,2025-04-05 17:00:00,85.5,1
2568-1043,2568,2568-S1-P4,1,practice,2025-04-30 20:00:00,65.9,1
2568-1043,2568,2568-S4-P4,4,practice,2025-05-04 20:00:00,71.1,1
2568-1043,2568,2568-S6-P4,6,practice,2025-05-04 17:00:00,53.9,1
2568-1043,2568,2568-S1-C2,1,checkpoint,2025-05-16 22:00:00,66.1,1
2568-1043,2568,2568-S4-C2,4,checkpoint,2025-05-14 22:00:00,62.8,1
2568-1043,2568,2568-S4-P5,4,practice,2025-05-21 16:00:00,74.3,1
2568-1043,2568,2568-S5-P5,5,practice,2025-05-22 17:00:00,71.2,1
2568-1043,2568,2568-S1-P6,1,practice,2025-06-09 22:00:00,73.9,1
2568-1043,2568,2568-S4-P6,4,practice,2025-06-10 21:00:00,79.8,1
2568-1043,2568,2568-S5-P6,5,practice,2025-06-10 20:00:00,71.4,1
2568-1043,2568,2568-S1-C3,1,checkpoint,2025-06-28 16:00:00,80.4,1
2568-1043,2568,2568-S4-C3,4,checkpoint,2025-06-26 17:00:00,52.3,1
2568-1043,2568,2568-S5-C3,5,checkpoint,2025-06-23 22:00:00,67.4,1
2568-1043,2568,2568-S6-C3,6,checkpoint,2025-06-23 22:00:00,78.1,1
2568-1043,2568,2568-S1-P7,1,practice,2025-07-05 18:00:00,77.9,1
2568-1043,2568,2568-S1-P8,1,practice,2025-07-27 20:00:00,79.2,1
2568-1043,2568,2568-S1-C4,1,checkpoint,2025-08-09 17:00:00,71.6,1
2568-1043,2568,2568-S4-C4,4,checkpoint,2025-08-09 20:00:00,79.7,1
2568-1043,2568,2568-S5-C4,5,checkpoint,2025-08-05 22:00:00,67.9,1
2568-1043,2568,2568-S1-P9,1,practice,2025-08-11 18:00:00,78.6,1
2568-1043,2568,2568-S5-P9,5,practice,2025-08-15 16:00:00,40.8,0
2568-1043,2568,2568-S6-P9,6,practice,2025-08-15 21:00:00,63.9,1
2568-1044,2568,2568-S1-P2,1,practice,2025-03-22 20:00:00,56.9,1
2568-1044,2568,2568-S5-P3,5,practice,2025-04-07 20:00:00,89.2,1
2568-1044,2568,2568-S1-C2,1,checkpoint,2025-05-12 22:00:00,53.9,1
2568-1044,2568,2568-S5-C2,5,checkpoint,2025-05-13 21:00:00,48.6,0
2568-1045,2568,2568-S1-P2,1,practice,2025-03-19 19:00:00,87.4,1
2568-1045,2568,2568-S4-P2,4,practice,2025-03-18 19:00:00,84.6,1
2568-1045,2568,2568-S5-P2,5,practice,2025-03-23 20:00:00,90.5,1
2568-1045,2568,2568-S6-P2,6,practice,2025-03-18 22:00:00,94.2,1
2568-1045,2568,2568-S1-C1,1,checkpoint,2025-04-04 19:00:00,99.3,1
2568-1045,2568,2568-S4-C1,4,checkpoint,2025-04-05 21:00:00,82.9,1
2568-1045,2568,2568-S5-C1,5,checkpoint,2025-04-02 17:00:00,100.0,1
2568-1045,2568,2568-S6-C1,6,checkpoint,2025-04-02 18:00:00,84.2,1
2568-1045,2568,2568-S4-P3,4,practice,2025-04-13 22:00:00,83.7,1
2568-1045,2568,2568-S5-P3,5,practice,2025-04-11 18:00:00,93.5,1
2568-1045,2568,2568-S6-P3,6,practice,2025-04-07 17:00:00,95.0,1
2568-1045,2568,2568-S1-P4,1,practice,2025-04-29 19:00:00,74.0,1
2568-1045,2568,2568-S4-P4,4,practice,2025-05-03 18:00:00,64.8,1
2568-1045,2568,2568-S5-P4,5,practice,2025-04-29 21:00:00,83.4,1
2568-1045,2568,2568-S6-P4,6,practice,2025-04-28 17:00:00,98.3,1
2568-1045,2568,2568-S1-C2,1,checkpoint,2025-05-17 22:00:00,100.0,1
2568-1045,2568,2568-S6-C2,6,checkpoint,2025-05-16 21:00:00,84.7,1
2568-1045,2568,2568-S1-P5,1,practice,2025-05-22 20:00:00,100.0,1
2568-1045,2568,2568-S4-P5,4,practice,2025-05-24 22:00:00,61.7,1
2568-1045,2568,2568-S5-P5,5,practice,2025-05-21 21:00:00,100.0,1
2568-1045,2568,2568-S6-P5,6,practice,2025-05-20 18:00:00,83.9,1
2568-1045,2568,2568-S1-P6,1,practice,2025-06-09 16:00:00,87.8,1
2568-1045,2568,2568-S5-P6,5,practice,2025-06-09 17:00:00,91.0,1
2568-1045,2568,2568-S6-P6,6,practice,2025-06-10 20:00:00,62.8,1
2568-1045,2568,2568-S1-C3,1,checkpoint,2025-06-27 16:00:00,65.4,1
2568-1045,2568,2568-S4-C3,4,checkpoint,2025-06-23 18:00:00,62.8,1
2568-1045,2568,2568-S6-C3,6,checkpoint,2025-06-23 18:00:00,97.4,1
2568-1045,2568,2568-S1-P7,1,practice,2025-07-01 18:00:00,66.7,1
2568-1045,2568,2568-S5-P7,5,practice,2025-07-02 18:00:00,81.0,1
2568-1045,2568,2568-S6-P7,6,practice,2025-07-02 17:00:00,83.9,1
2568-1045,2568,2568-S4-P8,4,practice,2025-07-23 22:00:00,77.0,1
2568-1045,2568,2568-S5-P8,5,practice,2025-07-24 21:00:00,79.9,1
2568-1045,2568,2568-S6-P8,6,practice,2025-07-24 19:00:00,100.0,1
2568-1045,2568,2568-S4-C4,4,checkpoint,2025-08-04 17:00:00,100.0,1
2568-1045,2568,2568-S5-C4,5,checkpoint,2025-08-05 19:00:00,90.3,1
2568-1045,2568,2568-S6-C4,6,checkpoint,2025-08-04 16:00:00,87.5,1
2568-1045,2568,2568-S1-P9,1,practice,2025-08-12 21:00:00,87.7,1
2568-1045,2568,2568-S4-P9,4,practice,2025-08-11 22:00:00,88.1,1
2568-1045,2568,2568-S5-P9,5,practice,2025-08-14 16:00:00,82.7,1
2568-1045,2568,2568-S6-P9,6,practice,2025-08-15 19:00:00,100.0,1
2568-1046,2568,2568-S1-P2,1,practice,2025-03-23 22:00:00,88.8,1
2568-1046,2568,2568-S4-P2,4,practice,2025-03-22 18:00:00,91.2,1
2568-1046,2568,2568-S5-P2,5,practice,2025-03-19 21:00:00,83.5,1
2568-1046,2568,2568-S6-P2,6,practice,2025-03-21 20:00:00,76.1,1
2568-1046,2568,2568-S1-C1,1,checkpoint,2025-03-31 21:00:00,97.3,1
2568-1046,2568,2568-S4-C1,4,checkpoint,2025-04-01 22:00:00,87.7,1
2568-1046,2568,2568-S5-C1,5,checkpoint,2025-04-04 21:00:00,95.8,1
2568-1046,2568,2568-S6-C1,6,checkpoint,2025-03-31 18:00:00,68.9,1
2568-1046,2568,2568-S1-P3,1,practice,2025-04-13 16:00:00,75.8,1
2568-1046,2568,2568-S4-P3,4,practice,2025-04-08 16:00:00,88.8,1
2568-1046,2568,2568-S5-P3,5,practice,2025-04-11 21:00:00,68.2,1
2568-1046,2568,2568-S6-P3,6,practice,2025-04-07 17:00:00,99.8,1
2568-1046,2568,2568-S1-P4,1,practice,2025-04-30 21:00:00,100.0,1
2568-1046,2568,2568-S4-P4,4,practice,2025-05-04 16:00:00,84.8,1
2568-1046,2568,2568-S5-P4,5,practice,2025-05-03 16:00:00,98.2,1
2568-1046,2568,2568-S6-P4,6,practice,2025-04-28 20:00:00,88.7,1
2568-1046,2568,2568-S1-C2,1,checkpoint,2025-05-16 17:00:00,75.7,1
2568-1046,2568,2568-S4-C2,4,checkpoint,2025-05-15 18:00:00,73.6,1
2568-1046,2568,2568-S6-C2,6,checkpoint,2025-05-18 20:00:00,82.4,1
2568-1046,2568,2568-S1-P5,1,practice,2025-05-22 21:00:00,79.5,1
2568-1046,2568,2568-S4-P5,4,practice,2025-05-19 17:00:00,84.5,1
2568-1046,2568,2568-S6-P5,6,practice,2025-05-22 19:00:00,77.8,1
2568-1047,2568,2568-S5-P2,5,practice,2025-03-19 20:00:00,74.8,1
2568-1047,2568,2568-S6-P2,6,practice,2025-03-17 20:00:00,65.2,1
2568-1047,2568,2568-S1-C1,1,checkpoint,2025-04-02 18:00:00,76.0,1
2568-1047,2568,2568-S4-C1,4,checkpoint,2025-04-01 22:00:00,65.4,1
2568-1047,2568,2568-S5-C1,5,checkpoint,2025-03-31 16:00:00,64.7,1
2568-1047,2568,2568-S1-P3,1,practice,2025-04-09 18:00:00,83.9,1
2568-1047,2568,2568-S5-P3,5,practice,2025-04-07 22:00:00,70.5,1
2568-1047,2568,2568-S6-P3,6,practice,2025-04-12 20:00:00,63.4,1
2568-1047,2568,2568-S1-P4,1,practice,2025-05-02 20:00:00,69.1,1
2568-1047,2568,2568-S5-P4,5,practice,2025-04-29 21:00:00,98.5,1
2568-1047,2568,2568-S6-P4,6,practice,2025-05-02 16:00:00,71.1,1
2568-1047,2568,2568-S1-C2,1,checkpoint,2025-05-17 21:00:00,82.2,1
2568-1047,2568,2568-S4-C2,4,checkpoint,2025-05-12 17:00:00,89.2,1
2568-1047,2568,2568-S5-C2,5,checkpoint,2025-05-17 20:00:00,76.1,1
2568-1047,2568,2568-S4-P5,4,practice,2025-05-23 20:00:00,69.1,1
2568-1047,2568,2568-S1-P6,1,practice,2025-06-11 17:00:00,80.2,1
2568-1047,2568,2568-S4-P6,4,practice,2025-06-12 21:00:00,76.9,1
2568-1047,2568,2568-S4-C3,4,checkpoint,2025-06-28 21:00:00,90.2,1
2568-1047,2568,2568-S5-C3,5,checkpoint,2025-06-23 19:00:00,64.8,1
2568-1047,2568,2568-S6-C3,6,checkpoint,2025-06-23 17:00:00,74.4,1
2568-1047,2568,2568-S1-P7,1,practice,2025-07-03 20:00:00,65.9,1
2568-1047,2568,2568-S4-P7,4,practice,2025-06-30 19:00:00,88.5,1
2568-1047,2568,2568-S5-P7,5,practice,2025-06-30 21:00:00,70.6,1
2568-1047,2568,2568-S1-P8,1,practice,2025-07-23 21:00:00,73.5,1
2568-1047,2568,2568-S4-P8,4,practice,2025-07-22 21:00:00,74.0,1
2568-1047,2568,2568-S5-P8,5,practice,2025-07-22 17:00:00,80.6,1
2568-1047,2568,2568-S6-P8,6,practice,2025-07-27 18:00:00,79.9,1
2568-1047,2568,2568-S1-C4,1,checkpoint,2025-08-09 17:00:00,59.0,1
2568-1047,2568,2568-S6-C4,6,checkpoint,2025-08-09 22:00:00,56.8,1
2568-1047,2568,2568-S1-P9,1,practice,2025-08-16 21:00:00,63.7,1
2568-1047,2568,2568-S4-P9,4,practice,2025-08-12 17:00:00,56.5,1
2568-1047,2568,2568-S5-P9,5,practice,2025-08-11 17:00:00,61.2,1
2568-1048,2568,2568-S5-P2,5,practice,2025-03-22 19:00:00,71.5,1
2568-1048,2568,2568-S6-P2,6,practice,2025-03-17 17:00:00,100.0,1
2568-1048,2568,2568-S1-C1,1,checkpoint,2025-04-03 22:00:00,90.0,1
2568-1048,2568,2568-S5-C1,5,checkpoint,2025-04-05 19:00:00,93.8,1
2568-1048,2568,2568-S6-C1,6,checkpoint,2025-03-31 21:00:00,96.8,1
2568-1048,2568,2568-S1-P3,1,practice,2025-04-12 16:00:00,84.5,1
2568-1048,2568,2568-S6-P3,6,practice,2025-04-07 22:00:00,76.6,1
2568-1048,2568,2568-S1-P4,1,practice,2025-04-30 17:00:00,77.0,1
2568-1048,2568,2568-S5-P4,5,practice,2025-04-30 21:00:00,86.4,1
2568-1048,2568,2568-S6-P4,6,practice,2025-04-30 18:00:00,80.6,1
2568-1048,2568,2568-S5-C2,5,checkpoint,2025-05-13 21:00:00,100.0,1
2568-1048,2568,2568-S6-C2,6,checkpoint,2025-05-18 20:00:00,82.3,1
2568-1048,2568,2568-S1-P5,1,practice,2025-05-19 20:00:00,100.0,1
2568-1048,2568,2568-S5-P5,5,practice,2025-05-21 19:00:00,83.5,1
2568-1048,2568,2568-S6-P5,6,practice,2025-05-24 21:00:00,100.0,1
2568-1048,2568,2568-S1-P6,1,practice,2025-06-15 22:00:00,100.0,1
2568-1048,2568,2568-S5-P6,5,practice,2025-06-12 16:00:00,81.4,1
2568-1048,2568,2568-S6-P6,6,practice,2025-06-12 20:00:00,89.9,1
2568-1048,2568,2568-S1-C3,1,checkpoint,2025-06-24 18:00:00,86.0,1
2568-1048,2568,2568-S5-C3,5,checkpoint,2025-06-23 16:00:00,90.7,1
2568-1048,2568,2568-S6-C3,6,checkpoint,2025-06-24 17:00:00,93.6,1
2568-1048,2568,2568-S1-P7,1,practice,2025-07-04 19:00:00,88.0,1
2568-1048,2568,2568-S5-P7,5,practice,2025-07-01 20:00:00,70.4,1
2568-1048,2568,2568-S6-P7,6,practice,2025-07-04 19:00:00,68.7,1
2568-1048,2568,2568-S5-P8,5,practice,2025-07-22 17:00:00,74.5,1
2568-1048,2568,2568-S6-P8,6,practice,2025-07-22 17:00:00,100.0,1
2568-1049,2568,2568-S4-P2,4,practice,2025-03-18 20:00:00,63.5,1
2568-1049,2568,2568-S5-P2,5,practice,2025-03-19 22:00:00,78.4,1
2568-1049,2568,2568-S6-P2,6,practice,2025-03-20 17:00:00,81.3,1
2568-1049,2568,2568-S4-C1,4,checkpoint,2025-04-01 22:00:00,78.9,1
2568-1049,2568,2568-S4-P3,4,practice,2025-04-12 21:00:00,56.3,1
2568-1049,2568,2568-S5-P3,5,practice,2025-04-10 20:00:00,82.7,1
2568-1049,2568,2568-S5-P4,5,practice,2025-05-02 16:00:00,80.5,1
2568-1049,2568,2568-S6-P4,6,practice,2025-04-28 19:00:00,76.4,1
2568-1049,2568,2568-S5-C2,5,checkpoint,2025-05-18 22:00:00,87.1,1
2568-1049,2568,2568-S4-P5,4,practice,2025-05-20 17:00:00,75.0,1
2568-1049,2568,2568-S5-P5,5,practice,2025-05-23 20:00:00,87.1,1
2568-1049,2568,2568-S6-P5,6,practice,2025-05-20 19:00:00,75.3,1
2568-1049,2568,2568-S4-P6,4,practice,2025-06-12 21:00:00,77.1,1
2568-1049,2568,2568-S5-P6,5,practice,2025-06-11 20:00:00,77.1,1
2568-1049,2568,2568-S4-C3,4,checkpoint,2025-06-26 18:00:00,72.2,1
2568-1049,2568,2568-S6-C3,6,checkpoint,2025-06-23 18:00:00,60.7,1
2568-1049,2568,2568-S5-P8,5,practice,2025-07-23 18:00:00,65.6,1
2568-1049,2568,2568-S4-C4,4,checkpoint,2025-08-07 18:00:00,80.3,1
2568-1049,2568,2568-S5-C4,5,checkpoint,2025-08-08 21:00:00,84.9,1
2568-1049,2568,2568-S4-P9,4,practice,2025-08-17 20:00:00,69.7,1
2568-1049,2568,2568-S5-P9,5,practice,2025-08-13 16:00:00,86.6,1
2568-1049,2568,2568-S6-P9,6,practice,2025-08-13 21:00:00,73.2,1
2568-1050,2568,2568-S4-P2,4,practice,2025-03-19 17:00:00,68.8,1
2568-1050,2568,2568-S5-P2,5,practice,2025-03-20 20:00:00,85.7,1
2568-1050,2568,2568-S1-C1,1,checkpoint,2025-04-05 22:00:00,100.0,1
2568-1050,2568,2568-S4-C1,4,checkpoint,2025-04-01 19:00:00,82.3,1
2568-1050,2568,2568-S6-C1,6,checkpoint,2025-04-03 20:00:00,68.9,1
2568-1050,2568,2568-S6-P3,6,practice,2025-04-10 19:00:00,85.5,1
2568-1050,2568,2568-S4-P4,4,practice,2025-05-01 17:00:00,77.1,1
2568-1050,2568,2568-S5-P4,5,practice,2025-05-03 20:00:00,82.2,1
2568-1050,2568,2568-S6-P4,6,practice,2025-05-02 20:00:00,70.2,1
2568-1050,2568,2568-S1-C2,1,checkpoint,2025-05-14 17:00:00,81.6,1
2568-1050,2568,2568-S4-C2,4,checkpoint,2025-05-16 21:00:00,82.1,1
2568-1050,2568,2568-S5-C2,5,checkpoint,2025-05-12 16:00:00,92.6,1
2568-1050,2568,2568-S6-C2,6,checkpoint,2025-05-15 22:00:00,100.0,1
2568-1050,2568,2568-S1-P5,1,practice,2025-05-25 17:00:00,76.6,1
2568-1050,2568,2568-S1-P6,1,practice,2025-06-09 18:00:00,70.8,1
2568-1050,2568,2568-S4-P6,4,practice,2025-06-09 21:00:00,59.8,1
2568-1050,2568,2568-S5-P6,5,practice,2025-06-09 21:00:00,92.5,1
2568-1050,2568,2568-S1-C3,1,checkpoint,2025-06-29 19:00:00,91.6,1
2568-1050,2568,2568-S4-C3,4,checkpoint,2025-06-28 16:00:00,69.7,1
2568-1050,2568,2568-S6-C3,6,checkpoint,2025-06-29 20:00:00,90.0,1
2568-1050,2568,2568-S1-P7,1,practice,2025-07-06 22:00:00,95.3,1
2568-1050,2568,2568-S4-P7,4,practice,2025-07-05 19:00:00,69.9,1
2568-1050,2568,2568-S5-P7,5,practice,2025-07-02 20:00:00,100.0,1
2568-1050,2568,2568-S6-P7,6,practice,2025-06-30 21:00:00,77.3,1
2568-1050,2568,2568-S1-P8,1,practice,2025-07-27 17:00:00,76.9,1
2568-1050,2568,2568-S4-P8,4,practice,2025-07-26 16:00:00,100.0,1
2568-1050,2568,2568-S6-P8,6,practice,2025-07-26 21:00:00,75.6,1
2568-1050,2568,2568-S1-C4,1,checkpoint,2025-08-04 20:00:00,94.5,1
2568-1050,2568,2568-S5-C4,5,checkpoint,2025-08-07 16:00:00,69.7,1
2568-1050,2568,2568-S6-C4,6,checkpoint,2025-08-10 19:00:00,100.0,1
2568-1050,2568,2568-S1-P9,1,practice,2025-08-12 21:00:00,81.3,1
2568-1050,2568,2568-S4-P9,4,practice,2025-08-13 22:00:00,80.8,1
2568-1050,2568,2568-S5-P9,5,practice,2025-08-16 21:00:00,91.0,1
2568-1050,2568,2568-S6-P9,6,practice,2025-08-13 16:00:00,79.5,1
2568-1051,2568,2568-S5-P2,5,practice,2025-03-22 22:00:00,67.0,1
2568-1051,2568,2568-S5-C1,5,checkpoint,2025-04-01 20:00:00,57.7,1
2568-1051,2568,2568-S6-C1,6,checkpoint,2025-04-02 22:00:00,69.4,1
2568-1051,2568,2568-S6-P3,6,practice,2025-04-11 16:00:00,79.4,1
2568-1051,2568,2568-S5-P4,5,practice,2025-04-28 18:00:00,51.8,1
2568-1051,2568,2568-S5-C2,5,checkpoint,2025-05-12 18:00:00,57.0,1
2568-1051,2568,2568-S6-P6,6,practice,2025-06-15 19:00:00,86.3,1
2568-1051,2568,2568-S5-P8,5,practice,2025-07-21 22:00:00,58.8,1
2568-1052,2568,2568-S1-P2,1,practice,2025-03-17 17:00:00,88.6,1
2568-1052,2568,2568-S4-P2,4,practice,2025-03-21 18:00:00,84.5,1
2568-1052,2568,2568-S5-P2,5,practice,2025-03-19 16:00:00,99.2,1
2568-1052,2568,2568-S6-P2,6,practice,2025-03-20 19:00:00,92.5,1
2568-1052,2568,2568-S1-C1,1,checkpoint,2025-04-01 17:00:00,70.8,1
2568-1052,2568,2568-S5-C1,5,checkpoint,2025-03-31 16:00:00,90.5,1
2568-1052,2568,2568-S6-C1,6,checkpoint,2025-04-06 19:00:00,95.3,1
2568-1052,2568,2568-S1-P3,1,practice,2025-04-11 21:00:00,88.9,1
2568-1052,2568,2568-S4-P3,4,practice,2025-04-12 22:00:00,100.0,1
2568-1052,2568,2568-S5-P3,5,practice,2025-04-11 22:00:00,88.5,1
2568-1052,2568,2568-S6-P3,6,practice,2025-04-11 18:00:00,93.7,1
2568-1052,2568,2568-S1-P4,1,practice,2025-05-01 16:00:00,84.2,1
2568-1052,2568,2568-S4-P4,4,practice,2025-04-29 21:00:00,93.7,1
2568-1052,2568,2568-S5-P4,5,practice,2025-05-01 18:00:00,75.7,1
2568-1052,2568,2568-S6-P4,6,practice,2025-05-01 22:00:00,77.0,1
2568-1052,2568,2568-S1-C2,1,checkpoint,2025-05-15 18:00:00,85.4,1
2568-1052,2568,2568-S4-C2,4,checkpoint,2025-05-14 18:00:00,99.3,1
2568-1052,2568,2568-S6-C2,6,checkpoint,2025-05-17 22:00:00,95.2,1
2568-1052,2568,2568-S1-P5,1,practice,2025-05-19 19:00:00,88.2,1
2568-1052,2568,2568-S4-P5,4,practice,2025-05-21 19:00:00,73.0,1
2568-1052,2568,2568-S6-P5,6,practice,2025-05-19 22:00:00,100.0,1
2568-1052,2568,2568-S1-P6,1,practice,2025-06-10 21:00:00,100.0,1
2568-1052,2568,2568-S6-P6,6,practice,2025-06-09 21:00:00,80.7,1
2568-1052,2568,2568-S1-C3,1,checkpoint,2025-06-24 20:00:00,72.3,1
2568-1052,2568,2568-S5-C3,5,checkpoint,2025-06-24 18:00:00,90.7,1
2568-1052,2568,2568-S6-C3,6,checkpoint,2025-06-27 20:00:00,94.4,1
2568-1052,2568,2568-S1-P7,1,practice,2025-07-03 19:00:00,79.0,1
2568-1052,2568,2568-S4-P7,4,practice,2025-07-04 19:00:00,100.0,1
2568-1052,2568,2568-S5-P7,5,practice,2025-07-04 19:00:00,96.7,1
2568-1052,2568,2568-S1-P8,1,practice,2025-07-23 17:00:00,100.0,1
2568-1052,2568,2568-S4-P8,4,practice,2025-07-23 20:00:00,82.2,1
2568-1052,2568,2568-S5-P8,5,practice,2025-07-23 17:00:00,79.2,1
2568-1052,2568,2568-S1-C4,1,checkpoint,2025-08-07 19:00:00,86.0,1
2568-1052,2568,2568-S4-C4,4,checkpoint,2025-08-10 17:00:00,100.0,1
2568-1052,2568,2568-S6-C4,6,checkpoint,2025-08-04 20:00:00,54.4,1
2568-1052,2568,2568-S1-P9,1,practice,2025-08-11 17:00:00,88.4,1
2568-1052,2568,2568-S5-P9,5,practice,2025-08-17 18:00:00,84.7,1
2568-1052,2568,2568-S6-P9,6,practice,2025-08-12 17:00:00,89.1,1
2568-1053,2568,2568-S1-P2,1,practice,2025-03-21 21:00:00,75.5,1
2568-1053,2568,2568-S1-C1,1,checkpoint,2025-03-31 19:00:00,67.4,1
2568-1053,2568,2568-S4-C1,4,checkpoint,2025-03-31 22:00:00,78.8,1
2568-1053,2568,2568-S1-P3,1,practice,2025-04-11 19:00:00,77.2,1
2568-1053,2568,2568-S4-P3,4,practice,2025-04-10 21:00:00,62.5,1
2568-1053,2568,2568-S1-P4,1,practice,2025-05-01 22:00:00,82.1,1
2568-1053,2568,2568-S4-P4,4,practice,2025-04-29 16:00:00,64.0,1
2568-1053,2568,2568-S1-C2,1,checkpoint,2025-05-13 22:00:00,78.3,1
2568-1053,2568,2568-S4-P5,4,practice,2025-05-25 21:00:00,85.6,1
2568-1053,2568,2568-S1-P6,1,practice,2025-06-10 18:00:00,65.6,1
2568-1053,2568,2568-S4-P6,4,practice,2025-06-13 19:00:00,89.7,1
2568-1053,2568,2568-S1-C3,1,checkpoint,2025-06-25 21:00:00,64.4,1
2568-1053,2568,2568-S4-C3,4,checkpoint,2025-06-24 20:00:00,80.2,1
2568-1053,2568,2568-S4-P7,4,practice,2025-07-01 16:00:00,76.5,1
2568-1054,2568,2568-S4-P3,4,practice,2025-04-10 19:00:00,90.1,1
2568-1054,2568,2568-S5-P3,5,practice,2025-04-08 20:00:00,83.7,1
2568-1054,2568,2568-S1-P4,1,practice,2025-04-30 17:00:00,84.4,1
2568-1054,2568,2568-S4-P4,4,practice,2025-05-02 19:00:00,96.1,1
2568-1054,2568,2568-S5-P4,5,practice,2025-05-02 18:00:00,77.6,1
2568-1054,2568,2568-S1-C2,1,checkpoint,2025-05-14 18:00:00,75.4,1
2568-1054,2568,2568-S4-C2,4,checkpoint,2025-05-16 19:00:00,79.2,1
2568-1054,2568,2568-S5-C2,5,checkpoint,2025-05-13 20:00:00,92.5,1
2568-1054,2568,2568-S1-P5,1,practice,2025-05-21 17:00:00,81.7,1
2568-1054,2568,2568-S4-P5,4,practice,2025-05-21 21:00:00,88.3,1
2568-1054,2568,2568-S5-P5,5,practice,2025-05-19 19:00:00,85.7,1
2568-1054,2568,2568-S1-P6,1,practice,2025-06-12 21:00:00,79.0,1
2568-1054,2568,2568-S4-P6,4,practice,2025-06-09 20:00:00,79.2,1
2568-1054,2568,2568-S5-P6,5,practice,2025-06-10 22:00:00,96.8,1
2568-1054,2568,2568-S1-C3,1,checkpoint,2025-06-29 22:00:00,80.3,1
2568-1054,2568,2568-S4-C3,4,checkpoint,2025-06-25 20:00:00,96.9,1
2568-1054,2568,2568-S5-C3,5,checkpoint,2025-06-24 17:00:00,72.7,1
2568-1054,2568,2568-S1-P7,1,practice,2025-07-01 20:00:00,91.3,1
2568-1054,2568,2568-S4-P7,4,practice,2025-07-01 18:00:00,94.4,1
2568-1054,2568,2568-S5-P7,5,practice,2025-07-03 17:00:00,93.7,1
2568-1054,2568,2568-S1-P8,1,practice,2025-07-26 19:00:00,89.3,1
2568-1054,2568,2568-S1-C4,1,checkpoint,2025-08-10 16:00:00,99.8,1
2568-1054,2568,2568-S4-C4,4,checkpoint,2025-08-07 19:00:00,79.5,1
2568-1054,2568,2568-S5-C4,5,checkpoint,2025-08-05 18:00:00,90.8,1
2568-1054,2568,2568-S1-P9,1,practice,2025-08-14 20:00:00,100.0,1
2568-1054,2568,2568-S4-P9,4,practice,2025-08-14 20:00:00,82.9,1
2568-1054,2568,2568-S5-P9,5,practice,2025-08-16 22:00:00,88.1,1
2568-1055,2568,2568-S4-P2,4,practice,2025-03-22 17:00:00,86.7,1
2568-1055,2568,2568-S5-P2,5,practice,2025-03-18 17:00:00,75.4,1
2568-1055,2568,2568-S6-P2,6,practice,2025-03-19 22:00:00,68.9,1
2568-1055,2568,2568-S5-C1,5,checkpoint,2025-04-01 22:00:00,85.5,1
2568-1055,2568,2568-S6-C1,6,checkpoint,2025-03-31 16:00:00,74.7,1
2568-1055,2568,2568-S1-P3,1,practice,2025-04-12 22:00:00,76.5,1
2568-1055,2568,2568-S5-P3,5,practice,2025-04-13 16:00:00,74.4,1
2568-1055,2568,2568-S6-P3,6,practice,2025-04-09 16:00:00,61.8,1
2568-1055,2568,2568-S1-P4,1,practice,2025-04-29 22:00:00,92.4,1
2568-1055,2568,2568-S4-P4,4,practice,2025-05-02 18:00:00,79.5,1
2568-1055,2568,2568-S5-P4,5,practice,2025-05-02 17:00:00,74.0,1
2568-1055,2568,2568-S1-C2,1,checkpoint,2025-05-12 19:00:00,80.4,1
2568-1055,2568,2568-S5-C2,5,checkpoint,2025-05-17 22:00:00,67.9,1
2568-1055,2568,2568-S6-C2,6,checkpoint,2025-05-14 17:00:00,75.0,1
2568-1055,2568,2568-S4-P5,4,practice,2025-05-25 19:00:00,83.6,1
2568-1055,2568,2568-S6-P5,6,practice,2025-05-24 19:00:00,73.1,1
2568-1055,2568,2568-S1-P6,1,practice,2025-06-14 16:00:00,63.2,1
2568-1055,2568,2568-S4-P6,4,practice,2025-06-14 16:00:00,67.9,1
2568-1055,2568,2568-S5-P6,5,practice,2025-06-12 22:00:00,80.0,1
2568-1055,2568,2568-S6-P6,6,practice,2025-06-11 17:00:00,68.6,1
2568-1055,2568,2568-S1-C3,1,checkpoint,2025-06-23 20:00:00,92.2,1
2568-1055,2568,2568-S5-C3,5,checkpoint,2025-06-28 22:00:00,79.2,1
2568-1055,2568,2568-S6-C3,6,checkpoint,2025-06-23 21:00:00,99.1,1
2568-1055,2568,2568-S5-P7,5,practice,2025-07-06 16:00:00,99.7,1
2568-1055,2568,2568-S6-P7,6,practice,2025-06-30 18:00:00,80.1,1
2568-1056,2568,2568-S4-P2,4,practice,2025-03-23 19:00:00,65.9,1
2568-1056,2568,2568-S5-P2,5,practice,2025-03-21 21:00:00,90.3,1
2568-1056,2568,2568-S6-P2,6,practice,2025-03-21 20:00:00,53.9,1
2568-1056,2568,2568-S5-C1,5,checkpoint,2025-04-04 19:00:00,92.7,1
2568-1056,2568,2568-S1-P3,1,practice,2025-04-10 21:00:00,73.9,1
2568-1056,2568,2568-S5-P3,5,practice,2025-04-07 22:00:00,74.3,1
2568-1056,2568,2568-S6-P3,6,practice,2025-04-10 20:00:00,73.8,1
2568-1056,2568,2568-S1-P4,1,practice,2025-05-04 19:00:00,78.8,1
2568-1056,2568,2568-S4-P4,4,practice,2025-05-04 19:00:00,57.2,1
2568-1056,2568,2568-S5-P4,5,practice,2025-04-30 17:00:00,66.9,1
2568-1056,2568,2568-S6-P4,6,practice,2025-05-04 19:00:00,72.7,1
2568-1056,2568,2568-S4-C2,4,checkpoint,2025-05-12 21:00:00,66.3,1
2568-1056,2568,2568-S5-C2,5,checkpoint,2025-05-16 19:00:00,83.1,1
2568-1056,2568,2568-S6-C2,6,checkpoint,2025-05-18 20:00:00,71.0,1
2568-1056,2568,2568-S5-P5,5,practice,2025-05-22 19:00:00,74.3,1
2568-1056,2568,2568-S1-P6,1,practice,2025-06-15 18:00:00,58.3,1
2568-1056,2568,2568-S4-P6,4,practice,2025-06-13 22:00:00,84.1,1
2568-1056,2568,2568-S5-P6,5,practice,2025-06-13 16:00:00,69.6,1
2568-1056,2568,2568-S1-C3,1,checkpoint,2025-06-26 16:00:00,73.0,1
2568-1056,2568,2568-S6-C3,6,checkpoint,2025-06-27 16:00:00,52.1,1
2568-1056,2568,2568-S4-P7,4,practice,2025-07-06 22:00:00,66.7,1
2568-1056,2568,2568-S5-P7,5,practice,2025-07-06 18:00:00,90.9,1
2568-1056,2568,2568-S6-P7,6,practice,2025-07-04 18:00:00,74.6,1
2568-1056,2568,2568-S1-P8,1,practice,2025-07-25 22:00:00,80.2,1
2568-1056,2568,2568-S1-C4,1,checkpoint,2025-08-07 18:00:00,58.5,1
2568-1056,2568,2568-S6-C4,6,checkpoint,2025-08-07 17:00:00,62.5,1
2568-1056,2568,2568-S1-P9,1,practice,2025-08-15 20:00:00,100.0,1
2568-1056,2568,2568-S6-P9,6,practice,2025-08-14 18:00:00,68.6,1
2568-1057,2568,2568-S4-P2,4,practice,2025-03-21 19:00:00,100.0,1
2568-1057,2568,2568-S5-P2,5,practice,2025-03-22 18:00:00,93.4,1
2568-1057,2568,2568-S6-P2,6,practice,2025-03-23 20:00:00,97.2,1
2568-1057,2568,2568-S1-C1,1,checkpoint,2025-04-04 18:00:00,88.4,1
2568-1057,2568,2568-S5-C1,5,checkpoint,2025-04-05 18:00:00,85.9,1
2568-1057,2568,2568-S6-C1,6,checkpoint,2025-04-01 17:00:00,88.3,1
2568-1057,2568,2568-S1-P3,1,practice,2025-04-10 21:00:00,92.1,1
2568-1057,2568,2568-S4-P3,4,practice,2025-04-12 21:00:00,82.1,1
2568-1057,2568,2568-S5-P3,5,practice,2025-04-12 22:00:00,75.0,1
2568-1057,2568,2568-S1-P4,1,practice,2025-04-29 18:00:00,89.2,1
2568-1057,2568,2568-S4-P4,4,practice,2025-05-02 17:00:00,88.4,1
2568-1057,2568,2568-S5-P4,5,practice,2025-05-02 21:00:00,94.4,1
2568-1057,2568,2568-S6-P4,6,practice,2025-05-04 19:00:00,83.2,1
2568-1057,2568,2568-S1-C2,1,checkpoint,2025-05-16 16:00:00,92.2,1
2568-1057,2568,2568-S4-C2,4,checkpoint,2025-05-12 20:00:00,73.5,1
2568-1057,2568,2568-S5-C2,5,checkpoint,2025-05-16 20:00:00,100.0,1
2568-1057,2568,2568-S6-C2,6,checkpoint,2025-05-17 17:00:00,100.0,1
2568-1057,2568,2568-S1-P5,1,practice,2025-05-23 18:00:00,100.0,1
2568-1057,2568,2568-S4-P5,4,practice,2025-05-24 22:00:00,84.0,1
2568-1057,2568,2568-S6-P5,6,practice,2025-05-23 21:00:00,100.0,1
2568-1057,2568,2568-S1-P6,1,practice,2025-06-14 20:00:00,78.2,1
2568-1057,2568,2568-S4-P6,4,practice,2025-06-12 20:00:00,84.0,1
2568-1057,2568,2568-S5-P6,5,practice,2025-06-09 22:00:00,95.9,1
2568-1057,2568,2568-S6-P6,6,practice,2025-06-10 20:00:00,100.0,1
2568-1057,2568,2568-S1-C3,1,checkpoint,2025-06-27 18:00:00,100.0,1
2568-1057,2568,2568-S4-C3,4,checkpoint,2025-06-23 16:00:00,99.1,1
2568-1057,2568,2568-S1-P7,1,practice,2025-07-02 21:00:00,78.7,1
2568-1057,2568,2568-S4-P7,4,practice,2025-07-06 22:00:00,100.0,1
2568-1057,2568,2568-S5-P7,5,practice,2025-07-04 22:00:00,94.2,1
2568-1057,2568,2568-S6-P7,6,practice,2025-07-02 18:00:00,100.0,1
2568-1057,2568,2568-S1-P8,1,practice,2025-07-24 16:00:00,79.9,1
2568-1057,2568,2568-S5-P8,5,practice,2025-07-22 20:00:00,90.1,1
2568-1057,2568,2568-S6-P8,6,practice,2025-07-24 21:00:00,81.8,1
2568-1057,2568,2568-S1-C4,1,checkpoint,2025-08-10 22:00:00,71.0,1
2568-1057,2568,2568-S4-C4,4,checkpoint,2025-08-08 19:00:00,87.1,1
2568-1057,2568,2568-S5-C4,5,checkpoint,2025-08-08 19:00:00,72.0,1
2568-1057,2568,2568-S6-C4,6,checkpoint,2025-08-09 17:00:00,69.7,1
2568-1057,2568,2568-S1-P9,1,practice,2025-08-11 19:00:00,67.7,1
2568-1057,2568,2568-S4-P9,4,practice,2025-08-13 18:00:00,94.0,1
2568-1057,2568,2568-S5-P9,5,practice,2025-08-14 16:00:00,90.7,1
2568-1057,2568,2568-S6-P9,6,practice,2025-08-13 16:00:00,76.6,1
2568-1058,2568,2568-S1-P2,1,practice,2025-03-22 16:00:00,99.1,1
2568-1058,2568,2568-S1-C1,1,checkpoint,2025-04-04 19:00:00,88.6,1
2568-1058,2568,2568-S4-C1,4,checkpoint,2025-04-04 18:00:00,80.0,1
2568-1058,2568,2568-S1-P3,1,practice,2025-04-10 16:00:00,87.0,1
2568-1058,2568,2568-S4-P3,4,practice,2025-04-13 21:00:00,79.5,1
2568-1058,2568,2568-S1-P4,1,practice,2025-04-30 17:00:00,95.6,1
2568-1058,2568,2568-S4-P4,4,practice,2025-05-01 19:00:00,80.3,1
2568-1058,2568,2568-S1-C2,1,checkpoint,2025-05-17 19:00:00,82.0,1
2568-1058,2568,2568-S4-C2,4,checkpoint,2025-05-18 22:00:00,82.1,1
2568-1058,2568,2568-S1-P5,1,practice,2025-05-19 16:00:00,87.4,1
2568-1058,2568,2568-S4-P5,4,practice,2025-05-25 22:00:00,71.0,1
2568-1058,2568,2568-S1-P6,1,practice,2025-06-15 22:00:00,78.9,1
2568-1058,2568,2568-S4-P6,4,practice,2025-06-11 16:00:00,81.0,1
2568-1058,2568,2568-S1-C3,1,checkpoint,2025-06-25 18:00:00,87.7,1
2568-1058,2568,2568-S1-P7,1,practice,2025-07-03 17:00:00,80.1,1
2568-1058,2568,2568-S4-P7,4,practice,2025-07-05 19:00:00,99.8,1
2568-1058,2568,2568-S1-P8,1,practice,2025-07-26 16:00:00,84.8,1
2568-1058,2568,2568-S4-P8,4,practice,2025-07-27 22:00:00,93.9,1
2568-1058,2568,2568-S1-C4,1,checkpoint,2025-08-10 21:00:00,81.1,1
2568-1058,2568,2568-S4-C4,4,checkpoint,2025-08-06 18:00:00,64.1,1
2568-1058,2568,2568-S4-P9,4,practice,2025-08-13 21:00:00,98.4,1
2568-1059,2568,2568-S1-P3,1,practice,2025-04-11 18:00:00,81.2,1
2568-1059,2568,2568-S5-P3,5,practice,2025-04-12 19:00:00,72.6,1
2568-1059,2568,2568-S1-P4,1,practice,2025-05-03 20:00:00,86.4,1
2568-1059,2568,2568-S4-P4,4,practice,2025-04-28 21:00:00,76.8,1
2568-1059,2568,2568-S5-P4,5,practice,2025-05-04 16:00:00,95.9,1
2568-1059,2568,2568-S4-C2,4,checkpoint,2025-05-15 22:00:00,84.7,1
2568-1059,2568,2568-S1-P5,1,practice,2025-05-23 19:00:00,90.4,1
2568-1059,2568,2568-S4-P5,4,practice,2025-05-22 22:00:00,82.5,1
2568-1059,2568,2568-S5-P5,5,practice,2025-05-20 18:00:00,78.9,1
2568-1059,2568,2568-S1-P6,1,practice,2025-06-15 21:00:00,95.7,1
2568-1059,2568,2568-S4-P6,4,practice,2025-06-10 16:00:00,75.6,1
2568-1059,2568,2568-S5-P6,5,practice,2025-06-10 18:00:00,100.0,1
2568-1059,2568,2568-S1-C3,1,checkpoint,2025-06-29 16:00:00,90.9,1
2568-1059,2568,2568-S4-C3,4,checkpoint,2025-06-27 21:00:00,83.3,1
2568-1059,2568,2568-S5-C3,5,checkpoint,2025-06-23 17:00:00,97.6,1
2568-1059,2568,2568-S1-P7,1,practice,2025-07-01 18:00:00,79.3,1
2568-1059,2568,2568-S4-P7,4,practice,2025-07-05 22:00:00,79.8,1
2568-1059,2568,2568-S5-P7,5,practice,2025-07-04 16:00:00,84.3,1
2568-1059,2568,2568-S1-P8,1,practice,2025-07-23 20:00:00,88.6,1
2568-1059,2568,2568-S4-P8,4,practice,2025-07-25 18:00:00,85.8,1
2568-1059,2568,2568-S5-P8,5,practice,2025-07-24 18:00:00,90.4,1
2568-1059,2568,2568-S1-C4,1,checkpoint,2025-08-09 20:00:00,65.6,1
2568-1059,2568,2568-S4-C4,4,checkpoint,2025-08-04 19:00:00,100.0,1
2568-1059,2568,2568-S5-C4,5,checkpoint,2025-08-04 16:00:00,100.0,1
2568-1059,2568,2568-S1-P9,1,practice,2025-08-13 19:00:00,100.0,1
2568-1059,2568,2568-S5-P9,5,practice,2025-08-12 18:00:00,85.9,1
2568-1060,2568,2568-S1-C2,1,checkpoint,2025-05-14 22:00:00,76.1,1
2568-1060,2568,2568-S5-C2,5,checkpoint,2025-05-14 19:00:00,90.2,1
2568-1060,2568,2568-S5-P5,5,practice,2025-05-20 20:00:00,47.6,0
2568-1060,2568,2568-S1-P6,1,practice,2025-06-15 19:00:00,67.6,1
2568-1060,2568,2568-S5-P6,5,practice,2025-06-13 22:00:00,62.4,1
2568-1060,2568,2568-S1-C3,1,checkpoint,2025-06-26 19:00:00,57.3,1
2568-1060,2568,2568-S1-P7,1,practice,2025-07-03 17:00:00,91.2,1
2568-1060,2568,2568-S5-P7,5,practice,2025-06-30 19:00:00,60.3,1
2568-1060,2568,2568-S1-P8,1,practice,2025-07-27 21:00:00,57.7,1
2568-1060,2568,2568-S1-C4,1,checkpoint,2025-08-09 21:00:00,34.9,0
2568-1061,2568,2568-S1-P2,1,practice,2025-03-18 20:00:00,53.7,1
2568-1061,2568,2568-S4-P2,4,practice,2025-03-21 20:00:00,84.3,1
2568-1061,2568,2568-S5-P2,5,practice,2025-03-17 22:00:00,71.8,1
2568-1061,2568,2568-S6-P2,6,practice,2025-03-19 22:00:00,62.6,1
2568-1061,2568,2568-S1-C1,1,checkpoint,2025-04-06 17:00:00,76.9,1
2568-1061,2568,2568-S4-C1,4,checkpoint,2025-03-31 17:00:00,73.9,1
2568-1061,2568,2568-S5-C1,5,checkpoint,2025-04-04 18:00:00,70.0,1
2568-1061,2568,2568-S6-C1,6,checkpoint,2025-03-31 21:00:00,90.8,1
2568-1061,2568,2568-S4-P3,4,practice,2025-04-13 22:00:00,69.0,1
2568-1061,2568,2568-S1-P4,1,practice,2025-04-29 17:00:00,89.4,1
2568-1061,2568,2568-S5-P4,5,practice,2025-05-01 21:00:00,91.0,1
2568-1061,2568,2568-S6-P4,6,practice,2025-04-28 22:00:00,70.1,1
2568-1061,2568,2568-S4-C2,4,checkpoint,2025-05-18 19:00:00,67.8,1
2568-1061,2568,2568-S4-P5,4,practice,2025-05-22 21:00:00,69.6,1
2568-1061,2568,2568-S6-P5,6,practice,2025-05-19 17:00:00,70.8,1
2568-1061,2568,2568-S1-C3,1,checkpoint,2025-06-27 19:00:00,80.2,1
2568-1061,2568,2568-S4-C3,4,checkpoint,2025-06-24 20:00:00,77.2,1
2568-1061,2568,2568-S5-C3,5,checkpoint,2025-06-24 20:00:00,71.3,1
2568-1061,2568,2568-S5-P8,5,practice,2025-07-25 22:00:00,71.0,1
2568-1061,2568,2568-S5-C4,5,checkpoint,2025-08-09 22:00:00,70.3,1
2568-1061,2568,2568-S4-P9,4,practice,2025-08-12 20:00:00,67.1,1
2568-1061,2568,2568-S5-P9,5,practice,2025-08-13 17:00:00,68.6,1
2568-1062,2568,2568-S1-C2,1,checkpoint,2025-05-16 17:00:00,76.8,1
2568-1062,2568,2568-S4-C2,4,checkpoint,2025-05-15 21:00:00,65.8,1
2568-1062,2568,2568-S5-C2,5,checkpoint,2025-05-13 18:00:00,62.7,1
2568-1062,2568,2568-S5-P5,5,practice,2025-05-23 21:00:00,70.2,1
2568-1062,2568,2568-S1-P6,1,practice,2025-06-09 21:00:00,81.6,1
2568-1062,2568,2568-S4-P6,4,practice,2025-06-12 22:00:00,63.9,1
2568-1062,2568,2568-S5-P6,5,practice,2025-06-13 19:00:00,86.6,1
2568-1062,2568,2568-S1-C3,1,checkpoint,2025-06-24 20:00:00,56.7,1
2568-1062,2568,2568-S1-P7,1,practice,2025-07-03 16:00:00,92.7,1
2568-1062,2568,2568-S4-P7,4,practice,2025-07-01 21:00:00,82.1,1
2568-1062,2568,2568-S5-P7,5,practice,2025-07-02 18:00:00,72.7,1
2568-1062,2568,2568-S1-P8,1,practice,2025-07-21 21:00:00,69.5,1
2568-1062,2568,2568-S4-P8,4,practice,2025-07-24 20:00:00,86.5,1
2568-1062,2568,2568-S5-P8,5,practice,2025-07-26 17:00:00,75.9,1
2568-1062,2568,2568-S1-C4,1,checkpoint,2025-08-06 20:00:00,90.9,1
2568-1062,2568,2568-S5-C4,5,checkpoint,2025-08-10 22:00:00,71.1,1
2568-1062,2568,2568-S4-P9,4,practice,2025-08-15 18:00:00,71.4,1
2568-1062,2568,2568-S5-P9,5,practice,2025-08-11 16:00:00,65.4,1
2568-1063,2568,2568-S1-C2,1,checkpoint,2025-05-13 22:00:00,72.7,1
2568-1063,2568,2568-S4-C2,4,checkpoint,2025-05-15 22:00:00,79.6,1
2568-1063,2568,2568-S5-C2,5,checkpoint,2025-05-15 21:00:00,78.5,1
2568-1063,2568,2568-S6-C2,6,checkpoint,2025-05-14 19:00:00,63.5,1
2568-1063,2568,2568-S1-P5,1,practice,2025-05-20 20:00:00,48.9,0
2568-1063,2568,2568-S4-P5,4,practice,2025-05-19 17:00:00,81.7,1
2568-1063,2568,2568-S5-P5,5,practice,2025-05-24 22:00:00,71.2,1
2568-1063,2568,2568-S6-P5,6,practice,2025-05-21 20:00:00,75.4,1
2568-1063,2568,2568-S1-P6,1,practice,2025-06-13 21:00:00,94.3,1
2568-1063,2568,2568-S4-P6,4,practice,2025-06-13 22:00:00,77.0,1
2568-1063,2568,2568-S5-P6,5,practice,2025-06-10 18:00:00,96.6,1
2568-1063,2568,2568-S1-C3,1,checkpoint,2025-06-28 18:00:00,92.7,1
2568-1063,2568,2568-S4-C3,4,checkpoint,2025-06-27 17:00:00,77.3,1
2568-1063,2568,2568-S1-P7,1,practice,2025-07-05 21:00:00,61.9,1
2568-1063,2568,2568-S4-P7,4,practice,2025-07-03 19:00:00,90.7,1
2568-1063,2568,2568-S6-P7,6,practice,2025-07-05 17:00:00,86.5,1
2568-1063,2568,2568-S1-P8,1,practice,2025-07-23 21:00:00,90.5,1
2568-1063,2568,2568-S4-P8,4,practice,2025-07-21 20:00:00,51.7,1
2568-1063,2568,2568-S5-P8,5,practice,2025-07-27 18:00:00,73.6,1
2568-1063,2568,2568-S6-P8,6,practice,2025-07-21 16:00:00,70.1,1
2568-1063,2568,2568-S1-C4,1,checkpoint,2025-08-10 21:00:00,71.0,1
2568-1063,2568,2568-S4-C4,4,checkpoint,2025-08-08 20:00:00,73.1,1
2568-1063,2568,2568-S5-C4,5,checkpoint,2025-08-09 16:00:00,65.5,1
2568-1063,2568,2568-S6-C4,6,checkpoint,2025-08-06 17:00:00,66.7,1
2568-1063,2568,2568-S1-P9,1,practice,2025-08-16 21:00:00,79.8,1
2568-1063,2568,2568-S4-P9,4,practice,2025-08-15 20:00:00,97.3,1
2568-1063,2568,2568-S6-P9,6,practice,2025-08-16 20:00:00,76.2,1
2568-1064,2568,2568-S1-P2,1,practice,2025-03-17 16:00:00,100.0,1
2568-1064,2568,2568-S4-P2,4,practice,2025-03-18 16:00:00,88.7,1
2568-1064,2568,2568-S1-C1,1,checkpoint,2025-04-03 22:00:00,76.8,1
2568-1064,2568,2568-S4-C1,4,checkpoint,2025-04-04 21:00:00,79.4,1
2568-1065,2568,2568-S5-C2,5,checkpoint,2025-05-16 22:00:00,83.6,1
2568-1065,2568,2568-S5-P5,5,practice,2025-05-24 22:00:00,67.5,1
2568-1065,2568,2568-S5-P6,5,practice,2025-06-15 18:00:00,88.4,1
2568-1065,2568,2568-S6-P6,6,practice,2025-06-14 19:00:00,77.7,1
2568-1065,2568,2568-S6-C3,6,checkpoint,2025-06-27 16:00:00,74.8,1
2568-1065,2568,2568-S5-P7,5,practice,2025-07-06 17:00:00,69.2,1
2568-1065,2568,2568-S6-P8,6,practice,2025-07-23 17:00:00,74.7,1
2568-1066,2568,2568-S4-P2,4,practice,2025-03-19 22:00:00,69.0,1
2568-1066,2568,2568-S5-P2,5,practice,2025-03-23 19:00:00,59.7,1
2568-1066,2568,2568-S6-P2,6,practice,2025-03-20 21:00:00,80.5,1
2568-1066,2568,2568-S4-C1,4,checkpoint,2025-04-02 19:00:00,60.2,1
2568-1066,2568,2568-S1-P3,1,practice,2025-04-12 22:00:00,66.1,1
2568-1066,2568,2568-S4-P3,4,practice,2025-04-08 20:00:00,61.3,1
2568-1066,2568,2568-S5-P3,5,practice,2025-04-12 18:00:00,55.9,1
2568-1066,2568,2568-S6-P3,6,practice,2025-04-13 21:00:00,63.9,1
2568-1066,2568,2568-S4-P4,4,practice,2025-04-29 22:00:00,53.9,1
2568-1066,2568,2568-S6-P4,6,practice,2025-05-02 21:00:00,68.3,1
2568-1066,2568,2568-S4-C2,4,checkpoint,2025-05-16 21:00:00,52.0,1
2568-1066,2568,2568-S6-C2,6,checkpoint,2025-05-13 16:00:00,80.8,1
2568-1066,2568,2568-S1-P5,1,practice,2025-05-22 18:00:00,65.1,1
2568-1066,2568,2568-S6-P5,6,practice,2025-05-21 18:00:00,71.4,1
2568-1066,2568,2568-S4-P6,4,practice,2025-06-10 19:00:00,77.9,1
2568-1066,2568,2568-S5-P6,5,practice,2025-06-10 17:00:00,70.0,1
2568-1066,2568,2568-S1-C3,1,checkpoint,2025-06-23 16:00:00,54.3,1
2568-1066,2568,2568-S4-C3,4,checkpoint,2025-06-24 20:00:00,65.2,1
2568-1066,2568,2568-S5-C3,5,checkpoint,2025-06-26 19:00:00,71.7,1
2568-1066,2568,2568-S4-P7,4,practice,2025-07-05 22:00:00,73.0,1
2568-1066,2568,2568-S5-P7,5,practice,2025-07-06 21:00:00,67.6,1
2568-1066,2568,2568-S6-P7,6,practice,2025-07-04 19:00:00,72.8,1
2568-1067,2568,2568-S1-C2,1,checkpoint,2025-05-16 19:00:00,67.7,1
2568-1067,2568,2568-S4-C2,4,checkpoint,2025-05-17 18:00:00,53.6,1
2568-1067,2568,2568-S5-C2,5,checkpoint,2025-05-16 17:00:00,66.3,1
2568-1067,2568,2568-S4-P5,4,practice,2025-05-19 16:00:00,57.1,1
2568-1067,2568,2568-S6-P5,6,practice,2025-05-19 17:00:00,46.4,0
2568-1067,2568,2568-S1-P6,1,practice,2025-06-13 18:00:00,78.2,1
2568-1067,2568,2568-S4-P6,4,practice,2025-06-11 16:00:00,65.9,1
2568-1067,2568,2568-S1-C3,1,checkpoint,2025-06-23 22:00:00,67.1,1
2568-1067,2568,2568-S4-C3,4,checkpoint,2025-06-28 19:00:00,60.9,1
2568-1067,2568,2568-S6-C3,6,checkpoint,2025-06-29 20:00:00,54.3,1
2568-1067,2568,2568-S4-P7,4,practice,2025-07-04 18:00:00,65.2,1
2568-1067,2568,2568-S5-P7,5,practice,2025-07-05 22:00:00,73.8,1
2568-1067,2568,2568-S6-P7,6,practice,2025-07-03 19:00:00,45.2,0
2568-1067,2568,2568-S5-P8,5,practice,2025-07-25 17:00:00,56.7,1
2568-1067,2568,2568-S4-C4,4,checkpoint,2025-08-09 16:00:00,70.3,1
2568-1067,2568,2568-S1-P9,1,practice,2025-08-12 18:00:00,71.8,1
2568-1067,2568,2568-S6-P9,6,practice,2025-08-15 16:00:00,52.1,1
2568-1068,2568,2568-S1-P2,1,practice,2025-03-17 20:00:00,100.0,1
2568-1068,2568,2568-S4-P2,4,practice,2025-03-17 21:00:00,83.4,1
2568-1068,2568,2568-S6-P2,6,practice,2025-03-22 17:00:00,79.8,1
2568-1068,2568,2568-S1-C1,1,checkpoint,2025-04-02 17:00:00,96.0,1
2568-1068,2568,2568-S4-C1,4,checkpoint,2025-04-06 21:00:00,98.2,1
2568-1068,2568,2568-S6-C1,6,checkpoint,2025-04-05 18:00:00,100.0,1
2568-1068,2568,2568-S1-P3,1,practice,2025-04-11 18:00:00,73.9,1
2568-1068,2568,2568-S4-P3,4,practice,2025-04-12 17:00:00,74.9,1
2568-1068,2568,2568-S1-P4,1,practice,2025-05-03 16:00:00,89.0,1
2568-1068,2568,2568-S4-P4,4,practice,2025-05-02 18:00:00,88.9,1
2568-1068,2568,2568-S6-P4,6,practice,2025-05-03 19:00:00,68.2,1
2568-1068,2568,2568-S1-C2,1,checkpoint,2025-05-13 22:00:00,73.2,1
2568-1068,2568,2568-S4-C2,4,checkpoint,2025-05-18 18:00:00,89.0,1
2568-1068,2568,2568-S6-C2,6,checkpoint,2025-05-15 16:00:00,97.3,1
2568-1068,2568,2568-S1-P5,1,practice,2025-05-19 18:00:00,63.1,1
2568-1068,2568,2568-S4-P5,4,practice,2025-05-20 20:00:00,100.0,1
2568-1068,2568,2568-S6-P5,6,practice,2025-05-25 22:00:00,77.3,1
2568-1068,2568,2568-S6-P6,6,practice,2025-06-15 17:00:00,73.4,1
2568-1068,2568,2568-S4-C3,4,checkpoint,2025-06-25 21:00:00,77.2,1
2568-1068,2568,2568-S1-P7,1,practice,2025-07-01 20:00:00,100.0,1
2568-1068,2568,2568-S4-P7,4,practice,2025-07-06 20:00:00,89.2,1
2568-1068,2568,2568-S6-P7,6,practice,2025-06-30 16:00:00,81.5,1
2568-1068,2568,2568-S1-P8,1,practice,2025-07-21 20:00:00,100.0,1
2568-1068,2568,2568-S4-P8,4,practice,2025-07-21 20:00:00,92.5,1
2568-1068,2568,2568-S6-P8,6,practice,2025-07-23 17:00:00,98.9,1
2568-1068,2568,2568-S4-C4,4,checkpoint,2025-08-05 17:00:00,88.3,1
2568-1068,2568,2568-S6-C4,6,checkpoint,2025-08-10 18:00:00,92.4,1
2568-1068,2568,2568-S1-P9,1,practice,2025-08-16 18:00:00,84.8,1
2568-1068,2568,2568-S4-P9,4,practice,2025-08-13 18:00:00,100.0,1
2568-1068,2568,2568-S6-P9,6,practice,2025-08-17 22:00:00,89.6,1
2568-1069,2568,2568-S1-P2,1,practice,2025-03-22 19:00:00,59.3,1
2568-1069,2568,2568-S4-P2,4,practice,2025-03-17 20:00:00,89.3,1
2568-1069,2568,2568-S5-P2,5,practice,2025-03-23 17:00:00,80.5,1
2568-1069,2568,2568-S6-P2,6,practice,2025-03-23 22:00:00,72.7,1
2568-1069,2568,2568-S4-C1,4,checkpoint,2025-04-04 22:00:00,47.2,0
2568-1069,2568,2568-S6-C1,6,checkpoint,2025-04-04 19:00:00,88.7,1
2568-1069,2568,2568-S1-P3,1,practice,2025-04-12 20:00:00,99.4,1
2568-1069,2568,2568-S4-P3,4,practice,2025-04-10 16:00:00,94.1,1
2568-1069,2568,2568-S1-P4,1,practice,2025-04-28 17:00:00,81.2,1
2568-1069,2568,2568-S4-P4,4,practice,2025-05-02 22:00:00,78.7,1
2568-1069,2568,2568-S5-P4,5,practice,2025-04-29 17:00:00,89.7,1
2568-1069,2568,2568-S4-C2,4,checkpoint,2025-05-15 21:00:00,64.2,1
2568-1069,2568,2568-S6-C2,6,checkpoint,2025-05-18 17:00:00,78.2,1
2568-1069,2568,2568-S1-P5,1,practice,2025-05-22 17:00:00,62.7,1
2568-1069,2568,2568-S4-P5,4,practice,2025-05-20 20:00:00,90.4,1
2568-1069,2568,2568-S5-P5,5,practice,2025-05-25 19:00:00,74.1,1
2568-1069,2568,2568-S6-P5,6,practice,2025-05-24 20:00:00,95.8,1
2568-1069,2568,2568-S1-P6,1,practice,2025-06-11 16:00:00,100.0,1
2568-1069,2568,2568-S4-P6,4,practice,2025-06-15 22:00:00,81.8,1
2568-1069,2568,2568-S5-P6,5,practice,2025-06-12 21:00:00,86.2,1
2568-1069,2568,2568-S6-P6,6,practice,2025-06-15 22:00:00,71.4,1
2568-1069,2568,2568-S4-C3,4,checkpoint,2025-06-25 18:00:00,100.0,1
2568-1069,2568,2568-S5-C3,5,checkpoint,2025-06-24 22:00:00,70.5,1
2568-1069,2568,2568-S6-C3,6,checkpoint,2025-06-27 17:00:00,80.7,1
2568-1069,2568,2568-S1-P7,1,practice,2025-07-01 22:00:00,100.0,1
2568-1069,2568,2568-S4-P7,4,practice,2025-07-06 21:00:00,85.8,1
2568-1069,2568,2568-S5-P7,5,practice,2025-07-03 16:00:00,73.7,1
2568-1069,2568,2568-S6-P7,6,practice,2025-06-30 20:00:00,59.6,1
2568-1069,2568,2568-S1-P8,1,practice,2025-07-26 20:00:00,87.2,1
2568-1069,2568,2568-S4-P8,4,practice,2025-07-21 21:00:00,77.8,1
2568-1069,2568,2568-S5-P8,5,practice,2025-07-21 22:00:00,67.3,1
2568-1069,2568,2568-S6-P8,6,practice,2025-07-27 17:00:00,73.3,1
2568-1069,2568,2568-S4-C4,4,checkpoint,2025-08-06 16:00:00,66.4,1
2568-1069,2568,2568-S5-C4,5,checkpoint,2025-08-09 17:00:00,73.7,1
2568-1069,2568,2568-S6-C4,6,checkpoint,2025-08-04 17:00:00,84.5,1
2568-1069,2568,2568-S1-P9,1,practice,2025-08-11 17:00:00,99.6,1
2568-1069,2568,2568-S4-P9,4,practice,2025-08-17 18:00:00,79.5,1
2568-1069,2568,2568-S5-P9,5,practice,2025-08-16 22:00:00,97.6,1
2568-1069,2568,2568-S6-P9,6,practice,2025-08-16 18:00:00,75.7,1
2568-1070,2568,2568-S1-P2,1,practice,2025-03-22 22:00:00,81.0,1
2568-1070,2568,2568-S5-P2,5,practice,2025-03-20 18:00:00,97.2,1
2568-1070,2568,2568-S6-P2,6,practice,2025-03-23 20:00:00,83.3,1
2568-1070,2568,2568-S5-C1,5,checkpoint,2025-04-02 18:00:00,88.4,1
2568-1070,2568,2568-S6-C1,6,checkpoint,2025-04-02 20:00:00,70.4,1
2568-1070,2568,2568-S1-P3,1,practice,2025-04-10 19:00:00,43.0,0
2568-1070,2568,2568-S5-P3,5,practice,2025-04-10 21:00:00,100.0,1
2568-1070,2568,2568-S6-P3,6,practice,2025-04-07 16:00:00,67.1,1
2568-1070,2568,2568-S1-P4,1,practice,2025-04-30 19:00:00,76.2,1
2568-1070,2568,2568-S5-P4,5,practice,2025-04-29 22:00:00,76.7,1
2568-1070,2568,2568-S6-P4,6,practice,2025-05-03 17:00:00,77.4,1
2568-1070,2568,2568-S1-C2,1,checkpoint,2025-05-17 21:00:00,78.3,1
2568-1070,2568,2568-S5-C2,5,checkpoint,2025-05-14 19:00:00,79.9,1
2568-1070,2568,2568-S6-C2,6,checkpoint,2025-05-18 21:00:00,86.9,1
2568-1070,2568,2568-S5-P5,5,practice,2025-05-19 16:00:00,90.7,1
2568-1070,2568,2568-S6-P5,6,practice,2025-05-20 22:00:00,90.9,1
2568-1070,2568,2568-S1-P6,1,practice,2025-06-09 17:00:00,90.7,1
2568-1070,2568,2568-S6-P6,6,practice,2025-06-15 20:00:00,81.6,1
2568-1070,2568,2568-S5-C3,5,checkpoint,2025-06-24 17:00:00,77.3,1
2568-1070,2568,2568-S6-C3,6,checkpoint,2025-06-25 18:00:00,63.1,1
2568-1070,2568,2568-S1-P7,1,practice,2025-07-03 20:00:00,91.3,1
2568-1070,2568,2568-S5-P7,5,practice,2025-07-04 20:00:00,63.4,1
2568-1070,2568,2568-S6-P7,6,practice,2025-07-05 16:00:00,85.9,1
2568-1070,2568,2568-S6-P8,6,practice,2025-07-23 16:00:00,85.8,1
2568-1070,2568,2568-S1-C4,1,checkpoint,2025-08-05 22:00:00,86.1,1
2568-1070,2568,2568-S1-P9,1,practice,2025-08-12 21:00:00,81.8,1
2568-1070,2568,2568-S5-P9,5,practice,2025-08-16 22:00:00,57.4,1
2568-1071,2568,2568-S4-P2,4,practice,2025-03-19 19:00:00,85.2,1
2568-1071,2568,2568-S5-P2,5,practice,2025-03-19 18:00:00,100.0,1
2568-1071,2568,2568-S1-C1,1,checkpoint,2025-04-02 21:00:00,90.0,1
2568-1071,2568,2568-S4-C1,4,checkpoint,2025-04-04 21:00:00,76.7,1
2568-1071,2568,2568-S5-C1,5,checkpoint,2025-04-04 20:00:00,93.6,1
2568-1071,2568,2568-S4-P3,4,practice,2025-04-08 18:00:00,100.0,1
2568-1071,2568,2568-S5-P3,5,practice,2025-04-07 17:00:00,87.9,1
2568-1071,2568,2568-S1-P4,1,practice,2025-05-02 20:00:00,94.5,1
2568-1071,2568,2568-S5-P4,5,practice,2025-04-30 16:00:00,84.7,1
2568-1071,2568,2568-S1-C2,1,checkpoint,2025-05-15 22:00:00,95.2,1
2568-1071,2568,2568-S4-C2,4,checkpoint,2025-05-17 16:00:00,89.2,1
2568-1071,2568,2568-S1-P5,1,practice,2025-05-24 17:00:00,73.4,1
2568-1071,2568,2568-S4-P5,4,practice,2025-05-21 21:00:00,93.1,1
2568-1071,2568,2568-S5-P5,5,practice,2025-05-20 21:00:00,82.8,1
2568-1071,2568,2568-S4-P6,4,practice,2025-06-12 18:00:00,87.3,1
2568-1071,2568,2568-S1-C3,1,checkpoint,2025-06-23 22:00:00,93.2,1
2568-1071,2568,2568-S4-C3,4,checkpoint,2025-06-24 21:00:00,85.3,1
2568-1071,2568,2568-S5-C3,5,checkpoint,2025-06-29 19:00:00,100.0,1
2568-1071,2568,2568-S1-P7,1,practice,2025-06-30 18:00:00,91.5,1
2568-1071,2568,2568-S4-P7,4,practice,2025-07-05 22:00:00,87.4,1
2568-1071,2568,2568-S5-P7,5,practice,2025-07-05 21:00:00,63.2,1
2568-1071,2568,2568-S1-P8,1,practice,2025-07-24 22:00:00,100.0,1
2568-1071,2568,2568-S4-P8,4,practice,2025-07-23 16:00:00,100.0,1
2568-1071,2568,2568-S5-P8,5,practice,2025-07-27 20:00:00,79.4,1
2568-1071,2568,2568-S1-C4,1,checkpoint,2025-08-08 21:00:00,95.3,1
2568-1071,2568,2568-S5-C4,5,checkpoint,2025-08-10 20:00:00,69.5,1
2568-1071,2568,2568-S4-P9,4,practice,2025-08-17 20:00:00,63.5,1
2568-1071,2568,2568-S5-P9,5,practice,2025-08-13 22:00:00,100.0,1
2568-1072,2568,2568-S6-P2,6,practice,2025-03-17 22:00:00,75.4,1
2568-1072,2568,2568-S4-C1,4,checkpoint,2025-04-02 20:00:00,48.5,0
2568-1072,2568,2568-S6-C1,6,checkpoint,2025-03-31 18:00:00,77.6,1
2568-1072,2568,2568-S6-P3,6,practice,2025-04-13 20:00:00,76.0,1
2568-1072,2568,2568-S4-C2,4,checkpoint,2025-05-17 19:00:00,74.5,1
2568-1072,2568,2568-S4-P5,4,practice,2025-05-25 21:00:00,60.7,1
2568-1072,2568,2568-S6-P5,6,practice,2025-05-25 20:00:00,65.1,1
2568-1072,2568,2568-S4-P6,4,practice,2025-06-12 22:00:00,66.8,1
2568-1072,2568,2568-S4-P8,4,practice,2025-07-25 20:00:00,56.5,1
2568-1072,2568,2568-S6-P8,6,practice,2025-07-21 17:00:00,77.1,1
2568-1073,2568,2568-S4-P3,4,practice,2025-04-10 16:00:00,74.3,1
2568-1073,2568,2568-S5-P3,5,practice,2025-04-10 17:00:00,64.4,1
2568-1073,2568,2568-S6-P3,6,practice,2025-04-08 21:00:00,85.1,1
2568-1073,2568,2568-S1-P4,1,practice,2025-05-01 18:00:00,98.9,1
2568-1073,2568,2568-S6-P4,6,practice,2025-04-29 22:00:00,84.1,1
2568-1073,2568,2568-S5-C2,5,checkpoint,2025-05-13 21:00:00,86.1,1
2568-1073,2568,2568-S1-P5,1,practice,2025-05-22 18:00:00,90.8,1
2568-1073,2568,2568-S5-P5,5,practice,2025-05-20 22:00:00,95.6,1
2568-1073,2568,2568-S1-P6,1,practice,2025-06-11 21:00:00,91.1,1
2568-1073,2568,2568-S4-P6,4,practice,2025-06-11 19:00:00,68.0,1
2568-1073,2568,2568-S5-P6,5,practice,2025-06-13 19:00:00,73.9,1
2568-1073,2568,2568-S4-C3,4,checkpoint,2025-06-27 19:00:00,89.2,1
2568-1073,2568,2568-S5-C3,5,checkpoint,2025-06-25 21:00:00,95.4,1
2568-1073,2568,2568-S6-C3,6,checkpoint,2025-06-23 20:00:00,81.0,1
2568-1073,2568,2568-S4-P7,4,practice,2025-07-05 21:00:00,81.0,1
2568-1073,2568,2568-S6-P7,6,practice,2025-07-05 17:00:00,75.1,1
2568-1073,2568,2568-S1-P8,1,practice,2025-07-24 17:00:00,95.2,1
2568-1073,2568,2568-S5-P8,5,practice,2025-07-25 18:00:00,62.2,1
2568-1073,2568,2568-S1-C4,1,checkpoint,2025-08-09 18:00:00,85.9,1
2568-1073,2568,2568-S5-C4,5,checkpoint,2025-08-06 18:00:00,87.1,1
2568-1073,2568,2568-S6-C4,6,checkpoint,2025-08-04 19:00:00,75.9,1
2568-1073,2568,2568-S1-P9,1,practice,2025-08-15 17:00:00,75.6,1
2568-1073,2568,2568-S4-P9,4,practice,2025-08-15 20:00:00,100.0,1
2568-1073,2568,2568-S5-P9,5,practice,2025-08-11 20:00:00,86.7,1
2568-1074,2568,2568-S5-P2,5,practice,2025-03-21 21:00:00,39.3,0
2568-1074,2568,2568-S4-C1,4,checkpoint,2025-04-06 18:00:00,79.3,1
2568-1074,2568,2568-S6-C1,6,checkpoint,2025-04-05 17:00:00,47.9,0
2568-1074,2568,2568-S1-P4,1,practice,2025-04-29 20:00:00,45.1,0
2568-1074,2568,2568-S1-C2,1,checkpoint,2025-05-16 19:00:00,37.5,0
2568-1074,2568,2568-S6-C2,6,checkpoint,2025-05-16 18:00:00,46.2,0
2568-1074,2568,2568-S4-P5,4,practice,2025-05-22 19:00:00,62.5,1
2568-1074,2568,2568-S6-C3,6,checkpoint,2025-06-28 21:00:00,59.4,1
2568-1074,2568,2568-S1-P7,1,practice,2025-06-30 21:00:00,75.1,1
2568-1074,2568,2568-S4-P7,4,practice,2025-07-06 22:00:00,65.3,1
2568-1074,2568,2568-S5-P8,5,practice,2025-07-23 20:00:00,70.3,1
2568-1074,2568,2568-S6-P8,6,practice,2025-07-24 17:00:00,58.2,1
2568-1074,2568,2568-S1-C4,1,checkpoint,2025-08-05 19:00:00,62.3,1
2568-1074,2568,2568-S4-C4,4,checkpoint,2025-08-07 19:00:00,73.9,1
2568-1074,2568,2568-S4-P9,4,practice,2025-08-12 20:00:00,76.0,1
2568-1075,2568,2568-S4-P2,4,practice,2025-03-21 20:00:00,55.5,1
2568-1076,2568,2568-S1-P2,1,practice,2025-03-19 19:00:00,82.3,1
2568-1076,2568,2568-S4-P2,4,practice,2025-03-18 21:00:00,79.5,1
2568-1076,2568,2568-S6-P2,6,practice,2025-03-17 21:00:00,87.3,1
2568-1076,2568,2568-S1-C1,1,checkpoint,2025-03-31 19:00:00,88.7,1
2568-1076,2568,2568-S4-C1,4,checkpoint,2025-04-01 17:00:00,77.0,1
2568-1076,2568,2568-S5-C1,5,checkpoint,2025-04-05 20:00:00,95.5,1
2568-1076,2568,2568-S6-C1,6,checkpoint,2025-04-03 20:00:00,60.8,1
2568-1076,2568,2568-S1-P3,1,practice,2025-04-07 20:00:00,62.5,1
2568-1076,2568,2568-S4-P3,4,practice,2025-04-13 17:00:00,97.9,1
2568-1076,2568,2568-S5-P3,5,practice,2025-04-07 18:00:00,77.2,1
2568-1076,2568,2568-S6-P3,6,practice,2025-04-08 18:00:00,76.1,1
2568-1076,2568,2568-S1-P4,1,practice,2025-05-04 19:00:00,96.6,1
2568-1076,2568,2568-S4-P4,4,practice,2025-04-28 19:00:00,96.9,1
2568-1076,2568,2568-S5-P4,5,practice,2025-05-04 22:00:00,68.9,1
2568-1076,2568,2568-S4-C2,4,checkpoint,2025-05-14 21:00:00,76.3,1
2568-1076,2568,2568-S5-C2,5,checkpoint,2025-05-13 16:00:00,67.9,1
2568-1076,2568,2568-S6-C2,6,checkpoint,2025-05-13 18:00:00,60.7,1
2568-1076,2568,2568-S1-P5,1,practice,2025-05-22 21:00:00,79.8,1
2568-1076,2568,2568-S5-P5,5,practice,2025-05-20 17:00:00,89.3,1
2568-1076,2568,2568-S6-P5,6,practice,2025-05-22 22:00:00,80.5,1
2568-1076,2568,2568-S5-P6,5,practice,2025-06-09 16:00:00,65.1,1
2568-1076,2568,2568-S1-C3,1,checkpoint,2025-06-23 21:00:00,86.7,1
2568-1076,2568,2568-S4-C3,4,checkpoint,2025-06-26 16:00:00,81.5,1
2568-1076,2568,2568-S5-C3,5,checkpoint,2025-06-28 20:00:00,74.2,1
2568-1076,2568,2568-S6-C3,6,checkpoint,2025-06-23 22:00:00,89.8,1
2568-1076,2568,2568-S4-P7,4,practice,2025-06-30 21:00:00,86.6,1
2568-1076,2568,2568-S5-P7,5,practice,2025-06-30 20:00:00,44.8,0
2568-1076,2568,2568-S6-P7,6,practice,2025-07-04 19:00:00,68.7,1
2568-1076,2568,2568-S1-P8,1,practice,2025-07-21 20:00:00,83.4,1
2568-1076,2568,2568-S5-P8,5,practice,2025-07-25 22:00:00,90.8,1
2568-1076,2568,2568-S6-P8,6,practice,2025-07-25 19:00:00,80.9,1
2568-1076,2568,2568-S1-C4,1,checkpoint,2025-08-08 16:00:00,81.8,1
2568-1076,2568,2568-S4-C4,4,checkpoint,2025-08-04 19:00:00,74.9,1
2568-1076,2568,2568-S6-C4,6,checkpoint,2025-08-09 21:00:00,100.0,1
2568-1076,2568,2568-S1-P9,1,practice,2025-08-14 21:00:00,66.2,1
2568-1076,2568,2568-S4-P9,4,practice,2025-08-12 16:00:00,60.7,1
2568-1076,2568,2568-S6-P9,6,practice,2025-08-13 18:00:00,70.0,1
2568-1077,2568,2568-S1-P3,1,practice,2025-04-09 17:00:00,92.8,1
2568-1077,2568,2568-S4-P3,4,practice,2025-04-07 19:00:00,90.1,1
2568-1077,2568,2568-S5-P3,5,practice,2025-04-08 22:00:00,73.5,1
2568-1077,2568,2568-S6-P3,6,practice,2025-04-13 22:00:00,78.9,1
2568-1077,2568,2568-S1-P4,1,practice,2025-04-28 21:00:00,79.4,1
2568-1077,2568,2568-S4-P4,4,practice,2025-04-30 18:00:00,67.2,1
2568-1077,2568,2568-S5-P4,5,practice,2025-05-04 19:00:00,84.4,1
2568-1077,2568,2568-S1-C2,1,checkpoint,2025-05-15 20:00:00,70.7,1
2568-1077,2568,2568-S6-C2,6,checkpoint,2025-05-17 17:00:00,85.4,1
2568-1077,2568,2568-S1-P5,1,practice,2025-05-24 21:00:00,58.0,1
2568-1077,2568,2568-S4-P5,4,practice,2025-05-21 17:00:00,67.3,1
2568-1077,2568,2568-S5-P5,5,practice,2025-05-20 18:00:00,64.5,1
2568-1077,2568,2568-S6-P5,6,practice,2025-05-24 17:00:00,58.6,1
2568-1077,2568,2568-S1-P6,1,practice,2025-06-09 19:00:00,57.4,1
2568-1077,2568,2568-S5-P6,5,practice,2025-06-10 19:00:00,92.0,1
2568-1077,2568,2568-S1-C3,1,checkpoint,2025-06-29 17:00:00,86.0,1
2568-1077,2568,2568-S4-C3,4,checkpoint,2025-06-29 18:00:00,67.3,1
2568-1077,2568,2568-S5-C3,5,checkpoint,2025-06-28 19:00:00,80.8,1
2568-1077,2568,2568-S6-C3,6,checkpoint,2025-06-23 16:00:00,77.3,1
2568-1077,2568,2568-S1-P7,1,practice,2025-07-04 22:00:00,100.0,1
2568-1077,2568,2568-S4-P7,4,practice,2025-07-05 17:00:00,100.0,1
2568-1077,2568,2568-S5-P7,5,practice,2025-06-30 21:00:00,51.4,1
2568-1077,2568,2568-S6-P7,6,practice,2025-07-05 16:00:00,70.6,1
2568-1077,2568,2568-S4-P8,4,practice,2025-07-26 16:00:00,73.0,1
2568-1077,2568,2568-S6-P8,6,practice,2025-07-25 18:00:00,80.9,1
2568-1077,2568,2568-S4-C4,4,checkpoint,2025-08-08 20:00:00,71.4,1
2568-1077,2568,2568-S5-C4,5,checkpoint,2025-08-05 16:00:00,75.8,1
2568-1077,2568,2568-S6-C4,6,checkpoint,2025-08-07 21:00:00,69.7,1
2568-1077,2568,2568-S1-P9,1,practice,2025-08-11 19:00:00,59.1,1
2568-1077,2568,2568-S5-P9,5,practice,2025-08-17 18:00:00,84.3,1
2568-1078,2568,2568-S1-C2,1,checkpoint,2025-05-13 17:00:00,91.1,1
2568-1078,2568,2568-S5-C2,5,checkpoint,2025-05-14 17:00:00,78.8,1
2568-1078,2568,2568-S1-P5,1,practice,2025-05-20 19:00:00,86.4,1
2568-1078,2568,2568-S4-P5,4,practice,2025-05-25 17:00:00,100.0,1
2568-1078,2568,2568-S5-P5,5,practice,2025-05-20 19:00:00,88.8,1
2568-1078,2568,2568-S6-P5,6,practice,2025-05-23 22:00:00,86.9,1
2568-1078,2568,2568-S4-P6,4,practice,2025-06-14 22:00:00,95.7,1
2568-1078,2568,2568-S5-P6,5,practice,2025-06-15 18:00:00,97.8,1
2568-1078,2568,2568-S6-P6,6,practice,2025-06-13 20:00:00,78.4,1
2568-1078,2568,2568-S4-C3,4,checkpoint,2025-06-29 20:00:00,100.0,1
2568-1078,2568,2568-S5-C3,5,checkpoint,2025-06-24 18:00:00,73.4,1
2568-1078,2568,2568-S6-C3,6,checkpoint,2025-06-27 17:00:00,86.2,1
2568-1078,2568,2568-S4-P7,4,practice,2025-07-04 20:00:00,69.3,1
2568-1078,2568,2568-S5-P7,5,practice,2025-06-30 18:00:00,95.8,1
2568-1078,2568,2568-S6-P7,6,practice,2025-06-30 17:00:00,97.6,1
2568-1078,2568,2568-S1-P8,1,practice,2025-07-24 20:00:00,87.5,1
2568-1078,2568,2568-S4-P8,4,practice,2025-07-27 20:00:00,95.7,1
2568-1078,2568,2568-S5-P8,5,practice,2025-07-25 16:00:00,94.5,1
2568-1078,2568,2568-S6-P8,6,practice,2025-07-27 19:00:00,95.5,1
2568-1078,2568,2568-S5-C4,5,checkpoint,2025-08-07 19:00:00,100.0,1
2568-1078,2568,2568-S6-C4,6,checkpoint,2025-08-09 22:00:00,58.9,1
2568-1078,2568,2568-S1-P9,1,practice,2025-08-11 22:00:00,94.9,1
2568-1078,2568,2568-S4-P9,4,practice,2025-08-16 16:00:00,100.0,1
2568-1078,2568,2568-S5-P9,5,practice,2025-08-17 20:00:00,91.6,1
2568-1078,2568,2568-S6-P9,6,practice,2025-08-11 16:00:00,94.8,1
2568-1079,2568,2568-S1-P3,1,practice,2025-04-10 20:00:00,86.2,1
2568-1079,2568,2568-S5-P3,5,practice,2025-04-11 17:00:00,78.7,1
2568-1079,2568,2568-S4-P4,4,practice,2025-05-03 21:00:00,78.2,1
2568-1079,2568,2568-S5-P4,5,practice,2025-04-29 22:00:00,76.4,1
2568-1079,2568,2568-S1-C2,1,checkpoint,2025-05-14 17:00:00,84.5,1
2568-1079,2568,2568-S6-C2,6,checkpoint,2025-05-12 17:00:00,95.5,1
2568-1079,2568,2568-S4-P5,4,practice,2025-05-23 20:00:00,98.2,1
2568-1079,2568,2568-S5-P5,5,practice,2025-05-25 20:00:00,75.1,1
2568-1079,2568,2568-S6-P5,6,practice,2025-05-20 21:00:00,74.5,1
2568-1079,2568,2568-S1-P6,1,practice,2025-06-13 21:00:00,84.4,1
2568-1079,2568,2568-S4-P6,4,practice,2025-06-12 21:00:00,76.3,1
2568-1079,2568,2568-S6-P6,6,practice,2025-06-15 21:00:00,61.2,1
2568-1079,2568,2568-S1-C3,1,checkpoint,2025-06-28 18:00:00,100.0,1
2568-1079,2568,2568-S5-C3,5,checkpoint,2025-06-27 19:00:00,76.8,1
2568-1079,2568,2568-S6-C3,6,checkpoint,2025-06-23 21:00:00,64.2,1
2568-1079,2568,2568-S1-P7,1,practice,2025-07-01 21:00:00,84.1,1
2568-1079,2568,2568-S4-P7,4,practice,2025-07-01 18:00:00,57.4,1
2568-1079,2568,2568-S5-P7,5,practice,2025-07-05 17:00:00,95.6,1
2568-1079,2568,2568-S6-P7,6,practice,2025-06-30 16:00:00,97.9,1
2568-1079,2568,2568-S1-P8,1,practice,2025-07-22 16:00:00,85.8,1
2568-1079,2568,2568-S4-P8,4,practice,2025-07-24 18:00:00,78.9,1
2568-1079,2568,2568-S5-P8,5,practice,2025-07-24 19:00:00,72.9,1
2568-1079,2568,2568-S6-P8,6,practice,2025-07-22 21:00:00,77.1,1
2568-1079,2568,2568-S1-C4,1,checkpoint,2025-08-06 20:00:00,100.0,1
2568-1079,2568,2568-S5-C4,5,checkpoint,2025-08-10 19:00:00,100.0,1
2568-1079,2568,2568-S6-C4,6,checkpoint,2025-08-04 20:00:00,81.1,1
2568-1079,2568,2568-S1-P9,1,practice,2025-08-17 16:00:00,76.5,1
2568-1079,2568,2568-S5-P9,5,practice,2025-08-15 22:00:00,71.8,1
2568-1079,2568,2568-S6-P9,6,practice,2025-08-16 22:00:00,91.5,1
2568-1080,2568,2568-S4-P3,4,practice,2025-04-09 16:00:00,100.0,1
2568-1080,2568,2568-S5-P3,5,practice,2025-04-12 20:00:00,57.7,1
2568-1080,2568,2568-S5-C2,5,checkpoint,2025-05-12 21:00:00,84.0,1
2568-1080,2568,2568-S6-C2,6,checkpoint,2025-05-13 21:00:00,80.4,1
2568-1080,2568,2568-S4-P5,4,practice,2025-05-21 16:00:00,61.4,1
2568-1080,2568,2568-S5-P5,5,practice,2025-05-19 20:00:00,84.0,1
2568-1080,2568,2568-S1-P6,1,practice,2025-06-12 18:00:00,70.3,1
2568-1080,2568,2568-S4-P6,4,practice,2025-06-11 17:00:00,84.8,1
2568-1080,2568,2568-S5-P6,5,practice,2025-06-12 22:00:00,86.0,1
2568-1080,2568,2568-S6-P6,6,practice,2025-06-15 18:00:00,71.3,1
2568-1080,2568,2568-S1-C3,1,checkpoint,2025-06-28 16:00:00,88.4,1
2568-1080,2568,2568-S4-C3,4,checkpoint,2025-06-29 20:00:00,78.1,1
2568-1080,2568,2568-S5-C3,5,checkpoint,2025-06-26 18:00:00,69.1,1
2568-1080,2568,2568-S6-C3,6,checkpoint,2025-06-23 22:00:00,63.0,1
2568-1080,2568,2568-S1-P7,1,practice,2025-07-01 16:00:00,94.6,1
2568-1080,2568,2568-S4-P7,4,practice,2025-07-06 22:00:00,74.9,1
2568-1080,2568,2568-S6-P7,6,practice,2025-07-02 19:00:00,74.9,1
2568-1080,2568,2568-S1-P8,1,practice,2025-07-21 16:00:00,79.0,1
2568-1080,2568,2568-S5-C4,5,checkpoint,2025-08-04 19:00:00,49.7,0
2568-1080,2568,2568-S6-C4,6,checkpoint,2025-08-04 21:00:00,66.3,1
2568-1080,2568,2568-S1-P9,1,practice,2025-08-17 20:00:00,73.2,1
2568-1080,2568,2568-S4-P9,4,practice,2025-08-14 20:00:00,62.1,1
2568-1080,2568,2568-S5-P9,5,practice,2025-08-14 19:00:00,76.6,1
2568-1080,2568,2568-S6-P9,6,practice,2025-08-12 21:00:00,53.8,1
2568-1081,2568,2568-S1-P3,1,practice,2025-04-13 21:00:00,83.2,1
2568-1081,2568,2568-S4-P3,4,practice,2025-04-08 18:00:00,86.0,1
2568-1081,2568,2568-S5-P3,5,practice,2025-04-07 20:00:00,62.2,1
2568-1081,2568,2568-S6-P3,6,practice,2025-04-11 19:00:00,68.7,1
2568-1081,2568,2568-S1-P4,1,practice,2025-04-29 16:00:00,100.0,1
2568-1081,2568,2568-S5-P4,5,practice,2025-05-02 16:00:00,94.1,1
2568-1081,2568,2568-S6-P4,6,practice,2025-04-29 20:00:00,90.1,1
2568-1081,2568,2568-S1-C2,1,checkpoint,2025-05-17 19:00:00,65.1,1
2568-1081,2568,2568-S4-C2,4,checkpoint,2025-05-14 18:00:00,76.3,1
2568-1081,2568,2568-S5-C2,5,checkpoint,2025-05-13 21:00:00,87.6,1
2568-1081,2568,2568-S6-C2,6,checkpoint,2025-05-14 18:00:00,82.8,1
2568-1081,2568,2568-S4-P5,4,practice,2025-05-23 20:00:00,83.7,1
2568-1081,2568,2568-S6-P5,6,practice,2025-05-24 19:00:00,100.0,1
2568-1081,2568,2568-S1-P6,1,practice,2025-06-11 17:00:00,67.7,1
2568-1081,2568,2568-S4-P6,4,practice,2025-06-15 18:00:00,91.8,1
2568-1081,2568,2568-S4-C3,4,checkpoint,2025-06-26 20:00:00,61.8,1
2568-1081,2568,2568-S6-C3,6,checkpoint,2025-06-29 17:00:00,70.1,1
2568-1081,2568,2568-S1-P7,1,practice,2025-07-04 19:00:00,78.1,1
2568-1081,2568,2568-S4-P7,4,practice,2025-07-02 18:00:00,68.0,1
2568-1081,2568,2568-S5-P7,5,practice,2025-07-05 19:00:00,67.4,1
2568-1081,2568,2568-S6-P7,6,practice,2025-07-06 20:00:00,62.6,1
2568-1081,2568,2568-S1-P8,1,practice,2025-07-23 17:00:00,79.2,1
2568-1081,2568,2568-S6-P8,6,practice,2025-07-24 19:00:00,78.1,1
2568-1081,2568,2568-S4-C4,4,checkpoint,2025-08-10 18:00:00,97.7,1
2568-1081,2568,2568-S5-C4,5,checkpoint,2025-08-05 16:00:00,63.8,1
2568-1081,2568,2568-S6-C4,6,checkpoint,2025-08-07 19:00:00,91.8,1
2568-1081,2568,2568-S4-P9,4,practice,2025-08-16 22:00:00,48.0,0
2568-1081,2568,2568-S5-P9,5,practice,2025-08-13 16:00:00,88.4,1
2568-1081,2568,2568-S6-P9,6,practice,2025-08-17 16:00:00,73.2,1
2568-1082,2568,2568-S4-C2,4,checkpoint,2025-05-16 16:00:00,99.2,1
2568-1082,2568,2568-S5-C2,5,checkpoint,2025-05-13 21:00:00,62.0,1
2568-1082,2568,2568-S6-C2,6,checkpoint,2025-05-13 20:00:00,87.8,1
2568-1082,2568,2568-S1-P5,1,practice,2025-05-23 17:00:00,87.2,1
2568-1082,2568,2568-S5-P5,5,practice,2025-05-25 17:00:00,98.6,1
2568-1082,2568,2568-S6-P5,6,practice,2025-05-25 17:00:00,75.3,1
2568-1082,2568,2568-S4-P6,4,practice,2025-06-15 16:00:00,82.2,1
2568-1082,2568,2568-S5-P6,5,practice,2025-06-12 22:00:00,92.8,1
2568-1082,2568,2568-S1-C3,1,checkpoint,2025-06-26 22:00:00,80.1,1
2568-1082,2568,2568-S4-C3,4,checkpoint,2025-06-24 18:00:00,87.0,1
2568-1082,2568,2568-S5-C3,5,checkpoint,2025-06-26 19:00:00,89.4,1
2568-1082,2568,2568-S6-C3,6,checkpoint,2025-06-26 20:00:00,85.8,1
2568-1082,2568,2568-S1-P7,1,practice,2025-07-04 21:00:00,90.8,1
2568-1082,2568,2568-S4-P7,4,practice,2025-07-05 20:00:00,81.7,1
2568-1082,2568,2568-S5-P7,5,practice,2025-07-05 21:00:00,73.8,1
2568-1082,2568,2568-S1-P8,1,practice,2025-07-21 20:00:00,81.8,1
2568-1082,2568,2568-S4-P8,4,practice,2025-07-26 21:00:00,97.1,1
2568-1082,2568,2568-S5-P8,5,practice,2025-07-26 19:00:00,64.9,1
2568-1082,2568,2568-S6-P8,6,practice,2025-07-25 16:00:00,60.3,1
2568-1082,2568,2568-S4-C4,4,checkpoint,2025-08-04 16:00:00,95.1,1
2568-1082,2568,2568-S5-C4,5,checkpoint,2025-08-10 18:00:00,100.0,1
2568-1082,2568,2568-S6-C4,6,checkpoint,2025-08-07 22:00:00,74.8,1
2568-1082,2568,2568-S4-P9,4,practice,2025-08-11 21:00:00,67.4,1
2568-1082,2568,2568-S5-P9,5,practice,2025-08-16 18:00:00,80.3,1
2568-1082,2568,2568-S6-P9,6,practice,2025-08-12 20:00:00,94.5,1
2568-1083,2568,2568-S5-P6,5,practice,2025-06-12 22:00:00,64.6,1
2568-1083,2568,2568-S5-C3,5,checkpoint,2025-06-26 18:00:00,67.3,1
2568-1083,2568,2568-S6-C3,6,checkpoint,2025-06-25 22:00:00,70.6,1
2568-1083,2568,2568-S5-P7,5,practice,2025-07-06 20:00:00,55.5,1
2568-1083,2568,2568-S6-P7,6,practice,2025-07-04 17:00:00,74.8,1
2568-1083,2568,2568-S6-P8,6,practice,2025-07-26 22:00:00,62.6,1
2568-1084,2568,2568-S1-P2,1,practice,2025-03-18 17:00:00,95.4,1
2568-1084,2568,2568-S4-P2,4,practice,2025-03-18 18:00:00,86.5,1
2568-1084,2568,2568-S5-P2,5,practice,2025-03-23 21:00:00,91.4,1
2568-1084,2568,2568-S6-P2,6,practice,2025-03-17 19:00:00,78.6,1
2568-1084,2568,2568-S4-C1,4,checkpoint,2025-04-05 22:00:00,88.6,1
2568-1084,2568,2568-S5-C1,5,checkpoint,2025-04-04 18:00:00,85.2,1
2568-1084,2568,2568-S6-C1,6,checkpoint,2025-04-04 17:00:00,76.1,1
2568-1084,2568,2568-S1-P3,1,practice,2025-04-09 21:00:00,94.0,1
2568-1084,2568,2568-S4-P3,4,practice,2025-04-09 18:00:00,84.8,1
2568-1084,2568,2568-S5-P3,5,practice,2025-04-08 22:00:00,96.6,1
2568-1084,2568,2568-S6-P3,6,practice,2025-04-12 20:00:00,78.2,1
2568-1084,2568,2568-S4-P4,4,practice,2025-04-28 21:00:00,94.9,1
2568-1084,2568,2568-S5-P4,5,practice,2025-05-04 21:00:00,100.0,1
2568-1084,2568,2568-S6-P4,6,practice,2025-05-03 20:00:00,79.7,1
2568-1084,2568,2568-S4-C2,4,checkpoint,2025-05-17 16:00:00,85.9,1
2568-1084,2568,2568-S1-P5,1,practice,2025-05-24 17:00:00,82.0,1
2568-1084,2568,2568-S4-P5,4,practice,2025-05-24 20:00:00,61.8,1
2568-1084,2568,2568-S5-P5,5,practice,2025-05-25 18:00:00,63.7,1
2568-1084,2568,2568-S6-P5,6,practice,2025-05-19 20:00:00,77.8,1
2568-1084,2568,2568-S4-P6,4,practice,2025-06-10 21:00:00,78.6,1
2568-1084,2568,2568-S5-P6,5,practice,2025-06-12 17:00:00,57.1,1
2568-1084,2568,2568-S6-P6,6,practice,2025-06-11 22:00:00,77.3,1
2568-1084,2568,2568-S1-C3,1,checkpoint,2025-06-29 17:00:00,77.0,1
2568-1084,2568,2568-S4-C3,4,checkpoint,2025-06-24 21:00:00,70.4,1
2568-1084,2568,2568-S5-C3,5,checkpoint,2025-06-28 17:00:00,74.3,1
2568-1084,2568,2568-S6-C3,6,checkpoint,2025-06-28 22:00:00,56.4,1
2568-1084,2568,2568-S1-P7,1,practice,2025-07-05 22:00:00,88.8,1
2568-1084,2568,2568-S4-P7,4,practice,2025-07-06 16:00:00,76.5,1
2568-1084,2568,2568-S5-P7,5,practice,2025-07-01 16:00:00,69.6,1
2568-1084,2568,2568-S6-P7,6,practice,2025-07-01 19:00:00,83.5,1
2568-1084,2568,2568-S4-P8,4,practice,2025-07-26 21:00:00,82.9,1
2568-1084,2568,2568-S5-P8,5,practice,2025-07-23 17:00:00,98.4,1
2568-1084,2568,2568-S6-P8,6,practice,2025-07-27 20:00:00,83.0,1
2568-1084,2568,2568-S1-C4,1,checkpoint,2025-08-05 16:00:00,81.4,1
2568-1084,2568,2568-S4-C4,4,checkpoint,2025-08-10 18:00:00,85.7,1
2568-1084,2568,2568-S5-C4,5,checkpoint,2025-08-06 22:00:00,80.0,1
2568-1084,2568,2568-S1-P9,1,practice,2025-08-16 19:00:00,58.7,1
2568-1084,2568,2568-S4-P9,4,practice,2025-08-17 22:00:00,77.4,1
2568-1084,2568,2568-S5-P9,5,practice,2025-08-16 22:00:00,81.1,1
2568-1084,2568,2568-S6-P9,6,practice,2025-08-13 20:00:00,77.3,1
2568-1085,2568,2568-S1-C2,1,checkpoint,2025-05-12 16:00:00,70.3,1
2568-1085,2568,2568-S4-C2,4,checkpoint,2025-05-13 16:00:00,85.1,1
2568-1085,2568,2568-S1-P5,1,practice,2025-05-23 22:00:00,64.2,1
2568-1085,2568,2568-S4-P5,4,practice,2025-05-21 18:00:00,100.0,1
2568-1085,2568,2568-S5-P5,5,practice,2025-05-25 20:00:00,62.1,1
2568-1085,2568,2568-S6-P5,6,practice,2025-05-19 20:00:00,69.3,1
2568-1085,2568,2568-S1-P6,1,practice,2025-06-12 16:00:00,69.5,1
2568-1085,2568,2568-S4-P6,4,practice,2025-06-14 21:00:00,85.9,1
2568-1085,2568,2568-S5-P6,5,practice,2025-06-13 16:00:00,79.2,1
2568-1085,2568,2568-S6-P6,6,practice,2025-06-10 18:00:00,73.0,1
2568-1085,2568,2568-S1-P7,1,practice,2025-07-05 20:00:00,83.0,1
2568-1085,2568,2568-S5-P7,5,practice,2025-07-03 18:00:00,76.0,1
2568-1085,2568,2568-S1-P8,1,practice,2025-07-22 21:00:00,82.7,1
2568-1085,2568,2568-S5-P8,5,practice,2025-07-22 19:00:00,92.0,1
2568-1085,2568,2568-S5-C4,5,checkpoint,2025-08-07 21:00:00,95.4,1
2568-1085,2568,2568-S6-C4,6,checkpoint,2025-08-07 22:00:00,71.7,1
2568-1085,2568,2568-S1-P9,1,practice,2025-08-13 19:00:00,77.9,1
2568-1085,2568,2568-S4-P9,4,practice,2025-08-15 19:00:00,89.9,1
2568-1085,2568,2568-S6-P9,6,practice,2025-08-14 21:00:00,79.0,1
2568-1086,2568,2568-S1-P2,1,practice,2025-03-21 19:00:00,83.4,1
2568-1086,2568,2568-S4-P2,4,practice,2025-03-17 19:00:00,68.1,1
2568-1086,2568,2568-S4-C1,4,checkpoint,2025-04-06 17:00:00,61.5,1
2568-1086,2568,2568-S4-P4,4,practice,2025-05-03 20:00:00,76.1,1
2568-1086,2568,2568-S1-P5,1,practice,2025-05-21 21:00:00,63.1,1
2568-1086,2568,2568-S1-P6,1,practice,2025-06-12 16:00:00,51.1,1
2568-1086,2568,2568-S4-P6,4,practice,2025-06-14 22:00:00,77.0,1
2568-1086,2568,2568-S1-C3,1,checkpoint,2025-06-24 20:00:00,80.2,1
2568-1086,2568,2568-S1-P7,1,practice,2025-07-05 19:00:00,87.0,1
2568-1086,2568,2568-S4-P7,4,practice,2025-07-01 22:00:00,54.4,1
2568-1086,2568,2568-S1-P8,1,practice,2025-07-25 16:00:00,66.0,1
2568-1087,2568,2568-S1-P2,1,practice,2025-03-21 16:00:00,90.1,1
2568-1087,2568,2568-S4-P2,4,practice,2025-03-20 16:00:00,81.3,1
2568-1087,2568,2568-S5-P2,5,practice,2025-03-22 16:00:00,68.6,1
2568-1087,2568,2568-S1-C1,1,checkpoint,2025-04-04 18:00:00,80.0,1
2568-1087,2568,2568-S6-C1,6,checkpoint,2025-04-05 16:00:00,92.5,1
2568-1087,2568,2568-S1-P3,1,practice,2025-04-07 21:00:00,69.8,1
2568-1087,2568,2568-S4-P3,4,practice,2025-04-08 20:00:00,82.5,1
2568-1087,2568,2568-S5-P3,5,practice,2025-04-10 20:00:00,66.2,1
2568-1087,2568,2568-S6-P3,6,practice,2025-04-09 19:00:00,65.7,1
2568-1087,2568,2568-S1-P4,1,practice,2025-04-30 16:00:00,56.5,1
2568-1087,2568,2568-S4-P4,4,practice,2025-04-29 21:00:00,81.8,1
2568-1087,2568,2568-S5-P4,5,practice,2025-05-02 17:00:00,68.3,1
2568-1087,2568,2568-S4-C2,4,checkpoint,2025-05-13 16:00:00,89.2,1
2568-1087,2568,2568-S1-P5,1,practice,2025-05-23 16:00:00,68.2,1
2568-1087,2568,2568-S4-P5,4,practice,2025-05-22 17:00:00,77.8,1
2568-1088,2568,2568-S1-P3,1,practice,2025-04-08 18:00:00,90.1,1
2568-1088,2568,2568-S5-P3,5,practice,2025-04-07 18:00:00,82.5,1
2568-1088,2568,2568-S5-P4,5,practice,2025-05-04 19:00:00,94.2,1
2568-1088,2568,2568-S1-C2,1,checkpoint,2025-05-17 22:00:00,76.9,1
2568-1088,2568,2568-S4-C2,4,checkpoint,2025-05-18 20:00:00,71.9,1
2568-1088,2568,2568-S5-C2,5,checkpoint,2025-05-16 19:00:00,82.2,1
2568-1088,2568,2568-S6-C2,6,checkpoint,2025-05-14 17:00:00,65.7,1
2568-1088,2568,2568-S1-P5,1,practice,2025-05-21 22:00:00,80.7,1
2568-1088,2568,2568-S4-P5,4,practice,2025-05-20 17:00:00,99.3,1
2568-1088,2568,2568-S6-P5,6,practice,2025-05-22 18:00:00,91.4,1
2568-1088,2568,2568-S4-P6,4,practice,2025-06-13 16:00:00,57.5,1
2568-1088,2568,2568-S5-P6,5,practice,2025-06-15 17:00:00,80.1,1
2568-1088,2568,2568-S1-C3,1,checkpoint,2025-06-27 20:00:00,90.5,1
2568-1088,2568,2568-S4-C3,4,checkpoint,2025-06-26 22:00:00,67.1,1
2568-1088,2568,2568-S6-C3,6,checkpoint,2025-06-25 19:00:00,71.4,1
2568-1088,2568,2568-S1-P7,1,practice,2025-07-05 16:00:00,55.1,1
2568-1088,2568,2568-S4-P7,4,practice,2025-07-06 21:00:00,64.7,1
2568-1088,2568,2568-S5-P7,5,practice,2025-07-01 17:00:00,62.5,1
2568-1088,2568,2568-S6-P7,6,practice,2025-07-04 22:00:00,70.5,1
2568-1088,2568,2568-S4-P8,4,practice,2025-07-26 21:00:00,85.0,1
2568-1088,2568,2568-S5-P8,5,practice,2025-07-24 16:00:00,92.8,1
2568-1088,2568,2568-S6-P8,6,practice,2025-07-25 18:00:00,74.8,1
2568-1088,2568,2568-S4-C4,4,checkpoint,2025-08-09 21:00:00,68.0,1
2568-1088,2568,2568-S5-C4,5,checkpoint,2025-08-04 16:00:00,79.7,1
2568-1088,2568,2568-S6-C4,6,checkpoint,2025-08-08 20:00:00,62.0,1
2568-1088,2568,2568-S1-P9,1,practice,2025-08-16 21:00:00,84.0,1
2568-1088,2568,2568-S4-P9,4,practice,2025-08-15 22:00:00,63.6,1
2568-1088,2568,2568-S6-P9,6,practice,2025-08-14 21:00:00,73.7,1
2568-1091,2568,2568-S1-P3,1,practice,2025-04-10 22:00:00,75.0,1
2568-1091,2568,2568-S5-P3,5,practice,2025-04-09 18:00:00,100.0,1
2568-1091,2568,2568-S1-P4,1,practice,2025-04-29 16:00:00,88.8,1
2568-1091,2568,2568-S5-P4,5,practice,2025-04-30 20:00:00,86.5,1
2568-1091,2568,2568-S1-C2,1,checkpoint,2025-05-16 21:00:00,91.1,1
2568-1091,2568,2568-S5-C2,5,checkpoint,2025-05-15 19:00:00,91.9,1
2568-1091,2568,2568-S1-P5,1,practice,2025-05-25 18:00:00,91.7,1
2568-1091,2568,2568-S5-P5,5,practice,2025-05-21 20:00:00,88.9,1
2568-1091,2568,2568-S1-P6,1,practice,2025-06-09 18:00:00,96.3,1
2568-1091,2568,2568-S5-P6,5,practice,2025-06-12 19:00:00,89.2,1
2568-1091,2568,2568-S1-C3,1,checkpoint,2025-06-24 22:00:00,72.3,1
2568-1091,2568,2568-S5-C3,5,checkpoint,2025-06-28 21:00:00,91.5,1
2568-1091,2568,2568-S1-P7,1,practice,2025-07-03 20:00:00,91.2,1
2568-1091,2568,2568-S5-P7,5,practice,2025-07-02 18:00:00,87.1,1
2568-1091,2568,2568-S5-P8,5,practice,2025-07-26 21:00:00,90.9,1
2568-1091,2568,2568-S1-C4,1,checkpoint,2025-08-08 17:00:00,100.0,1
2568-1091,2568,2568-S5-C4,5,checkpoint,2025-08-10 22:00:00,94.4,1
2568-1091,2568,2568-S1-P9,1,practice,2025-08-12 22:00:00,95.9,1
2568-1092,2568,2568-S5-P2,5,practice,2025-03-20 16:00:00,72.6,1
2568-1092,2568,2568-S6-P2,6,practice,2025-03-18 16:00:00,61.9,1
2568-1092,2568,2568-S6-C1,6,checkpoint,2025-04-04 18:00:00,70.9,1
2568-1093,2568,2568-S1-P2,1,practice,2025-03-17 18:00:00,80.5,1
2568-1093,2568,2568-S4-P2,4,practice,2025-03-21 21:00:00,100.0,1
2568-1093,2568,2568-S6-P2,6,practice,2025-03-19 18:00:00,89.9,1
2568-1093,2568,2568-S4-P3,4,practice,2025-04-08 19:00:00,75.9,1
2568-1093,2568,2568-S6-P3,6,practice,2025-04-13 20:00:00,92.0,1
2568-1093,2568,2568-S6-P4,6,practice,2025-04-29 19:00:00,100.0,1
2568-1093,2568,2568-S1-C2,1,checkpoint,2025-05-15 16:00:00,94.6,1
2568-1093,2568,2568-S4-C2,4,checkpoint,2025-05-14 18:00:00,87.6,1
2568-1093,2568,2568-S6-C2,6,checkpoint,2025-05-13 20:00:00,82.9,1
2568-1093,2568,2568-S1-P5,1,practice,2025-05-25 21:00:00,85.2,1
2568-1093,2568,2568-S4-P5,4,practice,2025-05-25 18:00:00,81.4,1
2568-1093,2568,2568-S6-P5,6,practice,2025-05-22 16:00:00,87.2,1
2568-1093,2568,2568-S1-P6,1,practice,2025-06-10 20:00:00,96.0,1
2568-1093,2568,2568-S4-P6,4,practice,2025-06-13 16:00:00,100.0,1
2568-1093,2568,2568-S6-P6,6,practice,2025-06-09 20:00:00,86.0,1
2568-1093,2568,2568-S1-C3,1,checkpoint,2025-06-26 18:00:00,93.9,1
2568-1093,2568,2568-S4-C3,4,checkpoint,2025-06-23 21:00:00,86.3,1
2568-1093,2568,2568-S1-P7,1,practice,2025-07-04 19:00:00,100.0,1
2568-1093,2568,2568-S4-P7,4,practice,2025-06-30 22:00:00,90.9,1
2568-1093,2568,2568-S6-P7,6,practice,2025-06-30 21:00:00,100.0,1
2568-1093,2568,2568-S1-P8,1,practice,2025-07-25 19:00:00,94.6,1
2568-1093,2568,2568-S4-P8,4,practice,2025-07-24 17:00:00,81.6,1
2568-1093,2568,2568-S6-P8,6,practice,2025-07-21 20:00:00,90.2,1
2568-1093,2568,2568-S1-C4,1,checkpoint,2025-08-05 19:00:00,100.0,1
2568-1093,2568,2568-S4-C4,4,checkpoint,2025-08-06 17:00:00,91.2,1
2568-1093,2568,2568-S6-C4,6,checkpoint,2025-08-10 17:00:00,81.6,1
2568-1093,2568,2568-S1-P9,1,practice,2025-08-17 18:00:00,72.5,1
2568-1093,2568,2568-S4-P9,4,practice,2025-08-14 22:00:00,93.2,1
2568-1093,2568,2568-S6-P9,6,practice,2025-08-14 18:00:00,71.6,1
2568-1094,2568,2568-S1-P2,1,practice,2025-03-17 20:00:00,88.6,1
2568-1094,2568,2568-S5-P2,5,practice,2025-03-23 18:00:00,100.0,1
2568-1094,2568,2568-S1-C1,1,checkpoint,2025-04-01 18:00:00,80.1,1
2568-1094,2568,2568-S4-C1,4,checkpoint,2025-04-06 17:00:00,93.3,1
2568-1094,2568,2568-S5-C1,5,checkpoint,2025-04-06 21:00:00,79.4,1
2568-1094,2568,2568-S1-P3,1,practice,2025-04-09 17:00:00,85.7,1
2568-1094,2568,2568-S5-P3,5,practice,2025-04-08 21:00:00,78.9,1
2568-1094,2568,2568-S4-P4,4,practice,2025-04-29 16:00:00,96.9,1
2568-1094,2568,2568-S5-P4,5,practice,2025-05-01 18:00:00,80.0,1
2568-1094,2568,2568-S1-C2,1,checkpoint,2025-05-17 20:00:00,73.5,1
2568-1094,2568,2568-S4-C2,4,checkpoint,2025-05-13 22:00:00,82.4,1
2568-1094,2568,2568-S5-C2,5,checkpoint,2025-05-14 19:00:00,79.7,1
2568-1094,2568,2568-S5-P5,5,practice,2025-05-22 16:00:00,100.0,1
2568-1094,2568,2568-S1-P6,1,practice,2025-06-15 16:00:00,82.9,1
2568-1094,2568,2568-S5-P6,5,practice,2025-06-15 20:00:00,93.3,1
2568-1094,2568,2568-S1-C3,1,checkpoint,2025-06-27 16:00:00,73.8,1
2568-1094,2568,2568-S4-C3,4,checkpoint,2025-06-26 17:00:00,56.1,1
2568-1094,2568,2568-S5-C3,5,checkpoint,2025-06-29 20:00:00,100.0,1
2568-1094,2568,2568-S4-P7,4,practice,2025-07-04 17:00:00,89.9,1
2568-1094,2568,2568-S5-P7,5,practice,2025-07-05 21:00:00,89.1,1
2568-1094,2568,2568-S1-P8,1,practice,2025-07-24 18:00:00,84.1,1
2568-1094,2568,2568-S4-P8,4,practice,2025-07-21 21:00:00,92.5,1
2568-1094,2568,2568-S5-P8,5,practice,2025-07-24 22:00:00,76.7,1
2568-1095,2568,2568-S4-P2,4,practice,2025-03-18 19:00:00,68.7,1
2568-1095,2568,2568-S5-P2,5,practice,2025-03-20 22:00:00,59.4,1
2568-1095,2568,2568-S5-C1,5,checkpoint,2025-04-06 17:00:00,71.5,1
2568-1095,2568,2568-S6-C1,6,checkpoint,2025-03-31 19:00:00,70.4,1
2568-1095,2568,2568-S4-P3,4,practice,2025-04-12 20:00:00,64.0,1
2568-1095,2568,2568-S6-P3,6,practice,2025-04-13 22:00:00,65.6,1
2568-1095,2568,2568-S4-P4,4,practice,2025-05-03 20:00:00,72.1,1
2568-1095,2568,2568-S5-P4,5,practice,2025-04-29 16:00:00,62.1,1
2568-1095,2568,2568-S4-C2,4,checkpoint,2025-05-18 20:00:00,66.5,1
2568-1095,2568,2568-S5-C2,5,checkpoint,2025-05-16 17:00:00,60.4,1
2568-1095,2568,2568-S6-C2,6,checkpoint,2025-05-15 18:00:00,63.1,1
2568-1095,2568,2568-S6-P5,6,practice,2025-05-19 18:00:00,63.8,1
2568-1095,2568,2568-S1-P6,1,practice,2025-06-09 22:00:00,73.0,1
2568-1095,2568,2568-S4-P6,4,practice,2025-06-12 22:00:00,67.9,1
2568-1095,2568,2568-S5-P6,5,practice,2025-06-15 22:00:00,57.4,1
2568-1095,2568,2568-S6-C3,6,checkpoint,2025-06-28 22:00:00,78.5,1
2568-1095,2568,2568-S1-P7,1,practice,2025-06-30 19:00:00,56.5,1
2568-1095,2568,2568-S4-P7,4,practice,2025-07-04 17:00:00,63.6,1
2568-1095,2568,2568-S5-P7,5,practice,2025-07-05 18:00:00,56.8,1
2568-1095,2568,2568-S6-P7,6,practice,2025-07-03 16:00:00,45.3,0
2568-1095,2568,2568-S1-P8,1,practice,2025-07-24 16:00:00,79.4,1
2568-1095,2568,2568-S4-P8,4,practice,2025-07-26 19:00:00,74.1,1
2568-1095,2568,2568-S6-C4,6,checkpoint,2025-08-07 18:00:00,54.8,1
2568-1095,2568,2568-S1-P9,1,practice,2025-08-17 22:00:00,36.8,0
2568-1095,2568,2568-S4-P9,4,practice,2025-08-17 19:00:00,54.5,1
2568-1095,2568,2568-S5-P9,5,practice,2025-08-14 18:00:00,89.6,1
2568-1096,2568,2568-S1-P2,1,practice,2025-03-20 20:00:00,78.0,1
2568-1096,2568,2568-S4-P2,4,practice,2025-03-23 18:00:00,98.1,1
2568-1096,2568,2568-S5-P2,5,practice,2025-03-21 16:00:00,81.9,1
2568-1096,2568,2568-S6-P2,6,practice,2025-03-22 17:00:00,79.5,1
2568-1096,2568,2568-S4-C1,4,checkpoint,2025-04-03 16:00:00,87.7,1
2568-1096,2568,2568-S5-C1,5,checkpoint,2025-04-03 16:00:00,83.7,1
2568-1096,2568,2568-S6-C1,6,checkpoint,2025-04-03 21:00:00,100.0,1
2568-1096,2568,2568-S4-P3,4,practice,2025-04-11 18:00:00,73.9,1
2568-1096,2568,2568-S5-P3,5,practice,2025-04-13 19:00:00,85.6,1
2568-1096,2568,2568-S1-P4,1,practice,2025-04-29 22:00:00,91.3,1
2568-1096,2568,2568-S4-P4,4,practice,2025-05-03 16:00:00,71.5,1
2568-1096,2568,2568-S5-P4,5,practice,2025-05-02 22:00:00,86.1,1
2568-1096,2568,2568-S6-P4,6,practice,2025-05-04 19:00:00,90.4,1
2568-1096,2568,2568-S1-C2,1,checkpoint,2025-05-18 22:00:00,92.8,1
2568-1096,2568,2568-S4-C2,4,checkpoint,2025-05-14 19:00:00,85.0,1
2568-1096,2568,2568-S5-C2,5,checkpoint,2025-05-17 16:00:00,68.1,1
2568-1096,2568,2568-S1-P5,1,practice,2025-05-21 20:00:00,86.6,1
2568-1096,2568,2568-S4-P5,4,practice,2025-05-25 19:00:00,100.0,1
2568-1096,2568,2568-S5-P5,5,practice,2025-05-20 22:00:00,73.1,1
2568-1096,2568,2568-S6-P5,6,practice,2025-05-23 20:00:00,71.6,1
2568-1096,2568,2568-S1-P6,1,practice,2025-06-15 20:00:00,83.3,1
2568-1096,2568,2568-S4-P6,4,practice,2025-06-11 17:00:00,67.0,1
2568-1096,2568,2568-S6-P6,6,practice,2025-06-09 19:00:00,66.0,1
2568-1096,2568,2568-S1-C3,1,checkpoint,2025-06-27 17:00:00,86.2,1
2568-1096,2568,2568-S4-C3,4,checkpoint,2025-06-24 20:00:00,97.7,1
2568-1096,2568,2568-S5-C3,5,checkpoint,2025-06-23 22:00:00,85.3,1
2568-1096,2568,2568-S6-C3,6,checkpoint,2025-06-24 17:00:00,89.3,1
2568-1096,2568,2568-S1-P7,1,practice,2025-06-30 16:00:00,80.8,1
2568-1096,2568,2568-S4-P7,4,practice,2025-07-01 18:00:00,88.9,1
2568-1096,2568,2568-S6-P7,6,practice,2025-07-03 22:00:00,98.5,1
2568-1096,2568,2568-S1-P8,1,practice,2025-07-26 22:00:00,95.1,1
2568-1096,2568,2568-S4-P8,4,practice,2025-07-27 22:00:00,100.0,1
2568-1096,2568,2568-S5-P8,5,practice,2025-07-21 20:00:00,71.8,1
2568-1096,2568,2568-S1-C4,1,checkpoint,2025-08-05 19:00:00,95.7,1
2568-1096,2568,2568-S4-C4,4,checkpoint,2025-08-04 21:00:00,97.7,1
2568-1096,2568,2568-S5-C4,5,checkpoint,2025-08-10 18:00:00,79.3,1
2568-1096,2568,2568-S6-C4,6,checkpoint,2025-08-06 20:00:00,89.5,1
2568-1096,2568,2568-S1-P9,1,practice,2025-08-15 17:00:00,93.1,1
2568-1096,2568,2568-S4-P9,4,practice,2025-08-14 17:00:00,88.5,1
2568-1096,2568,2568-S5-P9,5,practice,2025-08-15 19:00:00,100.0,1
2568-1096,2568,2568-S6-P9,6,practice,2025-08-12 18:00:00,58.9,1
2568-1097,2568,2568-S5-P2,5,practice,2025-03-23 16:00:00,97.0,1
2568-1097,2568,2568-S4-C1,4,checkpoint,2025-04-03 21:00:00,90.3,1
2568-1097,2568,2568-S5-C1,5,checkpoint,2025-04-01 22:00:00,98.1,1
2568-1097,2568,2568-S4-P3,4,practice,2025-04-10 21:00:00,83.1,1
2568-1097,2568,2568-S5-P3,5,practice,2025-04-12 21:00:00,86.6,1
2568-1097,2568,2568-S5-P4,5,practice,2025-05-03 19:00:00,85.3,1
2568-1097,2568,2568-S4-C2,4,checkpoint,2025-05-13 17:00:00,81.3,1
2568-1097,2568,2568-S4-P5,4,practice,2025-05-21 21:00:00,86.5,1
2568-1097,2568,2568-S5-P5,5,practice,2025-05-20 21:00:00,91.9,1
2568-1097,2568,2568-S4-P6,4,practice,2025-06-15 21:00:00,100.0,1
2568-1097,2568,2568-S5-P6,5,practice,2025-06-09 21:00:00,77.2,1
2568-1097,2568,2568-S4-C3,4,checkpoint,2025-06-25 20:00:00,95.6,1
2568-1097,2568,2568-S5-C3,5,checkpoint,2025-06-27 16:00:00,72.4,1
2568-1097,2568,2568-S4-P7,4,practice,2025-07-01 17:00:00,88.8,1
2568-1097,2568,2568-S4-P8,4,practice,2025-07-25 22:00:00,97.2,1
2568-1097,2568,2568-S5-P8,5,practice,2025-07-25 16:00:00,84.2,1
2568-1097,2568,2568-S4-C4,4,checkpoint,2025-08-10 17:00:00,88.1,1
2568-1097,2568,2568-S5-C4,5,checkpoint,2025-08-06 17:00:00,98.7,1
2568-1097,2568,2568-S4-P9,4,practice,2025-08-12 16:00:00,100.0,1
2568-1098,2568,2568-S1-P2,1,practice,2025-03-21 19:00:00,76.0,1
2568-1098,2568,2568-S4-P2,4,practice,2025-03-21 22:00:00,71.7,1
2568-1098,2568,2568-S4-C1,4,checkpoint,2025-04-06 20:00:00,55.4,1
2568-1098,2568,2568-S1-P3,1,practice,2025-04-09 22:00:00,53.8,1
2568-1098,2568,2568-S1-C3,1,checkpoint,2025-06-29 21:00:00,86.6,1
2568-1098,2568,2568-S4-C3,4,checkpoint,2025-06-26 22:00:00,59.6,1
2568-1099,2568,2568-S1-P2,1,practice,2025-03-19 16:00:00,82.9,1
2568-1099,2568,2568-S4-P2,4,practice,2025-03-23 16:00:00,85.7,1
2568-1099,2568,2568-S1-C1,1,checkpoint,2025-04-04 18:00:00,73.0,1
2568-1099,2568,2568-S4-C1,4,checkpoint,2025-04-03 20:00:00,84.8,1
2568-1099,2568,2568-S5-C1,5,checkpoint,2025-03-31 19:00:00,84.1,1
2568-1099,2568,2568-S6-C1,6,checkpoint,2025-04-02 18:00:00,82.2,1
2568-1099,2568,2568-S1-P3,1,practice,2025-04-12 20:00:00,100.0,1
2568-1099,2568,2568-S4-P3,4,practice,2025-04-12 18:00:00,79.9,1
2568-1099,2568,2568-S5-P3,5,practice,2025-04-12 19:00:00,94.0,1
2568-1099,2568,2568-S6-P3,6,practice,2025-04-12 17:00:00,70.9,1
2568-1099,2568,2568-S1-P4,1,practice,2025-04-28 17:00:00,83.2,1
2568-1099,2568,2568-S4-P4,4,practice,2025-05-01 19:00:00,74.6,1
2568-1099,2568,2568-S5-P4,5,practice,2025-05-02 18:00:00,86.7,1
2568-1099,2568,2568-S1-C2,1,checkpoint,2025-05-12 20:00:00,100.0,1
2568-1099,2568,2568-S4-C2,4,checkpoint,2025-05-17 16:00:00,97.2,1
2568-1099,2568,2568-S5-C2,5,checkpoint,2025-05-16 16:00:00,81.1,1
2568-1099,2568,2568-S6-C2,6,checkpoint,2025-05-17 22:00:00,91.1,1
2568-1099,2568,2568-S1-P5,1,practice,2025-05-23 18:00:00,75.8,1
2568-1099,2568,2568-S4-P5,4,practice,2025-05-20 19:00:00,91.6,1
2568-1099,2568,2568-S5-P5,5,practice,2025-05-23 18:00:00,84.0,1
2568-1099,2568,2568-S6-P5,6,practice,2025-05-20 16:00:00,74.5,1
2568-1099,2568,2568-S1-P6,1,practice,2025-06-15 17:00:00,100.0,1
2568-1099,2568,2568-S4-P6,4,practice,2025-06-12 16:00:00,85.6,1
2568-1099,2568,2568-S5-P6,5,practice,2025-06-12 19:00:00,100.0,1
2568-1099,2568,2568-S6-P6,6,practice,2025-06-13 16:00:00,71.9,1
2568-1099,2568,2568-S5-C3,5,checkpoint,2025-06-28 18:00:00,78.9,1
2568-1099,2568,2568-S1-P7,1,practice,2025-07-04 19:00:00,75.8,1
2568-1099,2568,2568-S4-P7,4,practice,2025-07-03 20:00:00,90.4,1
2568-1099,2568,2568-S5-P7,5,practice,2025-07-04 22:00:00,100.0,1
2568-1099,2568,2568-S6-P7,6,practice,2025-06-30 20:00:00,97.1,1
2568-1099,2568,2568-S1-P8,1,practice,2025-07-24 21:00:00,95.1,1
2568-1099,2568,2568-S4-P8,4,practice,2025-07-27 16:00:00,64.8,1
2568-1099,2568,2568-S5-P8,5,practice,2025-07-22 20:00:00,90.4,1
2568-1099,2568,2568-S6-P8,6,practice,2025-07-21 21:00:00,57.2,1
2568-1099,2568,2568-S1-C4,1,checkpoint,2025-08-05 18:00:00,81.2,1
2568-1099,2568,2568-S4-C4,4,checkpoint,2025-08-06 18:00:00,100.0,1
2568-1099,2568,2568-S5-C4,5,checkpoint,2025-08-04 16:00:00,76.4,1
2568-1099,2568,2568-S6-C4,6,checkpoint,2025-08-10 22:00:00,78.5,1
2568-1099,2568,2568-S1-P9,1,practice,2025-08-14 16:00:00,86.0,1
2568-1099,2568,2568-S4-P9,4,practice,2025-08-12 16:00:00,89.7,1
2568-1099,2568,2568-S5-P9,5,practice,2025-08-14 16:00:00,90.1,1
2568-1099,2568,2568-S6-P9,6,practice,2025-08-12 19:00:00,76.2,1
2568-1100,2568,2568-S4-P3,4,practice,2025-04-12 17:00:00,75.0,1
2568-1100,2568,2568-S1-P4,1,practice,2025-04-28 16:00:00,61.7,1
2568-1100,2568,2568-S5-P4,5,practice,2025-04-30 17:00:00,74.7,1
2568-1101,2568,2568-S5-P2,5,practice,2025-03-23 16:00:00,93.6,1
2568-1101,2568,2568-S6-P2,6,practice,2025-03-17 18:00:00,96.1,1
2568-1101,2568,2568-S5-C1,5,checkpoint,2025-04-01 20:00:00,94.3,1
2568-1101,2568,2568-S5-P3,5,practice,2025-04-13 16:00:00,53.5,1
2568-1101,2568,2568-S6-P3,6,practice,2025-04-09 16:00:00,93.8,1
2568-1101,2568,2568-S5-P4,5,practice,2025-04-28 21:00:00,72.5,1
2568-1101,2568,2568-S6-P4,6,practice,2025-04-28 16:00:00,68.6,1
2568-1101,2568,2568-S5-C2,5,checkpoint,2025-05-18 17:00:00,77.0,1
2568-1101,2568,2568-S6-C2,6,checkpoint,2025-05-18 20:00:00,79.3,1
2568-1101,2568,2568-S5-P5,5,practice,2025-05-23 16:00:00,90.9,1
2568-1101,2568,2568-S6-P5,6,practice,2025-05-23 16:00:00,82.6,1
2568-1101,2568,2568-S5-C3,5,checkpoint,2025-06-28 17:00:00,75.3,1
2568-1101,2568,2568-S6-C3,6,checkpoint,2025-06-26 22:00:00,69.3,1
2568-1101,2568,2568-S5-P8,5,practice,2025-07-22 17:00:00,86.0,1
2568-1101,2568,2568-S6-C4,6,checkpoint,2025-08-10 17:00:00,74.6,1
2568-1101,2568,2568-S6-P9,6,practice,2025-08-14 22:00:00,95.8,1
2568-1102,2568,2568-S4-P2,4,practice,2025-03-17 18:00:00,91.8,1
2568-1102,2568,2568-S5-P2,5,practice,2025-03-22 22:00:00,89.9,1
2568-1102,2568,2568-S6-P2,6,practice,2025-03-23 18:00:00,67.4,1
2568-1102,2568,2568-S4-C1,4,checkpoint,2025-04-02 16:00:00,80.1,1
2568-1102,2568,2568-S5-C1,5,checkpoint,2025-04-04 17:00:00,90.4,1
2568-1102,2568,2568-S6-C1,6,checkpoint,2025-04-03 19:00:00,77.2,1
2568-1102,2568,2568-S4-P3,4,practice,2025-04-12 16:00:00,85.8,1
2568-1102,2568,2568-S5-P3,5,practice,2025-04-10 18:00:00,90.8,1
2568-1102,2568,2568-S6-P3,6,practice,2025-04-12 20:00:00,92.4,1
2568-1102,2568,2568-S5-P4,5,practice,2025-05-02 22:00:00,92.9,1
2568-1102,2568,2568-S6-P4,6,practice,2025-04-30 16:00:00,100.0,1
2568-1102,2568,2568-S4-C2,4,checkpoint,2025-05-18 19:00:00,89.8,1
2568-1102,2568,2568-S5-C2,5,checkpoint,2025-05-12 16:00:00,90.3,1
2568-1102,2568,2568-S6-C2,6,checkpoint,2025-05-12 21:00:00,100.0,1
2568-1102,2568,2568-S4-P5,4,practice,2025-05-23 18:00:00,88.5,1
2568-1102,2568,2568-S5-P5,5,practice,2025-05-20 19:00:00,90.4,1
2568-1102,2568,2568-S4-P6,4,practice,2025-06-14 17:00:00,87.9,1
2568-1102,2568,2568-S5-P6,5,practice,2025-06-13 16:00:00,100.0,1
2568-1102,2568,2568-S6-P6,6,practice,2025-06-14 19:00:00,76.2,1
2568-1102,2568,2568-S4-C3,4,checkpoint,2025-06-24 16:00:00,98.5,1
2568-1102,2568,2568-S5-C3,5,checkpoint,2025-06-27 17:00:00,75.4,1
2568-1102,2568,2568-S6-C3,6,checkpoint,2025-06-24 22:00:00,85.1,1
2568-1102,2568,2568-S4-P7,4,practice,2025-07-03 19:00:00,92.2,1
2568-1102,2568,2568-S5-P7,5,practice,2025-07-04 19:00:00,81.0,1
2568-1102,2568,2568-S6-P7,6,practice,2025-06-30 16:00:00,94.0,1
2568-1102,2568,2568-S4-P8,4,practice,2025-07-25 16:00:00,75.1,1
2568-1102,2568,2568-S5-P8,5,practice,2025-07-24 16:00:00,100.0,1
2568-1102,2568,2568-S6-P8,6,practice,2025-07-24 21:00:00,76.8,1
2568-1102,2568,2568-S4-C4,4,checkpoint,2025-08-06 18:00:00,76.4,1
2568-1102,2568,2568-S5-C4,5,checkpoint,2025-08-04 20:00:00,86.3,1
2568-1102,2568,2568-S4-P9,4,practice,2025-08-14 17:00:00,96.1,1
2568-1102,2568,2568-S5-P9,5,practice,2025-08-14 19:00:00,85.0,1
2568-1102,2568,2568-S6-P9,6,practice,2025-08-14 18:00:00,100.0,1
2568-1103,2568,2568-S4-P3,4,practice,2025-04-12 18:00:00,74.3,1
2568-1103,2568,2568-S4-P4,4,practice,2025-04-30 19:00:00,74.1,1
2568-1103,2568,2568-S5-P4,5,practice,2025-05-03 17:00:00,78.3,1
2568-1104,2568,2568-S1-P2,1,practice,2025-03-17 17:00:00,57.8,1
2568-1104,2568,2568-S4-P2,4,practice,2025-03-18 16:00:00,72.5,1
2568-1104,2568,2568-S5-P2,5,practice,2025-03-19 18:00:00,54.2,1
2568-1104,2568,2568-S1-C1,1,checkpoint,2025-04-03 19:00:00,69.2,1
2568-1104,2568,2568-S4-C1,4,checkpoint,2025-03-31 21:00:00,76.2,1
2568-1104,2568,2568-S5-C1,5,checkpoint,2025-03-31 17:00:00,45.7,0
2568-1104,2568,2568-S6-C1,6,checkpoint,2025-04-03 19:00:00,73.0,1
2568-1104,2568,2568-S1-P3,1,practice,2025-04-13 20:00:00,75.8,1
2568-1104,2568,2568-S5-P3,5,practice,2025-04-09 21:00:00,65.6,1
2568-1104,2568,2568-S4-P4,4,practice,2025-05-01 20:00:00,68.9,1
2568-1104,2568,2568-S5-P4,5,practice,2025-04-29 18:00:00,69.1,1
2568-1104,2568,2568-S6-P4,6,practice,2025-05-02 19:00:00,63.3,1
2568-1104,2568,2568-S1-C2,1,checkpoint,2025-05-16 22:00:00,83.5,1
2568-1104,2568,2568-S5-C2,5,checkpoint,2025-05-12 19:00:00,73.1,1
2568-1104,2568,2568-S1-P5,1,practice,2025-05-22 17:00:00,65.1,1
2568-1104,2568,2568-S5-P5,5,practice,2025-05-24 21:00:00,75.7,1
2568-1104,2568,2568-S1-P6,1,practice,2025-06-09 17:00:00,69.1,1
2568-1104,2568,2568-S4-P6,4,practice,2025-06-14 19:00:00,50.1,1
2568-1104,2568,2568-S5-P6,5,practice,2025-06-12 16:00:00,65.5,1
2568-1104,2568,2568-S6-P6,6,practice,2025-06-13 21:00:00,58.5,1
2568-1104,2568,2568-S1-C3,1,checkpoint,2025-06-24 22:00:00,59.9,1
2568-1104,2568,2568-S6-C3,6,checkpoint,2025-06-26 21:00:00,54.4,1
2568-1104,2568,2568-S1-P7,1,practice,2025-07-05 22:00:00,85.9,1
2568-1104,2568,2568-S5-P7,5,practice,2025-07-01 19:00:00,72.6,1
2568-1104,2568,2568-S1-P8,1,practice,2025-07-23 21:00:00,57.3,1
2568-1104,2568,2568-S6-P8,6,practice,2025-07-25 16:00:00,67.2,1
2568-1104,2568,2568-S5-C4,5,checkpoint,2025-08-08 21:00:00,59.5,1
2568-1104,2568,2568-S4-P9,4,practice,2025-08-14 19:00:00,52.6,1
2568-1104,2568,2568-S5-P9,5,practice,2025-08-14 19:00:00,64.9,1
2568-1105,2568,2568-S4-P2,4,practice,2025-03-18 18:00:00,81.4,1
2568-1105,2568,2568-S5-P2,5,practice,2025-03-20 20:00:00,88.8,1
2568-1105,2568,2568-S4-C1,4,checkpoint,2025-04-04 17:00:00,69.0,1
2568-1105,2568,2568-S5-C1,5,checkpoint,2025-03-31 16:00:00,74.2,1
2568-1105,2568,2568-S6-C1,6,checkpoint,2025-04-01 18:00:00,75.9,1
2568-1105,2568,2568-S4-P3,4,practice,2025-04-08 21:00:00,76.6,1
2568-1105,2568,2568-S5-P3,5,practice,2025-04-08 16:00:00,80.0,1
2568-1105,2568,2568-S6-P3,6,practice,2025-04-08 17:00:00,85.5,1
2568-1105,2568,2568-S6-P4,6,practice,2025-04-28 17:00:00,80.3,1
2568-1105,2568,2568-S4-C2,4,checkpoint,2025-05-16 19:00:00,85.6,1
2568-1105,2568,2568-S5-P5,5,practice,2025-05-24 16:00:00,100.0,1
2568-1105,2568,2568-S6-P5,6,practice,2025-05-24 19:00:00,82.9,1
2568-1105,2568,2568-S4-P6,4,practice,2025-06-11 17:00:00,91.9,1
2568-1105,2568,2568-S5-P6,5,practice,2025-06-13 17:00:00,75.3,1
2568-1105,2568,2568-S6-P6,6,practice,2025-06-15 20:00:00,73.5,1
2568-1105,2568,2568-S5-C3,5,checkpoint,2025-06-28 16:00:00,85.8,1
2568-1105,2568,2568-S6-C3,6,checkpoint,2025-06-26 19:00:00,77.6,1
2568-1105,2568,2568-S4-P7,4,practice,2025-07-06 17:00:00,68.0,1
2568-1105,2568,2568-S6-P7,6,practice,2025-07-03 21:00:00,73.7,1
2568-1105,2568,2568-S4-C4,4,checkpoint,2025-08-09 17:00:00,88.4,1
2568-1105,2568,2568-S5-C4,5,checkpoint,2025-08-04 20:00:00,71.0,1
2568-1105,2568,2568-S6-C4,6,checkpoint,2025-08-06 21:00:00,46.6,0
2568-1105,2568,2568-S5-P9,5,practice,2025-08-16 16:00:00,77.5,1
2568-1105,2568,2568-S6-P9,6,practice,2025-08-14 21:00:00,83.7,1
2568-1106,2568,2568-S1-P2,1,practice,2025-03-21 20:00:00,52.4,1
2568-1106,2568,2568-S5-P2,5,practice,2025-03-20 16:00:00,84.3,1
2568-1106,2568,2568-S6-P2,6,practice,2025-03-21 18:00:00,61.4,1
2568-1106,2568,2568-S4-C1,4,checkpoint,2025-04-05 22:00:00,60.4,1
2568-1106,2568,2568-S6-P3,6,practice,2025-04-07 17:00:00,66.0,1
2568-1106,2568,2568-S1-P4,1,practice,2025-04-28 21:00:00,64.9,1
2568-1106,2568,2568-S6-P4,6,practice,2025-05-04 22:00:00,83.7,1
2568-1106,2568,2568-S1-C2,1,checkpoint,2025-05-15 21:00:00,64.3,1
2568-1106,2568,2568-S6-C2,6,checkpoint,2025-05-13 17:00:00,66.9,1
2568-1106,2568,2568-S1-P5,1,practice,2025-05-22 22:00:00,56.1,1
2568-1106,2568,2568-S4-P5,4,practice,2025-05-21 16:00:00,88.1,1
2568-1106,2568,2568-S5-P5,5,practice,2025-05-25 19:00:00,71.3,1
2568-1106,2568,2568-S1-P6,1,practice,2025-06-10 22:00:00,85.2,1
2568-1106,2568,2568-S6-P6,6,practice,2025-06-10 20:00:00,76.1,1
2568-1106,2568,2568-S1-C3,1,checkpoint,2025-06-28 19:00:00,85.2,1
2568-1106,2568,2568-S4-C3,4,checkpoint,2025-06-27 17:00:00,63.9,1
2568-1106,2568,2568-S5-C3,5,checkpoint,2025-06-23 20:00:00,70.1,1
2568-1106,2568,2568-S6-C3,6,checkpoint,2025-06-24 16:00:00,51.4,1
2568-1106,2568,2568-S1-P7,1,practice,2025-07-03 20:00:00,89.8,1
2568-1106,2568,2568-S4-P7,4,practice,2025-07-02 17:00:00,79.5,1
2568-1106,2568,2568-S1-P8,1,practice,2025-07-26 17:00:00,73.4,1
2568-1106,2568,2568-S4-P8,4,practice,2025-07-23 17:00:00,73.9,1
2568-1106,2568,2568-S5-P8,5,practice,2025-07-25 22:00:00,70.1,1
2568-1106,2568,2568-S6-P8,6,practice,2025-07-25 21:00:00,81.2,1
2568-1107,2568,2568-S1-P6,1,practice,2025-06-13 22:00:00,88.3,1
2568-1107,2568,2568-S4-P6,4,practice,2025-06-14 21:00:00,84.3,1
2568-1107,2568,2568-S5-P6,5,practice,2025-06-15 16:00:00,71.1,1
2568-1107,2568,2568-S6-P6,6,practice,2025-06-12 17:00:00,100.0,1
2568-1107,2568,2568-S1-C3,1,checkpoint,2025-06-27 17:00:00,73.9,1
2568-1107,2568,2568-S4-C3,4,checkpoint,2025-06-23 19:00:00,91.0,1
2568-1107,2568,2568-S5-C3,5,checkpoint,2025-06-26 19:00:00,92.3,1
2568-1107,2568,2568-S6-C3,6,checkpoint,2025-06-24 17:00:00,96.2,1
2568-1107,2568,2568-S1-P7,1,practice,2025-07-02 18:00:00,69.7,1
2568-1107,2568,2568-S4-P7,4,practice,2025-06-30 22:00:00,85.2,1
2568-1107,2568,2568-S5-P7,5,practice,2025-07-05 18:00:00,90.2,1
2568-1107,2568,2568-S6-P7,6,practice,2025-07-01 17:00:00,100.0,1
2568-1107,2568,2568-S1-P8,1,practice,2025-07-22 21:00:00,94.8,1
2568-1107,2568,2568-S4-P8,4,practice,2025-07-27 18:00:00,100.0,1
2568-1107,2568,2568-S5-P8,5,practice,2025-07-22 18:00:00,95.3,1
2568-1107,2568,2568-S6-P8,6,practice,2025-07-23 22:00:00,81.4,1
2568-1108,2568,2568-S6-P2,6,practice,2025-03-22 17:00:00,75.9,1
2568-1108,2568,2568-S5-C1,5,checkpoint,2025-04-02 19:00:00,89.2,1
2568-1108,2568,2568-S6-C1,6,checkpoint,2025-04-06 17:00:00,51.0,1
2568-1108,2568,2568-S4-P3,4,practice,2025-04-10 20:00:00,78.3,1
2568-1108,2568,2568-S5-P3,5,practice,2025-04-12 16:00:00,79.6,1
2568-1108,2568,2568-S6-P3,6,practice,2025-04-11 19:00:00,99.4,1
2568-1108,2568,2568-S6-P4,6,practice,2025-05-02 19:00:00,79.1,1
2568-1108,2568,2568-S5-C2,5,checkpoint,2025-05-14 16:00:00,100.0,1
2568-1108,2568,2568-S4-P5,4,practice,2025-05-24 17:00:00,76.6,1
2568-1108,2568,2568-S5-P5,5,practice,2025-05-23 18:00:00,67.0,1
2568-1108,2568,2568-S6-P5,6,practice,2025-05-20 20:00:00,84.6,1
2568-1108,2568,2568-S4-P6,4,practice,2025-06-12 20:00:00,50.5,1
2568-1108,2568,2568-S5-P6,5,practice,2025-06-11 19:00:00,77.4,1
2568-1108,2568,2568-S6-P6,6,practice,2025-06-15 16:00:00,69.4,1
2568-1108,2568,2568-S5-C3,5,checkpoint,2025-06-25 20:00:00,87.3,1
2568-1108,2568,2568-S6-C3,6,checkpoint,2025-06-29 21:00:00,74.9,1
2568-1108,2568,2568-S4-P7,4,practice,2025-06-30 21:00:00,90.1,1
2568-1108,2568,2568-S6-P7,6,practice,2025-07-05 16:00:00,79.8,1
2568-1108,2568,2568-S5-P8,5,practice,2025-07-22 20:00:00,73.0,1
2568-1108,2568,2568-S5-C4,5,checkpoint,2025-08-08 22:00:00,77.0,1
2568-1108,2568,2568-S6-C4,6,checkpoint,2025-08-08 19:00:00,66.8,1
2568-1108,2568,2568-S4-P9,4,practice,2025-08-13 21:00:00,63.1,1
2568-1108,2568,2568-S5-P9,5,practice,2025-08-13 21:00:00,69.5,1
2568-1108,2568,2568-S6-P9,6,practice,2025-08-14 18:00:00,78.5,1
2568-1109,2568,2568-S1-P2,1,practice,2025-03-23 16:00:00,68.5,1
2568-1109,2568,2568-S1-C1,1,checkpoint,2025-03-31 21:00:00,87.3,1
2568-1109,2568,2568-S5-C1,5,checkpoint,2025-04-05 19:00:00,53.8,1
2568-1109,2568,2568-S1-P3,1,practice,2025-04-12 20:00:00,68.4,1
2568-1109,2568,2568-S1-P4,1,practice,2025-05-04 21:00:00,97.2,1
2568-1109,2568,2568-S5-P4,5,practice,2025-04-29 21:00:00,72.5,1
2568-1109,2568,2568-S6-P4,6,practice,2025-05-02 21:00:00,78.6,1
2568-1109,2568,2568-S1-C2,1,checkpoint,2025-05-14 19:00:00,80.8,1
2568-1109,2568,2568-S1-P5,1,practice,2025-05-25 19:00:00,90.0,1
2568-1109,2568,2568-S5-P5,5,practice,2025-05-22 20:00:00,66.5,1
2568-1109,2568,2568-S5-P6,5,practice,2025-06-11 21:00:00,74.1,1
2568-1109,2568,2568-S6-C3,6,checkpoint,2025-06-29 17:00:00,61.7,1
2568-1109,2568,2568-S1-P7,1,practice,2025-06-30 19:00:00,80.8,1
2568-1109,2568,2568-S5-P7,5,practice,2025-07-06 19:00:00,57.1,1
2568-1109,2568,2568-S6-P7,6,practice,2025-07-01 16:00:00,86.4,1
2568-1109,2568,2568-S6-P8,6,practice,2025-07-26 20:00:00,76.8,1
2568-1109,2568,2568-S5-C4,5,checkpoint,2025-08-06 19:00:00,71.7,1
2568-1109,2568,2568-S6-C4,6,checkpoint,2025-08-06 20:00:00,64.4,1
2568-1109,2568,2568-S6-P9,6,practice,2025-08-14 19:00:00,69.6,1
2568-1110,2568,2568-S4-P3,4,practice,2025-04-08 16:00:00,83.7,1
2568-1110,2568,2568-S5-P3,5,practice,2025-04-07 22:00:00,76.1,1
2568-1110,2568,2568-S6-P3,6,practice,2025-04-09 22:00:00,80.0,1
2568-1110,2568,2568-S4-P4,4,practice,2025-04-30 17:00:00,84.0,1
2568-1110,2568,2568-S5-P4,5,practice,2025-05-03 16:00:00,85.5,1
2568-1110,2568,2568-S6-P4,6,practice,2025-04-29 20:00:00,94.3,1
2568-1110,2568,2568-S4-C2,4,checkpoint,2025-05-15 22:00:00,84.3,1
2568-1110,2568,2568-S5-C2,5,checkpoint,2025-05-17 18:00:00,80.0,1
2568-1110,2568,2568-S4-P5,4,practice,2025-05-25 19:00:00,74.7,1
2568-1110,2568,2568-S5-P5,5,practice,2025-05-23 17:00:00,100.0,1
2568-1110,2568,2568-S6-P5,6,practice,2025-05-21 17:00:00,93.3,1
2568-1110,2568,2568-S5-P6,5,practice,2025-06-09 17:00:00,100.0,1
2568-1110,2568,2568-S6-P6,6,practice,2025-06-11 17:00:00,71.5,1
2568-1110,2568,2568-S4-C3,4,checkpoint,2025-06-28 21:00:00,81.7,1
2568-1110,2568,2568-S6-C3,6,checkpoint,2025-06-25 20:00:00,71.0,1
2568-1110,2568,2568-S4-P7,4,practice,2025-07-04 17:00:00,100.0,1
2568-1110,2568,2568-S5-P7,5,practice,2025-07-05 21:00:00,80.9,1
2568-1110,2568,2568-S6-P7,6,practice,2025-07-06 16:00:00,100.0,1
2568-1110,2568,2568-S4-P8,4,practice,2025-07-21 18:00:00,86.4,1
2568-1110,2568,2568-S5-P8,5,practice,2025-07-23 22:00:00,75.5,1
2568-1110,2568,2568-S6-P8,6,practice,2025-07-22 19:00:00,89.9,1
2568-1110,2568,2568-S4-C4,4,checkpoint,2025-08-09 17:00:00,68.9,1
2568-1110,2568,2568-S5-C4,5,checkpoint,2025-08-10 16:00:00,94.6,1
2568-1110,2568,2568-S6-C4,6,checkpoint,2025-08-07 17:00:00,100.0,1
2568-1110,2568,2568-S4-P9,4,practice,2025-08-15 21:00:00,97.0,1
2568-1110,2568,2568-S6-P9,6,practice,2025-08-14 21:00:00,100.0,1
2568-1111,2568,2568-S1-P2,1,practice,2025-03-22 19:00:00,89.9,1
2568-1111,2568,2568-S5-P2,5,practice,2025-03-20 18:00:00,62.8,1
2568-1111,2568,2568-S4-C1,4,checkpoint,2025-04-04 21:00:00,66.8,1
2568-1111,2568,2568-S6-C1,6,checkpoint,2025-04-04 19:00:00,92.6,1
2568-1111,2568,2568-S4-P3,4,practice,2025-04-10 22:00:00,97.3,1
2568-1111,2568,2568-S6-P3,6,practice,2025-04-11 17:00:00,100.0,1
2568-1111,2568,2568-S1-P4,1,practice,2025-05-04 19:00:00,90.3,1
2568-1111,2568,2568-S4-P4,4,practice,2025-04-29 22:00:00,79.2,1
2568-1111,2568,2568-S5-P4,5,practice,2025-05-03 21:00:00,89.5,1
2568-1111,2568,2568-S6-P4,6,practice,2025-04-30 19:00:00,77.5,1
2568-1111,2568,2568-S1-C2,1,checkpoint,2025-05-17 19:00:00,77.5,1
2568-1111,2568,2568-S4-C2,4,checkpoint,2025-05-17 17:00:00,86.3,1
2568-1111,2568,2568-S4-P5,4,practice,2025-05-19 18:00:00,89.4,1
2568-1111,2568,2568-S1-P6,1,practice,2025-06-14 18:00:00,77.6,1
2568-1111,2568,2568-S4-P6,4,practice,2025-06-09 22:00:00,74.2,1
2568-1111,2568,2568-S5-P6,5,practice,2025-06-10 20:00:00,92.6,1
2568-1111,2568,2568-S4-C3,4,checkpoint,2025-06-26 20:00:00,75.2,1
2568-1111,2568,2568-S5-C3,5,checkpoint,2025-06-29 19:00:00,72.0,1
2568-1111,2568,2568-S4-P7,4,practice,2025-07-02 17:00:00,83.7,1
2568-1111,2568,2568-S1-P8,1,practice,2025-07-26 22:00:00,79.2,1
2568-1111,2568,2568-S4-P8,4,practice,2025-07-27 21:00:00,75.8,1
2568-1111,2568,2568-S5-P8,5,practice,2025-07-27 19:00:00,71.5,1
2568-1111,2568,2568-S1-C4,1,checkpoint,2025-08-04 20:00:00,98.5,1
2568-1111,2568,2568-S4-C4,4,checkpoint,2025-08-04 16:00:00,76.8,1
2568-1111,2568,2568-S5-C4,5,checkpoint,2025-08-07 19:00:00,72.4,1
2568-1111,2568,2568-S6-C4,6,checkpoint,2025-08-07 20:00:00,59.0,1
2568-1111,2568,2568-S1-P9,1,practice,2025-08-16 18:00:00,79.6,1
2568-1111,2568,2568-S6-P9,6,practice,2025-08-15 16:00:00,83.8,1
2568-1112,2568,2568-S1-P2,1,practice,2025-03-21 17:00:00,64.2,1
2568-1112,2568,2568-S4-P2,4,practice,2025-03-17 17:00:00,79.6,1
2568-1112,2568,2568-S5-P2,5,practice,2025-03-20 22:00:00,59.2,1
2568-1112,2568,2568-S1-C1,1,checkpoint,2025-04-05 19:00:00,87.1,1
2568-1112,2568,2568-S4-C1,4,checkpoint,2025-04-06 20:00:00,67.3,1
2568-1112,2568,2568-S4-P3,4,practice,2025-04-08 21:00:00,73.0,1
2568-1112,2568,2568-S5-P3,5,practice,2025-04-08 22:00:00,87.7,1
2568-1112,2568,2568-S1-P4,1,practice,2025-04-30 21:00:00,98.5,1
2568-1112,2568,2568-S4-P4,4,practice,2025-05-03 18:00:00,92.2,1
2568-1112,2568,2568-S5-P4,5,practice,2025-04-28 17:00:00,81.4,1
2568-1112,2568,2568-S6-P4,6,practice,2025-05-04 16:00:00,84.7,1
2568-1112,2568,2568-S1-C2,1,checkpoint,2025-05-17 22:00:00,65.0,1
2568-1112,2568,2568-S5-C2,5,checkpoint,2025-05-12 17:00:00,74.9,1
2568-1112,2568,2568-S6-C2,6,checkpoint,2025-05-17 22:00:00,78.2,1
2568-1112,2568,2568-S4-P5,4,practice,2025-05-20 16:00:00,74.1,1
2568-1112,2568,2568-S1-P6,1,practice,2025-06-13 17:00:00,76.5,1
2568-1112,2568,2568-S4-P6,4,practice,2025-06-14 21:00:00,65.8,1
2568-1112,2568,2568-S5-P6,5,practice,2025-06-11 18:00:00,69.6,1
2568-1112,2568,2568-S1-C3,1,checkpoint,2025-06-28 20:00:00,76.1,1
2568-1112,2568,2568-S4-C3,4,checkpoint,2025-06-27 19:00:00,65.2,1
2568-1112,2568,2568-S6-C3,6,checkpoint,2025-06-25 19:00:00,79.3,1
2568-1112,2568,2568-S4-P7,4,practice,2025-07-04 18:00:00,75.1,1
2568-1112,2568,2568-S5-P7,5,practice,2025-07-06 19:00:00,94.4,1
2568-1112,2568,2568-S6-P7,6,practice,2025-07-01 22:00:00,86.7,1
2568-1112,2568,2568-S4-P8,4,practice,2025-07-26 20:00:00,66.6,1
2568-1112,2568,2568-S6-P8,6,practice,2025-07-25 19:00:00,99.0,1
2568-1112,2568,2568-S5-C4,5,checkpoint,2025-08-07 17:00:00,75.2,1
2568-1112,2568,2568-S6-C4,6,checkpoint,2025-08-10 21:00:00,48.9,0
2568-1112,2568,2568-S1-P9,1,practice,2025-08-13 22:00:00,85.1,1
2568-1112,2568,2568-S4-P9,4,practice,2025-08-12 21:00:00,86.8,1
2568-1112,2568,2568-S5-P9,5,practice,2025-08-12 18:00:00,86.1,1
2568-1113,2568,2568-S4-P6,4,practice,2025-06-09 20:00:00,62.6,1
2568-1113,2568,2568-S6-P6,6,practice,2025-06-14 17:00:00,66.6,1
2568-1113,2568,2568-S1-C3,1,checkpoint,2025-06-24 16:00:00,81.2,1
2568-1113,2568,2568-S4-C3,4,checkpoint,2025-06-29 18:00:00,85.0,1
2568-1113,2568,2568-S5-C3,5,checkpoint,2025-06-28 16:00:00,63.3,1
2568-1113,2568,2568-S5-P7,5,practice,2025-07-06 16:00:00,83.3,1
2568-1113,2568,2568-S4-P8,4,practice,2025-07-21 21:00:00,76.8,1
2568-1113,2568,2568-S1-C4,1,checkpoint,2025-08-10 19:00:00,54.8,1
2568-1113,2568,2568-S5-C4,5,checkpoint,2025-08-07 17:00:00,76.7,1
2568-1113,2568,2568-S4-P9,4,practice,2025-08-14 21:00:00,68.6,1
2568-1113,2568,2568-S5-P9,5,practice,2025-08-14 16:00:00,71.7,1
2568-1113,2568,2568-S6-P9,6,practice,2025-08-17 16:00:00,67.0,1
2568-1114,2568,2568-S1-P3,1,practice,2025-04-08 21:00:00,65.9,1
2568-1114,2568,2568-S4-P3,4,practice,2025-04-11 17:00:00,83.9,1
2568-1114,2568,2568-S5-P3,5,practice,2025-04-12 18:00:00,84.1,1
2568-1114,2568,2568-S6-P3,6,practice,2025-04-11 19:00:00,70.4,1
2568-1114,2568,2568-S4-P4,4,practice,2025-05-04 16:00:00,79.1,1
2568-1114,2568,2568-S5-P4,5,practice,2025-04-29 18:00:00,84.0,1
2568-1114,2568,2568-S1-C2,1,checkpoint,2025-05-17 20:00:00,60.8,1
2568-1114,2568,2568-S4-C2,4,checkpoint,2025-05-17 17:00:00,94.3,1
2568-1114,2568,2568-S5-C2,5,checkpoint,2025-05-13 18:00:00,93.9,1
2568-1114,2568,2568-S6-C2,6,checkpoint,2025-05-18 17:00:00,91.0,1
2568-1114,2568,2568-S1-P5,1,practice,2025-05-19 16:00:00,85.9,1
2568-1114,2568,2568-S4-P5,4,practice,2025-05-21 20:00:00,91.5,1
2568-1114,2568,2568-S5-P5,5,practice,2025-05-20 19:00:00,75.4,1
2568-1114,2568,2568-S1-P6,1,practice,2025-06-10 20:00:00,65.4,1
2568-1114,2568,2568-S4-P6,4,practice,2025-06-14 18:00:00,96.9,1
2568-1114,2568,2568-S5-P6,5,practice,2025-06-12 22:00:00,81.5,1
2568-1114,2568,2568-S6-P6,6,practice,2025-06-11 17:00:00,72.2,1
2568-1114,2568,2568-S1-C3,1,checkpoint,2025-06-26 21:00:00,79.0,1
2568-1114,2568,2568-S4-C3,4,checkpoint,2025-06-24 19:00:00,91.2,1
2568-1114,2568,2568-S5-C3,5,checkpoint,2025-06-27 18:00:00,75.8,1
2568-1114,2568,2568-S6-C3,6,checkpoint,2025-06-24 21:00:00,91.5,1
2568-1114,2568,2568-S1-P7,1,practice,2025-07-02 20:00:00,86.3,1
2568-1114,2568,2568-S4-P7,4,practice,2025-07-02 22:00:00,100.0,1
2568-1114,2568,2568-S5-P7,5,practice,2025-07-06 19:00:00,84.4,1
2568-1114,2568,2568-S6-P7,6,practice,2025-07-04 17:00:00,81.8,1
2568-1114,2568,2568-S1-P8,1,practice,2025-07-22 17:00:00,80.5,1
2568-1114,2568,2568-S4-P8,4,practice,2025-07-26 21:00:00,62.0,1
2568-1114,2568,2568-S1-C4,1,checkpoint,2025-08-06 20:00:00,66.7,1
2568-1114,2568,2568-S5-C4,5,checkpoint,2025-08-06 21:00:00,85.8,1
2568-1114,2568,2568-S1-P9,1,practice,2025-08-11 17:00:00,80.2,1
2568-1114,2568,2568-S4-P9,4,practice,2025-08-14 21:00:00,68.5,1
2568-1114,2568,2568-S6-P9,6,practice,2025-08-13 21:00:00,91.3,1
2568-1115,2568,2568-S1-P6,1,practice,2025-06-12 17:00:00,83.4,1
2568-1115,2568,2568-S5-P6,5,practice,2025-06-14 18:00:00,81.2,1
2568-1115,2568,2568-S6-P6,6,practice,2025-06-14 20:00:00,75.9,1
2568-1115,2568,2568-S1-C3,1,checkpoint,2025-06-25 16:00:00,96.5,1
2568-1115,2568,2568-S4-C3,4,checkpoint,2025-06-23 16:00:00,83.9,1
2568-1115,2568,2568-S6-C3,6,checkpoint,2025-06-29 21:00:00,61.4,1
2568-1115,2568,2568-S1-P7,1,practice,2025-06-30 18:00:00,70.7,1
2568-1115,2568,2568-S4-P7,4,practice,2025-07-06 22:00:00,96.0,1
2568-1115,2568,2568-S6-P7,6,practice,2025-07-05 19:00:00,76.4,1
2568-1115,2568,2568-S5-P8,5,practice,2025-07-24 22:00:00,76.1,1
2568-1115,2568,2568-S6-P8,6,practice,2025-07-24 22:00:00,82.7,1
2568-1116,2568,2568-S1-C2,1,checkpoint,2025-05-15 18:00:00,88.2,1
2568-1116,2568,2568-S5-C2,5,checkpoint,2025-05-13 22:00:00,92.6,1
2568-1116,2568,2568-S1-P5,1,practice,2025-05-23 16:00:00,76.2,1
2568-1116,2568,2568-S5-P5,5,practice,2025-05-19 21:00:00,60.5,1
2568-1116,2568,2568-S5-P6,5,practice,2025-06-14 20:00:00,61.4,1
2568-1116,2568,2568-S1-C3,1,checkpoint,2025-06-23 18:00:00,89.1,1
2568-1116,2568,2568-S1-P7,1,practice,2025-07-06 20:00:00,92.3,1
2568-1116,2568,2568-S1-P8,1,practice,2025-07-23 20:00:00,79.7,1
2568-1116,2568,2568-S5-P8,5,practice,2025-07-23 21:00:00,100.0,1
2568-1116,2568,2568-S1-C4,1,checkpoint,2025-08-04 18:00:00,73.0,1
2568-1116,2568,2568-S5-C4,5,checkpoint,2025-08-05 21:00:00,85.2,1
2568-1116,2568,2568-S1-P9,1,practice,2025-08-13 21:00:00,90.9,1
2568-1116,2568,2568-S5-P9,5,practice,2025-08-13 21:00:00,87.7,1
2568-1117,2568,2568-S1-P2,1,practice,2025-03-22 21:00:00,73.0,1
2568-1117,2568,2568-S4-P2,4,practice,2025-03-22 21:00:00,69.9,1
2568-1117,2568,2568-S6-P2,6,practice,2025-03-21 17:00:00,75.1,1
2568-1117,2568,2568-S4-C1,4,checkpoint,2025-04-01 17:00:00,82.0,1
2568-1117,2568,2568-S5-C1,5,checkpoint,2025-04-04 16:00:00,67.2,1
2568-1117,2568,2568-S4-P3,4,practice,2025-04-09 18:00:00,76.2,1
2568-1117,2568,2568-S6-P3,6,practice,2025-04-08 21:00:00,76.5,1
2568-1117,2568,2568-S4-P4,4,practice,2025-05-01 20:00:00,85.9,1
2568-1117,2568,2568-S5-P4,5,practice,2025-04-29 22:00:00,88.2,1
2568-1117,2568,2568-S6-P4,6,practice,2025-04-28 21:00:00,92.3,1
2568-1117,2568,2568-S1-C2,1,checkpoint,2025-05-13 21:00:00,94.8,1
2568-1117,2568,2568-S4-C2,4,checkpoint,2025-05-17 18:00:00,92.6,1
2568-1117,2568,2568-S5-C2,5,checkpoint,2025-05-15 21:00:00,64.2,1
2568-1117,2568,2568-S4-P5,4,practice,2025-05-22 20:00:00,78.3,1
2568-1117,2568,2568-S6-P5,6,practice,2025-05-22 18:00:00,75.9,1
2568-1117,2568,2568-S1-P6,1,practice,2025-06-12 22:00:00,67.5,1
2568-1117,2568,2568-S4-P6,4,practice,2025-06-15 19:00:00,63.7,1
2568-1117,2568,2568-S6-P6,6,practice,2025-06-11 20:00:00,84.4,1
2568-1117,2568,2568-S1-C3,1,checkpoint,2025-06-24 17:00:00,74.3,1
2568-1117,2568,2568-S4-C3,4,checkpoint,2025-06-28 16:00:00,67.1,1
2568-1117,2568,2568-S5-C3,5,checkpoint,2025-06-26 21:00:00,74.0,1
2568-1117,2568,2568-S1-P7,1,practice,2025-07-02 22:00:00,55.1,1
2568-1117,2568,2568-S4-P7,4,practice,2025-07-05 16:00:00,89.1,1
2568-1117,2568,2568-S5-P7,5,practice,2025-07-06 18:00:00,100.0,1
2568-1117,2568,2568-S6-P7,6,practice,2025-07-01 19:00:00,81.2,1
2568-1117,2568,2568-S1-P8,1,practice,2025-07-22 22:00:00,71.9,1
2568-1117,2568,2568-S4-P8,4,practice,2025-07-24 20:00:00,71.0,1
2568-1117,2568,2568-S5-P8,5,practice,2025-07-23 19:00:00,86.6,1
2568-1117,2568,2568-S6-P8,6,practice,2025-07-27 16:00:00,42.2,0
2568-1117,2568,2568-S1-C4,1,checkpoint,2025-08-07 19:00:00,71.4,1
2568-1117,2568,2568-S4-C4,4,checkpoint,2025-08-07 22:00:00,68.9,1
2568-1117,2568,2568-S4-P9,4,practice,2025-08-12 19:00:00,84.8,1
2568-1117,2568,2568-S5-P9,5,practice,2025-08-16 22:00:00,78.6,1
2568-1117,2568,2568-S6-P9,6,practice,2025-08-11 20:00:00,91.2,1
2568-1118,2568,2568-S1-P2,1,practice,2025-03-19 19:00:00,82.5,1
2568-1118,2568,2568-S5-P2,5,practice,2025-03-21 20:00:00,63.7,1
2568-1118,2568,2568-S6-P2,6,practice,2025-03-21 19:00:00,69.0,1
2568-1118,2568,2568-S1-C1,1,checkpoint,2025-04-02 18:00:00,69.7,1
2568-1118,2568,2568-S4-C1,4,checkpoint,2025-03-31 20:00:00,75.4,1
2568-1118,2568,2568-S1-P3,1,practice,2025-04-12 21:00:00,70.7,1
2568-1118,2568,2568-S5-P3,5,practice,2025-04-11 17:00:00,68.9,1
2568-1118,2568,2568-S6-P3,6,practice,2025-04-10 17:00:00,77.3,1
2568-1118,2568,2568-S1-P4,1,practice,2025-05-04 19:00:00,53.7,1
2568-1118,2568,2568-S5-P4,5,practice,2025-05-01 21:00:00,68.5,1
2568-1118,2568,2568-S6-P4,6,practice,2025-04-30 22:00:00,100.0,1
2568-1118,2568,2568-S4-C2,4,checkpoint,2025-05-16 22:00:00,72.6,1
2568-1118,2568,2568-S5-C2,5,checkpoint,2025-05-13 21:00:00,81.2,1
2568-1118,2568,2568-S5-P5,5,practice,2025-05-24 21:00:00,65.3,1
2568-1118,2568,2568-S1-P6,1,practice,2025-06-10 21:00:00,79.0,1
2568-1118,2568,2568-S4-P6,4,practice,2025-06-13 17:00:00,85.8,1
2568-1118,2568,2568-S6-P6,6,practice,2025-06-11 17:00:00,63.3,1
2568-1118,2568,2568-S4-C3,4,checkpoint,2025-06-25 22:00:00,96.9,1
2568-1118,2568,2568-S5-C3,5,checkpoint,2025-06-29 18:00:00,81.3,1
2568-1118,2568,2568-S5-P7,5,practice,2025-07-06 21:00:00,73.5,1
2568-1118,2568,2568-S6-P7,6,practice,2025-07-06 18:00:00,63.0,1
2568-1118,2568,2568-S1-P8,1,practice,2025-07-25 20:00:00,60.8,1
2568-1118,2568,2568-S6-P8,6,practice,2025-07-22 22:00:00,84.3,1
2568-1119,2568,2568-S1-P3,1,practice,2025-04-11 20:00:00,59.0,1
2568-1119,2568,2568-S5-P3,5,practice,2025-04-13 22:00:00,81.9,1
2568-1119,2568,2568-S6-P3,6,practice,2025-04-09 21:00:00,88.8,1
2568-1119,2568,2568-S1-P4,1,practice,2025-04-30 17:00:00,76.3,1
2568-1119,2568,2568-S4-P4,4,practice,2025-05-03 17:00:00,84.4,1
2568-1119,2568,2568-S5-P4,5,practice,2025-05-04 21:00:00,86.2,1
2568-1119,2568,2568-S6-P4,6,practice,2025-04-30 20:00:00,62.7,1
2568-1119,2568,2568-S4-C2,4,checkpoint,2025-05-12 22:00:00,67.1,1
2568-1119,2568,2568-S1-P5,1,practice,2025-05-25 20:00:00,86.7,1
2568-1119,2568,2568-S4-P5,4,practice,2025-05-24 19:00:00,71.1,1
2568-1119,2568,2568-S5-P5,5,practice,2025-05-21 21:00:00,60.1,1
2568-1119,2568,2568-S1-P6,1,practice,2025-06-14 18:00:00,82.5,1
2568-1119,2568,2568-S5-P6,5,practice,2025-06-11 21:00:00,83.5,1
2568-1119,2568,2568-S6-P6,6,practice,2025-06-12 16:00:00,82.8,1
2568-1119,2568,2568-S1-C3,1,checkpoint,2025-06-26 22:00:00,88.5,1
2568-1119,2568,2568-S4-C3,4,checkpoint,2025-06-29 20:00:00,62.3,1
2568-1119,2568,2568-S5-C3,5,checkpoint,2025-06-26 18:00:00,64.5,1
2568-1119,2568,2568-S1-P7,1,practice,2025-07-06 16:00:00,86.8,1
2568-1119,2568,2568-S4-P7,4,practice,2025-07-05 17:00:00,72.5,1
2568-1119,2568,2568-S1-P8,1,practice,2025-07-27 16:00:00,81.7,1
2568-1119,2568,2568-S4-P8,4,practice,2025-07-27 18:00:00,95.0,1
2568-1119,2568,2568-S6-P8,6,practice,2025-07-25 18:00:00,78.2,1
2568-1119,2568,2568-S1-C4,1,checkpoint,2025-08-06 20:00:00,65.4,1
2568-1119,2568,2568-S5-C4,5,checkpoint,2025-08-04 17:00:00,96.0,1
2568-1119,2568,2568-S6-C4,6,checkpoint,2025-08-05 17:00:00,80.8,1
2568-1119,2568,2568-S1-P9,1,practice,2025-08-16 18:00:00,62.2,1
2568-1119,2568,2568-S4-P9,4,practice,2025-08-16 20:00:00,79.5,1
2568-1119,2568,2568-S6-P9,6,practice,2025-08-13 19:00:00,78.3,1
2568-1120,2568,2568-S1-P6,1,practice,2025-06-12 18:00:00,99.8,1
2568-1120,2568,2568-S4-P6,4,practice,2025-06-10 22:00:00,72.3,1
2568-1120,2568,2568-S6-P6,6,practice,2025-06-14 20:00:00,94.4,1
2568-1120,2568,2568-S4-C3,4,checkpoint,2025-06-27 21:00:00,76.9,1
2568-1120,2568,2568-S6-C3,6,checkpoint,2025-06-27 19:00:00,86.7,1
2568-1120,2568,2568-S1-P7,1,practice,2025-07-04 16:00:00,77.1,1
2568-1120,2568,2568-S4-P7,4,practice,2025-07-05 21:00:00,68.9,1
2568-1120,2568,2568-S6-P7,6,practice,2025-06-30 21:00:00,100.0,1
2568-1121,2568,2568-S4-P3,4,practice,2025-04-08 17:00:00,90.8,1
2568-1121,2568,2568-S5-P3,5,practice,2025-04-11 18:00:00,79.8,1
2568-1121,2568,2568-S1-P4,1,practice,2025-04-30 18:00:00,81.7,1
2568-1121,2568,2568-S5-P4,5,practice,2025-05-01 19:00:00,76.6,1
2568-1121,2568,2568-S6-P4,6,practice,2025-05-02 16:00:00,65.2,1
2568-1122,2568,2568-S4-P2,4,practice,2025-03-19 16:00:00,78.7,1
2568-1122,2568,2568-S5-P2,5,practice,2025-03-19 16:00:00,72.2,1
2568-1122,2568,2568-S6-P2,6,practice,2025-03-21 17:00:00,70.3,1
2568-1122,2568,2568-S1-C1,1,checkpoint,2025-04-06 17:00:00,59.7,1
2568-1122,2568,2568-S4-C1,4,checkpoint,2025-04-05 17:00:00,71.2,1
2568-1122,2568,2568-S5-C1,5,checkpoint,2025-04-01 20:00:00,66.3,1
2568-1122,2568,2568-S1-P3,1,practice,2025-04-12 21:00:00,57.3,1
2568-1122,2568,2568-S4-P3,4,practice,2025-04-07 21:00:00,70.9,1
2568-1122,2568,2568-S5-P3,5,practice,2025-04-13 18:00:00,73.8,1
2568-1122,2568,2568-S6-P3,6,practice,2025-04-07 18:00:00,58.5,1
2568-1122,2568,2568-S1-P4,1,practice,2025-05-03 20:00:00,54.0,1
2568-1122,2568,2568-S4-P4,4,practice,2025-05-02 19:00:00,61.7,1
2568-1122,2568,2568-S5-P4,5,practice,2025-04-30 18:00:00,74.0,1
2568-1122,2568,2568-S1-C2,1,checkpoint,2025-05-15 22:00:00,57.6,1
2568-1122,2568,2568-S4-C2,4,checkpoint,2025-05-16 17:00:00,62.7,1
2568-1122,2568,2568-S6-C2,6,checkpoint,2025-05-13 20:00:00,74.5,1
2568-1122,2568,2568-S6-P5,6,practice,2025-05-23 22:00:00,70.9,1
2568-1122,2568,2568-S5-P6,5,practice,2025-06-15 22:00:00,78.7,1
2568-1122,2568,2568-S6-P6,6,practice,2025-06-09 16:00:00,79.1,1
2568-1122,2568,2568-S1-C3,1,checkpoint,2025-06-28 20:00:00,70.5,1
2568-1122,2568,2568-S4-C3,4,checkpoint,2025-06-26 20:00:00,82.3,1
2568-1122,2568,2568-S6-P8,6,practice,2025-07-24 19:00:00,62.0,1
2568-1122,2568,2568-S5-C4,5,checkpoint,2025-08-09 17:00:00,77.2,1
2568-1122,2568,2568-S6-C4,6,checkpoint,2025-08-04 18:00:00,75.1,1
2568-1122,2568,2568-S4-P9,4,practice,2025-08-14 21:00:00,73.5,1
2568-1122,2568,2568-S5-P9,5,practice,2025-08-14 20:00:00,90.1,1
2568-1122,2568,2568-S6-P9,6,practice,2025-08-15 21:00:00,71.3,1
2568-1123,2568,2568-S4-P2,4,practice,2025-03-20 16:00:00,60.8,1
2568-1123,2568,2568-S4-C1,4,checkpoint,2025-04-05 22:00:00,58.6,1
2568-1123,2568,2568-S1-P3,1,practice,2025-04-07 19:00:00,72.7,1
2568-1123,2568,2568-S4-P3,4,practice,2025-04-13 21:00:00,60.8,1
2568-1123,2568,2568-S1-P4,1,practice,2025-05-01 18:00:00,65.2,1
2568-1123,2568,2568-S4-P4,4,practice,2025-04-28 17:00:00,75.5,1
2568-1123,2568,2568-S1-C2,1,checkpoint,2025-05-16 22:00:00,68.2,1
2568-1123,2568,2568-S5-C2,5,checkpoint,2025-05-15 17:00:00,55.4,1
2568-1123,2568,2568-S6-C2,6,checkpoint,2025-05-15 21:00:00,70.3,1
2568-1123,2568,2568-S1-P6,1,practice,2025-06-10 19:00:00,83.7,1
2568-1123,2568,2568-S6-C3,6,checkpoint,2025-06-26 19:00:00,68.6,1
2568-1123,2568,2568-S4-P7,4,practice,2025-06-30 17:00:00,75.8,1
2568-1123,2568,2568-S5-P7,5,practice,2025-07-02 22:00:00,73.0,1
2568-1123,2568,2568-S6-P7,6,practice,2025-06-30 18:00:00,75.2,1
2568-1123,2568,2568-S1-P8,1,practice,2025-07-23 17:00:00,87.7,1
2568-1123,2568,2568-S1-C4,1,checkpoint,2025-08-06 16:00:00,56.2,1
2568-1123,2568,2568-S5-C4,5,checkpoint,2025-08-04 22:00:00,85.7,1
2568-1123,2568,2568-S6-P9,6,practice,2025-08-15 22:00:00,50.7,1
2568-1124,2568,2568-S1-P2,1,practice,2025-03-17 17:00:00,79.0,1
2568-1124,2568,2568-S4-P2,4,practice,2025-03-23 22:00:00,68.5,1
2568-1124,2568,2568-S1-C1,1,checkpoint,2025-04-01 17:00:00,74.4,1
2568-1124,2568,2568-S4-C1,4,checkpoint,2025-04-01 21:00:00,70.4,1
2568-1124,2568,2568-S5-P3,5,practice,2025-04-12 20:00:00,83.8,1
2568-1124,2568,2568-S6-P3,6,practice,2025-04-13 18:00:00,70.2,1
2568-1124,2568,2568-S1-P4,1,practice,2025-04-30 19:00:00,98.8,1
2568-1124,2568,2568-S6-P4,6,practice,2025-05-03 18:00:00,61.2,1
2568-1124,2568,2568-S4-C2,4,checkpoint,2025-05-16 17:00:00,80.9,1
2568-1124,2568,2568-S5-C2,5,checkpoint,2025-05-15 16:00:00,57.0,1
2568-1124,2568,2568-S6-C2,6,checkpoint,2025-05-18 22:00:00,86.5,1
2568-1124,2568,2568-S4-P5,4,practice,2025-05-24 17:00:00,66.6,1
2568-1124,2568,2568-S4-P6,4,practice,2025-06-14 17:00:00,69.6,1
2568-1124,2568,2568-S6-P6,6,practice,2025-06-12 19:00:00,72.5,1
2568-1124,2568,2568-S4-C3,4,checkpoint,2025-06-24 21:00:00,92.2,1
2568-1124,2568,2568-S1-P7,1,practice,2025-07-03 22:00:00,88.4,1
2568-1124,2568,2568-S4-P7,4,practice,2025-07-01 21:00:00,61.5,1
2568-1124,2568,2568-S5-P7,5,practice,2025-06-30 17:00:00,69.2,1
2568-1124,2568,2568-S6-P7,6,practice,2025-07-01 20:00:00,53.3,1
2568-1124,2568,2568-S1-P8,1,practice,2025-07-24 20:00:00,88.7,1
2568-1124,2568,2568-S4-P8,4,practice,2025-07-24 21:00:00,85.5,1
2568-1124,2568,2568-S5-P8,5,practice,2025-07-25 20:00:00,74.2,1
2568-1124,2568,2568-S6-P8,6,practice,2025-07-23 20:00:00,80.4,1
2568-1124,2568,2568-S4-C4,4,checkpoint,2025-08-08 22:00:00,98.4,1
2568-1124,2568,2568-S5-C4,5,checkpoint,2025-08-07 21:00:00,85.4,1
2568-1124,2568,2568-S6-C4,6,checkpoint,2025-08-07 18:00:00,90.3,1
2568-1124,2568,2568-S1-P9,1,practice,2025-08-16 17:00:00,56.0,1
2568-1124,2568,2568-S4-P9,4,practice,2025-08-17 19:00:00,73.2,1
2568-1124,2568,2568-S5-P9,5,practice,2025-08-12 18:00:00,71.6,1
2568-1124,2568,2568-S6-P9,6,practice,2025-08-13 17:00:00,56.4,1
2568-1125,2568,2568-S1-P2,1,practice,2025-03-20 18:00:00,77.1,1
2568-1125,2568,2568-S4-P2,4,practice,2025-03-21 22:00:00,82.1,1
2568-1125,2568,2568-S5-P2,5,practice,2025-03-21 20:00:00,74.2,1
2568-1125,2568,2568-S6-P2,6,practice,2025-03-18 16:00:00,91.9,1
2568-1125,2568,2568-S5-C1,5,checkpoint,2025-04-05 17:00:00,87.7,1
2568-1125,2568,2568-S1-P3,1,practice,2025-04-09 22:00:00,60.5,1
2568-1125,2568,2568-S6-P3,6,practice,2025-04-07 17:00:00,90.6,1
2568-1125,2568,2568-S4-P4,4,practice,2025-04-28 18:00:00,66.5,1
2568-1125,2568,2568-S5-P4,5,practice,2025-04-28 17:00:00,66.3,1
2568-1125,2568,2568-S1-C2,1,checkpoint,2025-05-13 22:00:00,77.8,1
2568-1125,2568,2568-S4-C2,4,checkpoint,2025-05-16 18:00:00,78.3,1
2568-1125,2568,2568-S5-C2,5,checkpoint,2025-05-14 20:00:00,80.7,1
2568-1125,2568,2568-S5-P5,5,practice,2025-05-23 20:00:00,92.3,1
2568-1125,2568,2568-S6-P5,6,practice,2025-05-21 21:00:00,67.9,1
2568-1125,2568,2568-S5-P6,5,practice,2025-06-13 17:00:00,75.2,1
2568-1125,2568,2568-S6-P6,6,practice,2025-06-11 20:00:00,79.8,1
2568-1125,2568,2568-S1-C3,1,checkpoint,2025-06-28 17:00:00,82.5,1
2568-1125,2568,2568-S4-C3,4,checkpoint,2025-06-29 22:00:00,80.1,1
2568-1125,2568,2568-S6-C3,6,checkpoint,2025-06-27 19:00:00,81.7,1
2568-1125,2568,2568-S1-P7,1,practice,2025-07-03 17:00:00,68.9,1
2568-1125,2568,2568-S4-P7,4,practice,2025-07-04 20:00:00,68.6,1
2568-1125,2568,2568-S4-P8,4,practice,2025-07-21 18:00:00,75.4,1
2568-1125,2568,2568-S6-P8,6,practice,2025-07-24 19:00:00,79.7,1
2568-1125,2568,2568-S1-C4,1,checkpoint,2025-08-05 22:00:00,65.1,1
2568-1125,2568,2568-S4-C4,4,checkpoint,2025-08-08 20:00:00,75.1,1
2568-1125,2568,2568-S5-C4,5,checkpoint,2025-08-08 18:00:00,93.8,1
2568-1125,2568,2568-S6-C4,6,checkpoint,2025-08-06 21:00:00,86.1,1
2568-1125,2568,2568-S1-P9,1,practice,2025-08-13 21:00:00,99.2,1
2568-1125,2568,2568-S4-P9,4,practice,2025-08-15 19:00:00,72.4,1
2568-1125,2568,2568-S5-P9,5,practice,2025-08-17 21:00:00,66.6,1
2568-1125,2568,2568-S6-P9,6,practice,2025-08-16 22:00:00,89.1,1
2568-1126,2568,2568-S1-P3,1,practice,2025-04-09 19:00:00,80.8,1
2568-1126,2568,2568-S4-P3,4,practice,2025-04-09 16:00:00,87.0,1
2568-1126,2568,2568-S5-P3,5,practice,2025-04-07 21:00:00,92.7,1
2568-1126,2568,2568-S6-P3,6,practice,2025-04-07 20:00:00,72.9,1
2568-1126,2568,2568-S4-P4,4,practice,2025-04-30 18:00:00,87.0,1
2568-1126,2568,2568-S4-P5,4,practice,2025-05-20 20:00:00,59.8,1
2568-1126,2568,2568-S6-P5,6,practice,2025-05-20 18:00:00,60.0,1
2568-1126,2568,2568-S1-P6,1,practice,2025-06-11 21:00:00,71.2,1
2568-1126,2568,2568-S4-P6,4,practice,2025-06-14 18:00:00,52.5,1
2568-1126,2568,2568-S5-P6,5,practice,2025-06-11 22:00:00,84.1,1
2568-1126,2568,2568-S6-P6,6,practice,2025-06-13 19:00:00,88.6,1
2568-1126,2568,2568-S4-C3,4,checkpoint,2025-06-23 20:00:00,81.9,1
2568-1126,2568,2568-S5-P7,5,practice,2025-07-05 18:00:00,67.6,1
2568-1126,2568,2568-S6-P7,6,practice,2025-07-03 16:00:00,83.4,1
2568-1127,2568,2568-S1-C2,1,checkpoint,2025-05-17 22:00:00,73.8,1
2568-1127,2568,2568-S4-C2,4,checkpoint,2025-05-16 21:00:00,58.7,1
2568-1127,2568,2568-S6-C2,6,checkpoint,2025-05-17 20:00:00,66.5,1
2568-1127,2568,2568-S1-P5,1,practice,2025-05-20 16:00:00,89.6,1
2568-1127,2568,2568-S1-P6,1,practice,2025-06-09 17:00:00,65.1,1
2568-1127,2568,2568-S4-P6,4,practice,2025-06-09 22:00:00,86.2,1
2568-1127,2568,2568-S6-P6,6,practice,2025-06-12 22:00:00,65.8,1
2568-1127,2568,2568-S1-C3,1,checkpoint,2025-06-23 18:00:00,73.3,1
2568-1127,2568,2568-S5-C3,5,checkpoint,2025-06-25 16:00:00,66.3,1
2568-1127,2568,2568-S6-C3,6,checkpoint,2025-06-26 20:00:00,85.7,1
2568-1127,2568,2568-S1-P7,1,practice,2025-06-30 17:00:00,58.1,1
2568-1127,2568,2568-S4-P7,4,practice,2025-06-30 21:00:00,50.0,0
2568-1127,2568,2568-S6-P7,6,practice,2025-07-01 22:00:00,73.1,1
2568-1127,2568,2568-S1-P8,1,practice,2025-07-25 17:00:00,71.3,1
2568-1127,2568,2568-S5-P8,5,practice,2025-07-22 20:00:00,70.9,1
2568-1127,2568,2568-S6-P8,6,practice,2025-07-22 22:00:00,81.5,1
2568-1127,2568,2568-S1-C4,1,checkpoint,2025-08-05 22:00:00,82.3,1
2568-1127,2568,2568-S4-C4,4,checkpoint,2025-08-09 17:00:00,63.6,1
2568-1127,2568,2568-S6-C4,6,checkpoint,2025-08-05 18:00:00,67.0,1
2568-1127,2568,2568-S5-P9,5,practice,2025-08-12 18:00:00,55.0,1
2568-1128,2568,2568-S1-P3,1,practice,2025-04-13 18:00:00,81.6,1
2568-1128,2568,2568-S4-P3,4,practice,2025-04-13 21:00:00,76.9,1
2568-1128,2568,2568-S1-P4,1,practice,2025-04-29 18:00:00,66.4,1
2568-1128,2568,2568-S4-P4,4,practice,2025-04-29 17:00:00,62.3,1
2568-1128,2568,2568-S1-P5,1,practice,2025-05-21 20:00:00,92.5,1
2568-1128,2568,2568-S4-P5,4,practice,2025-05-19 16:00:00,86.3,1
2568-1128,2568,2568-S1-P6,1,practice,2025-06-11 20:00:00,76.8,1
2568-1128,2568,2568-S4-P6,4,practice,2025-06-12 16:00:00,76.8,1
2568-1128,2568,2568-S1-C3,1,checkpoint,2025-06-25 21:00:00,60.6,1
2568-1128,2568,2568-S4-C3,4,checkpoint,2025-06-25 18:00:00,84.3,1
2568-1128,2568,2568-S1-P7,1,practice,2025-07-03 17:00:00,72.9,1
2568-1128,2568,2568-S4-P7,4,practice,2025-07-01 17:00:00,76.3,1
2568-1128,2568,2568-S1-P8,1,practice,2025-07-25 21:00:00,65.0,1
2568-1128,2568,2568-S4-P8,4,practice,2025-07-25 18:00:00,71.4,1
2568-1128,2568,2568-S1-C4,1,checkpoint,2025-08-09 20:00:00,76.9,1
2568-1128,2568,2568-S4-C4,4,checkpoint,2025-08-04 22:00:00,79.5,1
2568-1128,2568,2568-S1-P9,1,practice,2025-08-13 20:00:00,81.5,1
2568-1128,2568,2568-S4-P9,4,practice,2025-08-17 21:00:00,95.4,1
2568-1129,2568,2568-S1-P3,1,practice,2025-04-08 21:00:00,82.0,1
2568-1129,2568,2568-S4-P3,4,practice,2025-04-11 19:00:00,92.4,1
2568-1129,2568,2568-S5-P3,5,practice,2025-04-13 19:00:00,100.0,1
2568-1129,2568,2568-S6-P3,6,practice,2025-04-13 18:00:00,61.8,1
2568-1129,2568,2568-S1-P4,1,practice,2025-04-29 22:00:00,83.6,1
2568-1129,2568,2568-S4-P4,4,practice,2025-04-29 20:00:00,100.0,1
2568-1129,2568,2568-S5-P4,5,practice,2025-04-28 18:00:00,74.8,1
2568-1129,2568,2568-S6-P4,6,practice,2025-05-04 19:00:00,79.4,1
2568-1129,2568,2568-S1-C2,1,checkpoint,2025-05-14 18:00:00,93.4,1
2568-1129,2568,2568-S4-C2,4,checkpoint,2025-05-14 16:00:00,60.4,1
2568-1129,2568,2568-S5-C2,5,checkpoint,2025-05-17 21:00:00,90.7,1
2568-1129,2568,2568-S6-C2,6,checkpoint,2025-05-15 18:00:00,87.1,1
2568-1129,2568,2568-S1-P5,1,practice,2025-05-24 19:00:00,100.0,1
2568-1129,2568,2568-S4-P5,4,practice,2025-05-19 22:00:00,89.5,1
2568-1129,2568,2568-S5-P5,5,practice,2025-05-22 20:00:00,69.9,1
2568-1129,2568,2568-S6-P5,6,practice,2025-05-22 17:00:00,85.1,1
2568-1129,2568,2568-S1-P6,1,practice,2025-06-13 17:00:00,95.8,1
2568-1129,2568,2568-S4-P6,4,practice,2025-06-11 21:00:00,79.3,1
2568-1129,2568,2568-S5-P6,5,practice,2025-06-13 19:00:00,100.0,1
2568-1129,2568,2568-S1-C3,1,checkpoint,2025-06-24 22:00:00,98.8,1
2568-1129,2568,2568-S4-C3,4,checkpoint,2025-06-24 22:00:00,89.4,1
2568-1129,2568,2568-S5-C3,5,checkpoint,2025-06-24 20:00:00,88.4,1
2568-1129,2568,2568-S6-C3,6,checkpoint,2025-06-25 21:00:00,89.6,1
2568-1129,2568,2568-S1-P7,1,practice,2025-06-30 18:00:00,78.1,1
2568-1129,2568,2568-S4-P7,4,practice,2025-07-03 20:00:00,71.4,1
2568-1129,2568,2568-S6-P7,6,practice,2025-07-02 16:00:00,100.0,1
2568-1129,2568,2568-S1-P8,1,practice,2025-07-22 22:00:00,95.9,1
2568-1129,2568,2568-S4-P8,4,practice,2025-07-27 17:00:00,86.3,1
2568-1129,2568,2568-S6-P8,6,practice,2025-07-24 18:00:00,63.4,1
2568-1129,2568,2568-S4-C4,4,checkpoint,2025-08-05 21:00:00,76.9,1
2568-1129,2568,2568-S1-P9,1,practice,2025-08-11 19:00:00,92.1,1
2568-1129,2568,2568-S4-P9,4,practice,2025-08-15 17:00:00,84.1,1
2568-1129,2568,2568-S6-P9,6,practice,2025-08-14 16:00:00,92.1,1
2568-1130,2568,2568-S4-P2,4,practice,2025-03-17 16:00:00,100.0,1
2568-1130,2568,2568-S5-P2,5,practice,2025-03-17 17:00:00,70.6,1
2568-1130,2568,2568-S5-C1,5,checkpoint,2025-04-03 18:00:00,84.6,1
2568-1130,2568,2568-S5-P3,5,practice,2025-04-11 21:00:00,50.4,1
2568-1130,2568,2568-S6-P3,6,practice,2025-04-09 22:00:00,67.4,1
2568-1130,2568,2568-S4-P4,4,practice,2025-05-02 20:00:00,94.2,1
2568-1130,2568,2568-S5-P4,5,practice,2025-05-03 18:00:00,79.1,1
2568-1130,2568,2568-S4-C2,4,checkpoint,2025-05-12 22:00:00,90.2,1
2568-1130,2568,2568-S5-C2,5,checkpoint,2025-05-12 18:00:00,71.4,1
2568-1130,2568,2568-S6-C2,6,checkpoint,2025-05-13 22:00:00,95.8,1
2568-1130,2568,2568-S6-P5,6,practice,2025-05-25 20:00:00,85.1,1
2568-1130,2568,2568-S4-P6,4,practice,2025-06-14 19:00:00,55.8,1
2568-1130,2568,2568-S5-P6,5,practice,2025-06-12 20:00:00,87.1,1
2568-1130,2568,2568-S5-C3,5,checkpoint,2025-06-29 16:00:00,65.3,1
2568-1130,2568,2568-S6-C3,6,checkpoint,2025-06-27 17:00:00,98.2,1
2568-1130,2568,2568-S4-P7,4,practice,2025-06-30 18:00:00,75.2,1
2568-1130,2568,2568-S6-P7,6,practice,2025-07-04 18:00:00,89.0,1
2568-1130,2568,2568-S4-P8,4,practice,2025-07-23 18:00:00,82.6,1
2568-1130,2568,2568-S5-C4,5,checkpoint,2025-08-07 19:00:00,66.6,1
2568-1130,2568,2568-S4-P9,4,practice,2025-08-17 20:00:00,87.7,1
2568-1130,2568,2568-S5-P9,5,practice,2025-08-16 22:00:00,77.4,1
2568-1130,2568,2568-S6-P9,6,practice,2025-08-14 20:00:00,69.2,1
2568-1131,2568,2568-S1-P2,1,practice,2025-03-22 19:00:00,86.3,1
2568-1131,2568,2568-S6-P2,6,practice,2025-03-17 17:00:00,100.0,1
2568-1131,2568,2568-S4-C1,4,checkpoint,2025-04-02 22:00:00,91.9,1
2568-1131,2568,2568-S5-C1,5,checkpoint,2025-04-04 20:00:00,75.9,1
2568-1131,2568,2568-S6-C1,6,checkpoint,2025-04-06 21:00:00,89.8,1
2568-1131,2568,2568-S1-P3,1,practice,2025-04-09 17:00:00,84.4,1
2568-1131,2568,2568-S4-P3,4,practice,2025-04-13 17:00:00,73.3,1
2568-1131,2568,2568-S5-P3,5,practice,2025-04-07 16:00:00,97.6,1
2568-1131,2568,2568-S6-P3,6,practice,2025-04-12 16:00:00,77.3,1
2568-1131,2568,2568-S1-P4,1,practice,2025-04-30 22:00:00,83.8,1
2568-1131,2568,2568-S4-P4,4,practice,2025-05-02 21:00:00,82.1,1
2568-1131,2568,2568-S5-P4,5,practice,2025-05-04 16:00:00,82.0,1
2568-1131,2568,2568-S6-P4,6,practice,2025-04-28 17:00:00,78.0,1
2568-1131,2568,2568-S4-C2,4,checkpoint,2025-05-17 21:00:00,80.9,1
2568-1131,2568,2568-S5-C2,5,checkpoint,2025-05-15 20:00:00,69.5,1
2568-1131,2568,2568-S6-C2,6,checkpoint,2025-05-15 20:00:00,95.1,1
2568-1131,2568,2568-S4-P5,4,practice,2025-05-25 17:00:00,82.9,1
2568-1131,2568,2568-S5-P5,5,practice,2025-05-24 20:00:00,79.8,1
2568-1131,2568,2568-S6-P5,6,practice,2025-05-19 16:00:00,84.0,1
2568-1131,2568,2568-S1-P6,1,practice,2025-06-11 21:00:00,66.8,1
2568-1131,2568,2568-S4-P6,4,practice,2025-06-15 18:00:00,81.4,1
2568-1131,2568,2568-S5-P6,5,practice,2025-06-13 18:00:00,97.8,1
2568-1131,2568,2568-S6-P6,6,practice,2025-06-09 19:00:00,76.5,1
2568-1131,2568,2568-S1-C3,1,checkpoint,2025-06-24 20:00:00,93.6,1
2568-1131,2568,2568-S4-C3,4,checkpoint,2025-06-24 19:00:00,99.9,1
2568-1131,2568,2568-S5-C3,5,checkpoint,2025-06-29 19:00:00,85.2,1
2568-1131,2568,2568-S1-P7,1,practice,2025-07-02 22:00:00,60.9,1
2568-1131,2568,2568-S4-P7,4,practice,2025-07-05 16:00:00,78.3,1
2568-1131,2568,2568-S5-P7,5,practice,2025-07-02 18:00:00,73.1,1
2568-1131,2568,2568-S6-P7,6,practice,2025-07-02 18:00:00,87.4,1
2568-1131,2568,2568-S1-P8,1,practice,2025-07-25 22:00:00,75.9,1
2568-1131,2568,2568-S4-P8,4,practice,2025-07-24 20:00:00,77.1,1
2568-1131,2568,2568-S5-P8,5,practice,2025-07-23 16:00:00,87.2,1
2568-1131,2568,2568-S6-P8,6,practice,2025-07-25 21:00:00,59.5,1
2568-1131,2568,2568-S5-C4,5,checkpoint,2025-08-09 16:00:00,78.6,1
2568-1131,2568,2568-S6-C4,6,checkpoint,2025-08-09 20:00:00,87.1,1
2568-1131,2568,2568-S5-P9,5,practice,2025-08-11 22:00:00,81.5,1
2568-1131,2568,2568-S6-P9,6,practice,2025-08-16 22:00:00,76.9,1
2568-1132,2568,2568-S1-P2,1,practice,2025-03-22 19:00:00,78.8,1
2568-1132,2568,2568-S4-P2,4,practice,2025-03-17 16:00:00,95.7,1
2568-1132,2568,2568-S5-P2,5,practice,2025-03-21 19:00:00,95.5,1
2568-1132,2568,2568-S6-P2,6,practice,2025-03-17 16:00:00,79.0,1
2568-1132,2568,2568-S1-C1,1,checkpoint,2025-04-01 20:00:00,98.3,1
2568-1132,2568,2568-S4-C1,4,checkpoint,2025-04-04 19:00:00,97.2,1
2568-1132,2568,2568-S5-C1,5,checkpoint,2025-04-01 21:00:00,83.4,1
2568-1132,2568,2568-S6-C1,6,checkpoint,2025-03-31 16:00:00,97.0,1
2568-1132,2568,2568-S4-P3,4,practice,2025-04-08 19:00:00,91.5,1
2568-1132,2568,2568-S5-P3,5,practice,2025-04-09 22:00:00,89.2,1
2568-1132,2568,2568-S6-P3,6,practice,2025-04-13 18:00:00,70.5,1
2568-1132,2568,2568-S1-P4,1,practice,2025-04-29 18:00:00,91.5,1
2568-1132,2568,2568-S4-P4,4,practice,2025-05-02 16:00:00,91.0,1
2568-1132,2568,2568-S6-P4,6,practice,2025-05-01 20:00:00,95.0,1
2568-1132,2568,2568-S1-C2,1,checkpoint,2025-05-15 16:00:00,87.6,1
2568-1132,2568,2568-S4-C2,4,checkpoint,2025-05-17 19:00:00,86.8,1
2568-1132,2568,2568-S5-C2,5,checkpoint,2025-05-16 16:00:00,67.8,1
2568-1132,2568,2568-S6-C2,6,checkpoint,2025-05-17 21:00:00,76.9,1
2568-1132,2568,2568-S1-P5,1,practice,2025-05-25 20:00:00,100.0,1
2568-1132,2568,2568-S4-P5,4,practice,2025-05-23 18:00:00,100.0,1
2568-1132,2568,2568-S6-P5,6,practice,2025-05-22 22:00:00,70.0,1
2568-1132,2568,2568-S1-P6,1,practice,2025-06-13 17:00:00,90.1,1
2568-1132,2568,2568-S4-P6,4,practice,2025-06-15 17:00:00,100.0,1
2568-1132,2568,2568-S5-P6,5,practice,2025-06-13 20:00:00,78.4,1
2568-1132,2568,2568-S6-P6,6,practice,2025-06-14 17:00:00,64.8,1
2568-1132,2568,2568-S1-C3,1,checkpoint,2025-06-29 22:00:00,68.7,1
2568-1132,2568,2568-S4-C3,4,checkpoint,2025-06-28 22:00:00,90.3,1
2568-1132,2568,2568-S5-C3,5,checkpoint,2025-06-24 19:00:00,86.2,1
2568-1132,2568,2568-S1-P7,1,practice,2025-07-06 19:00:00,83.9,1
2568-1132,2568,2568-S4-P7,4,practice,2025-07-03 19:00:00,86.7,1
2568-1132,2568,2568-S5-P7,5,practice,2025-06-30 19:00:00,100.0,1
2568-1132,2568,2568-S6-P7,6,practice,2025-06-30 21:00:00,83.7,1
2568-1132,2568,2568-S1-P8,1,practice,2025-07-26 16:00:00,100.0,1
2568-1132,2568,2568-S4-P8,4,practice,2025-07-21 20:00:00,78.6,1
2568-1132,2568,2568-S5-P8,5,practice,2025-07-25 21:00:00,100.0,1
2568-1132,2568,2568-S6-P8,6,practice,2025-07-22 17:00:00,69.3,1
2568-1132,2568,2568-S1-C4,1,checkpoint,2025-08-09 19:00:00,81.1,1
2568-1132,2568,2568-S4-C4,4,checkpoint,2025-08-07 16:00:00,92.2,1
2568-1132,2568,2568-S5-C4,5,checkpoint,2025-08-07 18:00:00,82.0,1
2568-1132,2568,2568-S6-C4,6,checkpoint,2025-08-09 19:00:00,80.4,1
2568-1132,2568,2568-S1-P9,1,practice,2025-08-13 22:00:00,81.1,1
2568-1132,2568,2568-S4-P9,4,practice,2025-08-16 20:00:00,100.0,1
2568-1132,2568,2568-S5-P9,5,practice,2025-08-13 22:00:00,100.0,1
2568-1132,2568,2568-S6-P9,6,practice,2025-08-14 19:00:00,100.0,1
2568-1133,2568,2568-S1-P2,1,practice,2025-03-19 21:00:00,81.8,1
2568-1133,2568,2568-S4-P2,4,practice,2025-03-17 18:00:00,87.8,1
2568-1133,2568,2568-S6-P2,6,practice,2025-03-22 18:00:00,91.2,1
2568-1133,2568,2568-S4-C1,4,checkpoint,2025-04-01 22:00:00,87.1,1
2568-1133,2568,2568-S5-C1,5,checkpoint,2025-04-02 16:00:00,85.9,1
2568-1133,2568,2568-S6-C1,6,checkpoint,2025-04-03 20:00:00,88.7,1
2568-1133,2568,2568-S1-P3,1,practice,2025-04-12 17:00:00,100.0,1
2568-1133,2568,2568-S4-P3,4,practice,2025-04-11 16:00:00,88.2,1
2568-1133,2568,2568-S5-P3,5,practice,2025-04-08 18:00:00,83.8,1
2568-1133,2568,2568-S6-P3,6,practice,2025-04-08 21:00:00,73.0,1
2568-1133,2568,2568-S1-P4,1,practice,2025-04-30 18:00:00,89.1,1
2568-1133,2568,2568-S4-P4,4,practice,2025-05-02 22:00:00,100.0,1
2568-1133,2568,2568-S5-P4,5,practice,2025-04-28 17:00:00,99.5,1
2568-1133,2568,2568-S6-P4,6,practice,2025-05-02 17:00:00,77.7,1
2568-1133,2568,2568-S1-C2,1,checkpoint,2025-05-13 18:00:00,79.2,1
2568-1133,2568,2568-S5-C2,5,checkpoint,2025-05-15 20:00:00,85.1,1
2568-1133,2568,2568-S6-C2,6,checkpoint,2025-05-12 16:00:00,70.4,1
2568-1133,2568,2568-S1-P5,1,practice,2025-05-20 21:00:00,74.2,1
2568-1133,2568,2568-S5-P5,5,practice,2025-05-20 21:00:00,95.3,1
2568-1133,2568,2568-S6-P5,6,practice,2025-05-25 16:00:00,64.3,1
2568-1133,2568,2568-S1-P6,1,practice,2025-06-14 19:00:00,74.6,1
2568-1133,2568,2568-S4-P6,4,practice,2025-06-13 18:00:00,94.6,1
2568-1133,2568,2568-S5-P6,5,practice,2025-06-13 21:00:00,97.0,1
2568-1133,2568,2568-S6-P6,6,practice,2025-06-09 17:00:00,92.0,1
2568-1133,2568,2568-S1-C3,1,checkpoint,2025-06-27 18:00:00,89.0,1
2568-1133,2568,2568-S5-C3,5,checkpoint,2025-06-24 18:00:00,84.2,1
2568-1133,2568,2568-S6-C3,6,checkpoint,2025-06-29 20:00:00,89.5,1
2568-1133,2568,2568-S1-P7,1,practice,2025-07-01 17:00:00,100.0,1
2568-1133,2568,2568-S4-P7,4,practice,2025-07-05 20:00:00,93.3,1
2568-1133,2568,2568-S6-P7,6,practice,2025-07-01 21:00:00,80.8,1
2568-1133,2568,2568-S1-P8,1,practice,2025-07-25 19:00:00,93.1,1
2568-1133,2568,2568-S4-P8,4,practice,2025-07-26 18:00:00,81.4,1
2568-1133,2568,2568-S6-P8,6,practice,2025-07-24 19:00:00,100.0,1
2568-1133,2568,2568-S1-C4,1,checkpoint,2025-08-08 17:00:00,83.1,1
2568-1133,2568,2568-S5-C4,5,checkpoint,2025-08-07 18:00:00,90.7,1
2568-1133,2568,2568-S1-P9,1,practice,2025-08-13 18:00:00,86.0,1
2568-1133,2568,2568-S5-P9,5,practice,2025-08-12 22:00:00,79.9,1
2568-1133,2568,2568-S6-P9,6,practice,2025-08-11 19:00:00,71.8,1
2568-1134,2568,2568-S1-P3,1,practice,2025-04-09 20:00:00,85.2,1
2568-1134,2568,2568-S4-P3,4,practice,2025-04-12 17:00:00,100.0,1
2568-1134,2568,2568-S6-P3,6,practice,2025-04-07 19:00:00,100.0,1
2568-1134,2568,2568-S1-P4,1,practice,2025-04-28 19:00:00,76.3,1
2568-1134,2568,2568-S4-P4,4,practice,2025-05-03 21:00:00,82.3,1
2568-1134,2568,2568-S5-P4,5,practice,2025-05-03 22:00:00,88.0,1
2568-1134,2568,2568-S6-P4,6,practice,2025-04-28 19:00:00,68.8,1
2568-1134,2568,2568-S4-C2,4,checkpoint,2025-05-16 17:00:00,75.5,1
2568-1134,2568,2568-S5-C2,5,checkpoint,2025-05-18 17:00:00,76.5,1
2568-1134,2568,2568-S1-P5,1,practice,2025-05-25 18:00:00,72.0,1
2568-1134,2568,2568-S5-P5,5,practice,2025-05-21 16:00:00,69.3,1
2568-1134,2568,2568-S6-P5,6,practice,2025-05-19 22:00:00,81.9,1
2568-1134,2568,2568-S5-P6,5,practice,2025-06-15 20:00:00,76.2,1
2568-1134,2568,2568-S6-P6,6,practice,2025-06-15 21:00:00,88.7,1
2568-1134,2568,2568-S1-C3,1,checkpoint,2025-06-25 20:00:00,80.9,1
2568-1134,2568,2568-S4-C3,4,checkpoint,2025-06-25 21:00:00,100.0,1
2568-1134,2568,2568-S6-C3,6,checkpoint,2025-06-27 19:00:00,88.9,1
2568-1134,2568,2568-S1-P7,1,practice,2025-07-06 18:00:00,85.0,1
2568-1134,2568,2568-S5-P7,5,practice,2025-07-02 21:00:00,80.6,1
2568-1134,2568,2568-S6-P7,6,practice,2025-07-06 21:00:00,93.0,1
2568-1135,2568,2568-S1-P2,1,practice,2025-03-19 21:00:00,81.2,1
2568-1135,2568,2568-S4-P2,4,practice,2025-03-23 22:00:00,78.5,1
2568-1135,2568,2568-S6-P2,6,practice,2025-03-21 21:00:00,67.4,1
2568-1135,2568,2568-S1-C1,1,checkpoint,2025-04-04 19:00:00,70.3,1
2568-1135,2568,2568-S4-C1,4,checkpoint,2025-04-05 19:00:00,82.4,1
2568-1135,2568,2568-S5-C1,5,checkpoint,2025-04-04 19:00:00,78.9,1
2568-1135,2568,2568-S1-P3,1,practice,2025-04-07 22:00:00,90.3,1
2568-1135,2568,2568-S4-P3,4,practice,2025-04-12 21:00:00,58.2,1
2568-1135,2568,2568-S6-P3,6,practice,2025-04-08 16:00:00,72.1,1
2568-1135,2568,2568-S1-P4,1,practice,2025-05-02 22:00:00,85.9,1
2568-1135,2568,2568-S5-P4,5,practice,2025-04-28 16:00:00,82.3,1
2568-1135,2568,2568-S6-P4,6,practice,2025-05-02 18:00:00,73.0,1
2568-1136,2568,2568-S1-C2,1,checkpoint,2025-05-15 21:00:00,85.6,1
2568-1136,2568,2568-S5-C2,5,checkpoint,2025-05-12 19:00:00,89.7,1
2568-1136,2568,2568-S6-C2,6,checkpoint,2025-05-18 18:00:00,85.5,1
2568-1136,2568,2568-S5-P5,5,practice,2025-05-21 16:00:00,96.7,1
2568-1136,2568,2568-S6-P5,6,practice,2025-05-19 16:00:00,100.0,1
2568-1136,2568,2568-S1-P6,1,practice,2025-06-13 19:00:00,93.2,1
2568-1136,2568,2568-S5-P6,5,practice,2025-06-12 16:00:00,91.6,1
2568-1136,2568,2568-S6-P6,6,practice,2025-06-15 21:00:00,88.2,1
2568-1136,2568,2568-S1-C3,1,checkpoint,2025-06-28 17:00:00,72.9,1
2568-1136,2568,2568-S5-C3,5,checkpoint,2025-06-29 18:00:00,81.1,1
2568-1136,2568,2568-S6-C3,6,checkpoint,2025-06-27 17:00:00,90.0,1
2568-1136,2568,2568-S1-P7,1,practice,2025-07-05 16:00:00,87.5,1
2568-1136,2568,2568-S5-P7,5,practice,2025-07-05 17:00:00,98.4,1
2568-1136,2568,2568-S6-P7,6,practice,2025-07-04 18:00:00,77.4,1
2568-1136,2568,2568-S1-P8,1,practice,2025-07-23 17:00:00,90.9,1
2568-1136,2568,2568-S5-P8,5,practice,2025-07-24 21:00:00,74.9,1
2568-1136,2568,2568-S6-P8,6,practice,2025-07-23 20:00:00,90.3,1
2568-1136,2568,2568-S1-C4,1,checkpoint,2025-08-05 18:00:00,73.9,1
2568-1136,2568,2568-S5-C4,5,checkpoint,2025-08-09 16:00:00,100.0,1
2568-1136,2568,2568-S1-P9,1,practice,2025-08-14 22:00:00,72.0,1
2568-1136,2568,2568-S5-P9,5,practice,2025-08-12 18:00:00,94.5,1
2568-1136,2568,2568-S6-P9,6,practice,2025-08-13 20:00:00,68.6,1
2568-1137,2568,2568-S1-P2,1,practice,2025-03-23 21:00:00,93.4,1
2568-1137,2568,2568-S4-P2,4,practice,2025-03-23 18:00:00,71.1,1
2568-1137,2568,2568-S5-P2,5,practice,2025-03-22 18:00:00,86.5,1
2568-1137,2568,2568-S6-P2,6,practice,2025-03-23 16:00:00,69.2,1
2568-1137,2568,2568-S1-C1,1,checkpoint,2025-04-02 21:00:00,100.0,1
2568-1137,2568,2568-S4-C1,4,checkpoint,2025-04-01 21:00:00,72.9,1
2568-1137,2568,2568-S5-C1,5,checkpoint,2025-04-01 21:00:00,72.3,1
2568-1137,2568,2568-S4-P3,4,practice,2025-04-13 20:00:00,80.2,1
2568-1137,2568,2568-S6-P3,6,practice,2025-04-13 16:00:00,81.7,1
2568-1137,2568,2568-S1-P4,1,practice,2025-05-01 16:00:00,95.5,1
2568-1137,2568,2568-S6-P4,6,practice,2025-05-01 21:00:00,100.0,1
2568-1137,2568,2568-S1-C2,1,checkpoint,2025-05-18 21:00:00,89.8,1
2568-1137,2568,2568-S5-C2,5,checkpoint,2025-05-16 16:00:00,72.3,1
2568-1137,2568,2568-S6-C2,6,checkpoint,2025-05-12 22:00:00,89.3,1
2568-1137,2568,2568-S1-P5,1,practice,2025-05-25 16:00:00,67.2,1
2568-1137,2568,2568-S4-P5,4,practice,2025-05-23 21:00:00,94.4,1
2568-1137,2568,2568-S5-P5,5,practice,2025-05-21 20:00:00,100.0,1
2568-1137,2568,2568-S6-P5,6,practice,2025-05-20 18:00:00,74.7,1
2568-1137,2568,2568-S1-P6,1,practice,2025-06-14 21:00:00,100.0,1
2568-1137,2568,2568-S4-P6,4,practice,2025-06-09 16:00:00,79.0,1
2568-1137,2568,2568-S5-P6,5,practice,2025-06-12 19:00:00,99.1,1
2568-1137,2568,2568-S6-P6,6,practice,2025-06-15 18:00:00,90.1,1
2568-1137,2568,2568-S1-C3,1,checkpoint,2025-06-24 17:00:00,84.5,1
2568-1137,2568,2568-S4-C3,4,checkpoint,2025-06-27 16:00:00,100.0,1
2568-1137,2568,2568-S5-C3,5,checkpoint,2025-06-29 20:00:00,89.9,1
2568-1137,2568,2568-S6-C3,6,checkpoint,2025-06-25 18:00:00,86.0,1
2568-1137,2568,2568-S1-P7,1,practice,2025-07-06 21:00:00,100.0,1
2568-1137,2568,2568-S4-P7,4,practice,2025-06-30 16:00:00,70.6,1
2568-1137,2568,2568-S5-P7,5,practice,2025-07-03 22:00:00,93.3,1
2568-1137,2568,2568-S1-P8,1,practice,2025-07-21 20:00:00,90.4,1
2568-1137,2568,2568-S4-P8,4,practice,2025-07-27 19:00:00,83.7,1
2568-1137,2568,2568-S6-P8,6,practice,2025-07-22 17:00:00,100.0,1
2568-1137,2568,2568-S1-C4,1,checkpoint,2025-08-10 16:00:00,74.2,1
2568-1137,2568,2568-S4-C4,4,checkpoint,2025-08-10 17:00:00,80.3,1
2568-1137,2568,2568-S5-C4,5,checkpoint,2025-08-09 18:00:00,100.0,1
2568-1137,2568,2568-S6-C4,6,checkpoint,2025-08-10 17:00:00,90.1,1
2568-1137,2568,2568-S1-P9,1,practice,2025-08-16 21:00:00,80.1,1
2568-1137,2568,2568-S5-P9,5,practice,2025-08-12 19:00:00,88.0,1
2568-1137,2568,2568-S6-P9,6,practice,2025-08-11 22:00:00,69.0,1
2568-1138,2568,2568-S1-P3,1,practice,2025-04-07 18:00:00,90.7,1
2568-1138,2568,2568-S5-P3,5,practice,2025-04-11 16:00:00,76.1,1
2568-1138,2568,2568-S6-P3,6,practice,2025-04-11 20:00:00,86.0,1
2568-1138,2568,2568-S1-P4,1,practice,2025-05-04 21:00:00,69.9,1
2568-1138,2568,2568-S4-P4,4,practice,2025-05-01 16:00:00,87.4,1
2568-1138,2568,2568-S5-P4,5,practice,2025-05-01 17:00:00,56.2,1
2568-1138,2568,2568-S6-P4,6,practice,2025-04-28 19:00:00,100.0,1
2568-1138,2568,2568-S4-C2,4,checkpoint,2025-05-12 20:00:00,74.4,1
2568-1138,2568,2568-S5-C2,5,checkpoint,2025-05-18 21:00:00,79.6,1
2568-1138,2568,2568-S6-C2,6,checkpoint,2025-05-17 20:00:00,71.3,1
2568-1138,2568,2568-S1-P5,1,practice,2025-05-22 20:00:00,96.6,1
2568-1138,2568,2568-S4-P5,4,practice,2025-05-21 20:00:00,70.5,1
2568-1138,2568,2568-S5-P5,5,practice,2025-05-22 18:00:00,65.3,1
2568-1138,2568,2568-S6-P5,6,practice,2025-05-22 18:00:00,65.8,1
2568-1138,2568,2568-S4-P6,4,practice,2025-06-09 19:00:00,67.1,1
2568-1138,2568,2568-S5-P6,5,practice,2025-06-10 17:00:00,56.8,1
2568-1138,2568,2568-S6-P6,6,practice,2025-06-14 21:00:00,74.5,1
2568-1138,2568,2568-S4-C3,4,checkpoint,2025-06-23 20:00:00,62.4,1
2568-1138,2568,2568-S5-C3,5,checkpoint,2025-06-25 22:00:00,100.0,1
2568-1138,2568,2568-S6-C3,6,checkpoint,2025-06-25 16:00:00,78.0,1
2568-1138,2568,2568-S1-P7,1,practice,2025-07-06 21:00:00,57.1,1
2568-1138,2568,2568-S4-P7,4,practice,2025-07-01 19:00:00,77.0,1
2568-1138,2568,2568-S5-P7,5,practice,2025-07-04 18:00:00,58.5,1
2568-1138,2568,2568-S6-P7,6,practice,2025-07-05 18:00:00,87.8,1
2568-1138,2568,2568-S1-P8,1,practice,2025-07-24 19:00:00,65.1,1
2568-1138,2568,2568-S4-P8,4,practice,2025-07-27 20:00:00,70.7,1
2568-1138,2568,2568-S5-P8,5,practice,2025-07-24 18:00:00,97.7,1
2568-1138,2568,2568-S4-C4,4,checkpoint,2025-08-08 19:00:00,89.3,1
2568-1138,2568,2568-S5-C4,5,checkpoint,2025-08-07 20:00:00,89.3,1
2568-1138,2568,2568-S6-C4,6,checkpoint,2025-08-06 20:00:00,91.2,1
2568-1138,2568,2568-S1-P9,1,practice,2025-08-12 16:00:00,100.0,1
2568-1138,2568,2568-S4-P9,4,practice,2025-08-16 20:00:00,89.9,1
2568-1138,2568,2568-S5-P9,5,practice,2025-08-17 22:00:00,92.5,1
2568-1138,2568,2568-S6-P9,6,practice,2025-08-12 21:00:00,88.3,1
2568-1139,2568,2568-S4-P2,4,practice,2025-03-20 17:00:00,79.6,1
2568-1139,2568,2568-S6-P2,6,practice,2025-03-21 20:00:00,62.4,1
2568-1139,2568,2568-S1-C1,1,checkpoint,2025-04-01 21:00:00,63.8,1
2568-1139,2568,2568-S4-C1,4,checkpoint,2025-04-04 21:00:00,69.9,1
2568-1139,2568,2568-S5-C1,5,checkpoint,2025-04-03 21:00:00,58.7,1
2568-1139,2568,2568-S6-C1,6,checkpoint,2025-03-31 22:00:00,76.7,1
2568-1139,2568,2568-S1-P3,1,practice,2025-04-13 22:00:00,57.3,1
2568-1139,2568,2568-S5-P3,5,practice,2025-04-09 20:00:00,81.7,1
2568-1139,2568,2568-S6-P3,6,practice,2025-04-10 22:00:00,72.7,1
2568-1139,2568,2568-S1-P4,1,practice,2025-04-29 17:00:00,68.7,1
2568-1139,2568,2568-S4-P4,4,practice,2025-04-30 22:00:00,97.6,1
2568-1139,2568,2568-S5-P4,5,practice,2025-04-29 18:00:00,87.1,1
2568-1139,2568,2568-S6-P4,6,practice,2025-05-03 19:00:00,71.1,1
2568-1139,2568,2568-S1-C2,1,checkpoint,2025-05-14 21:00:00,53.5,1
2568-1139,2568,2568-S5-C2,5,checkpoint,2025-05-15 22:00:00,77.8,1
2568-1139,2568,2568-S1-P5,1,practice,2025-05-23 16:00:00,59.9,1
2568-1139,2568,2568-S5-P5,5,practice,2025-05-21 21:00:00,63.4,1
2568-1139,2568,2568-S1-P6,1,practice,2025-06-15 19:00:00,65.9,1
2568-1139,2568,2568-S4-P6,4,practice,2025-06-12 18:00:00,53.6,1
2568-1139,2568,2568-S6-P6,6,practice,2025-06-14 17:00:00,55.2,1
2568-1139,2568,2568-S5-C3,5,checkpoint,2025-06-25 16:00:00,86.1,1
2568-1139,2568,2568-S1-P7,1,practice,2025-07-02 16:00:00,70.6,1
2568-1139,2568,2568-S5-P7,5,practice,2025-06-30 19:00:00,55.2,1
2568-1139,2568,2568-S1-P8,1,practice,2025-07-24 21:00:00,81.3,1
2568-1139,2568,2568-S4-P8,4,practice,2025-07-23 18:00:00,75.3,1
2568-1139,2568,2568-S6-P8,6,practice,2025-07-25 22:00:00,55.8,1
2568-1139,2568,2568-S1-C4,1,checkpoint,2025-08-04 17:00:00,60.1,1
2568-1139,2568,2568-S4-C4,4,checkpoint,2025-08-09 17:00:00,84.0,1
2568-1139,2568,2568-S6-C4,6,checkpoint,2025-08-05 22:00:00,79.5,1
2568-1139,2568,2568-S4-P9,4,practice,2025-08-16 17:00:00,66.4,1
2568-1139,2568,2568-S6-P9,6,practice,2025-08-16 18:00:00,59.4,1
2568-1140,2568,2568-S1-P2,1,practice,2025-03-22 17:00:00,100.0,1
2568-1140,2568,2568-S4-P2,4,practice,2025-03-21 19:00:00,88.1,1
2568-1140,2568,2568-S6-P2,6,practice,2025-03-17 17:00:00,81.9,1
2568-1140,2568,2568-S1-C1,1,checkpoint,2025-03-31 16:00:00,88.6,1
2568-1140,2568,2568-S4-C1,4,checkpoint,2025-04-01 16:00:00,80.5,1
2568-1140,2568,2568-S6-C1,6,checkpoint,2025-04-04 20:00:00,88.6,1
2568-1140,2568,2568-S1-P3,1,practice,2025-04-13 20:00:00,65.1,1
2568-1140,2568,2568-S4-P3,4,practice,2025-04-13 22:00:00,79.5,1
2568-1140,2568,2568-S6-P3,6,practice,2025-04-12 17:00:00,73.5,1
2568-1140,2568,2568-S4-P4,4,practice,2025-05-01 16:00:00,86.1,1
2568-1140,2568,2568-S6-P4,6,practice,2025-04-30 18:00:00,100.0,1
2568-1140,2568,2568-S1-C2,1,checkpoint,2025-05-12 20:00:00,80.9,1
2568-1140,2568,2568-S4-C2,4,checkpoint,2025-05-16 21:00:00,94.3,1
2568-1140,2568,2568-S1-P5,1,practice,2025-05-20 18:00:00,66.2,1
2568-1140,2568,2568-S6-P5,6,practice,2025-05-23 22:00:00,84.4,1
2568-1140,2568,2568-S1-P6,1,practice,2025-06-15 20:00:00,66.4,1
2568-1140,2568,2568-S4-P6,4,practice,2025-06-10 17:00:00,97.9,1
2568-1140,2568,2568-S6-P6,6,practice,2025-06-09 18:00:00,82.0,1
2568-1140,2568,2568-S4-C3,4,checkpoint,2025-06-29 16:00:00,83.5,1
2568-1140,2568,2568-S6-C3,6,checkpoint,2025-06-26 18:00:00,97.1,1
2568-1140,2568,2568-S1-P7,1,practice,2025-06-30 20:00:00,61.2,1
2568-1140,2568,2568-S4-P7,4,practice,2025-07-04 20:00:00,86.3,1
2568-1140,2568,2568-S6-P7,6,practice,2025-06-30 18:00:00,83.2,1
2568-1140,2568,2568-S4-P8,4,practice,2025-07-26 20:00:00,91.1,1
2568-1140,2568,2568-S6-P8,6,practice,2025-07-27 18:00:00,85.9,1
2568-1140,2568,2568-S4-C4,4,checkpoint,2025-08-09 19:00:00,95.4,1
2568-1140,2568,2568-S6-C4,6,checkpoint,2025-08-08 21:00:00,79.5,1
2568-1140,2568,2568-S1-P9,1,practice,2025-08-16 16:00:00,98.8,1
2568-1140,2568,2568-S6-P9,6,practice,2025-08-16 17:00:00,84.5,1
2568-1141,2568,2568-S4-P2,4,practice,2025-03-17 16:00:00,83.5,1
2568-1141,2568,2568-S5-P2,5,practice,2025-03-21 21:00:00,76.4,1
2568-1141,2568,2568-S1-C1,1,checkpoint,2025-04-05 18:00:00,84.3,1
2568-1141,2568,2568-S4-C1,4,checkpoint,2025-04-02 22:00:00,100.0,1
2568-1141,2568,2568-S5-C1,5,checkpoint,2025-04-01 20:00:00,79.7,1
2568-1141,2568,2568-S4-P3,4,practice,2025-04-13 21:00:00,67.9,1
2568-1141,2568,2568-S5-P3,5,practice,2025-04-07 20:00:00,90.3,1
2568-1141,2568,2568-S1-P4,1,practice,2025-04-30 20:00:00,94.5,1
2568-1141,2568,2568-S5-P4,5,practice,2025-05-04 19:00:00,66.4,1
2568-1141,2568,2568-S4-C2,4,checkpoint,2025-05-14 20:00:00,65.9,1
2568-1141,2568,2568-S5-C2,5,checkpoint,2025-05-12 16:00:00,73.9,1
2568-1141,2568,2568-S1-P5,1,practice,2025-05-21 19:00:00,71.5,1
2568-1141,2568,2568-S4-P5,4,practice,2025-05-21 18:00:00,80.0,1
2568-1141,2568,2568-S1-P6,1,practice,2025-06-09 19:00:00,69.5,1
2568-1141,2568,2568-S4-P6,4,practice,2025-06-15 21:00:00,85.4,1
2568-1141,2568,2568-S5-P6,5,practice,2025-06-10 21:00:00,76.0,1
2568-1141,2568,2568-S1-C3,1,checkpoint,2025-06-24 22:00:00,95.8,1
2568-1141,2568,2568-S4-C3,4,checkpoint,2025-06-29 19:00:00,61.4,1
2568-1141,2568,2568-S1-P7,1,practice,2025-07-04 18:00:00,83.8,1
2568-1141,2568,2568-S4-P7,4,practice,2025-07-02 21:00:00,100.0,1
2568-1141,2568,2568-S5-P7,5,practice,2025-07-04 16:00:00,87.3,1
2568-1141,2568,2568-S1-P8,1,practice,2025-07-23 17:00:00,89.8,1
2568-1141,2568,2568-S1-C4,1,checkpoint,2025-08-08 21:00:00,89.3,1
2568-1141,2568,2568-S4-C4,4,checkpoint,2025-08-07 22:00:00,81.3,1
2568-1141,2568,2568-S5-C4,5,checkpoint,2025-08-06 21:00:00,73.0,1
2568-1141,2568,2568-S1-P9,1,practice,2025-08-12 20:00:00,83.1,1
2568-1141,2568,2568-S4-P9,4,practice,2025-08-17 19:00:00,94.9,1
2568-1141,2568,2568-S5-P9,5,practice,2025-08-12 16:00:00,84.7,1
2568-1142,2568,2568-S1-P2,1,practice,2025-03-19 16:00:00,70.1,1
2568-1142,2568,2568-S5-P2,5,practice,2025-03-19 21:00:00,94.6,1
2568-1142,2568,2568-S5-C1,5,checkpoint,2025-04-02 19:00:00,60.3,1
2568-1142,2568,2568-S1-P3,1,practice,2025-04-11 20:00:00,79.0,1
2568-1142,2568,2568-S5-P4,5,practice,2025-05-02 18:00:00,97.3,1
2568-1142,2568,2568-S6-P4,6,practice,2025-04-30 19:00:00,63.5,1
2568-1142,2568,2568-S6-C2,6,checkpoint,2025-05-14 22:00:00,75.4,1
2568-1142,2568,2568-S1-P5,1,practice,2025-05-23 21:00:00,86.9,1
2568-1142,2568,2568-S4-P5,4,practice,2025-05-22 22:00:00,91.1,1
2568-1142,2568,2568-S5-P5,5,practice,2025-05-20 22:00:00,85.0,1
2568-1142,2568,2568-S6-P5,6,practice,2025-05-24 17:00:00,68.8,1
2568-1142,2568,2568-S1-P6,1,practice,2025-06-15 22:00:00,93.9,1
2568-1142,2568,2568-S4-P6,4,practice,2025-06-14 17:00:00,75.1,1
2568-1142,2568,2568-S5-P6,5,practice,2025-06-10 21:00:00,66.9,1
2568-1142,2568,2568-S6-P6,6,practice,2025-06-11 20:00:00,52.6,1
2568-1142,2568,2568-S5-C3,5,checkpoint,2025-06-23 21:00:00,60.5,1
2568-1142,2568,2568-S6-C3,6,checkpoint,2025-06-23 16:00:00,87.8,1
2568-1142,2568,2568-S5-P7,5,practice,2025-07-05 19:00:00,75.2,1
2568-1142,2568,2568-S6-P7,6,practice,2025-07-03 22:00:00,98.1,1
2568-1142,2568,2568-S4-P8,4,practice,2025-07-27 19:00:00,72.4,1
2568-1142,2568,2568-S5-P8,5,practice,2025-07-21 17:00:00,75.5,1
2568-1142,2568,2568-S1-C4,1,checkpoint,2025-08-05 20:00:00,66.7,1
2568-1142,2568,2568-S4-C4,4,checkpoint,2025-08-05 18:00:00,80.0,1
2568-1142,2568,2568-S1-P9,1,practice,2025-08-17 20:00:00,91.2,1
2568-1142,2568,2568-S5-P9,5,practice,2025-08-12 16:00:00,90.7,1
2568-1143,2568,2568-S1-P2,1,practice,2025-03-17 16:00:00,74.7,1
2568-1143,2568,2568-S4-P2,4,practice,2025-03-21 21:00:00,96.3,1
2568-1143,2568,2568-S5-P2,5,practice,2025-03-20 21:00:00,85.8,1
2568-1143,2568,2568-S1-C1,1,checkpoint,2025-04-03 20:00:00,93.9,1
2568-1143,2568,2568-S5-C1,5,checkpoint,2025-04-02 20:00:00,80.8,1
2568-1143,2568,2568-S1-P3,1,practice,2025-04-09 18:00:00,57.7,1
2568-1143,2568,2568-S4-P3,4,practice,2025-04-13 19:00:00,72.6,1
2568-1143,2568,2568-S1-P4,1,practice,2025-05-02 22:00:00,83.2,1
2568-1143,2568,2568-S4-P4,4,practice,2025-04-28 19:00:00,89.0,1
2568-1143,2568,2568-S5-P4,5,practice,2025-04-30 21:00:00,74.7,1
2568-1143,2568,2568-S1-C2,1,checkpoint,2025-05-17 21:00:00,70.3,1
2568-1143,2568,2568-S4-C2,4,checkpoint,2025-05-16 18:00:00,76.1,1
2568-1143,2568,2568-S5-C2,5,checkpoint,2025-05-15 21:00:00,75.4,1
2568-1143,2568,2568-S4-P5,4,practice,2025-05-21 20:00:00,88.2,1
2568-1143,2568,2568-S5-P5,5,practice,2025-05-25 17:00:00,91.9,1
2568-1143,2568,2568-S1-P6,1,practice,2025-06-12 20:00:00,88.5,1
2568-1143,2568,2568-S4-P6,4,practice,2025-06-12 22:00:00,80.0,1
2568-1143,2568,2568-S5-P6,5,practice,2025-06-11 20:00:00,92.9,1
2568-1143,2568,2568-S4-C3,4,checkpoint,2025-06-23 17:00:00,71.9,1
2568-1143,2568,2568-S5-C3,5,checkpoint,2025-06-29 20:00:00,84.6,1
2568-1143,2568,2568-S1-P7,1,practice,2025-07-03 21:00:00,79.2,1
2568-1143,2568,2568-S4-P7,4,practice,2025-07-02 18:00:00,88.8,1
2568-1143,2568,2568-S5-P7,5,practice,2025-07-03 19:00:00,69.4,1
2568-1143,2568,2568-S1-P8,1,practice,2025-07-21 18:00:00,84.7,1
2568-1143,2568,2568-S5-P8,5,practice,2025-07-22 16:00:00,63.6,1
2568-1143,2568,2568-S1-C4,1,checkpoint,2025-08-10 18:00:00,90.0,1
2568-1143,2568,2568-S5-C4,5,checkpoint,2025-08-10 20:00:00,100.0,1
2568-1143,2568,2568-S4-P9,4,practice,2025-08-16 22:00:00,84.9,1
2568-1143,2568,2568-S5-P9,5,practice,2025-08-14 17:00:00,72.7,1
2568-1144,2568,2568-S1-P2,1,practice,2025-03-21 22:00:00,92.5,1
2568-1144,2568,2568-S6-P2,6,practice,2025-03-18 16:00:00,63.4,1
2568-1144,2568,2568-S1-C1,1,checkpoint,2025-04-04 17:00:00,68.7,1
2568-1144,2568,2568-S6-C1,6,checkpoint,2025-04-03 18:00:00,46.4,0
2568-1144,2568,2568-S1-P3,1,practice,2025-04-07 17:00:00,79.6,1
2568-1144,2568,2568-S6-P4,6,practice,2025-04-30 17:00:00,67.0,1
2568-1145,2568,2568-S4-P2,4,practice,2025-03-17 20:00:00,83.2,1
2568-1145,2568,2568-S5-P2,5,practice,2025-03-21 19:00:00,100.0,1
2568-1145,2568,2568-S6-P2,6,practice,2025-03-23 17:00:00,94.9,1
2568-1145,2568,2568-S1-C1,1,checkpoint,2025-03-31 20:00:00,78.1,1
2568-1145,2568,2568-S4-C1,4,checkpoint,2025-04-01 17:00:00,94.1,1
2568-1145,2568,2568-S6-C1,6,checkpoint,2025-04-04 17:00:00,85.3,1
2568-1145,2568,2568-S1-P3,1,practice,2025-04-13 17:00:00,79.5,1
2568-1145,2568,2568-S4-P3,4,practice,2025-04-12 18:00:00,73.5,1
2568-1145,2568,2568-S5-P3,5,practice,2025-04-13 21:00:00,82.0,1
2568-1145,2568,2568-S6-P3,6,practice,2025-04-07 19:00:00,83.3,1
2568-1145,2568,2568-S1-P4,1,practice,2025-05-03 21:00:00,88.2,1
2568-1145,2568,2568-S4-P4,4,practice,2025-04-30 16:00:00,77.3,1
2568-1145,2568,2568-S5-P4,5,practice,2025-04-29 22:00:00,100.0,1
2568-1145,2568,2568-S6-P4,6,practice,2025-04-28 19:00:00,81.8,1
2568-1145,2568,2568-S1-C2,1,checkpoint,2025-05-13 17:00:00,75.8,1
2568-1145,2568,2568-S4-C2,4,checkpoint,2025-05-15 22:00:00,95.4,1
2568-1145,2568,2568-S5-C2,5,checkpoint,2025-05-15 22:00:00,95.2,1
2568-1145,2568,2568-S1-P5,1,practice,2025-05-21 19:00:00,100.0,1
2568-1145,2568,2568-S4-P5,4,practice,2025-05-22 19:00:00,70.5,1
2568-1145,2568,2568-S5-P5,5,practice,2025-05-24 18:00:00,89.9,1
2568-1145,2568,2568-S6-P5,6,practice,2025-05-21 17:00:00,97.7,1
2568-1145,2568,2568-S1-P6,1,practice,2025-06-13 17:00:00,62.3,1
2568-1145,2568,2568-S4-P6,4,practice,2025-06-11 19:00:00,74.7,1
2568-1145,2568,2568-S6-P6,6,practice,2025-06-09 21:00:00,81.7,1
2568-1145,2568,2568-S4-C3,4,checkpoint,2025-06-27 20:00:00,99.0,1
2568-1145,2568,2568-S5-C3,5,checkpoint,2025-06-29 20:00:00,93.9,1
2568-1145,2568,2568-S6-C3,6,checkpoint,2025-06-24 19:00:00,80.1,1
2568-1145,2568,2568-S4-P7,4,practice,2025-07-04 22:00:00,66.8,1
2568-1145,2568,2568-S5-P7,5,practice,2025-07-02 21:00:00,63.4,1
2568-1145,2568,2568-S6-P7,6,practice,2025-07-04 16:00:00,75.0,1
2568-1145,2568,2568-S4-P8,4,practice,2025-07-23 21:00:00,79.5,1
2568-1145,2568,2568-S5-P8,5,practice,2025-07-27 20:00:00,80.3,1
2568-1145,2568,2568-S6-P8,6,practice,2025-07-25 22:00:00,84.7,1
2568-1145,2568,2568-S1-C4,1,checkpoint,2025-08-06 16:00:00,66.5,1
2568-1145,2568,2568-S4-C4,4,checkpoint,2025-08-10 19:00:00,83.8,1
2568-1145,2568,2568-S5-C4,5,checkpoint,2025-08-06 19:00:00,65.3,1
2568-1145,2568,2568-S6-C4,6,checkpoint,2025-08-04 17:00:00,88.0,1
2568-1145,2568,2568-S1-P9,1,practice,2025-08-14 17:00:00,98.1,1
2568-1145,2568,2568-S4-P9,4,practice,2025-08-12 20:00:00,100.0,1
2568-1145,2568,2568-S6-P9,6,practice,2025-08-15 18:00:00,82.7,1
2568-1146,2568,2568-S6-P2,6,practice,2025-03-23 16:00:00,69.2,1
2568-1146,2568,2568-S1-P3,1,practice,2025-04-09 19:00:00,60.0,1
2568-1146,2568,2568-S6-P3,6,practice,2025-04-11 16:00:00,60.8,1
2568-1146,2568,2568-S1-P4,1,practice,2025-04-28 18:00:00,73.4,1
2568-1146,2568,2568-S6-P4,6,practice,2025-04-28 19:00:00,43.4,0
2568-1146,2568,2568-S4-C2,4,checkpoint,2025-05-13 18:00:00,59.0,1
2568-1146,2568,2568-S6-C2,6,checkpoint,2025-05-17 22:00:00,62.2,1
2568-1146,2568,2568-S4-P5,4,practice,2025-05-24 16:00:00,80.2,1
2568-1146,2568,2568-S6-P5,6,practice,2025-05-22 21:00:00,69.6,1
2568-1146,2568,2568-S1-P6,1,practice,2025-06-14 22:00:00,36.7,0
2568-1146,2568,2568-S4-C3,4,checkpoint,2025-06-25 19:00:00,53.1,1
2568-1146,2568,2568-S6-C3,6,checkpoint,2025-06-23 21:00:00,66.1,1
2568-1146,2568,2568-S4-P7,4,practice,2025-07-05 17:00:00,72.9,1
2568-1146,2568,2568-S1-P8,1,practice,2025-07-26 16:00:00,89.1,1
2568-1146,2568,2568-S4-P8,4,practice,2025-07-22 22:00:00,68.6,1
2568-1146,2568,2568-S6-P8,6,practice,2025-07-25 19:00:00,57.8,1
2568-1146,2568,2568-S1-C4,1,checkpoint,2025-08-04 21:00:00,62.7,1
2568-1146,2568,2568-S6-C4,6,checkpoint,2025-08-06 19:00:00,67.9,1
2568-1146,2568,2568-S1-P9,1,practice,2025-08-16 17:00:00,65.0,1
2568-1147,2568,2568-S6-P2,6,practice,2025-03-17 16:00:00,66.4,1
2568-1147,2568,2568-S1-C1,1,checkpoint,2025-04-01 18:00:00,70.4,1
2568-1147,2568,2568-S5-C1,5,checkpoint,2025-04-04 22:00:00,46.1,0
2568-1147,2568,2568-S4-P3,4,practice,2025-04-10 21:00:00,72.7,1
2568-1147,2568,2568-S1-P4,1,practice,2025-05-04 16:00:00,93.5,1
2568-1147,2568,2568-S4-P4,4,practice,2025-04-28 20:00:00,60.8,1
2568-1147,2568,2568-S5-P4,5,practice,2025-04-30 22:00:00,66.9,1
2568-1148,2568,2568-S1-P2,1,practice,2025-03-22 17:00:00,80.8,1
2568-1148,2568,2568-S5-P2,5,practice,2025-03-20 17:00:00,51.1,1
2568-1148,2568,2568-S1-C1,1,checkpoint,2025-04-05 17:00:00,67.3,1
2568-1148,2568,2568-S5-C1,5,checkpoint,2025-04-03 17:00:00,94.8,1
2568-1148,2568,2568-S1-P3,1,practice,2025-04-08 18:00:00,72.0,1
2568-1148,2568,2568-S4-P3,4,practice,2025-04-08 19:00:00,100.0,1
2568-1148,2568,2568-S1-P4,1,practice,2025-05-01 17:00:00,74.1,1
2568-1148,2568,2568-S5-P4,5,practice,2025-05-02 21:00:00,95.6,1
2568-1148,2568,2568-S1-C2,1,checkpoint,2025-05-17 16:00:00,57.9,1
2568-1148,2568,2568-S4-C2,4,checkpoint,2025-05-18 17:00:00,84.5,1
2568-1148,2568,2568-S5-C2,5,checkpoint,2025-05-16 20:00:00,76.7,1
2568-1148,2568,2568-S1-P5,1,practice,2025-05-24 19:00:00,83.6,1
2568-1148,2568,2568-S4-P5,4,practice,2025-05-24 20:00:00,80.3,1
2568-1148,2568,2568-S5-P5,5,practice,2025-05-24 22:00:00,91.7,1
2568-1148,2568,2568-S4-P6,4,practice,2025-06-12 18:00:00,95.3,1
2568-1148,2568,2568-S5-P6,5,practice,2025-06-12 21:00:00,71.5,1
2568-1148,2568,2568-S1-C3,1,checkpoint,2025-06-29 18:00:00,88.9,1
2568-1148,2568,2568-S5-C3,5,checkpoint,2025-06-24 16:00:00,69.9,1
2568-1148,2568,2568-S1-P7,1,practice,2025-06-30 21:00:00,85.4,1
2568-1148,2568,2568-S5-P7,5,practice,2025-07-03 19:00:00,67.7,1
2568-1148,2568,2568-S1-P8,1,practice,2025-07-26 21:00:00,87.5,1
2568-1148,2568,2568-S4-P8,4,practice,2025-07-24 21:00:00,100.0,1
2568-1148,2568,2568-S5-P8,5,practice,2025-07-25 19:00:00,73.7,1
2568-1148,2568,2568-S1-C4,1,checkpoint,2025-08-06 21:00:00,88.9,1
2568-1148,2568,2568-S5-C4,5,checkpoint,2025-08-05 18:00:00,61.6,1
2568-1148,2568,2568-S1-P9,1,practice,2025-08-12 21:00:00,94.2,1
2568-1148,2568,2568-S4-P9,4,practice,2025-08-13 18:00:00,76.2,1
2568-1148,2568,2568-S5-P9,5,practice,2025-08-14 16:00:00,89.6,1
2568-1149,2568,2568-S4-P6,4,practice,2025-06-12 16:00:00,89.3,1
2568-1149,2568,2568-S6-P6,6,practice,2025-06-12 20:00:00,79.0,1
2568-1149,2568,2568-S6-C3,6,checkpoint,2025-06-28 17:00:00,96.6,1
2568-1149,2568,2568-S4-P7,4,practice,2025-07-01 16:00:00,77.3,1
2568-1149,2568,2568-S5-P7,5,practice,2025-07-02 16:00:00,60.5,1
2568-1149,2568,2568-S6-P7,6,practice,2025-07-04 21:00:00,68.9,1
2568-1149,2568,2568-S4-P8,4,practice,2025-07-21 17:00:00,73.9,1
2568-1149,2568,2568-S5-P8,5,practice,2025-07-23 18:00:00,87.3,1
2568-1149,2568,2568-S6-P8,6,practice,2025-07-22 21:00:00,75.9,1
2568-1150,2568,2568-S1-P2,1,practice,2025-03-22 17:00:00,56.7,1
2568-1150,2568,2568-S1-C1,1,checkpoint,2025-04-06 19:00:00,66.5,1
2568-1150,2568,2568-S5-C1,5,checkpoint,2025-04-01 22:00:00,80.2,1
2568-1150,2568,2568-S6-C1,6,checkpoint,2025-03-31 21:00:00,75.2,1
2568-1150,2568,2568-S6-P3,6,practice,2025-04-08 20:00:00,84.7,1
2568-1150,2568,2568-S1-P4,1,practice,2025-04-29 18:00:00,73.4,1
2568-1150,2568,2568-S5-P4,5,practice,2025-04-28 17:00:00,68.5,1
2568-1150,2568,2568-S6-P4,6,practice,2025-05-02 16:00:00,72.8,1
2568-1150,2568,2568-S1-C2,1,checkpoint,2025-05-17 17:00:00,69.0,1
2568-1150,2568,2568-S5-C2,5,checkpoint,2025-05-14 19:00:00,79.7,1
2568-1150,2568,2568-S6-C2,6,checkpoint,2025-05-18 20:00:00,66.2,1
2568-1150,2568,2568-S5-P5,5,practice,2025-05-21 17:00:00,67.8,1
2568-1150,2568,2568-S6-P5,6,practice,2025-05-20 20:00:00,61.3,1
2568-1150,2568,2568-S1-P6,1,practice,2025-06-11 16:00:00,75.6,1
2568-1150,2568,2568-S5-P6,5,practice,2025-06-13 21:00:00,80.8,1
2568-1150,2568,2568-S6-P6,6,practice,2025-06-15 17:00:00,75.9,1
2568-1150,2568,2568-S1-C3,1,checkpoint,2025-06-26 19:00:00,87.5,1
2568-1150,2568,2568-S5-C3,5,checkpoint,2025-06-29 18:00:00,78.2,1
2568-1150,2568,2568-S5-P7,5,practice,2025-07-02 18:00:00,83.8,1
2568-1150,2568,2568-S6-P7,6,practice,2025-07-03 17:00:00,83.6,1
2568-1150,2568,2568-S1-P8,1,practice,2025-07-24 18:00:00,69.0,1
2568-1150,2568,2568-S5-P8,5,practice,2025-07-25 17:00:00,78.0,1
2568-1150,2568,2568-S6-P8,6,practice,2025-07-22 16:00:00,79.5,1
2568-1150,2568,2568-S5-C4,5,checkpoint,2025-08-06 21:00:00,79.7,1
2568-1150,2568,2568-S6-C4,6,checkpoint,2025-08-06 16:00:00,73.3,1
2568-1150,2568,2568-S1-P9,1,practice,2025-08-12 16:00:00,76.7,1
2568-1150,2568,2568-S5-P9,5,practice,2025-08-11 18:00:00,72.8,1
2568-1150,2568,2568-S6-P9,6,practice,2025-08-11 22:00:00,59.7,1
2568-1151,2568,2568-S1-P2,1,practice,2025-03-20 18:00:00,68.0,1
2568-1151,2568,2568-S4-P2,4,practice,2025-03-22 22:00:00,100.0,1
2568-1151,2568,2568-S1-C1,1,checkpoint,2025-04-03 21:00:00,81.6,1
2568-1151,2568,2568-S4-C1,4,checkpoint,2025-04-03 19:00:00,72.9,1
2568-1151,2568,2568-S1-P3,1,practice,2025-04-12 22:00:00,75.0,1
2568-1151,2568,2568-S4-P3,4,practice,2025-04-07 22:00:00,78.1,1
2568-1151,2568,2568-S1-P4,1,practice,2025-05-02 20:00:00,75.1,1
2568-1151,2568,2568-S6-P4,6,practice,2025-05-03 20:00:00,100.0,1
2568-1151,2568,2568-S1-C2,1,checkpoint,2025-05-18 17:00:00,85.1,1
2568-1151,2568,2568-S4-C2,4,checkpoint,2025-05-17 22:00:00,64.0,1
2568-1151,2568,2568-S6-C2,6,checkpoint,2025-05-18 17:00:00,79.8,1
2568-1151,2568,2568-S6-P5,6,practice,2025-05-19 16:00:00,76.7,1
2568-1151,2568,2568-S1-P6,1,practice,2025-06-13 19:00:00,83.7,1
2568-1151,2568,2568-S4-P6,4,practice,2025-06-09 22:00:00,79.6,1
2568-1151,2568,2568-S6-P6,6,practice,2025-06-15 19:00:00,90.8,1
2568-1151,2568,2568-S6-C3,6,checkpoint,2025-06-27 19:00:00,100.0,1
2568-1151,2568,2568-S1-P7,1,practice,2025-07-04 19:00:00,88.5,1
2568-1151,2568,2568-S4-P7,4,practice,2025-07-04 20:00:00,91.2,1
2568-1151,2568,2568-S6-P7,6,practice,2025-07-04 18:00:00,81.5,1
2568-1151,2568,2568-S1-P8,1,practice,2025-07-21 18:00:00,73.3,1
2568-1151,2568,2568-S4-P8,4,practice,2025-07-25 21:00:00,60.0,1
2568-1151,2568,2568-S6-P8,6,practice,2025-07-24 17:00:00,89.8,1
2568-1151,2568,2568-S1-C4,1,checkpoint,2025-08-06 22:00:00,81.4,1
2568-1151,2568,2568-S6-C4,6,checkpoint,2025-08-06 21:00:00,94.0,1
2568-1151,2568,2568-S1-P9,1,practice,2025-08-11 22:00:00,68.7,1
2568-1152,2568,2568-S4-P2,4,practice,2025-03-17 20:00:00,64.5,1
2568-1152,2568,2568-S5-P2,5,practice,2025-03-20 16:00:00,82.7,1
2568-1152,2568,2568-S6-P2,6,practice,2025-03-21 17:00:00,91.1,1
2568-1152,2568,2568-S4-C1,4,checkpoint,2025-04-06 18:00:00,73.9,1
2568-1152,2568,2568-S5-C1,5,checkpoint,2025-04-05 18:00:00,81.7,1
2568-1152,2568,2568-S5-P3,5,practice,2025-04-12 19:00:00,83.0,1
2568-1152,2568,2568-S1-P4,1,practice,2025-05-02 21:00:00,77.6,1
2568-1152,2568,2568-S4-P4,4,practice,2025-05-01 22:00:00,87.5,1
2568-1152,2568,2568-S5-P4,5,practice,2025-04-30 16:00:00,90.7,1
2568-1152,2568,2568-S6-P4,6,practice,2025-05-01 20:00:00,73.9,1
2568-1152,2568,2568-S1-C2,1,checkpoint,2025-05-16 16:00:00,72.1,1
2568-1152,2568,2568-S4-C2,4,checkpoint,2025-05-15 20:00:00,88.4,1
2568-1152,2568,2568-S5-C2,5,checkpoint,2025-05-18 20:00:00,70.9,1
2568-1152,2568,2568-S1-P5,1,practice,2025-05-25 16:00:00,78.5,1
2568-1152,2568,2568-S5-P5,5,practice,2025-05-23 20:00:00,84.9,1
2568-1152,2568,2568-S6-P5,6,practice,2025-05-20 16:00:00,80.2,1
2568-1152,2568,2568-S1-P6,1,practice,2025-06-12 19:00:00,87.6,1
2568-1152,2568,2568-S4-P6,4,practice,2025-06-11 18:00:00,96.6,1
2568-1152,2568,2568-S5-P6,5,practice,2025-06-11 17:00:00,88.1,1
2568-1152,2568,2568-S1-C3,1,checkpoint,2025-06-27 20:00:00,75.7,1
2568-1152,2568,2568-S4-C3,4,checkpoint,2025-06-23 16:00:00,56.5,1
2568-1152,2568,2568-S5-C3,5,checkpoint,2025-06-27 17:00:00,76.4,1
2568-1152,2568,2568-S6-C3,6,checkpoint,2025-06-23 19:00:00,81.8,1
2568-1152,2568,2568-S1-P7,1,practice,2025-06-30 22:00:00,100.0,1
2568-1152,2568,2568-S4-P7,4,practice,2025-07-06 21:00:00,78.5,1
2568-1152,2568,2568-S6-P7,6,practice,2025-07-04 21:00:00,83.3,1
2568-1152,2568,2568-S1-P8,1,practice,2025-07-21 22:00:00,71.0,1
2568-1152,2568,2568-S4-P8,4,practice,2025-07-27 18:00:00,80.5,1
2568-1152,2568,2568-S5-P8,5,practice,2025-07-23 19:00:00,85.1,1
2568-1152,2568,2568-S6-P8,6,practice,2025-07-24 19:00:00,81.3,1
2568-1152,2568,2568-S1-C4,1,checkpoint,2025-08-07 16:00:00,46.0,0
2568-1152,2568,2568-S4-C4,4,checkpoint,2025-08-08 17:00:00,86.2,1
2568-1152,2568,2568-S5-C4,5,checkpoint,2025-08-07 16:00:00,100.0,1
2568-1152,2568,2568-S6-C4,6,checkpoint,2025-08-06 19:00:00,82.2,1
2568-1152,2568,2568-S1-P9,1,practice,2025-08-15 19:00:00,73.8,1
2568-1152,2568,2568-S5-P9,5,practice,2025-08-17 19:00:00,82.9,1
2568-1152,2568,2568-S6-P9,6,practice,2025-08-16 17:00:00,82.7,1
2568-1153,2568,2568-S1-P3,1,practice,2025-04-07 18:00:00,100.0,1
2568-1153,2568,2568-S4-P3,4,practice,2025-04-12 17:00:00,81.3,1
2568-1153,2568,2568-S5-P3,5,practice,2025-04-13 18:00:00,100.0,1
2568-1153,2568,2568-S6-P3,6,practice,2025-04-10 22:00:00,85.3,1
2568-1153,2568,2568-S1-P4,1,practice,2025-05-01 21:00:00,76.1,1
2568-1153,2568,2568-S4-P4,4,practice,2025-05-04 16:00:00,82.9,1
2568-1153,2568,2568-S5-P4,5,practice,2025-04-28 19:00:00,84.2,1
2568-1153,2568,2568-S6-P4,6,practice,2025-04-30 17:00:00,68.1,1
2568-1153,2568,2568-S1-C2,1,checkpoint,2025-05-13 22:00:00,93.3,1
2568-1153,2568,2568-S4-C2,4,checkpoint,2025-05-13 22:00:00,84.4,1
2568-1153,2568,2568-S5-C2,5,checkpoint,2025-05-14 17:00:00,75.9,1
2568-1153,2568,2568-S6-C2,6,checkpoint,2025-05-12 22:00:00,93.5,1
2568-1153,2568,2568-S1-P5,1,practice,2025-05-19 22:00:00,71.1,1
2568-1153,2568,2568-S4-P5,4,practice,2025-05-22 18:00:00,87.9,1
2568-1153,2568,2568-S5-P5,5,practice,2025-05-21 19:00:00,58.9,1
2568-1153,2568,2568-S6-P5,6,practice,2025-05-22 18:00:00,99.5,1
2568-1153,2568,2568-S1-P6,1,practice,2025-06-09 17:00:00,98.3,1
2568-1153,2568,2568-S5-P6,5,practice,2025-06-10 17:00:00,74.8,1
2568-1153,2568,2568-S1-C3,1,checkpoint,2025-06-29 21:00:00,70.6,1
2568-1153,2568,2568-S4-C3,4,checkpoint,2025-06-27 19:00:00,93.3,1
2568-1153,2568,2568-S5-C3,5,checkpoint,2025-06-27 21:00:00,83.4,1
2568-1153,2568,2568-S6-C3,6,checkpoint,2025-06-28 18:00:00,82.1,1
2568-1153,2568,2568-S1-P7,1,practice,2025-06-30 21:00:00,88.9,1
2568-1153,2568,2568-S4-P7,4,practice,2025-07-01 20:00:00,62.4,1
2568-1153,2568,2568-S4-P8,4,practice,2025-07-27 21:00:00,61.6,1
2568-1153,2568,2568-S6-P8,6,practice,2025-07-26 19:00:00,82.5,1
2568-1154,2568,2568-S4-P4,4,practice,2025-04-30 18:00:00,85.4,1
2568-1154,2568,2568-S6-P4,6,practice,2025-05-03 22:00:00,89.0,1
2568-1154,2568,2568-S4-C2,4,checkpoint,2025-05-12 16:00:00,96.8,1
2568-1154,2568,2568-S6-C2,6,checkpoint,2025-05-12 19:00:00,82.3,1
2568-1154,2568,2568-S4-P5,4,practice,2025-05-24 21:00:00,83.1,1
2568-1154,2568,2568-S6-P5,6,practice,2025-05-23 21:00:00,72.5,1
2568-1155,2568,2568-S1-C1,1,checkpoint,2025-04-03 16:00:00,63.8,1
2568-1155,2568,2568-S1-P3,1,practice,2025-04-12 17:00:00,60.8,1
2568-1155,2568,2568-S4-P3,4,practice,2025-04-12 17:00:00,84.5,1
2568-1155,2568,2568-S5-P3,5,practice,2025-04-09 21:00:00,55.0,1
2568-1155,2568,2568-S1-P5,1,practice,2025-05-24 19:00:00,67.4,1
2568-1156,2568,2568-S1-P2,1,practice,2025-03-21 18:00:00,85.5,1
2568-1156,2568,2568-S5-P2,5,practice,2025-03-19 20:00:00,67.7,1
2568-1156,2568,2568-S4-C1,4,checkpoint,2025-04-03 22:00:00,66.9,1
2568-1156,2568,2568-S6-C1,6,checkpoint,2025-04-05 20:00:00,74.6,1
2568-1156,2568,2568-S1-P3,1,practice,2025-04-13 19:00:00,51.1,1
2568-1156,2568,2568-S4-P3,4,practice,2025-04-08 19:00:00,80.7,1
2568-1156,2568,2568-S1-P4,1,practice,2025-05-01 21:00:00,48.1,0
2568-1156,2568,2568-S5-P4,5,practice,2025-05-02 17:00:00,76.8,1
2568-1156,2568,2568-S6-P4,6,practice,2025-05-01 19:00:00,72.5,1
2568-1156,2568,2568-S4-C2,4,checkpoint,2025-05-18 16:00:00,66.1,1
2568-1156,2568,2568-S5-C2,5,checkpoint,2025-05-12 21:00:00,66.4,1
2568-1156,2568,2568-S6-C2,6,checkpoint,2025-05-15 16:00:00,75.7,1
2568-1156,2568,2568-S1-P5,1,practice,2025-05-22 22:00:00,83.2,1
2568-1156,2568,2568-S4-P5,4,practice,2025-05-22 18:00:00,99.0,1
2568-1156,2568,2568-S6-P5,6,practice,2025-05-21 22:00:00,74.2,1
2568-1156,2568,2568-S1-P6,1,practice,2025-06-14 20:00:00,66.5,1
2568-1156,2568,2568-S6-P6,6,practice,2025-06-11 18:00:00,79.0,1
2568-1156,2568,2568-S1-C3,1,checkpoint,2025-06-27 20:00:00,64.2,1
2568-1156,2568,2568-S4-C3,4,checkpoint,2025-06-24 18:00:00,64.7,1
2568-1156,2568,2568-S5-C3,5,checkpoint,2025-06-26 22:00:00,58.2,1
2568-1156,2568,2568-S6-C3,6,checkpoint,2025-06-23 22:00:00,53.3,1
2568-1156,2568,2568-S1-P7,1,practice,2025-07-04 19:00:00,59.9,1
2568-1156,2568,2568-S4-P7,4,practice,2025-07-04 21:00:00,72.5,1
2568-1156,2568,2568-S6-P7,6,practice,2025-07-02 16:00:00,73.1,1
2568-1156,2568,2568-S5-P8,5,practice,2025-07-21 16:00:00,79.2,1
2568-1156,2568,2568-S6-P8,6,practice,2025-07-23 21:00:00,61.5,1
2568-1156,2568,2568-S1-C4,1,checkpoint,2025-08-10 17:00:00,86.0,1
2568-1156,2568,2568-S6-C4,6,checkpoint,2025-08-06 19:00:00,73.0,1
2568-1156,2568,2568-S4-P9,4,practice,2025-08-17 17:00:00,61.6,1
2568-1156,2568,2568-S5-P9,5,practice,2025-08-16 16:00:00,60.5,1
2568-1157,2568,2568-S1-P2,1,practice,2025-03-21 16:00:00,76.7,1
2568-1157,2568,2568-S4-P2,4,practice,2025-03-21 17:00:00,64.8,1
2568-1157,2568,2568-S5-P2,5,practice,2025-03-22 16:00:00,60.8,1
2568-1157,2568,2568-S1-C1,1,checkpoint,2025-04-02 19:00:00,88.7,1
2568-1157,2568,2568-S4-C1,4,checkpoint,2025-04-04 20:00:00,100.0,1
2568-1157,2568,2568-S5-C1,5,checkpoint,2025-04-02 16:00:00,79.5,1
2568-1157,2568,2568-S6-C1,6,checkpoint,2025-04-05 21:00:00,53.8,1
2568-1157,2568,2568-S1-P3,1,practice,2025-04-09 20:00:00,71.0,1
2568-1157,2568,2568-S5-P3,5,practice,2025-04-07 20:00:00,57.6,1
2568-1157,2568,2568-S6-P3,6,practice,2025-04-13 18:00:00,67.1,1
2568-1157,2568,2568-S1-P4,1,practice,2025-04-29 21:00:00,64.8,1
2568-1157,2568,2568-S4-P4,4,practice,2025-05-02 20:00:00,79.0,1
2568-1157,2568,2568-S5-P4,5,practice,2025-04-28 22:00:00,81.8,1
2568-1157,2568,2568-S4-C2,4,checkpoint,2025-05-17 22:00:00,68.2,1
2568-1157,2568,2568-S5-C2,5,checkpoint,2025-05-14 22:00:00,90.7,1
2568-1157,2568,2568-S6-C2,6,checkpoint,2025-05-12 17:00:00,57.8,1
2568-1157,2568,2568-S1-P5,1,practice,2025-05-21 16:00:00,78.8,1
2568-1157,2568,2568-S4-P5,4,practice,2025-05-24 17:00:00,81.0,1
2568-1157,2568,2568-S5-P5,5,practice,2025-05-19 16:00:00,76.5,1
2568-1157,2568,2568-S1-P6,1,practice,2025-06-13 19:00:00,66.4,1
2568-1157,2568,2568-S4-P6,4,practice,2025-06-09 17:00:00,70.1,1
2568-1157,2568,2568-S5-P6,5,practice,2025-06-09 19:00:00,79.1,1
2568-1157,2568,2568-S6-P6,6,practice,2025-06-12 20:00:00,62.7,1
2568-1157,2568,2568-S1-C3,1,checkpoint,2025-06-29 20:00:00,76.0,1
2568-1157,2568,2568-S4-C3,4,checkpoint,2025-06-26 21:00:00,67.9,1
2568-1157,2568,2568-S5-C3,5,checkpoint,2025-06-24 17:00:00,71.5,1
2568-1157,2568,2568-S5-P7,5,practice,2025-06-30 17:00:00,90.2,1
2568-1157,2568,2568-S6-P7,6,practice,2025-07-05 18:00:00,84.9,1
2568-1157,2568,2568-S6-P8,6,practice,2025-07-26 18:00:00,76.1,1
2568-1157,2568,2568-S1-C4,1,checkpoint,2025-08-04 17:00:00,66.6,1
2568-1157,2568,2568-S4-C4,4,checkpoint,2025-08-06 21:00:00,72.0,1
2568-1157,2568,2568-S5-C4,5,checkpoint,2025-08-07 21:00:00,49.8,0
2568-1157,2568,2568-S1-P9,1,practice,2025-08-17 20:00:00,58.6,1
2568-1157,2568,2568-S6-P9,6,practice,2025-08-14 18:00:00,75.6,1
2568-1158,2568,2568-S1-P2,1,practice,2025-03-22 18:00:00,100.0,1
2568-1158,2568,2568-S4-P2,4,practice,2025-03-20 17:00:00,71.5,1
2568-1158,2568,2568-S5-P2,5,practice,2025-03-20 22:00:00,100.0,1
2568-1158,2568,2568-S6-P2,6,practice,2025-03-20 20:00:00,100.0,1
2568-1158,2568,2568-S1-C1,1,checkpoint,2025-03-31 19:00:00,85.8,1
2568-1158,2568,2568-S4-C1,4,checkpoint,2025-04-01 22:00:00,100.0,1
2568-1158,2568,2568-S5-C1,5,checkpoint,2025-04-04 20:00:00,58.6,1
2568-1158,2568,2568-S6-C1,6,checkpoint,2025-03-31 21:00:00,94.3,1
2568-1158,2568,2568-S4-P3,4,practice,2025-04-13 21:00:00,59.5,1
2568-1158,2568,2568-S5-P3,5,practice,2025-04-10 18:00:00,100.0,1
2568-1158,2568,2568-S6-P3,6,practice,2025-04-11 16:00:00,90.7,1
2568-1158,2568,2568-S1-P4,1,practice,2025-05-03 17:00:00,94.6,1
2568-1158,2568,2568-S4-P4,4,practice,2025-04-30 20:00:00,85.4,1
2568-1158,2568,2568-S5-P4,5,practice,2025-05-03 19:00:00,91.0,1
2568-1158,2568,2568-S6-P4,6,practice,2025-05-02 18:00:00,90.4,1
2568-1158,2568,2568-S4-C2,4,checkpoint,2025-05-18 20:00:00,98.3,1
2568-1158,2568,2568-S5-C2,5,checkpoint,2025-05-16 19:00:00,95.8,1
2568-1158,2568,2568-S6-C2,6,checkpoint,2025-05-18 19:00:00,93.2,1
2568-1158,2568,2568-S1-P5,1,practice,2025-05-22 22:00:00,79.9,1
2568-1158,2568,2568-S4-P5,4,practice,2025-05-23 22:00:00,85.4,1
2568-1158,2568,2568-S5-P5,5,practice,2025-05-25 17:00:00,85.4,1
2568-1158,2568,2568-S6-P5,6,practice,2025-05-23 20:00:00,92.1,1
2568-1158,2568,2568-S1-P6,1,practice,2025-06-11 19:00:00,100.0,1
2568-1158,2568,2568-S4-P6,4,practice,2025-06-15 19:00:00,75.3,1
2568-1158,2568,2568-S5-P6,5,practice,2025-06-12 20:00:00,72.3,1
2568-1158,2568,2568-S4-C3,4,checkpoint,2025-06-24 17:00:00,87.6,1
2568-1158,2568,2568-S6-C3,6,checkpoint,2025-06-24 19:00:00,75.8,1
2568-1158,2568,2568-S1-P7,1,practice,2025-06-30 21:00:00,92.9,1
2568-1158,2568,2568-S4-P7,4,practice,2025-07-02 22:00:00,80.8,1
2568-1158,2568,2568-S5-P7,5,practice,2025-06-30 16:00:00,89.0,1
2568-1158,2568,2568-S1-P8,1,practice,2025-07-25 21:00:00,87.6,1
2568-1158,2568,2568-S4-P8,4,practice,2025-07-23 21:00:00,65.8,1
2568-1158,2568,2568-S6-P8,6,practice,2025-07-26 20:00:00,97.5,1
2568-1158,2568,2568-S1-C4,1,checkpoint,2025-08-05 16:00:00,64.4,1
2568-1158,2568,2568-S4-C4,4,checkpoint,2025-08-08 17:00:00,94.3,1
2568-1158,2568,2568-S5-C4,5,checkpoint,2025-08-04 19:00:00,81.2,1
2568-1158,2568,2568-S6-C4,6,checkpoint,2025-08-07 20:00:00,87.4,1
2568-1158,2568,2568-S1-P9,1,practice,2025-08-16 17:00:00,77.4,1
2568-1158,2568,2568-S4-P9,4,practice,2025-08-13 22:00:00,93.8,1
2568-1158,2568,2568-S5-P9,5,practice,2025-08-13 18:00:00,93.8,1
2568-1158,2568,2568-S6-P9,6,practice,2025-08-15 17:00:00,81.7,1
2568-1159,2568,2568-S1-P3,1,practice,2025-04-07 17:00:00,100.0,1
2568-1159,2568,2568-S4-P3,4,practice,2025-04-09 20:00:00,88.4,1
2568-1159,2568,2568-S6-P3,6,practice,2025-04-11 20:00:00,90.7,1
2568-1159,2568,2568-S4-P4,4,practice,2025-04-28 17:00:00,92.0,1
2568-1159,2568,2568-S6-P4,6,practice,2025-05-03 21:00:00,86.4,1
2568-1159,2568,2568-S1-C2,1,checkpoint,2025-05-14 18:00:00,100.0,1
2568-1159,2568,2568-S4-C2,4,checkpoint,2025-05-16 17:00:00,66.9,1
2568-1159,2568,2568-S6-C2,6,checkpoint,2025-05-13 21:00:00,93.2,1
2568-1159,2568,2568-S1-P5,1,practice,2025-05-25 19:00:00,88.3,1
2568-1159,2568,2568-S4-P5,4,practice,2025-05-25 17:00:00,97.0,1
2568-1159,2568,2568-S6-P5,6,practice,2025-05-20 16:00:00,89.1,1
2568-1159,2568,2568-S1-P6,1,practice,2025-06-13 20:00:00,88.8,1
2568-1159,2568,2568-S4-P6,4,practice,2025-06-09 21:00:00,91.9,1
2568-1159,2568,2568-S6-P6,6,practice,2025-06-15 16:00:00,85.9,1
2568-1159,2568,2568-S1-C3,1,checkpoint,2025-06-28 21:00:00,85.1,1
2568-1159,2568,2568-S4-C3,4,checkpoint,2025-06-25 17:00:00,89.9,1
2568-1159,2568,2568-S6-C3,6,checkpoint,2025-06-24 17:00:00,100.0,1
2568-1159,2568,2568-S1-P7,1,practice,2025-07-02 22:00:00,83.3,1
2568-1159,2568,2568-S4-P7,4,practice,2025-07-04 19:00:00,78.0,1
2568-1159,2568,2568-S6-P7,6,practice,2025-07-06 19:00:00,86.1,1
2568-1159,2568,2568-S1-P8,1,practice,2025-07-22 22:00:00,77.1,1
2568-1159,2568,2568-S4-P8,4,practice,2025-07-21 18:00:00,100.0,1
2568-1159,2568,2568-S6-P8,6,practice,2025-07-22 18:00:00,94.9,1
2568-1159,2568,2568-S1-C4,1,checkpoint,2025-08-08 17:00:00,57.0,1
2568-1159,2568,2568-S4-C4,4,checkpoint,2025-08-08 19:00:00,100.0,1
2568-1159,2568,2568-S6-C4,6,checkpoint,2025-08-06 22:00:00,90.0,1
2568-1159,2568,2568-S1-P9,1,practice,2025-08-15 20:00:00,94.2,1
2568-1159,2568,2568-S4-P9,4,practice,2025-08-15 21:00:00,100.0,1
2568-1159,2568,2568-S6-P9,6,practice,2025-08-16 17:00:00,78.9,1
2568-1160,2568,2568-S4-P3,4,practice,2025-04-09 22:00:00,87.8,1
2568-1160,2568,2568-S5-P3,5,practice,2025-04-07 18:00:00,100.0,1
2568-1160,2568,2568-S6-P3,6,practice,2025-04-11 21:00:00,76.7,1
2568-1160,2568,2568-S4-P4,4,practice,2025-05-04 22:00:00,98.8,1
2568-1160,2568,2568-S5-P4,5,practice,2025-05-03 22:00:00,100.0,1
2568-1160,2568,2568-S6-P4,6,practice,2025-04-30 21:00:00,87.3,1
2568-1160,2568,2568-S1-C2,1,checkpoint,2025-05-17 16:00:00,99.4,1
2568-1160,2568,2568-S5-C2,5,checkpoint,2025-05-12 20:00:00,97.5,1
2568-1160,2568,2568-S6-C2,6,checkpoint,2025-05-17 18:00:00,74.3,1
2568-1160,2568,2568-S4-P5,4,practice,2025-05-25 21:00:00,97.1,1
2568-1160,2568,2568-S5-P5,5,practice,2025-05-21 20:00:00,62.3,1
2568-1160,2568,2568-S5-P6,5,practice,2025-06-15 17:00:00,69.3,1
2568-1160,2568,2568-S4-C3,4,checkpoint,2025-06-24 16:00:00,85.4,1
2568-1160,2568,2568-S6-C3,6,checkpoint,2025-06-28 21:00:00,70.7,1
2568-1160,2568,2568-S1-P7,1,practice,2025-07-05 22:00:00,92.3,1
2568-1160,2568,2568-S4-P7,4,practice,2025-07-05 22:00:00,94.3,1
2568-1160,2568,2568-S6-P7,6,practice,2025-06-30 20:00:00,91.2,1
2568-1160,2568,2568-S5-P8,5,practice,2025-07-27 17:00:00,76.8,1
2568-1160,2568,2568-S6-P8,6,practice,2025-07-27 21:00:00,100.0,1
2568-1160,2568,2568-S1-C4,1,checkpoint,2025-08-09 19:00:00,67.0,1
2568-1160,2568,2568-S4-C4,4,checkpoint,2025-08-09 22:00:00,84.6,1
2568-1160,2568,2568-S5-C4,5,checkpoint,2025-08-10 20:00:00,99.4,1
2568-1160,2568,2568-S1-P9,1,practice,2025-08-15 21:00:00,77.3,1
2568-1160,2568,2568-S4-P9,4,practice,2025-08-13 19:00:00,97.2,1
2568-1160,2568,2568-S5-P9,5,practice,2025-08-16 18:00:00,80.2,1
2568-1160,2568,2568-S6-P9,6,practice,2025-08-13 21:00:00,100.0,1
uuid-2569-2001,2569,2569-S4-P2,4,practice,2026-03-17 16:00:00,98.8,1
uuid-2569-2001,2569,2569-S5-P2,5,practice,2026-03-16 22:00:00,79.6,1
uuid-2569-2001,2569,2569-S4-C1,4,checkpoint,2026-03-30 16:00:00,80.3,1
uuid-2569-2001,2569,2569-S5-C1,5,checkpoint,2026-03-30 20:00:00,100.0,1
uuid-2569-2001,2569,2569-S4-P3,4,practice,2026-04-08 20:00:00,87.0,1
uuid-2569-2001,2569,2569-S5-P3,5,practice,2026-04-12 18:00:00,89.1,1
uuid-2569-2001,2569,2569-S4-P4,4,practice,2026-04-30 21:00:00,100.0,1
uuid-2569-2001,2569,2569-S5-P4,5,practice,2026-04-29 21:00:00,94.2,1
uuid-2569-2001,2569,2569-S4-C2,4,checkpoint,2026-05-15 17:00:00,86.6,1
uuid-2569-2001,2569,2569-S5-C2,5,checkpoint,2026-05-16 21:00:00,100.0,1
uuid-2569-2001,2569,2569-S4-P5,4,practice,2026-05-19 19:00:00,81.8,1
uuid-2569-2001,2569,2569-S5-P5,5,practice,2026-05-22 22:00:00,89.1,1
uuid-2569-2001,2569,2569-S4-P6,4,practice,2026-06-13 20:00:00,72.9,1
uuid-2569-2001,2569,2569-S5-P6,5,practice,2026-06-09 20:00:00,52.8,1
uuid-2569-2001,2569,2569-S4-C3,4,checkpoint,2026-06-23 20:00:00,98.5,1
uuid-2569-2001,2569,2569-S5-C3,5,checkpoint,2026-06-26 16:00:00,96.4,1
uuid-2569-2001,2569,2569-S4-P7,4,practice,2026-07-03 16:00:00,80.6,1
uuid-2569-2001,2569,2569-S5-P7,5,practice,2026-06-30 18:00:00,92.7,1
uuid-2569-2001,2569,2569-S4-P8,4,practice,2026-07-26 22:00:00,100.0,1
uuid-2569-2001,2569,2569-S5-P8,5,practice,2026-07-25 20:00:00,93.8,1
uuid-2569-2002,2569,2569-S1-P2,1,practice,2026-03-20 18:00:00,47.2,0
uuid-2569-2002,2569,2569-S4-C1,4,checkpoint,2026-04-05 17:00:00,60.1,1
uuid-2569-2002,2569,2569-S1-P4,1,practice,2026-05-03 19:00:00,58.1,1
uuid-2569-2002,2569,2569-S6-C2,6,checkpoint,2026-05-13 20:00:00,42.3,0
uuid-2569-2002,2569,2569-S5-P5,5,practice,2026-05-23 19:00:00,48.7,0
uuid-2569-2002,2569,2569-S6-P5,6,practice,2026-05-23 22:00:00,61.7,1
uuid-2569-2002,2569,2569-S1-P6,1,practice,2026-06-14 18:00:00,39.1,0
uuid-2569-2002,2569,2569-S1-C3,1,checkpoint,2026-06-26 21:00:00,46.7,0
uuid-2569-2002,2569,2569-S4-C3,4,checkpoint,2026-06-26 16:00:00,87.8,1
uuid-2569-2002,2569,2569-S6-C3,6,checkpoint,2026-06-23 20:00:00,62.9,1
uuid-2569-2002,2569,2569-S4-P7,4,practice,2026-07-02 21:00:00,36.6,0
uuid-2569-2002,2569,2569-S6-P7,6,practice,2026-07-05 16:00:00,59.5,1
uuid-2569-2003,2569,2569-S5-P2,5,practice,2026-03-22 17:00:00,66.1,1
uuid-2569-2003,2569,2569-S1-C1,1,checkpoint,2026-04-05 17:00:00,60.2,1
uuid-2569-2003,2569,2569-S4-C1,4,checkpoint,2026-04-05 20:00:00,39.4,0
uuid-2569-2003,2569,2569-S5-C1,5,checkpoint,2026-04-05 19:00:00,80.0,1
uuid-2569-2003,2569,2569-S1-P3,1,practice,2026-04-06 16:00:00,77.0,1
uuid-2569-2003,2569,2569-S5-P3,5,practice,2026-04-11 19:00:00,82.1,1
uuid-2569-2003,2569,2569-S6-P3,6,practice,2026-04-12 16:00:00,68.6,1
uuid-2569-2003,2569,2569-S6-P4,6,practice,2026-05-02 19:00:00,62.1,1
uuid-2569-2003,2569,2569-S1-C2,1,checkpoint,2026-05-13 19:00:00,53.7,1
uuid-2569-2003,2569,2569-S1-P5,1,practice,2026-05-23 21:00:00,58.4,1
uuid-2569-2003,2569,2569-S4-P5,4,practice,2026-05-23 18:00:00,80.4,1
uuid-2569-2003,2569,2569-S1-P6,1,practice,2026-06-14 17:00:00,68.7,1
uuid-2569-2003,2569,2569-S5-P6,5,practice,2026-06-12 18:00:00,57.7,1
uuid-2569-2003,2569,2569-S1-C3,1,checkpoint,2026-06-24 21:00:00,73.8,1
uuid-2569-2003,2569,2569-S4-C3,4,checkpoint,2026-06-25 16:00:00,96.0,1
uuid-2569-2003,2569,2569-S5-C3,5,checkpoint,2026-06-23 21:00:00,53.3,1
uuid-2569-2003,2569,2569-S6-C3,6,checkpoint,2026-06-24 19:00:00,70.2,1
uuid-2569-2003,2569,2569-S4-P7,4,practice,2026-07-01 20:00:00,68.9,1
uuid-2569-2003,2569,2569-S5-P7,5,practice,2026-07-02 17:00:00,52.6,1
uuid-2569-2003,2569,2569-S1-P8,1,practice,2026-07-24 22:00:00,89.9,1
uuid-2569-2003,2569,2569-S4-P8,4,practice,2026-07-20 21:00:00,86.2,1
uuid-2569-2003,2569,2569-S5-P8,5,practice,2026-07-23 18:00:00,63.0,1
uuid-2569-2003,2569,2569-S6-P8,6,practice,2026-07-23 20:00:00,71.2,1
uuid-2569-2004,2569,2569-S1-P2,1,practice,2026-03-17 20:00:00,65.8,1
uuid-2569-2004,2569,2569-S4-P2,4,practice,2026-03-16 19:00:00,71.2,1
uuid-2569-2004,2569,2569-S1-C1,1,checkpoint,2026-04-01 19:00:00,77.7,1
uuid-2569-2004,2569,2569-S4-C1,4,checkpoint,2026-04-04 18:00:00,74.6,1
uuid-2569-2004,2569,2569-S5-C1,5,checkpoint,2026-04-03 17:00:00,70.9,1
uuid-2569-2004,2569,2569-S5-P3,5,practice,2026-04-10 18:00:00,93.8,1
uuid-2569-2004,2569,2569-S5-P4,5,practice,2026-04-30 22:00:00,63.5,1
uuid-2569-2004,2569,2569-S1-C2,1,checkpoint,2026-05-12 21:00:00,65.1,1
uuid-2569-2004,2569,2569-S5-C2,5,checkpoint,2026-05-11 19:00:00,67.0,1
uuid-2569-2004,2569,2569-S1-P5,1,practice,2026-05-24 18:00:00,63.9,1
uuid-2569-2004,2569,2569-S4-P5,4,practice,2026-05-24 20:00:00,87.7,1
uuid-2569-2004,2569,2569-S6-P5,6,practice,2026-05-21 19:00:00,94.4,1
uuid-2569-2004,2569,2569-S1-P6,1,practice,2026-06-12 22:00:00,87.4,1
uuid-2569-2004,2569,2569-S5-P6,5,practice,2026-06-09 19:00:00,86.1,1
uuid-2569-2004,2569,2569-S6-P6,6,practice,2026-06-08 17:00:00,74.1,1
uuid-2569-2004,2569,2569-S4-C3,4,checkpoint,2026-06-27 17:00:00,74.2,1
uuid-2569-2004,2569,2569-S5-C3,5,checkpoint,2026-06-22 17:00:00,69.7,1
uuid-2569-2004,2569,2569-S6-C3,6,checkpoint,2026-06-26 17:00:00,83.9,1
uuid-2569-2004,2569,2569-S1-P7,1,practice,2026-06-29 22:00:00,80.1,1
uuid-2569-2004,2569,2569-S4-P7,4,practice,2026-07-05 18:00:00,67.2,1
uuid-2569-2004,2569,2569-S5-P7,5,practice,2026-07-04 22:00:00,82.1,1
uuid-2569-2004,2569,2569-S6-P7,6,practice,2026-06-30 16:00:00,89.4,1
uuid-2569-2004,2569,2569-S1-P8,1,practice,2026-07-25 17:00:00,79.3,1
uuid-2569-2005,2569,2569-S1-P3,1,practice,2026-04-11 18:00:00,86.3,1
uuid-2569-2005,2569,2569-S4-P3,4,practice,2026-04-07 20:00:00,100.0,1
uuid-2569-2005,2569,2569-S5-P3,5,practice,2026-04-12 19:00:00,95.8,1
uuid-2569-2005,2569,2569-S6-P3,6,practice,2026-04-06 18:00:00,93.6,1
uuid-2569-2005,2569,2569-S1-P4,1,practice,2026-04-30 16:00:00,95.7,1
uuid-2569-2005,2569,2569-S4-P4,4,practice,2026-04-27 21:00:00,89.1,1
uuid-2569-2005,2569,2569-S5-P4,5,practice,2026-05-03 20:00:00,77.6,1
uuid-2569-2005,2569,2569-S6-P4,6,practice,2026-04-27 19:00:00,99.0,1
uuid-2569-2005,2569,2569-S1-C2,1,checkpoint,2026-05-15 16:00:00,83.7,1
uuid-2569-2005,2569,2569-S4-C2,4,checkpoint,2026-05-14 18:00:00,58.0,1
uuid-2569-2005,2569,2569-S5-C2,5,checkpoint,2026-05-12 19:00:00,96.4,1
uuid-2569-2005,2569,2569-S6-C2,6,checkpoint,2026-05-13 17:00:00,100.0,1
uuid-2569-2005,2569,2569-S1-P5,1,practice,2026-05-20 19:00:00,100.0,1
uuid-2569-2005,2569,2569-S4-P5,4,practice,2026-05-23 22:00:00,80.9,1
uuid-2569-2005,2569,2569-S5-P5,5,practice,2026-05-22 20:00:00,100.0,1
uuid-2569-2005,2569,2569-S6-P5,6,practice,2026-05-24 17:00:00,74.5,1
uuid-2569-2005,2569,2569-S1-P6,1,practice,2026-06-09 16:00:00,74.1,1
uuid-2569-2005,2569,2569-S4-P6,4,practice,2026-06-11 19:00:00,69.3,1
uuid-2569-2005,2569,2569-S5-P6,5,practice,2026-06-09 21:00:00,89.4,1
uuid-2569-2005,2569,2569-S6-P6,6,practice,2026-06-09 21:00:00,81.7,1
uuid-2569-2005,2569,2569-S1-C3,1,checkpoint,2026-06-24 20:00:00,100.0,1
uuid-2569-2005,2569,2569-S4-C3,4,checkpoint,2026-06-28 22:00:00,77.5,1
uuid-2569-2005,2569,2569-S5-C3,5,checkpoint,2026-06-25 20:00:00,62.5,1
uuid-2569-2005,2569,2569-S4-P7,4,practice,2026-07-05 22:00:00,88.5,1
uuid-2569-2005,2569,2569-S5-P7,5,practice,2026-07-02 20:00:00,100.0,1
uuid-2569-2005,2569,2569-S6-P7,6,practice,2026-07-05 18:00:00,100.0,1
uuid-2569-2005,2569,2569-S4-P8,4,practice,2026-07-24 22:00:00,93.6,1
uuid-2569-2005,2569,2569-S6-P8,6,practice,2026-07-25 17:00:00,92.2,1
uuid-2569-2006,2569,2569-S4-P2,4,practice,2026-03-22 22:00:00,73.4,1
uuid-2569-2006,2569,2569-S6-P2,6,practice,2026-03-19 18:00:00,92.4,1
uuid-2569-2006,2569,2569-S5-C1,5,checkpoint,2026-04-01 19:00:00,65.9,1
uuid-2569-2006,2569,2569-S6-C1,6,checkpoint,2026-04-04 19:00:00,88.7,1
uuid-2569-2006,2569,2569-S1-P3,1,practice,2026-04-06 18:00:00,65.2,1
uuid-2569-2006,2569,2569-S4-P3,4,practice,2026-04-12 16:00:00,70.9,1
uuid-2569-2006,2569,2569-S6-P3,6,practice,2026-04-08 20:00:00,64.3,1
uuid-2569-2006,2569,2569-S1-P4,1,practice,2026-05-01 19:00:00,77.5,1
uuid-2569-2006,2569,2569-S4-P4,4,practice,2026-04-30 20:00:00,78.6,1
uuid-2569-2006,2569,2569-S5-P4,5,practice,2026-04-27 18:00:00,84.0,1
uuid-2569-2006,2569,2569-S5-C2,5,checkpoint,2026-05-14 20:00:00,88.9,1
uuid-2569-2006,2569,2569-S6-C2,6,checkpoint,2026-05-17 20:00:00,62.1,1
uuid-2569-2006,2569,2569-S1-P5,1,practice,2026-05-24 16:00:00,63.7,1
uuid-2569-2006,2569,2569-S5-P5,5,practice,2026-05-22 19:00:00,75.5,1
uuid-2569-2006,2569,2569-S6-P5,6,practice,2026-05-21 22:00:00,76.0,1
uuid-2569-2006,2569,2569-S5-P6,5,practice,2026-06-14 17:00:00,71.7,1
uuid-2569-2006,2569,2569-S6-P6,6,practice,2026-06-14 17:00:00,62.3,1
uuid-2569-2006,2569,2569-S1-C3,1,checkpoint,2026-06-27 16:00:00,66.0,1
uuid-2569-2006,2569,2569-S4-C3,4,checkpoint,2026-06-22 17:00:00,75.4,1
uuid-2569-2006,2569,2569-S5-C3,5,checkpoint,2026-06-25 18:00:00,66.9,1
uuid-2569-2006,2569,2569-S6-C3,6,checkpoint,2026-06-23 19:00:00,80.4,1
uuid-2569-2006,2569,2569-S1-P7,1,practice,2026-06-29 18:00:00,63.5,1
uuid-2569-2006,2569,2569-S5-P7,5,practice,2026-07-04 22:00:00,59.5,1
uuid-2569-2006,2569,2569-S6-P7,6,practice,2026-07-04 20:00:00,68.9,1
uuid-2569-2006,2569,2569-S1-P8,1,practice,2026-07-23 21:00:00,64.6,1
uuid-2569-2007,2569,2569-S4-P3,4,practice,2026-04-09 18:00:00,83.4,1
uuid-2569-2007,2569,2569-S5-P3,5,practice,2026-04-07 17:00:00,61.9,1
uuid-2569-2007,2569,2569-S1-P4,1,practice,2026-04-30 17:00:00,69.9,1
uuid-2569-2007,2569,2569-S4-P4,4,practice,2026-04-27 18:00:00,79.8,1
uuid-2569-2007,2569,2569-S5-P4,5,practice,2026-05-03 16:00:00,68.7,1
uuid-2569-2007,2569,2569-S4-C2,4,checkpoint,2026-05-12 16:00:00,62.2,1
uuid-2569-2007,2569,2569-S5-C2,5,checkpoint,2026-05-14 18:00:00,75.0,1
uuid-2569-2007,2569,2569-S1-P5,1,practice,2026-05-22 16:00:00,64.0,1
uuid-2569-2007,2569,2569-S4-P5,4,practice,2026-05-20 17:00:00,72.8,1
uuid-2569-2007,2569,2569-S5-P5,5,practice,2026-05-21 20:00:00,74.2,1
uuid-2569-2007,2569,2569-S1-P6,1,practice,2026-06-13 22:00:00,87.5,1
uuid-2569-2007,2569,2569-S4-P6,4,practice,2026-06-12 18:00:00,85.3,1
uuid-2569-2007,2569,2569-S5-P6,5,practice,2026-06-10 21:00:00,100.0,1
uuid-2569-2007,2569,2569-S4-C3,4,checkpoint,2026-06-24 22:00:00,100.0,1
uuid-2569-2007,2569,2569-S1-P8,1,practice,2026-07-25 18:00:00,84.4,1
uuid-2569-2007,2569,2569-S4-P8,4,practice,2026-07-20 22:00:00,84.2,1
uuid-2569-2008,2569,2569-S1-P3,1,practice,2026-04-08 19:00:00,77.0,1
uuid-2569-2008,2569,2569-S4-P3,4,practice,2026-04-10 20:00:00,59.5,1
uuid-2569-2008,2569,2569-S5-P3,5,practice,2026-04-10 21:00:00,77.9,1
uuid-2569-2008,2569,2569-S1-P4,1,practice,2026-05-01 20:00:00,71.8,1
uuid-2569-2008,2569,2569-S5-P4,5,practice,2026-04-27 21:00:00,76.5,1
uuid-2569-2008,2569,2569-S5-C2,5,checkpoint,2026-05-17 21:00:00,100.0,1
uuid-2569-2008,2569,2569-S6-C2,6,checkpoint,2026-05-17 18:00:00,97.4,1
uuid-2569-2008,2569,2569-S1-P5,1,practice,2026-05-23 18:00:00,68.7,1
uuid-2569-2008,2569,2569-S4-P5,4,practice,2026-05-19 20:00:00,77.6,1
uuid-2569-2008,2569,2569-S5-P5,5,practice,2026-05-23 16:00:00,63.1,1
uuid-2569-2008,2569,2569-S6-P5,6,practice,2026-05-22 20:00:00,74.6,1
uuid-2569-2008,2569,2569-S1-P6,1,practice,2026-06-14 17:00:00,62.7,1
uuid-2569-2008,2569,2569-S4-P6,4,practice,2026-06-12 16:00:00,72.3,1
uuid-2569-2008,2569,2569-S5-P6,5,practice,2026-06-10 19:00:00,69.2,1
uuid-2569-2008,2569,2569-S6-P6,6,practice,2026-06-08 18:00:00,83.0,1
uuid-2569-2008,2569,2569-S1-C3,1,checkpoint,2026-06-28 19:00:00,85.5,1
uuid-2569-2008,2569,2569-S4-C3,4,checkpoint,2026-06-23 21:00:00,63.2,1
uuid-2569-2008,2569,2569-S5-C3,5,checkpoint,2026-06-24 20:00:00,74.5,1
uuid-2569-2008,2569,2569-S6-C3,6,checkpoint,2026-06-25 18:00:00,84.0,1
uuid-2569-2008,2569,2569-S1-P7,1,practice,2026-07-01 17:00:00,86.4,1
uuid-2569-2008,2569,2569-S4-P7,4,practice,2026-06-30 19:00:00,75.5,1
uuid-2569-2008,2569,2569-S5-P7,5,practice,2026-07-03 22:00:00,67.6,1
uuid-2569-2008,2569,2569-S6-P7,6,practice,2026-06-29 21:00:00,75.2,1
uuid-2569-2008,2569,2569-S1-P8,1,practice,2026-07-23 20:00:00,80.9,1
uuid-2569-2008,2569,2569-S4-P8,4,practice,2026-07-24 18:00:00,85.9,1
uuid-2569-2008,2569,2569-S6-P8,6,practice,2026-07-23 20:00:00,62.1,1
uuid-2569-2009,2569,2569-S1-P2,1,practice,2026-03-19 18:00:00,81.9,1
uuid-2569-2009,2569,2569-S4-P2,4,practice,2026-03-18 17:00:00,66.4,1
uuid-2569-2009,2569,2569-S5-P2,5,practice,2026-03-17 20:00:00,64.4,1
uuid-2569-2009,2569,2569-S1-C1,1,checkpoint,2026-04-03 21:00:00,61.8,1
uuid-2569-2009,2569,2569-S4-P3,4,practice,2026-04-12 22:00:00,64.1,1
uuid-2569-2009,2569,2569-S4-P4,4,practice,2026-05-03 18:00:00,68.1,1
uuid-2569-2009,2569,2569-S5-P4,5,practice,2026-04-28 17:00:00,71.9,1
uuid-2569-2009,2569,2569-S6-P4,6,practice,2026-05-01 21:00:00,82.8,1
uuid-2569-2009,2569,2569-S5-C2,5,checkpoint,2026-05-12 17:00:00,85.6,1
uuid-2569-2009,2569,2569-S1-P5,1,practice,2026-05-18 22:00:00,67.3,1
uuid-2569-2009,2569,2569-S4-P5,4,practice,2026-05-20 22:00:00,81.8,1
uuid-2569-2009,2569,2569-S6-P5,6,practice,2026-05-20 17:00:00,61.7,1
uuid-2569-2010,2569,2569-S1-P2,1,practice,2026-03-16 21:00:00,97.2,1
uuid-2569-2010,2569,2569-S5-P2,5,practice,2026-03-19 20:00:00,72.9,1
uuid-2569-2010,2569,2569-S6-P2,6,practice,2026-03-22 18:00:00,92.7,1
uuid-2569-2010,2569,2569-S1-C1,1,checkpoint,2026-04-03 18:00:00,88.5,1
uuid-2569-2010,2569,2569-S4-C1,4,checkpoint,2026-04-05 22:00:00,83.0,1
uuid-2569-2010,2569,2569-S5-C1,5,checkpoint,2026-04-02 18:00:00,100.0,1
uuid-2569-2010,2569,2569-S6-C1,6,checkpoint,2026-03-31 21:00:00,100.0,1
uuid-2569-2010,2569,2569-S1-P3,1,practice,2026-04-12 21:00:00,82.4,1
uuid-2569-2010,2569,2569-S4-P3,4,practice,2026-04-11 19:00:00,97.1,1
uuid-2569-2010,2569,2569-S5-P3,5,practice,2026-04-07 20:00:00,82.6,1
uuid-2569-2010,2569,2569-S6-P3,6,practice,2026-04-08 19:00:00,85.5,1
uuid-2569-2010,2569,2569-S1-P4,1,practice,2026-04-27 16:00:00,97.9,1
uuid-2569-2010,2569,2569-S4-P4,4,practice,2026-05-03 18:00:00,91.3,1
uuid-2569-2010,2569,2569-S5-P4,5,practice,2026-04-27 16:00:00,79.7,1
uuid-2569-2010,2569,2569-S6-P4,6,practice,2026-05-03 21:00:00,91.1,1
uuid-2569-2010,2569,2569-S5-C2,5,checkpoint,2026-05-12 17:00:00,87.1,1
uuid-2569-2010,2569,2569-S6-C2,6,checkpoint,2026-05-13 19:00:00,91.6,1
uuid-2569-2010,2569,2569-S4-P5,4,practice,2026-05-23 22:00:00,86.2,1
uuid-2569-2010,2569,2569-S5-P5,5,practice,2026-05-18 20:00:00,92.6,1
uuid-2569-2010,2569,2569-S6-P5,6,practice,2026-05-21 19:00:00,100.0,1
uuid-2569-2010,2569,2569-S1-P6,1,practice,2026-06-13 22:00:00,91.4,1
uuid-2569-2010,2569,2569-S5-P6,5,practice,2026-06-09 16:00:00,100.0,1
uuid-2569-2010,2569,2569-S1-C3,1,checkpoint,2026-06-25 22:00:00,91.5,1
uuid-2569-2010,2569,2569-S4-C3,4,checkpoint,2026-06-26 20:00:00,100.0,1
uuid-2569-2010,2569,2569-S5-C3,5,checkpoint,2026-06-23 20:00:00,80.2,1
uuid-2569-2010,2569,2569-S6-C3,6,checkpoint,2026-06-28 19:00:00,99.4,1
uuid-2569-2010,2569,2569-S1-P7,1,practice,2026-07-02 21:00:00,85.5,1
uuid-2569-2010,2569,2569-S4-P7,4,practice,2026-06-29 16:00:00,90.1,1
uuid-2569-2010,2569,2569-S5-P7,5,practice,2026-07-03 16:00:00,80.0,1
uuid-2569-2010,2569,2569-S4-P8,4,practice,2026-07-20 20:00:00,100.0,1
uuid-2569-2010,2569,2569-S5-P8,5,practice,2026-07-23 20:00:00,86.0,1
uuid-2569-2010,2569,2569-S6-P8,6,practice,2026-07-20 19:00:00,91.4,1
uuid-2569-2011,2569,2569-S1-P2,1,practice,2026-03-18 16:00:00,66.9,1
uuid-2569-2011,2569,2569-S4-P2,4,practice,2026-03-22 17:00:00,92.2,1
uuid-2569-2011,2569,2569-S4-C1,4,checkpoint,2026-03-30 21:00:00,63.2,1
uuid-2569-2011,2569,2569-S4-P4,4,practice,2026-04-30 20:00:00,84.2,1
uuid-2569-2012,2569,2569-S1-P3,1,practice,2026-04-06 22:00:00,91.4,1
uuid-2569-2012,2569,2569-S5-P3,5,practice,2026-04-09 16:00:00,72.4,1
uuid-2569-2012,2569,2569-S1-P4,1,practice,2026-05-01 21:00:00,87.2,1
uuid-2569-2012,2569,2569-S5-P4,5,practice,2026-04-29 20:00:00,81.6,1
uuid-2569-2012,2569,2569-S6-P4,6,practice,2026-04-27 16:00:00,96.8,1
uuid-2569-2012,2569,2569-S1-C2,1,checkpoint,2026-05-11 16:00:00,97.1,1
uuid-2569-2012,2569,2569-S5-C2,5,checkpoint,2026-05-12 21:00:00,87.7,1
uuid-2569-2012,2569,2569-S6-C2,6,checkpoint,2026-05-13 17:00:00,100.0,1
uuid-2569-2012,2569,2569-S5-P5,5,practice,2026-05-22 22:00:00,74.1,1
uuid-2569-2012,2569,2569-S6-P5,6,practice,2026-05-23 20:00:00,75.1,1
uuid-2569-2012,2569,2569-S1-P6,1,practice,2026-06-14 21:00:00,83.1,1
uuid-2569-2012,2569,2569-S5-P6,5,practice,2026-06-10 17:00:00,83.5,1
uuid-2569-2012,2569,2569-S1-C3,1,checkpoint,2026-06-23 18:00:00,78.4,1
uuid-2569-2012,2569,2569-S5-C3,5,checkpoint,2026-06-26 18:00:00,87.8,1
uuid-2569-2012,2569,2569-S6-C3,6,checkpoint,2026-06-28 16:00:00,69.6,1
uuid-2569-2012,2569,2569-S1-P7,1,practice,2026-06-30 20:00:00,100.0,1
uuid-2569-2012,2569,2569-S5-P7,5,practice,2026-07-04 16:00:00,100.0,1
uuid-2569-2012,2569,2569-S6-P7,6,practice,2026-07-05 18:00:00,77.0,1
uuid-2569-2012,2569,2569-S1-P8,1,practice,2026-07-22 19:00:00,85.9,1
uuid-2569-2012,2569,2569-S6-P8,6,practice,2026-07-20 21:00:00,71.7,1
uuid-2569-2013,2569,2569-S1-P2,1,practice,2026-03-18 17:00:00,54.9,1
uuid-2569-2013,2569,2569-S5-P2,5,practice,2026-03-20 20:00:00,84.1,1
uuid-2569-2013,2569,2569-S6-P2,6,practice,2026-03-17 19:00:00,67.5,1
uuid-2569-2013,2569,2569-S1-C1,1,checkpoint,2026-04-02 19:00:00,67.7,1
uuid-2569-2013,2569,2569-S5-C1,5,checkpoint,2026-04-05 20:00:00,58.9,1
uuid-2569-2014,2569,2569-S1-P2,1,practice,2026-03-19 16:00:00,58.7,1
uuid-2569-2014,2569,2569-S6-P2,6,practice,2026-03-19 18:00:00,60.7,1
uuid-2569-2014,2569,2569-S1-C1,1,checkpoint,2026-04-05 16:00:00,63.2,1
uuid-2569-2014,2569,2569-S4-C1,4,checkpoint,2026-04-04 16:00:00,78.1,1
uuid-2569-2014,2569,2569-S5-C1,5,checkpoint,2026-04-05 18:00:00,62.8,1
uuid-2569-2014,2569,2569-S6-C1,6,checkpoint,2026-04-03 19:00:00,68.6,1
uuid-2569-2014,2569,2569-S4-P3,4,practice,2026-04-09 21:00:00,64.7,1
uuid-2569-2014,2569,2569-S5-P3,5,practice,2026-04-12 18:00:00,56.3,1
uuid-2569-2014,2569,2569-S1-P4,1,practice,2026-05-01 20:00:00,66.5,1
uuid-2569-2014,2569,2569-S4-P4,4,practice,2026-05-03 22:00:00,72.4,1
uuid-2569-2014,2569,2569-S5-P4,5,practice,2026-05-03 19:00:00,63.8,1
uuid-2569-2014,2569,2569-S5-C2,5,checkpoint,2026-05-14 19:00:00,86.3,1
uuid-2569-2014,2569,2569-S1-P5,1,practice,2026-05-23 20:00:00,63.6,1
uuid-2569-2014,2569,2569-S1-C3,1,checkpoint,2026-06-28 16:00:00,62.3,1
uuid-2569-2014,2569,2569-S5-C3,5,checkpoint,2026-06-27 18:00:00,63.7,1
uuid-2569-2014,2569,2569-S6-C3,6,checkpoint,2026-06-25 20:00:00,63.3,1
uuid-2569-2014,2569,2569-S1-P7,1,practice,2026-07-03 16:00:00,74.1,1
uuid-2569-2014,2569,2569-S4-P7,4,practice,2026-07-01 17:00:00,47.4,0
uuid-2569-2014,2569,2569-S6-P7,6,practice,2026-06-30 21:00:00,90.2,1
uuid-2569-2014,2569,2569-S1-P8,1,practice,2026-07-25 18:00:00,60.3,1
uuid-2569-2014,2569,2569-S5-P8,5,practice,2026-07-21 17:00:00,70.8,1
uuid-2569-2014,2569,2569-S6-P8,6,practice,2026-07-23 19:00:00,47.7,0
uuid-2569-2015,2569,2569-S4-P2,4,practice,2026-03-16 19:00:00,64.4,1
uuid-2569-2015,2569,2569-S6-P2,6,practice,2026-03-21 18:00:00,55.5,1
uuid-2569-2015,2569,2569-S1-C1,1,checkpoint,2026-04-03 20:00:00,60.9,1
uuid-2569-2015,2569,2569-S6-C1,6,checkpoint,2026-03-31 21:00:00,73.2,1
uuid-2569-2015,2569,2569-S1-P3,1,practice,2026-04-08 20:00:00,71.2,1
uuid-2569-2015,2569,2569-S4-P3,4,practice,2026-04-09 16:00:00,63.1,1
uuid-2569-2015,2569,2569-S6-P3,6,practice,2026-04-09 22:00:00,51.1,1
uuid-2569-2015,2569,2569-S6-P4,6,practice,2026-04-30 22:00:00,55.3,1
uuid-2569-2016,2569,2569-S1-P2,1,practice,2026-03-19 22:00:00,94.2,1
uuid-2569-2016,2569,2569-S5-P2,5,practice,2026-03-16 19:00:00,82.2,1
uuid-2569-2016,2569,2569-S6-P2,6,practice,2026-03-22 17:00:00,87.3,1
uuid-2569-2016,2569,2569-S1-C1,1,checkpoint,2026-03-30 18:00:00,85.6,1
uuid-2569-2016,2569,2569-S4-C1,4,checkpoint,2026-04-02 22:00:00,100.0,1
uuid-2569-2016,2569,2569-S5-C1,5,checkpoint,2026-03-31 20:00:00,70.1,1
uuid-2569-2016,2569,2569-S6-C1,6,checkpoint,2026-04-04 19:00:00,91.8,1
uuid-2569-2016,2569,2569-S1-P3,1,practice,2026-04-12 17:00:00,80.9,1
uuid-2569-2016,2569,2569-S5-P3,5,practice,2026-04-10 19:00:00,97.6,1
uuid-2569-2016,2569,2569-S6-P3,6,practice,2026-04-12 17:00:00,100.0,1
uuid-2569-2016,2569,2569-S5-P4,5,practice,2026-04-30 17:00:00,88.3,1
uuid-2569-2016,2569,2569-S6-P4,6,practice,2026-05-03 22:00:00,76.3,1
uuid-2569-2016,2569,2569-S1-C2,1,checkpoint,2026-05-17 17:00:00,78.0,1
uuid-2569-2016,2569,2569-S4-C2,4,checkpoint,2026-05-12 17:00:00,79.3,1
uuid-2569-2016,2569,2569-S5-C2,5,checkpoint,2026-05-12 21:00:00,69.0,1
uuid-2569-2016,2569,2569-S1-P5,1,practice,2026-05-21 18:00:00,75.6,1
uuid-2569-2016,2569,2569-S4-P5,4,practice,2026-05-22 22:00:00,61.6,1
uuid-2569-2016,2569,2569-S5-P5,5,practice,2026-05-23 22:00:00,68.4,1
uuid-2569-2016,2569,2569-S6-P5,6,practice,2026-05-22 21:00:00,74.5,1
uuid-2569-2016,2569,2569-S5-P6,5,practice,2026-06-13 18:00:00,78.9,1
uuid-2569-2016,2569,2569-S4-C3,4,checkpoint,2026-06-25 17:00:00,98.5,1
uuid-2569-2016,2569,2569-S5-C3,5,checkpoint,2026-06-25 16:00:00,71.0,1
uuid-2569-2016,2569,2569-S6-C3,6,checkpoint,2026-06-26 21:00:00,87.5,1
uuid-2569-2016,2569,2569-S5-P7,5,practice,2026-07-02 19:00:00,74.3,1
uuid-2569-2016,2569,2569-S6-P7,6,practice,2026-06-29 19:00:00,93.9,1
uuid-2569-2016,2569,2569-S4-P8,4,practice,2026-07-25 22:00:00,87.0,1
uuid-2569-2016,2569,2569-S6-P8,6,practice,2026-07-25 17:00:00,63.2,1
uuid-2569-2017,2569,2569-S6-P2,6,practice,2026-03-19 16:00:00,62.9,1
uuid-2569-2017,2569,2569-S1-C1,1,checkpoint,2026-04-05 17:00:00,54.9,1
uuid-2569-2017,2569,2569-S4-C1,4,checkpoint,2026-04-05 22:00:00,81.4,1
uuid-2569-2017,2569,2569-S4-P3,4,practice,2026-04-06 18:00:00,56.6,1
uuid-2569-2017,2569,2569-S5-P3,5,practice,2026-04-06 20:00:00,73.4,1
uuid-2569-2017,2569,2569-S6-P3,6,practice,2026-04-10 17:00:00,58.5,1
uuid-2569-2017,2569,2569-S1-P4,1,practice,2026-05-02 17:00:00,65.6,1
uuid-2569-2017,2569,2569-S4-P4,4,practice,2026-04-27 17:00:00,91.3,1
uuid-2569-2018,2569,2569-S1-P2,1,practice,2026-03-19 20:00:00,67.2,1
uuid-2569-2018,2569,2569-S5-P2,5,practice,2026-03-20 17:00:00,54.1,1
uuid-2569-2018,2569,2569-S6-P2,6,practice,2026-03-20 16:00:00,70.0,1
uuid-2569-2018,2569,2569-S1-C1,1,checkpoint,2026-03-31 22:00:00,63.2,1
uuid-2569-2018,2569,2569-S5-C1,5,checkpoint,2026-04-02 20:00:00,63.9,1
uuid-2569-2018,2569,2569-S6-C1,6,checkpoint,2026-03-30 22:00:00,67.7,1
uuid-2569-2018,2569,2569-S1-P3,1,practice,2026-04-11 18:00:00,100.0,1
uuid-2569-2018,2569,2569-S4-P3,4,practice,2026-04-07 21:00:00,59.3,1
uuid-2569-2018,2569,2569-S1-P4,1,practice,2026-04-29 21:00:00,52.2,1
uuid-2569-2018,2569,2569-S4-P4,4,practice,2026-05-02 20:00:00,60.2,1
uuid-2569-2018,2569,2569-S6-P4,6,practice,2026-04-28 16:00:00,71.1,1
uuid-2569-2019,2569,2569-S1-P2,1,practice,2026-03-19 22:00:00,70.2,1
uuid-2569-2019,2569,2569-S5-P2,5,practice,2026-03-22 19:00:00,82.6,1
uuid-2569-2019,2569,2569-S1-C1,1,checkpoint,2026-04-05 21:00:00,72.3,1
uuid-2569-2019,2569,2569-S6-C1,6,checkpoint,2026-03-31 22:00:00,88.9,1
uuid-2569-2020,2569,2569-S1-P2,1,practice,2026-03-19 20:00:00,93.0,1
uuid-2569-2020,2569,2569-S4-P2,4,practice,2026-03-18 19:00:00,79.0,1
uuid-2569-2020,2569,2569-S5-P2,5,practice,2026-03-17 20:00:00,76.4,1
uuid-2569-2020,2569,2569-S6-P2,6,practice,2026-03-18 16:00:00,76.7,1
uuid-2569-2020,2569,2569-S1-C1,1,checkpoint,2026-03-30 22:00:00,67.6,1
uuid-2569-2020,2569,2569-S4-C1,4,checkpoint,2026-04-02 17:00:00,61.6,1
uuid-2569-2020,2569,2569-S6-C1,6,checkpoint,2026-04-02 18:00:00,67.3,1
uuid-2569-2020,2569,2569-S1-P3,1,practice,2026-04-07 17:00:00,68.6,1
uuid-2569-2020,2569,2569-S4-P3,4,practice,2026-04-11 17:00:00,100.0,1
uuid-2569-2020,2569,2569-S5-P3,5,practice,2026-04-07 22:00:00,100.0,1
uuid-2569-2020,2569,2569-S6-P3,6,practice,2026-04-09 22:00:00,82.1,1
uuid-2569-2020,2569,2569-S1-P4,1,practice,2026-04-29 22:00:00,73.4,1
uuid-2569-2020,2569,2569-S4-P4,4,practice,2026-04-27 20:00:00,85.4,1
uuid-2569-2020,2569,2569-S5-P4,5,practice,2026-04-30 21:00:00,100.0,1
uuid-2569-2020,2569,2569-S6-P4,6,practice,2026-04-30 17:00:00,96.6,1
uuid-2569-2020,2569,2569-S1-C2,1,checkpoint,2026-05-11 20:00:00,94.6,1
uuid-2569-2020,2569,2569-S4-C2,4,checkpoint,2026-05-11 17:00:00,74.0,1
uuid-2569-2020,2569,2569-S5-C2,5,checkpoint,2026-05-17 22:00:00,61.5,1
uuid-2569-2020,2569,2569-S6-C2,6,checkpoint,2026-05-11 22:00:00,91.1,1
uuid-2569-2020,2569,2569-S1-P5,1,practice,2026-05-18 22:00:00,65.5,1
uuid-2569-2020,2569,2569-S4-P5,4,practice,2026-05-19 16:00:00,84.3,1
uuid-2569-2020,2569,2569-S5-P5,5,practice,2026-05-21 18:00:00,76.0,1
uuid-2569-2020,2569,2569-S1-P6,1,practice,2026-06-09 20:00:00,91.1,1
uuid-2569-2020,2569,2569-S4-P6,4,practice,2026-06-09 19:00:00,81.3,1
uuid-2569-2020,2569,2569-S5-P6,5,practice,2026-06-14 18:00:00,95.2,1
uuid-2569-2020,2569,2569-S6-P6,6,practice,2026-06-11 19:00:00,100.0,1
uuid-2569-2020,2569,2569-S1-C3,1,checkpoint,2026-06-26 20:00:00,90.4,1
uuid-2569-2020,2569,2569-S4-C3,4,checkpoint,2026-06-28 21:00:00,68.8,1
uuid-2569-2020,2569,2569-S6-C3,6,checkpoint,2026-06-25 16:00:00,69.1,1
uuid-2569-2020,2569,2569-S1-P7,1,practice,2026-07-03 21:00:00,61.9,1
uuid-2569-2020,2569,2569-S5-P7,5,practice,2026-06-30 22:00:00,100.0,1
uuid-2569-2020,2569,2569-S6-P7,6,practice,2026-07-05 16:00:00,100.0,1
uuid-2569-2020,2569,2569-S1-P8,1,practice,2026-07-26 22:00:00,66.9,1
uuid-2569-2020,2569,2569-S4-P8,4,practice,2026-07-21 20:00:00,68.9,1
uuid-2569-2020,2569,2569-S5-P8,5,practice,2026-07-23 19:00:00,80.4,1
uuid-2569-2021,2569,2569-S4-P2,4,practice,2026-03-19 19:00:00,86.6,1
uuid-2569-2021,2569,2569-S6-P2,6,practice,2026-03-22 19:00:00,60.6,1
uuid-2569-2021,2569,2569-S1-C1,1,checkpoint,2026-04-05 16:00:00,73.1,1
uuid-2569-2021,2569,2569-S6-C1,6,checkpoint,2026-03-30 22:00:00,94.7,1
uuid-2569-2021,2569,2569-S1-P3,1,practice,2026-04-06 17:00:00,70.8,1
uuid-2569-2021,2569,2569-S5-P3,5,practice,2026-04-06 19:00:00,81.7,1
uuid-2569-2021,2569,2569-S6-P3,6,practice,2026-04-06 20:00:00,77.4,1
uuid-2569-2021,2569,2569-S1-P4,1,practice,2026-05-01 16:00:00,68.2,1
uuid-2569-2021,2569,2569-S4-P4,4,practice,2026-05-01 18:00:00,68.3,1
uuid-2569-2021,2569,2569-S5-P4,5,practice,2026-04-30 19:00:00,85.9,1
uuid-2569-2021,2569,2569-S6-P4,6,practice,2026-05-01 17:00:00,94.8,1
uuid-2569-2021,2569,2569-S1-C2,1,checkpoint,2026-05-13 17:00:00,79.7,1
uuid-2569-2021,2569,2569-S4-C2,4,checkpoint,2026-05-12 16:00:00,60.5,1
uuid-2569-2021,2569,2569-S4-P5,4,practice,2026-05-20 21:00:00,97.9,1
uuid-2569-2021,2569,2569-S5-P5,5,practice,2026-05-20 22:00:00,71.7,1
uuid-2569-2021,2569,2569-S6-P5,6,practice,2026-05-24 16:00:00,90.0,1
uuid-2569-2021,2569,2569-S1-P6,1,practice,2026-06-13 20:00:00,65.8,1
uuid-2569-2021,2569,2569-S5-P6,5,practice,2026-06-09 16:00:00,76.3,1
uuid-2569-2021,2569,2569-S6-P6,6,practice,2026-06-13 17:00:00,100.0,1
uuid-2569-2021,2569,2569-S6-C3,6,checkpoint,2026-06-28 21:00:00,63.9,1
uuid-2569-2021,2569,2569-S1-P7,1,practice,2026-07-05 17:00:00,88.0,1
uuid-2569-2021,2569,2569-S4-P7,4,practice,2026-07-01 21:00:00,79.3,1
uuid-2569-2021,2569,2569-S1-P8,1,practice,2026-07-23 21:00:00,65.4,1
uuid-2569-2021,2569,2569-S4-P8,4,practice,2026-07-23 22:00:00,100.0,1
uuid-2569-2021,2569,2569-S6-P8,6,practice,2026-07-24 21:00:00,87.0,1
uuid-2569-2022,2569,2569-S1-P2,1,practice,2026-03-20 22:00:00,79.5,1
uuid-2569-2022,2569,2569-S1-C1,1,checkpoint,2026-03-30 18:00:00,92.3,1
uuid-2569-2022,2569,2569-S4-C1,4,checkpoint,2026-04-02 18:00:00,66.7,1
uuid-2569-2022,2569,2569-S5-C1,5,checkpoint,2026-04-04 16:00:00,72.1,1
uuid-2569-2023,2569,2569-S1-P2,1,practice,2026-03-16 19:00:00,80.5,1
uuid-2569-2023,2569,2569-S4-P2,4,practice,2026-03-20 20:00:00,60.0,1
uuid-2569-2023,2569,2569-S5-P2,5,practice,2026-03-18 21:00:00,40.7,0
uuid-2569-2023,2569,2569-S6-P2,6,practice,2026-03-20 21:00:00,59.5,1
uuid-2569-2023,2569,2569-S1-C1,1,checkpoint,2026-03-31 16:00:00,71.6,1
uuid-2569-2023,2569,2569-S4-C1,4,checkpoint,2026-03-30 19:00:00,66.2,1
uuid-2569-2023,2569,2569-S6-C1,6,checkpoint,2026-03-31 18:00:00,98.9,1
uuid-2569-2023,2569,2569-S1-P3,1,practice,2026-04-10 18:00:00,96.7,1
uuid-2569-2023,2569,2569-S4-P3,4,practice,2026-04-11 18:00:00,76.6,1
uuid-2569-2023,2569,2569-S5-P3,5,practice,2026-04-12 21:00:00,87.7,1
uuid-2569-2023,2569,2569-S6-P3,6,practice,2026-04-06 21:00:00,71.3,1
uuid-2569-2023,2569,2569-S1-P4,1,practice,2026-04-30 21:00:00,88.7,1
uuid-2569-2023,2569,2569-S4-P4,4,practice,2026-04-30 21:00:00,73.5,1
uuid-2569-2023,2569,2569-S5-P4,5,practice,2026-05-03 20:00:00,53.1,1
uuid-2569-2023,2569,2569-S6-P4,6,practice,2026-04-29 20:00:00,80.5,1
uuid-2569-2023,2569,2569-S1-C2,1,checkpoint,2026-05-12 20:00:00,70.7,1
uuid-2569-2023,2569,2569-S4-C2,4,checkpoint,2026-05-11 22:00:00,71.1,1
uuid-2569-2023,2569,2569-S5-C2,5,checkpoint,2026-05-13 22:00:00,79.7,1
uuid-2569-2023,2569,2569-S1-P5,1,practice,2026-05-20 20:00:00,64.0,1
uuid-2569-2023,2569,2569-S4-P5,4,practice,2026-05-18 22:00:00,80.7,1
uuid-2569-2023,2569,2569-S6-P5,6,practice,2026-05-24 22:00:00,77.6,1
uuid-2569-2023,2569,2569-S1-P6,1,practice,2026-06-10 16:00:00,69.7,1
uuid-2569-2023,2569,2569-S4-P6,4,practice,2026-06-14 16:00:00,70.4,1
uuid-2569-2023,2569,2569-S5-P6,5,practice,2026-06-08 16:00:00,90.3,1
uuid-2569-2023,2569,2569-S6-P6,6,practice,2026-06-12 16:00:00,77.6,1
uuid-2569-2023,2569,2569-S1-C3,1,checkpoint,2026-06-25 22:00:00,67.5,1
uuid-2569-2023,2569,2569-S4-C3,4,checkpoint,2026-06-24 19:00:00,82.9,1
uuid-2569-2023,2569,2569-S5-C3,5,checkpoint,2026-06-22 17:00:00,69.0,1
uuid-2569-2023,2569,2569-S6-C3,6,checkpoint,2026-06-27 18:00:00,85.7,1
uuid-2569-2023,2569,2569-S4-P7,4,practice,2026-07-03 17:00:00,83.5,1
uuid-2569-2023,2569,2569-S5-P7,5,practice,2026-07-04 18:00:00,82.6,1
uuid-2569-2023,2569,2569-S6-P7,6,practice,2026-07-01 16:00:00,100.0,1
uuid-2569-2023,2569,2569-S1-P8,1,practice,2026-07-24 17:00:00,94.0,1
uuid-2569-2023,2569,2569-S4-P8,4,practice,2026-07-20 20:00:00,68.8,1
uuid-2569-2023,2569,2569-S5-P8,5,practice,2026-07-25 22:00:00,50.0,1
uuid-2569-2023,2569,2569-S6-P8,6,practice,2026-07-22 16:00:00,95.7,1
uuid-2569-2024,2569,2569-S4-P2,4,practice,2026-03-21 16:00:00,75.0,1
uuid-2569-2024,2569,2569-S5-P2,5,practice,2026-03-21 22:00:00,82.8,1
uuid-2569-2024,2569,2569-S4-C1,4,checkpoint,2026-03-30 21:00:00,59.0,1
uuid-2569-2024,2569,2569-S4-P3,4,practice,2026-04-11 16:00:00,93.3,1
uuid-2569-2024,2569,2569-S5-P3,5,practice,2026-04-08 20:00:00,92.1,1
uuid-2569-2024,2569,2569-S5-C2,5,checkpoint,2026-05-11 16:00:00,68.0,1
uuid-2569-2024,2569,2569-S4-P6,4,practice,2026-06-12 17:00:00,99.9,1
uuid-2569-2024,2569,2569-S4-C3,4,checkpoint,2026-06-26 16:00:00,65.6,1
uuid-2569-2024,2569,2569-S4-P7,4,practice,2026-07-01 17:00:00,72.8,1
uuid-2569-2024,2569,2569-S5-P7,5,practice,2026-06-29 18:00:00,100.0,1
uuid-2569-2025,2569,2569-S5-P2,5,practice,2026-03-17 16:00:00,71.6,1
uuid-2569-2025,2569,2569-S4-C1,4,checkpoint,2026-04-01 17:00:00,74.8,1
uuid-2569-2025,2569,2569-S5-C1,5,checkpoint,2026-04-01 19:00:00,89.2,1
uuid-2569-2025,2569,2569-S6-C1,6,checkpoint,2026-03-30 18:00:00,88.3,1
uuid-2569-2025,2569,2569-S6-P3,6,practice,2026-04-10 16:00:00,69.5,1
uuid-2569-2025,2569,2569-S5-P4,5,practice,2026-04-29 22:00:00,85.0,1
uuid-2569-2026,2569,2569-S4-P2,4,practice,2026-03-18 19:00:00,76.2,1
uuid-2569-2026,2569,2569-S1-C1,1,checkpoint,2026-03-30 18:00:00,100.0,1
uuid-2569-2026,2569,2569-S4-C1,4,checkpoint,2026-03-30 22:00:00,82.3,1
uuid-2569-2026,2569,2569-S6-C1,6,checkpoint,2026-03-31 19:00:00,82.2,1
uuid-2569-2026,2569,2569-S1-P3,1,practice,2026-04-07 20:00:00,88.5,1
uuid-2569-2026,2569,2569-S5-P3,5,practice,2026-04-09 16:00:00,75.4,1
uuid-2569-2026,2569,2569-S6-P3,6,practice,2026-04-12 18:00:00,100.0,1
uuid-2569-2026,2569,2569-S4-P4,4,practice,2026-05-01 18:00:00,86.0,1
uuid-2569-2026,2569,2569-S5-P4,5,practice,2026-05-03 21:00:00,83.4,1
uuid-2569-2026,2569,2569-S6-P4,6,practice,2026-05-02 22:00:00,74.5,1
uuid-2569-2026,2569,2569-S1-C2,1,checkpoint,2026-05-14 18:00:00,93.7,1
uuid-2569-2026,2569,2569-S4-C2,4,checkpoint,2026-05-15 17:00:00,88.5,1
uuid-2569-2026,2569,2569-S5-C2,5,checkpoint,2026-05-15 21:00:00,63.7,1
uuid-2569-2026,2569,2569-S6-C2,6,checkpoint,2026-05-16 18:00:00,83.6,1
uuid-2569-2026,2569,2569-S1-P5,1,practice,2026-05-18 18:00:00,96.3,1
uuid-2569-2026,2569,2569-S4-P5,4,practice,2026-05-22 17:00:00,97.7,1
uuid-2569-2026,2569,2569-S5-P5,5,practice,2026-05-21 17:00:00,82.8,1
uuid-2569-2026,2569,2569-S6-P5,6,practice,2026-05-23 21:00:00,88.8,1
uuid-2569-2026,2569,2569-S1-P6,1,practice,2026-06-12 22:00:00,82.9,1
uuid-2569-2026,2569,2569-S4-P6,4,practice,2026-06-11 22:00:00,100.0,1
uuid-2569-2026,2569,2569-S5-P6,5,practice,2026-06-13 22:00:00,78.5,1
uuid-2569-2026,2569,2569-S6-P6,6,practice,2026-06-11 22:00:00,81.1,1
uuid-2569-2026,2569,2569-S1-C3,1,checkpoint,2026-06-23 19:00:00,100.0,1
uuid-2569-2026,2569,2569-S4-C3,4,checkpoint,2026-06-24 22:00:00,71.7,1
uuid-2569-2026,2569,2569-S5-C3,5,checkpoint,2026-06-28 22:00:00,90.2,1
uuid-2569-2026,2569,2569-S6-C3,6,checkpoint,2026-06-23 21:00:00,91.0,1
uuid-2569-2026,2569,2569-S1-P7,1,practice,2026-07-02 16:00:00,85.5,1
uuid-2569-2026,2569,2569-S4-P7,4,practice,2026-07-04 21:00:00,95.4,1
uuid-2569-2026,2569,2569-S5-P7,5,practice,2026-06-30 22:00:00,96.2,1
uuid-2569-2026,2569,2569-S6-P7,6,practice,2026-07-03 22:00:00,93.6,1
uuid-2569-2026,2569,2569-S4-P8,4,practice,2026-07-25 19:00:00,91.9,1
uuid-2569-2026,2569,2569-S5-P8,5,practice,2026-07-21 17:00:00,96.7,1
uuid-2569-2026,2569,2569-S6-P8,6,practice,2026-07-20 17:00:00,89.5,1
uuid-2569-2027,2569,2569-S1-P6,1,practice,2026-06-13 17:00:00,89.8,1
uuid-2569-2027,2569,2569-S4-P6,4,practice,2026-06-09 19:00:00,67.9,1
uuid-2569-2027,2569,2569-S5-P6,5,practice,2026-06-12 17:00:00,77.7,1
uuid-2569-2027,2569,2569-S6-P6,6,practice,2026-06-13 21:00:00,84.0,1
uuid-2569-2027,2569,2569-S1-C3,1,checkpoint,2026-06-24 16:00:00,49.9,0
uuid-2569-2027,2569,2569-S5-C3,5,checkpoint,2026-06-24 17:00:00,84.4,1
uuid-2569-2027,2569,2569-S6-C3,6,checkpoint,2026-06-25 21:00:00,85.3,1
uuid-2569-2027,2569,2569-S5-P7,5,practice,2026-07-03 22:00:00,84.0,1
uuid-2569-2027,2569,2569-S1-P8,1,practice,2026-07-25 18:00:00,82.5,1
uuid-2569-2027,2569,2569-S5-P8,5,practice,2026-07-23 19:00:00,92.5,1
uuid-2569-2027,2569,2569-S6-P8,6,practice,2026-07-24 20:00:00,97.3,1
uuid-2569-2028,2569,2569-S1-P2,1,practice,2026-03-17 20:00:00,78.2,1
uuid-2569-2028,2569,2569-S6-P2,6,practice,2026-03-20 17:00:00,69.3,1
uuid-2569-2028,2569,2569-S1-C1,1,checkpoint,2026-04-04 16:00:00,70.9,1
uuid-2569-2028,2569,2569-S4-C1,4,checkpoint,2026-03-31 20:00:00,62.8,1
uuid-2569-2028,2569,2569-S5-C1,5,checkpoint,2026-04-03 22:00:00,82.3,1
uuid-2569-2028,2569,2569-S6-C1,6,checkpoint,2026-03-31 17:00:00,78.1,1
uuid-2569-2029,2569,2569-S5-P2,5,practice,2026-03-22 17:00:00,77.1,1
uuid-2569-2029,2569,2569-S6-P2,6,practice,2026-03-19 18:00:00,85.8,1
uuid-2569-2029,2569,2569-S5-C1,5,checkpoint,2026-04-03 21:00:00,87.9,1
uuid-2569-2029,2569,2569-S5-P3,5,practice,2026-04-10 16:00:00,81.2,1
uuid-2569-2029,2569,2569-S6-P3,6,practice,2026-04-09 18:00:00,76.0,1
uuid-2569-2029,2569,2569-S5-P4,5,practice,2026-04-30 20:00:00,80.4,1
uuid-2569-2029,2569,2569-S5-C2,5,checkpoint,2026-05-13 21:00:00,82.0,1
uuid-2569-2029,2569,2569-S5-P5,5,practice,2026-05-19 22:00:00,85.2,1
uuid-2569-2029,2569,2569-S6-P5,6,practice,2026-05-19 20:00:00,75.6,1
uuid-2569-2029,2569,2569-S6-P6,6,practice,2026-06-13 21:00:00,83.1,1
uuid-2569-2029,2569,2569-S5-C3,5,checkpoint,2026-06-24 19:00:00,46.4,0
uuid-2569-2029,2569,2569-S6-C3,6,checkpoint,2026-06-28 20:00:00,89.9,1
uuid-2569-2029,2569,2569-S6-P7,6,practice,2026-06-30 20:00:00,64.7,1
uuid-2569-2029,2569,2569-S6-P8,6,practice,2026-07-22 16:00:00,67.3,1
uuid-2569-2030,2569,2569-S5-P3,5,practice,2026-04-09 18:00:00,95.9,1
uuid-2569-2030,2569,2569-S1-P4,1,practice,2026-04-29 21:00:00,71.4,1
uuid-2569-2030,2569,2569-S4-P4,4,practice,2026-04-30 19:00:00,90.5,1
uuid-2569-2030,2569,2569-S5-P4,5,practice,2026-05-02 16:00:00,69.6,1
uuid-2569-2030,2569,2569-S6-P4,6,practice,2026-05-02 18:00:00,82.3,1
uuid-2569-2030,2569,2569-S1-C2,1,checkpoint,2026-05-16 20:00:00,95.1,1
uuid-2569-2030,2569,2569-S4-C2,4,checkpoint,2026-05-11 21:00:00,72.2,1
uuid-2569-2030,2569,2569-S5-C2,5,checkpoint,2026-05-17 18:00:00,74.0,1
uuid-2569-2030,2569,2569-S6-C2,6,checkpoint,2026-05-15 21:00:00,100.0,1
uuid-2569-2030,2569,2569-S1-P5,1,practice,2026-05-23 20:00:00,85.6,1
uuid-2569-2030,2569,2569-S6-P5,6,practice,2026-05-21 17:00:00,91.3,1
uuid-2569-2030,2569,2569-S1-P6,1,practice,2026-06-13 17:00:00,81.0,1
uuid-2569-2030,2569,2569-S4-P6,4,practice,2026-06-09 17:00:00,86.8,1
uuid-2569-2030,2569,2569-S5-P6,5,practice,2026-06-10 22:00:00,92.9,1
uuid-2569-2030,2569,2569-S6-P6,6,practice,2026-06-12 20:00:00,67.6,1
uuid-2569-2030,2569,2569-S1-C3,1,checkpoint,2026-06-24 22:00:00,89.4,1
uuid-2569-2030,2569,2569-S4-C3,4,checkpoint,2026-06-22 18:00:00,91.6,1
uuid-2569-2030,2569,2569-S5-C3,5,checkpoint,2026-06-28 19:00:00,92.9,1
uuid-2569-2030,2569,2569-S6-C3,6,checkpoint,2026-06-27 20:00:00,100.0,1
uuid-2569-2030,2569,2569-S1-P7,1,practice,2026-06-30 18:00:00,74.9,1
uuid-2569-2030,2569,2569-S4-P7,4,practice,2026-06-29 20:00:00,99.3,1
uuid-2569-2030,2569,2569-S5-P7,5,practice,2026-07-01 17:00:00,84.0,1
uuid-2569-2030,2569,2569-S6-P7,6,practice,2026-06-29 21:00:00,78.5,1
uuid-2569-2030,2569,2569-S1-P8,1,practice,2026-07-26 19:00:00,97.5,1
uuid-2569-2030,2569,2569-S4-P8,4,practice,2026-07-25 19:00:00,100.0,1
uuid-2569-2030,2569,2569-S5-P8,5,practice,2026-07-22 17:00:00,77.5,1
uuid-2569-2031,2569,2569-S4-P2,4,practice,2026-03-20 20:00:00,96.1,1
uuid-2569-2031,2569,2569-S5-P2,5,practice,2026-03-16 21:00:00,100.0,1
uuid-2569-2031,2569,2569-S6-P2,6,practice,2026-03-19 20:00:00,88.5,1
uuid-2569-2031,2569,2569-S1-C1,1,checkpoint,2026-04-04 18:00:00,91.0,1
uuid-2569-2031,2569,2569-S4-C1,4,checkpoint,2026-03-31 16:00:00,89.4,1
uuid-2569-2031,2569,2569-S5-C1,5,checkpoint,2026-04-05 22:00:00,72.5,1
uuid-2569-2031,2569,2569-S6-C1,6,checkpoint,2026-04-03 20:00:00,92.4,1
uuid-2569-2031,2569,2569-S1-P3,1,practice,2026-04-06 22:00:00,97.0,1
uuid-2569-2031,2569,2569-S5-P3,5,practice,2026-04-08 21:00:00,92.1,1
uuid-2569-2031,2569,2569-S1-P4,1,practice,2026-04-29 19:00:00,84.7,1
uuid-2569-2031,2569,2569-S4-P4,4,practice,2026-05-01 18:00:00,67.3,1
uuid-2569-2031,2569,2569-S5-P4,5,practice,2026-04-27 16:00:00,91.9,1
uuid-2569-2031,2569,2569-S6-P4,6,practice,2026-05-01 16:00:00,96.4,1
uuid-2569-2031,2569,2569-S1-C2,1,checkpoint,2026-05-11 16:00:00,81.8,1
uuid-2569-2031,2569,2569-S4-C2,4,checkpoint,2026-05-14 18:00:00,80.7,1
uuid-2569-2031,2569,2569-S6-C2,6,checkpoint,2026-05-16 21:00:00,69.6,1
uuid-2569-2031,2569,2569-S1-P5,1,practice,2026-05-24 21:00:00,97.2,1
uuid-2569-2031,2569,2569-S5-P5,5,practice,2026-05-20 16:00:00,84.3,1
uuid-2569-2031,2569,2569-S1-P6,1,practice,2026-06-10 20:00:00,100.0,1
uuid-2569-2031,2569,2569-S4-P6,4,practice,2026-06-08 22:00:00,95.8,1
uuid-2569-2031,2569,2569-S5-P6,5,practice,2026-06-09 20:00:00,79.4,1
uuid-2569-2031,2569,2569-S1-C3,1,checkpoint,2026-06-24 20:00:00,100.0,1
uuid-2569-2031,2569,2569-S5-C3,5,checkpoint,2026-06-24 16:00:00,80.7,1
uuid-2569-2031,2569,2569-S6-C3,6,checkpoint,2026-06-24 16:00:00,71.8,1
uuid-2569-2031,2569,2569-S4-P7,4,practice,2026-07-02 20:00:00,97.7,1
uuid-2569-2031,2569,2569-S5-P7,5,practice,2026-07-02 19:00:00,74.8,1
uuid-2569-2031,2569,2569-S1-P8,1,practice,2026-07-23 17:00:00,100.0,1
uuid-2569-2031,2569,2569-S4-P8,4,practice,2026-07-21 19:00:00,86.1,1
uuid-2569-2031,2569,2569-S5-P8,5,practice,2026-07-20 21:00:00,87.8,1
uuid-2569-2032,2569,2569-S1-P3,1,practice,2026-04-06 20:00:00,94.0,1
uuid-2569-2032,2569,2569-S5-P3,5,practice,2026-04-11 19:00:00,66.1,1
uuid-2569-2032,2569,2569-S6-P3,6,practice,2026-04-06 19:00:00,63.6,1
uuid-2569-2032,2569,2569-S1-P4,1,practice,2026-05-02 21:00:00,76.4,1
uuid-2569-2032,2569,2569-S5-P4,5,practice,2026-04-27 19:00:00,85.0,1
uuid-2569-2032,2569,2569-S6-P4,6,practice,2026-04-27 16:00:00,82.6,1
uuid-2569-2032,2569,2569-S1-C2,1,checkpoint,2026-05-12 18:00:00,72.4,1
uuid-2569-2032,2569,2569-S5-C2,5,checkpoint,2026-05-17 16:00:00,67.9,1
uuid-2569-2032,2569,2569-S6-C2,6,checkpoint,2026-05-11 18:00:00,81.3,1
uuid-2569-2032,2569,2569-S1-P5,1,practice,2026-05-19 18:00:00,80.9,1
uuid-2569-2032,2569,2569-S5-P5,5,practice,2026-05-20 21:00:00,87.0,1
uuid-2569-2032,2569,2569-S6-P5,6,practice,2026-05-24 21:00:00,100.0,1
uuid-2569-2032,2569,2569-S1-P6,1,practice,2026-06-10 20:00:00,67.8,1
uuid-2569-2032,2569,2569-S6-P6,6,practice,2026-06-13 18:00:00,98.2,1
uuid-2569-2032,2569,2569-S1-C3,1,checkpoint,2026-06-26 19:00:00,88.4,1
uuid-2569-2032,2569,2569-S5-C3,5,checkpoint,2026-06-26 16:00:00,81.5,1
uuid-2569-2032,2569,2569-S6-C3,6,checkpoint,2026-06-27 16:00:00,74.7,1
uuid-2569-2032,2569,2569-S1-P7,1,practice,2026-07-02 16:00:00,67.3,1
uuid-2569-2032,2569,2569-S5-P7,5,practice,2026-07-05 22:00:00,100.0,1
uuid-2569-2032,2569,2569-S1-P8,1,practice,2026-07-22 20:00:00,67.7,1
uuid-2569-2032,2569,2569-S5-P8,5,practice,2026-07-26 21:00:00,86.5,1
uuid-2569-2032,2569,2569-S6-P8,6,practice,2026-07-21 20:00:00,94.0,1
uuid-2569-2033,2569,2569-S4-P2,4,practice,2026-03-16 22:00:00,85.3,1
uuid-2569-2033,2569,2569-S5-P2,5,practice,2026-03-18 16:00:00,90.5,1
uuid-2569-2033,2569,2569-S5-C1,5,checkpoint,2026-04-02 21:00:00,66.0,1
uuid-2569-2033,2569,2569-S4-P3,4,practice,2026-04-11 21:00:00,88.7,1
uuid-2569-2033,2569,2569-S5-P3,5,practice,2026-04-09 18:00:00,93.9,1
uuid-2569-2033,2569,2569-S4-P4,4,practice,2026-05-02 18:00:00,79.3,1
uuid-2569-2033,2569,2569-S4-C2,4,checkpoint,2026-05-11 18:00:00,100.0,1
uuid-2569-2033,2569,2569-S4-P5,4,practice,2026-05-19 18:00:00,71.1,1
uuid-2569-2033,2569,2569-S4-P6,4,practice,2026-06-11 22:00:00,82.0,1
uuid-2569-2033,2569,2569-S5-P6,5,practice,2026-06-10 21:00:00,100.0,1
uuid-2569-2033,2569,2569-S5-C3,5,checkpoint,2026-06-23 17:00:00,87.1,1
uuid-2569-2033,2569,2569-S4-P7,4,practice,2026-07-04 21:00:00,80.7,1
uuid-2569-2033,2569,2569-S5-P8,5,practice,2026-07-20 18:00:00,100.0,1
uuid-2569-2034,2569,2569-S1-P3,1,practice,2026-04-12 18:00:00,73.5,1
uuid-2569-2034,2569,2569-S4-P3,4,practice,2026-04-08 19:00:00,93.9,1
uuid-2569-2034,2569,2569-S5-P3,5,practice,2026-04-12 16:00:00,84.5,1
uuid-2569-2034,2569,2569-S6-P3,6,practice,2026-04-08 16:00:00,76.2,1
uuid-2569-2034,2569,2569-S1-P4,1,practice,2026-05-02 21:00:00,87.1,1
uuid-2569-2034,2569,2569-S5-P4,5,practice,2026-05-01 17:00:00,91.5,1
uuid-2569-2034,2569,2569-S6-P4,6,practice,2026-04-28 17:00:00,100.0,1
uuid-2569-2034,2569,2569-S1-C2,1,checkpoint,2026-05-15 22:00:00,61.3,1
uuid-2569-2034,2569,2569-S4-C2,4,checkpoint,2026-05-14 17:00:00,84.2,1
uuid-2569-2034,2569,2569-S1-P5,1,practice,2026-05-23 19:00:00,78.8,1
uuid-2569-2034,2569,2569-S4-P5,4,practice,2026-05-20 19:00:00,73.2,1
uuid-2569-2034,2569,2569-S5-P5,5,practice,2026-05-20 17:00:00,100.0,1
uuid-2569-2034,2569,2569-S6-P5,6,practice,2026-05-23 16:00:00,88.0,1
uuid-2569-2034,2569,2569-S1-P6,1,practice,2026-06-13 21:00:00,93.2,1
uuid-2569-2034,2569,2569-S4-P6,4,practice,2026-06-13 19:00:00,74.5,1
uuid-2569-2034,2569,2569-S5-P6,5,practice,2026-06-11 16:00:00,87.0,1
uuid-2569-2034,2569,2569-S6-P6,6,practice,2026-06-12 18:00:00,80.3,1
uuid-2569-2034,2569,2569-S4-C3,4,checkpoint,2026-06-27 20:00:00,100.0,1
uuid-2569-2034,2569,2569-S5-C3,5,checkpoint,2026-06-27 20:00:00,83.5,1
uuid-2569-2034,2569,2569-S1-P7,1,practice,2026-06-29 16:00:00,69.6,1
uuid-2569-2034,2569,2569-S6-P7,6,practice,2026-07-05 17:00:00,86.9,1
uuid-2569-2034,2569,2569-S1-P8,1,practice,2026-07-25 22:00:00,54.9,1
uuid-2569-2034,2569,2569-S5-P8,5,practice,2026-07-25 16:00:00,98.2,1
uuid-2569-2035,2569,2569-S1-P3,1,practice,2026-04-10 17:00:00,77.1,1
uuid-2569-2035,2569,2569-S5-P3,5,practice,2026-04-06 21:00:00,61.6,1
uuid-2569-2035,2569,2569-S6-P3,6,practice,2026-04-08 17:00:00,82.2,1
uuid-2569-2035,2569,2569-S1-P4,1,practice,2026-05-01 17:00:00,79.7,1
uuid-2569-2035,2569,2569-S6-P4,6,practice,2026-04-28 20:00:00,71.2,1
uuid-2569-2035,2569,2569-S1-C2,1,checkpoint,2026-05-16 21:00:00,74.1,1
uuid-2569-2035,2569,2569-S5-C2,5,checkpoint,2026-05-11 22:00:00,93.2,1
uuid-2569-2035,2569,2569-S6-C2,6,checkpoint,2026-05-16 19:00:00,93.4,1
uuid-2569-2035,2569,2569-S1-P5,1,practice,2026-05-21 22:00:00,82.0,1
uuid-2569-2035,2569,2569-S5-P5,5,practice,2026-05-18 16:00:00,67.9,1
uuid-2569-2035,2569,2569-S6-P5,6,practice,2026-05-18 17:00:00,70.6,1
uuid-2569-2035,2569,2569-S6-P6,6,practice,2026-06-11 21:00:00,60.4,1
uuid-2569-2035,2569,2569-S5-C3,5,checkpoint,2026-06-27 22:00:00,83.8,1
uuid-2569-2035,2569,2569-S6-C3,6,checkpoint,2026-06-27 17:00:00,65.6,1
uuid-2569-2035,2569,2569-S1-P7,1,practice,2026-07-04 22:00:00,93.4,1
uuid-2569-2035,2569,2569-S5-P7,5,practice,2026-06-30 16:00:00,55.0,1
uuid-2569-2035,2569,2569-S6-P7,6,practice,2026-07-05 21:00:00,71.7,1
uuid-2569-2035,2569,2569-S1-P8,1,practice,2026-07-22 20:00:00,88.1,1
uuid-2569-2035,2569,2569-S6-P8,6,practice,2026-07-21 16:00:00,98.7,1
uuid-2569-2036,2569,2569-S1-P2,1,practice,2026-03-18 21:00:00,87.1,1
uuid-2569-2036,2569,2569-S6-C1,6,checkpoint,2026-04-02 21:00:00,94.1,1
uuid-2569-2036,2569,2569-S1-P3,1,practice,2026-04-12 22:00:00,86.8,1
uuid-2569-2036,2569,2569-S6-P3,6,practice,2026-04-12 16:00:00,70.4,1
uuid-2569-2036,2569,2569-S1-P4,1,practice,2026-04-29 22:00:00,71.3,1
uuid-2569-2036,2569,2569-S6-P4,6,practice,2026-04-28 18:00:00,73.7,1
uuid-2569-2036,2569,2569-S1-C2,1,checkpoint,2026-05-16 19:00:00,74.3,1
uuid-2569-2036,2569,2569-S6-C2,6,checkpoint,2026-05-13 19:00:00,73.6,1
uuid-2569-2036,2569,2569-S1-P5,1,practice,2026-05-23 16:00:00,93.5,1
uuid-2569-2036,2569,2569-S1-P6,1,practice,2026-06-11 19:00:00,78.4,1
uuid-2569-2036,2569,2569-S6-P6,6,practice,2026-06-10 22:00:00,78.7,1
uuid-2569-2036,2569,2569-S1-C3,1,checkpoint,2026-06-27 19:00:00,97.2,1
uuid-2569-2036,2569,2569-S1-P7,1,practice,2026-07-05 18:00:00,95.3,1
uuid-2569-2036,2569,2569-S6-P7,6,practice,2026-06-29 19:00:00,81.0,1
uuid-2569-2036,2569,2569-S1-P8,1,practice,2026-07-24 17:00:00,82.9,1
uuid-2569-2037,2569,2569-S1-P2,1,practice,2026-03-21 19:00:00,83.2,1
uuid-2569-2037,2569,2569-S4-P2,4,practice,2026-03-21 21:00:00,94.1,1
uuid-2569-2037,2569,2569-S5-P2,5,practice,2026-03-21 21:00:00,83.9,1
uuid-2569-2037,2569,2569-S6-P2,6,practice,2026-03-16 19:00:00,100.0,1
uuid-2569-2037,2569,2569-S1-C1,1,checkpoint,2026-04-03 20:00:00,87.5,1
uuid-2569-2037,2569,2569-S4-C1,4,checkpoint,2026-03-31 18:00:00,89.1,1
uuid-2569-2037,2569,2569-S5-C1,5,checkpoint,2026-04-05 17:00:00,88.8,1
uuid-2569-2037,2569,2569-S6-C1,6,checkpoint,2026-04-05 16:00:00,87.3,1
uuid-2569-2037,2569,2569-S1-P3,1,practice,2026-04-07 17:00:00,77.0,1
uuid-2569-2037,2569,2569-S4-P3,4,practice,2026-04-12 21:00:00,84.5,1
uuid-2569-2037,2569,2569-S6-P3,6,practice,2026-04-12 19:00:00,81.0,1
uuid-2569-2037,2569,2569-S1-P4,1,practice,2026-04-29 19:00:00,100.0,1
uuid-2569-2037,2569,2569-S4-P4,4,practice,2026-05-01 16:00:00,86.4,1
uuid-2569-2037,2569,2569-S5-P4,5,practice,2026-04-27 16:00:00,74.9,1
uuid-2569-2037,2569,2569-S6-P4,6,practice,2026-04-28 16:00:00,91.1,1
uuid-2569-2037,2569,2569-S4-C2,4,checkpoint,2026-05-15 17:00:00,100.0,1
uuid-2569-2037,2569,2569-S1-P5,1,practice,2026-05-20 16:00:00,92.7,1
uuid-2569-2037,2569,2569-S4-P5,4,practice,2026-05-22 22:00:00,100.0,1
uuid-2569-2037,2569,2569-S5-P5,5,practice,2026-05-18 19:00:00,100.0,1
uuid-2569-2037,2569,2569-S1-P6,1,practice,2026-06-10 16:00:00,100.0,1
uuid-2569-2037,2569,2569-S4-P6,4,practice,2026-06-08 17:00:00,87.1,1
uuid-2569-2037,2569,2569-S5-P6,5,practice,2026-06-09 22:00:00,98.0,1
uuid-2569-2037,2569,2569-S6-P6,6,practice,2026-06-13 16:00:00,87.8,1
uuid-2569-2037,2569,2569-S1-C3,1,checkpoint,2026-06-22 22:00:00,87.1,1
uuid-2569-2037,2569,2569-S4-C3,4,checkpoint,2026-06-24 19:00:00,95.7,1
uuid-2569-2037,2569,2569-S5-C3,5,checkpoint,2026-06-24 22:00:00,96.7,1
uuid-2569-2037,2569,2569-S6-C3,6,checkpoint,2026-06-24 21:00:00,83.7,1
uuid-2569-2037,2569,2569-S1-P7,1,practice,2026-06-30 19:00:00,76.6,1
uuid-2569-2037,2569,2569-S4-P7,4,practice,2026-07-03 20:00:00,82.1,1
uuid-2569-2037,2569,2569-S5-P7,5,practice,2026-06-30 21:00:00,87.7,1
uuid-2569-2037,2569,2569-S6-P7,6,practice,2026-07-04 18:00:00,77.2,1
uuid-2569-2037,2569,2569-S1-P8,1,practice,2026-07-24 16:00:00,68.7,1
uuid-2569-2037,2569,2569-S4-P8,4,practice,2026-07-20 18:00:00,97.3,1
uuid-2569-2037,2569,2569-S5-P8,5,practice,2026-07-20 17:00:00,71.4,1
uuid-2569-2037,2569,2569-S6-P8,6,practice,2026-07-26 17:00:00,83.2,1
uuid-2569-2038,2569,2569-S4-P2,4,practice,2026-03-17 21:00:00,67.9,1
uuid-2569-2038,2569,2569-S5-P2,5,practice,2026-03-16 22:00:00,91.3,1
uuid-2569-2038,2569,2569-S1-C1,1,checkpoint,2026-04-02 22:00:00,92.4,1
uuid-2569-2038,2569,2569-S5-C1,5,checkpoint,2026-04-01 20:00:00,100.0,1
uuid-2569-2038,2569,2569-S1-P3,1,practice,2026-04-11 19:00:00,76.6,1
uuid-2569-2038,2569,2569-S4-P3,4,practice,2026-04-07 20:00:00,70.9,1
uuid-2569-2038,2569,2569-S5-P3,5,practice,2026-04-09 18:00:00,84.8,1
uuid-2569-2038,2569,2569-S1-C2,1,checkpoint,2026-05-12 19:00:00,64.1,1
uuid-2569-2038,2569,2569-S4-C2,4,checkpoint,2026-05-16 17:00:00,79.5,1
uuid-2569-2038,2569,2569-S5-C2,5,checkpoint,2026-05-11 16:00:00,82.4,1
uuid-2569-2038,2569,2569-S1-P5,1,practice,2026-05-22 18:00:00,73.3,1
uuid-2569-2038,2569,2569-S4-P5,4,practice,2026-05-19 21:00:00,77.6,1
uuid-2569-2038,2569,2569-S5-P5,5,practice,2026-05-23 18:00:00,81.8,1
uuid-2569-2038,2569,2569-S5-P6,5,practice,2026-06-14 17:00:00,63.3,1
uuid-2569-2038,2569,2569-S1-C3,1,checkpoint,2026-06-26 20:00:00,85.3,1
uuid-2569-2038,2569,2569-S4-C3,4,checkpoint,2026-06-26 21:00:00,98.8,1
uuid-2569-2038,2569,2569-S1-P7,1,practice,2026-06-29 16:00:00,75.6,1
uuid-2569-2038,2569,2569-S4-P7,4,practice,2026-07-01 16:00:00,93.4,1
uuid-2569-2038,2569,2569-S5-P7,5,practice,2026-07-05 21:00:00,100.0,1
uuid-2569-2038,2569,2569-S1-P8,1,practice,2026-07-23 17:00:00,64.3,1
uuid-2569-2038,2569,2569-S4-P8,4,practice,2026-07-21 18:00:00,68.8,1
uuid-2569-2039,2569,2569-S6-P2,6,practice,2026-03-17 21:00:00,63.2,1
uuid-2569-2039,2569,2569-S5-C1,5,checkpoint,2026-04-04 20:00:00,65.5,1
uuid-2569-2039,2569,2569-S5-P3,5,practice,2026-04-06 16:00:00,82.9,1
uuid-2569-2039,2569,2569-S6-P3,6,practice,2026-04-12 22:00:00,93.6,1
uuid-2569-2039,2569,2569-S1-P4,1,practice,2026-04-28 19:00:00,77.1,1
uuid-2569-2039,2569,2569-S6-P4,6,practice,2026-05-02 20:00:00,66.9,1
uuid-2569-2040,2569,2569-S1-P6,1,practice,2026-06-14 22:00:00,89.4,1
uuid-2569-2040,2569,2569-S1-C3,1,checkpoint,2026-06-24 19:00:00,76.6,1
uuid-2569-2040,2569,2569-S4-C3,4,checkpoint,2026-06-27 22:00:00,77.3,1
uuid-2569-2040,2569,2569-S5-C3,5,checkpoint,2026-06-27 19:00:00,93.4,1
uuid-2569-2040,2569,2569-S1-P7,1,practice,2026-07-03 21:00:00,60.6,1
uuid-2569-2040,2569,2569-S4-P7,4,practice,2026-06-30 16:00:00,75.6,1
uuid-2569-2040,2569,2569-S5-P7,5,practice,2026-07-02 21:00:00,71.6,1
uuid-2569-2040,2569,2569-S5-P8,5,practice,2026-07-25 20:00:00,79.9,1
uuid-2569-2040,2569,2569-S6-P8,6,practice,2026-07-23 16:00:00,66.6,1
uuid-2569-2041,2569,2569-S1-P2,1,practice,2026-03-18 17:00:00,34.6,0
uuid-2569-2041,2569,2569-S5-P2,5,practice,2026-03-17 16:00:00,63.0,1
uuid-2569-2041,2569,2569-S6-P2,6,practice,2026-03-18 22:00:00,62.7,1
uuid-2569-2041,2569,2569-S1-C1,1,checkpoint,2026-04-05 19:00:00,96.1,1
uuid-2569-2041,2569,2569-S4-C1,4,checkpoint,2026-04-03 16:00:00,70.3,1
uuid-2569-2041,2569,2569-S6-C1,6,checkpoint,2026-04-03 22:00:00,78.9,1
uuid-2569-2041,2569,2569-S1-P3,1,practice,2026-04-09 18:00:00,63.5,1
uuid-2569-2041,2569,2569-S4-P3,4,practice,2026-04-06 19:00:00,94.3,1
uuid-2569-2041,2569,2569-S6-P3,6,practice,2026-04-08 20:00:00,67.5,1
uuid-2569-2041,2569,2569-S1-P4,1,practice,2026-04-29 21:00:00,66.7,1
uuid-2569-2041,2569,2569-S5-P4,5,practice,2026-05-02 18:00:00,75.9,1
uuid-2569-2041,2569,2569-S6-P4,6,practice,2026-04-27 20:00:00,86.8,1
uuid-2569-2041,2569,2569-S1-C2,1,checkpoint,2026-05-15 21:00:00,88.0,1
uuid-2569-2041,2569,2569-S5-C2,5,checkpoint,2026-05-16 16:00:00,91.4,1
uuid-2569-2041,2569,2569-S6-C2,6,checkpoint,2026-05-11 18:00:00,64.2,1
uuid-2569-2041,2569,2569-S4-P5,4,practice,2026-05-22 19:00:00,88.1,1
uuid-2569-2041,2569,2569-S6-P5,6,practice,2026-05-21 18:00:00,84.8,1
uuid-2569-2041,2569,2569-S1-P6,1,practice,2026-06-13 17:00:00,76.2,1
uuid-2569-2041,2569,2569-S5-C3,5,checkpoint,2026-06-26 20:00:00,67.1,1
uuid-2569-2041,2569,2569-S6-C3,6,checkpoint,2026-06-25 18:00:00,65.7,1
uuid-2569-2041,2569,2569-S1-P7,1,practice,2026-07-01 20:00:00,68.5,1
uuid-2569-2041,2569,2569-S4-P7,4,practice,2026-07-02 21:00:00,72.4,1
uuid-2569-2041,2569,2569-S1-P8,1,practice,2026-07-24 21:00:00,56.8,1
uuid-2569-2042,2569,2569-S4-P3,4,practice,2026-04-08 16:00:00,90.6,1
uuid-2569-2042,2569,2569-S5-P3,5,practice,2026-04-11 20:00:00,60.0,1
uuid-2569-2042,2569,2569-S4-P4,4,practice,2026-04-28 20:00:00,83.0,1
uuid-2569-2042,2569,2569-S6-P4,6,practice,2026-05-02 16:00:00,59.8,1
uuid-2569-2042,2569,2569-S1-C2,1,checkpoint,2026-05-14 16:00:00,78.2,1
uuid-2569-2042,2569,2569-S4-C2,4,checkpoint,2026-05-14 16:00:00,87.7,1
uuid-2569-2042,2569,2569-S5-C2,5,checkpoint,2026-05-12 19:00:00,80.7,1
uuid-2569-2042,2569,2569-S1-P5,1,practice,2026-05-20 16:00:00,79.7,1
uuid-2569-2042,2569,2569-S5-P5,5,practice,2026-05-22 20:00:00,90.9,1
uuid-2569-2042,2569,2569-S6-P5,6,practice,2026-05-19 18:00:00,90.8,1
uuid-2569-2042,2569,2569-S1-P6,1,practice,2026-06-12 21:00:00,88.1,1
uuid-2569-2042,2569,2569-S5-P6,5,practice,2026-06-12 17:00:00,72.7,1
uuid-2569-2042,2569,2569-S1-C3,1,checkpoint,2026-06-26 19:00:00,68.4,1
uuid-2569-2042,2569,2569-S4-C3,4,checkpoint,2026-06-24 16:00:00,69.1,1
uuid-2569-2042,2569,2569-S5-C3,5,checkpoint,2026-06-24 19:00:00,62.6,1
uuid-2569-2042,2569,2569-S6-C3,6,checkpoint,2026-06-27 19:00:00,73.7,1
uuid-2569-2042,2569,2569-S1-P7,1,practice,2026-07-04 17:00:00,82.8,1
uuid-2569-2042,2569,2569-S5-P7,5,practice,2026-07-03 16:00:00,72.3,1
uuid-2569-2042,2569,2569-S6-P7,6,practice,2026-07-03 19:00:00,86.7,1
uuid-2569-2042,2569,2569-S1-P8,1,practice,2026-07-22 17:00:00,72.3,1
uuid-2569-2042,2569,2569-S4-P8,4,practice,2026-07-22 21:00:00,64.3,1
uuid-2569-2042,2569,2569-S5-P8,5,practice,2026-07-25 19:00:00,98.8,1
uuid-2569-2043,2569,2569-S1-P3,1,practice,2026-04-12 16:00:00,85.1,1
uuid-2569-2043,2569,2569-S5-P3,5,practice,2026-04-07 16:00:00,74.5,1
uuid-2569-2043,2569,2569-S6-P3,6,practice,2026-04-12 19:00:00,75.8,1
uuid-2569-2043,2569,2569-S4-P4,4,practice,2026-05-02 18:00:00,54.2,1
uuid-2569-2043,2569,2569-S5-P4,5,practice,2026-05-02 22:00:00,83.6,1
uuid-2569-2043,2569,2569-S4-C2,4,checkpoint,2026-05-14 22:00:00,63.5,1
uuid-2569-2043,2569,2569-S6-C2,6,checkpoint,2026-05-14 19:00:00,58.2,1
uuid-2569-2043,2569,2569-S1-P5,1,practice,2026-05-20 21:00:00,76.9,1
uuid-2569-2043,2569,2569-S4-P5,4,practice,2026-05-22 18:00:00,76.4,1
uuid-2569-2043,2569,2569-S5-P5,5,practice,2026-05-19 18:00:00,54.8,1
uuid-2569-2043,2569,2569-S6-P5,6,practice,2026-05-19 17:00:00,66.0,1
uuid-2569-2044,2569,2569-S5-P2,5,practice,2026-03-20 22:00:00,94.0,1
uuid-2569-2044,2569,2569-S6-P2,6,practice,2026-03-22 21:00:00,77.8,1
uuid-2569-2044,2569,2569-S4-C1,4,checkpoint,2026-04-01 21:00:00,56.3,1
uuid-2569-2044,2569,2569-S5-C1,5,checkpoint,2026-04-04 19:00:00,49.6,0
uuid-2569-2044,2569,2569-S1-P3,1,practice,2026-04-12 21:00:00,89.6,1
uuid-2569-2044,2569,2569-S4-P4,4,practice,2026-04-28 19:00:00,76.9,1
uuid-2569-2044,2569,2569-S5-P4,5,practice,2026-04-29 17:00:00,60.5,1
uuid-2569-2044,2569,2569-S6-P4,6,practice,2026-05-02 22:00:00,69.0,1
uuid-2569-2044,2569,2569-S1-C2,1,checkpoint,2026-05-16 16:00:00,82.8,1
uuid-2569-2044,2569,2569-S5-C2,5,checkpoint,2026-05-12 20:00:00,84.4,1
uuid-2569-2044,2569,2569-S1-P5,1,practice,2026-05-22 20:00:00,64.2,1
uuid-2569-2044,2569,2569-S4-P5,4,practice,2026-05-22 22:00:00,73.6,1
uuid-2569-2044,2569,2569-S6-P5,6,practice,2026-05-18 19:00:00,65.0,1
uuid-2569-2044,2569,2569-S1-P6,1,practice,2026-06-14 22:00:00,70.5,1
uuid-2569-2044,2569,2569-S4-P6,4,practice,2026-06-12 17:00:00,86.7,1
uuid-2569-2044,2569,2569-S5-P6,5,practice,2026-06-09 20:00:00,81.7,1
uuid-2569-2044,2569,2569-S6-P6,6,practice,2026-06-09 18:00:00,72.5,1
uuid-2569-2044,2569,2569-S1-C3,1,checkpoint,2026-06-25 18:00:00,74.9,1
uuid-2569-2044,2569,2569-S4-C3,4,checkpoint,2026-06-23 22:00:00,89.4,1
uuid-2569-2044,2569,2569-S5-C3,5,checkpoint,2026-06-25 18:00:00,89.5,1
uuid-2569-2044,2569,2569-S1-P7,1,practice,2026-06-29 18:00:00,68.8,1
uuid-2569-2044,2569,2569-S4-P7,4,practice,2026-07-04 17:00:00,74.6,1
uuid-2569-2044,2569,2569-S5-P7,5,practice,2026-06-29 16:00:00,69.0,1
uuid-2569-2044,2569,2569-S1-P8,1,practice,2026-07-20 17:00:00,66.1,1
uuid-2569-2044,2569,2569-S5-P8,5,practice,2026-07-22 16:00:00,79.7,1
uuid-2569-2045,2569,2569-S1-P3,1,practice,2026-04-06 19:00:00,76.3,1
uuid-2569-2045,2569,2569-S4-P3,4,practice,2026-04-07 21:00:00,77.4,1
uuid-2569-2045,2569,2569-S5-P3,5,practice,2026-04-07 17:00:00,79.4,1
uuid-2569-2045,2569,2569-S6-P3,6,practice,2026-04-11 22:00:00,90.5,1
uuid-2569-2045,2569,2569-S1-P4,1,practice,2026-04-28 18:00:00,87.8,1
uuid-2569-2045,2569,2569-S4-P4,4,practice,2026-04-28 21:00:00,76.7,1
uuid-2569-2045,2569,2569-S5-P4,5,practice,2026-04-27 17:00:00,72.1,1
uuid-2569-2045,2569,2569-S6-P4,6,practice,2026-04-30 22:00:00,70.5,1
uuid-2569-2045,2569,2569-S1-C2,1,checkpoint,2026-05-14 21:00:00,100.0,1
uuid-2569-2045,2569,2569-S4-C2,4,checkpoint,2026-05-16 20:00:00,87.9,1
uuid-2569-2045,2569,2569-S4-P5,4,practice,2026-05-20 21:00:00,81.8,1
uuid-2569-2045,2569,2569-S5-P5,5,practice,2026-05-18 22:00:00,71.2,1
uuid-2569-2045,2569,2569-S4-P6,4,practice,2026-06-12 17:00:00,95.5,1
uuid-2569-2045,2569,2569-S5-P6,5,practice,2026-06-10 18:00:00,93.4,1
uuid-2569-2045,2569,2569-S6-P6,6,practice,2026-06-09 18:00:00,60.3,1
uuid-2569-2045,2569,2569-S4-C3,4,checkpoint,2026-06-27 17:00:00,74.0,1
uuid-2569-2045,2569,2569-S5-C3,5,checkpoint,2026-06-24 17:00:00,65.8,1
uuid-2569-2045,2569,2569-S4-P7,4,practice,2026-07-03 22:00:00,94.9,1
uuid-2569-2045,2569,2569-S5-P7,5,practice,2026-07-05 22:00:00,87.1,1
uuid-2569-2045,2569,2569-S6-P7,6,practice,2026-07-03 21:00:00,73.7,1
uuid-2569-2045,2569,2569-S1-P8,1,practice,2026-07-22 16:00:00,86.8,1
uuid-2569-2045,2569,2569-S4-P8,4,practice,2026-07-22 17:00:00,79.1,1
uuid-2569-2045,2569,2569-S6-P8,6,practice,2026-07-20 17:00:00,81.0,1
uuid-2569-2046,2569,2569-S1-P3,1,practice,2026-04-09 22:00:00,71.5,1
uuid-2569-2046,2569,2569-S4-P3,4,practice,2026-04-08 16:00:00,73.8,1
uuid-2569-2046,2569,2569-S5-P3,5,practice,2026-04-07 21:00:00,83.8,1
uuid-2569-2046,2569,2569-S6-P3,6,practice,2026-04-08 22:00:00,84.3,1
uuid-2569-2046,2569,2569-S1-P4,1,practice,2026-05-03 19:00:00,76.0,1
uuid-2569-2046,2569,2569-S5-P4,5,practice,2026-04-29 19:00:00,70.1,1
uuid-2569-2046,2569,2569-S6-P4,6,practice,2026-04-29 18:00:00,74.1,1
uuid-2569-2046,2569,2569-S4-C2,4,checkpoint,2026-05-16 16:00:00,82.7,1
uuid-2569-2046,2569,2569-S5-C2,5,checkpoint,2026-05-12 17:00:00,82.2,1
uuid-2569-2046,2569,2569-S6-C2,6,checkpoint,2026-05-16 22:00:00,70.8,1
uuid-2569-2046,2569,2569-S4-P5,4,practice,2026-05-23 21:00:00,82.2,1
uuid-2569-2046,2569,2569-S6-P5,6,practice,2026-05-23 19:00:00,80.2,1
uuid-2569-2047,2569,2569-S1-P2,1,practice,2026-03-18 16:00:00,100.0,1
uuid-2569-2047,2569,2569-S4-P2,4,practice,2026-03-21 22:00:00,94.4,1
uuid-2569-2047,2569,2569-S5-P2,5,practice,2026-03-19 18:00:00,84.7,1
uuid-2569-2047,2569,2569-S6-P2,6,practice,2026-03-20 20:00:00,63.8,1
uuid-2569-2047,2569,2569-S1-C1,1,checkpoint,2026-04-02 20:00:00,75.7,1
uuid-2569-2047,2569,2569-S5-C1,5,checkpoint,2026-04-01 18:00:00,95.4,1
uuid-2569-2047,2569,2569-S6-C1,6,checkpoint,2026-04-04 21:00:00,81.7,1
uuid-2569-2047,2569,2569-S1-P3,1,practice,2026-04-12 16:00:00,72.9,1
uuid-2569-2047,2569,2569-S4-P3,4,practice,2026-04-06 18:00:00,96.1,1
uuid-2569-2047,2569,2569-S5-P3,5,practice,2026-04-10 19:00:00,93.1,1
uuid-2569-2047,2569,2569-S6-P3,6,practice,2026-04-08 20:00:00,100.0,1
uuid-2569-2047,2569,2569-S1-P4,1,practice,2026-04-27 16:00:00,93.1,1
uuid-2569-2047,2569,2569-S4-P4,4,practice,2026-04-27 22:00:00,75.6,1
uuid-2569-2047,2569,2569-S5-P4,5,practice,2026-04-29 21:00:00,95.7,1
uuid-2569-2047,2569,2569-S6-P4,6,practice,2026-05-03 20:00:00,85.2,1
uuid-2569-2047,2569,2569-S1-C2,1,checkpoint,2026-05-15 20:00:00,87.6,1
uuid-2569-2047,2569,2569-S4-C2,4,checkpoint,2026-05-15 22:00:00,100.0,1
uuid-2569-2047,2569,2569-S5-C2,5,checkpoint,2026-05-13 17:00:00,95.6,1
uuid-2569-2047,2569,2569-S6-C2,6,checkpoint,2026-05-13 16:00:00,85.0,1
uuid-2569-2047,2569,2569-S1-P5,1,practice,2026-05-19 16:00:00,66.0,1
uuid-2569-2047,2569,2569-S5-P5,5,practice,2026-05-19 17:00:00,93.8,1
uuid-2569-2047,2569,2569-S6-P5,6,practice,2026-05-18 21:00:00,100.0,1
uuid-2569-2047,2569,2569-S1-P6,1,practice,2026-06-08 19:00:00,72.2,1
uuid-2569-2047,2569,2569-S4-P6,4,practice,2026-06-09 22:00:00,93.2,1
uuid-2569-2047,2569,2569-S5-P6,5,practice,2026-06-09 17:00:00,90.5,1
uuid-2569-2047,2569,2569-S6-P6,6,practice,2026-06-09 17:00:00,82.6,1
uuid-2569-2047,2569,2569-S1-C3,1,checkpoint,2026-06-25 21:00:00,100.0,1
uuid-2569-2047,2569,2569-S5-C3,5,checkpoint,2026-06-26 19:00:00,82.3,1
uuid-2569-2047,2569,2569-S6-C3,6,checkpoint,2026-06-25 22:00:00,95.5,1
uuid-2569-2047,2569,2569-S1-P7,1,practice,2026-06-29 18:00:00,100.0,1
uuid-2569-2047,2569,2569-S4-P7,4,practice,2026-06-30 21:00:00,96.5,1
uuid-2569-2047,2569,2569-S5-P7,5,practice,2026-07-01 16:00:00,83.7,1
uuid-2569-2047,2569,2569-S4-P8,4,practice,2026-07-23 16:00:00,86.2,1
uuid-2569-2047,2569,2569-S5-P8,5,practice,2026-07-22 16:00:00,100.0,1
uuid-2569-2047,2569,2569-S6-P8,6,practice,2026-07-20 16:00:00,100.0,1
uuid-2569-2048,2569,2569-S4-P2,4,practice,2026-03-19 18:00:00,95.0,1
uuid-2569-2048,2569,2569-S6-P2,6,practice,2026-03-22 20:00:00,66.8,1
uuid-2569-2048,2569,2569-S1-C1,1,checkpoint,2026-04-03 21:00:00,81.1,1
uuid-2569-2048,2569,2569-S4-C1,4,checkpoint,2026-04-02 22:00:00,100.0,1
uuid-2569-2048,2569,2569-S5-C1,5,checkpoint,2026-04-05 16:00:00,100.0,1
uuid-2569-2048,2569,2569-S6-C1,6,checkpoint,2026-04-05 20:00:00,100.0,1
uuid-2569-2048,2569,2569-S1-P3,1,practice,2026-04-12 22:00:00,73.5,1
uuid-2569-2048,2569,2569-S5-P3,5,practice,2026-04-12 18:00:00,66.4,1
uuid-2569-2048,2569,2569-S6-P3,6,practice,2026-04-12 20:00:00,78.0,1
uuid-2569-2048,2569,2569-S1-P4,1,practice,2026-04-28 20:00:00,97.9,1
uuid-2569-2048,2569,2569-S5-P4,5,practice,2026-05-03 20:00:00,84.3,1
uuid-2569-2048,2569,2569-S6-P4,6,practice,2026-05-03 19:00:00,87.4,1
uuid-2569-2048,2569,2569-S1-C2,1,checkpoint,2026-05-11 22:00:00,75.8,1
uuid-2569-2048,2569,2569-S4-C2,4,checkpoint,2026-05-14 19:00:00,87.0,1
uuid-2569-2048,2569,2569-S5-C2,5,checkpoint,2026-05-12 19:00:00,97.5,1
uuid-2569-2048,2569,2569-S6-C2,6,checkpoint,2026-05-13 16:00:00,100.0,1
uuid-2569-2048,2569,2569-S1-P5,1,practice,2026-05-18 18:00:00,96.3,1
uuid-2569-2048,2569,2569-S4-P5,4,practice,2026-05-20 20:00:00,92.4,1
uuid-2569-2048,2569,2569-S5-P5,5,practice,2026-05-19 19:00:00,85.0,1
uuid-2569-2048,2569,2569-S6-P5,6,practice,2026-05-24 16:00:00,93.8,1
uuid-2569-2048,2569,2569-S1-P6,1,practice,2026-06-13 20:00:00,96.2,1
uuid-2569-2048,2569,2569-S4-P6,4,practice,2026-06-13 18:00:00,86.6,1
uuid-2569-2048,2569,2569-S5-P6,5,practice,2026-06-08 19:00:00,83.9,1
uuid-2569-2048,2569,2569-S6-P6,6,practice,2026-06-09 19:00:00,100.0,1
uuid-2569-2048,2569,2569-S1-C3,1,checkpoint,2026-06-28 16:00:00,87.3,1
uuid-2569-2048,2569,2569-S4-C3,4,checkpoint,2026-06-26 16:00:00,61.6,1
uuid-2569-2048,2569,2569-S6-C3,6,checkpoint,2026-06-27 20:00:00,93.3,1
uuid-2569-2048,2569,2569-S1-P7,1,practice,2026-07-03 21:00:00,98.0,1
uuid-2569-2048,2569,2569-S4-P7,4,practice,2026-06-30 22:00:00,80.9,1
uuid-2569-2048,2569,2569-S5-P7,5,practice,2026-07-05 21:00:00,89.9,1
uuid-2569-2048,2569,2569-S6-P7,6,practice,2026-07-05 17:00:00,91.7,1
uuid-2569-2048,2569,2569-S1-P8,1,practice,2026-07-26 18:00:00,98.4,1
uuid-2569-2048,2569,2569-S4-P8,4,practice,2026-07-26 16:00:00,99.0,1
uuid-2569-2048,2569,2569-S6-P8,6,practice,2026-07-21 20:00:00,100.0,1
uuid-2569-2049,2569,2569-S1-P2,1,practice,2026-03-21 20:00:00,77.6,1
uuid-2569-2049,2569,2569-S5-P2,5,practice,2026-03-22 17:00:00,59.8,1
uuid-2569-2049,2569,2569-S4-C1,4,checkpoint,2026-04-03 20:00:00,66.4,1
uuid-2569-2049,2569,2569-S5-P3,5,practice,2026-04-12 17:00:00,71.1,1
uuid-2569-2049,2569,2569-S4-P4,4,practice,2026-05-03 17:00:00,55.5,1
uuid-2569-2049,2569,2569-S6-P4,6,practice,2026-04-30 16:00:00,58.9,1
uuid-2569-2050,2569,2569-S1-P3,1,practice,2026-04-08 16:00:00,80.9,1
uuid-2569-2050,2569,2569-S4-P3,4,practice,2026-04-10 16:00:00,75.7,1
uuid-2569-2050,2569,2569-S5-P3,5,practice,2026-04-06 19:00:00,71.7,1
uuid-2569-2050,2569,2569-S4-P4,4,practice,2026-04-28 19:00:00,88.8,1
uuid-2569-2050,2569,2569-S5-P4,5,practice,2026-04-28 17:00:00,87.6,1
uuid-2569-2050,2569,2569-S6-P4,6,practice,2026-04-29 20:00:00,73.5,1
uuid-2569-2050,2569,2569-S1-C2,1,checkpoint,2026-05-16 17:00:00,38.1,0
uuid-2569-2050,2569,2569-S4-C2,4,checkpoint,2026-05-16 18:00:00,61.1,1
uuid-2569-2050,2569,2569-S6-C2,6,checkpoint,2026-05-11 22:00:00,79.7,1
uuid-2569-2050,2569,2569-S1-P5,1,practice,2026-05-20 22:00:00,97.9,1
uuid-2569-2050,2569,2569-S4-P5,4,practice,2026-05-24 19:00:00,82.9,1
uuid-2569-2050,2569,2569-S5-P5,5,practice,2026-05-24 19:00:00,83.1,1
uuid-2569-2050,2569,2569-S6-P5,6,practice,2026-05-20 18:00:00,58.1,1
uuid-2569-2050,2569,2569-S1-P6,1,practice,2026-06-10 17:00:00,58.6,1
uuid-2569-2050,2569,2569-S4-P6,4,practice,2026-06-08 16:00:00,83.3,1
uuid-2569-2050,2569,2569-S1-C3,1,checkpoint,2026-06-22 20:00:00,80.7,1
uuid-2569-2050,2569,2569-S4-C3,4,checkpoint,2026-06-28 18:00:00,87.8,1
uuid-2569-2050,2569,2569-S6-C3,6,checkpoint,2026-06-22 22:00:00,67.4,1
uuid-2569-2050,2569,2569-S6-P7,6,practice,2026-07-05 17:00:00,66.1,1
uuid-2569-2050,2569,2569-S1-P8,1,practice,2026-07-20 19:00:00,62.0,1
uuid-2569-2050,2569,2569-S4-P8,4,practice,2026-07-23 17:00:00,54.7,1
uuid-2569-2050,2569,2569-S5-P8,5,practice,2026-07-21 19:00:00,47.7,0
uuid-2569-2051,2569,2569-S4-C2,4,checkpoint,2026-05-17 17:00:00,87.5,1
uuid-2569-2051,2569,2569-S5-C2,5,checkpoint,2026-05-14 20:00:00,86.1,1
uuid-2569-2051,2569,2569-S1-P5,1,practice,2026-05-21 18:00:00,100.0,1
uuid-2569-2051,2569,2569-S4-P5,4,practice,2026-05-24 17:00:00,87.4,1
uuid-2569-2051,2569,2569-S5-P5,5,practice,2026-05-18 20:00:00,85.9,1
uuid-2569-2051,2569,2569-S4-P6,4,practice,2026-06-14 20:00:00,78.4,1
uuid-2569-2051,2569,2569-S5-P6,5,practice,2026-06-11 22:00:00,72.1,1
uuid-2569-2051,2569,2569-S6-P6,6,practice,2026-06-08 17:00:00,83.7,1
uuid-2569-2051,2569,2569-S1-C3,1,checkpoint,2026-06-26 16:00:00,90.0,1
uuid-2569-2051,2569,2569-S4-C3,4,checkpoint,2026-06-27 19:00:00,100.0,1
uuid-2569-2051,2569,2569-S6-C3,6,checkpoint,2026-06-23 22:00:00,87.9,1
uuid-2569-2051,2569,2569-S1-P7,1,practice,2026-06-29 17:00:00,79.6,1
uuid-2569-2051,2569,2569-S5-P7,5,practice,2026-07-02 16:00:00,93.2,1
uuid-2569-2051,2569,2569-S6-P7,6,practice,2026-06-30 18:00:00,72.0,1
uuid-2569-2051,2569,2569-S1-P8,1,practice,2026-07-26 16:00:00,82.5,1
uuid-2569-2051,2569,2569-S4-P8,4,practice,2026-07-25 17:00:00,79.2,1
uuid-2569-2051,2569,2569-S6-P8,6,practice,2026-07-22 21:00:00,91.9,1
uuid-2569-2052,2569,2569-S1-P3,1,practice,2026-04-10 17:00:00,64.0,1
uuid-2569-2052,2569,2569-S1-P4,1,practice,2026-04-28 19:00:00,74.3,1
uuid-2569-2052,2569,2569-S5-P4,5,practice,2026-05-01 17:00:00,71.7,1
uuid-2569-2053,2569,2569-S1-P2,1,practice,2026-03-20 19:00:00,100.0,1
uuid-2569-2053,2569,2569-S4-P2,4,practice,2026-03-18 17:00:00,88.0,1
uuid-2569-2053,2569,2569-S5-P2,5,practice,2026-03-22 18:00:00,65.5,1
uuid-2569-2053,2569,2569-S6-P2,6,practice,2026-03-19 16:00:00,94.3,1
uuid-2569-2053,2569,2569-S1-C1,1,checkpoint,2026-04-04 16:00:00,74.6,1
uuid-2569-2053,2569,2569-S5-C1,5,checkpoint,2026-04-04 16:00:00,51.3,1
uuid-2569-2053,2569,2569-S6-C1,6,checkpoint,2026-04-02 17:00:00,89.7,1
uuid-2569-2053,2569,2569-S1-P3,1,practice,2026-04-11 21:00:00,92.6,1
uuid-2569-2053,2569,2569-S5-P3,5,practice,2026-04-12 19:00:00,86.0,1
uuid-2569-2053,2569,2569-S6-P3,6,practice,2026-04-09 22:00:00,93.6,1
uuid-2569-2053,2569,2569-S4-P4,4,practice,2026-04-28 16:00:00,97.5,1
uuid-2569-2053,2569,2569-S5-P4,5,practice,2026-04-27 19:00:00,65.2,1
uuid-2569-2053,2569,2569-S6-P4,6,practice,2026-05-02 18:00:00,84.8,1
uuid-2569-2053,2569,2569-S1-C2,1,checkpoint,2026-05-15 17:00:00,83.6,1
uuid-2569-2053,2569,2569-S5-C2,5,checkpoint,2026-05-11 20:00:00,72.3,1
uuid-2569-2053,2569,2569-S6-C2,6,checkpoint,2026-05-16 21:00:00,70.6,1
uuid-2569-2053,2569,2569-S1-P5,1,practice,2026-05-20 19:00:00,81.6,1
uuid-2569-2053,2569,2569-S4-P5,4,practice,2026-05-19 21:00:00,91.8,1
uuid-2569-2053,2569,2569-S5-P5,5,practice,2026-05-22 20:00:00,75.9,1
uuid-2569-2053,2569,2569-S6-P5,6,practice,2026-05-21 22:00:00,96.6,1
uuid-2569-2053,2569,2569-S1-P6,1,practice,2026-06-14 20:00:00,66.3,1
uuid-2569-2053,2569,2569-S4-P6,4,practice,2026-06-08 16:00:00,68.6,1
uuid-2569-2053,2569,2569-S5-P6,5,practice,2026-06-09 16:00:00,69.0,1
uuid-2569-2053,2569,2569-S1-C3,1,checkpoint,2026-06-28 22:00:00,48.6,0
uuid-2569-2053,2569,2569-S4-C3,4,checkpoint,2026-06-22 22:00:00,84.0,1
uuid-2569-2053,2569,2569-S5-C3,5,checkpoint,2026-06-27 17:00:00,74.7,1
uuid-2569-2053,2569,2569-S6-C3,6,checkpoint,2026-06-24 17:00:00,68.2,1
uuid-2569-2053,2569,2569-S1-P7,1,practice,2026-07-04 17:00:00,74.8,1
uuid-2569-2053,2569,2569-S5-P7,5,practice,2026-07-03 16:00:00,76.6,1
uuid-2569-2053,2569,2569-S5-P8,5,practice,2026-07-20 22:00:00,91.7,1
uuid-2569-2053,2569,2569-S6-P8,6,practice,2026-07-26 21:00:00,67.4,1
uuid-2569-2054,2569,2569-S4-P2,4,practice,2026-03-18 20:00:00,49.7,0
uuid-2569-2054,2569,2569-S1-C1,1,checkpoint,2026-04-03 16:00:00,57.3,1
uuid-2569-2054,2569,2569-S6-C1,6,checkpoint,2026-04-02 20:00:00,57.7,1
uuid-2569-2054,2569,2569-S5-P3,5,practice,2026-04-06 18:00:00,71.3,1
uuid-2569-2054,2569,2569-S6-P3,6,practice,2026-04-08 18:00:00,59.1,1
uuid-2569-2054,2569,2569-S4-C2,4,checkpoint,2026-05-14 16:00:00,67.8,1
uuid-2569-2054,2569,2569-S5-C2,5,checkpoint,2026-05-17 21:00:00,80.2,1
uuid-2569-2054,2569,2569-S1-P5,1,practice,2026-05-24 20:00:00,74.2,1
uuid-2569-2054,2569,2569-S4-P6,4,practice,2026-06-08 21:00:00,97.0,1
uuid-2569-2054,2569,2569-S6-P6,6,practice,2026-06-08 20:00:00,42.4,0
uuid-2569-2054,2569,2569-S5-P7,5,practice,2026-06-29 21:00:00,62.6,1
uuid-2569-2054,2569,2569-S6-P7,6,practice,2026-07-05 18:00:00,58.4,1
uuid-2569-2054,2569,2569-S5-P8,5,practice,2026-07-25 18:00:00,49.5,0
uuid-2569-2054,2569,2569-S6-P8,6,practice,2026-07-25 16:00:00,45.7,0
uuid-2569-2055,2569,2569-S1-P2,1,practice,2026-03-17 20:00:00,68.9,1
uuid-2569-2055,2569,2569-S5-P2,5,practice,2026-03-16 20:00:00,99.3,1
uuid-2569-2055,2569,2569-S6-P2,6,practice,2026-03-18 18:00:00,69.3,1
uuid-2569-2055,2569,2569-S1-C1,1,checkpoint,2026-03-30 17:00:00,71.1,1
uuid-2569-2055,2569,2569-S5-C1,5,checkpoint,2026-03-30 22:00:00,82.0,1
uuid-2569-2055,2569,2569-S6-C1,6,checkpoint,2026-04-04 19:00:00,100.0,1
uuid-2569-2055,2569,2569-S1-P3,1,practice,2026-04-08 21:00:00,91.8,1
uuid-2569-2055,2569,2569-S4-P3,4,practice,2026-04-06 17:00:00,77.1,1
uuid-2569-2055,2569,2569-S5-P3,5,practice,2026-04-10 17:00:00,92.3,1
uuid-2569-2055,2569,2569-S6-P3,6,practice,2026-04-08 17:00:00,60.4,1
uuid-2569-2055,2569,2569-S4-P4,4,practice,2026-05-02 19:00:00,89.1,1
uuid-2569-2055,2569,2569-S5-P4,5,practice,2026-05-02 17:00:00,89.4,1
uuid-2569-2055,2569,2569-S6-P4,6,practice,2026-04-28 22:00:00,80.0,1
uuid-2569-2055,2569,2569-S1-C2,1,checkpoint,2026-05-13 17:00:00,53.6,1
uuid-2569-2055,2569,2569-S4-C2,4,checkpoint,2026-05-17 21:00:00,100.0,1
uuid-2569-2055,2569,2569-S6-C2,6,checkpoint,2026-05-15 22:00:00,85.4,1
uuid-2569-2055,2569,2569-S1-P5,1,practice,2026-05-24 19:00:00,91.4,1
uuid-2569-2055,2569,2569-S4-P5,4,practice,2026-05-18 20:00:00,77.3,1
uuid-2569-2055,2569,2569-S5-P5,5,practice,2026-05-20 21:00:00,96.3,1
uuid-2569-2055,2569,2569-S6-P5,6,practice,2026-05-22 21:00:00,100.0,1
uuid-2569-2056,2569,2569-S1-P6,1,practice,2026-06-12 18:00:00,74.9,1
uuid-2569-2056,2569,2569-S4-P6,4,practice,2026-06-08 22:00:00,79.9,1
uuid-2569-2056,2569,2569-S1-C3,1,checkpoint,2026-06-23 16:00:00,65.4,1
uuid-2569-2056,2569,2569-S4-C3,4,checkpoint,2026-06-23 18:00:00,50.8,1
uuid-2569-2056,2569,2569-S5-C3,5,checkpoint,2026-06-22 18:00:00,78.4,1
uuid-2569-2056,2569,2569-S6-C3,6,checkpoint,2026-06-26 20:00:00,66.5,1
uuid-2569-2056,2569,2569-S1-P7,1,practice,2026-06-30 19:00:00,53.5,1
uuid-2569-2056,2569,2569-S4-P7,4,practice,2026-07-02 21:00:00,74.7,1
uuid-2569-2056,2569,2569-S5-P7,5,practice,2026-07-05 17:00:00,53.4,1
uuid-2569-2056,2569,2569-S6-P7,6,practice,2026-06-29 17:00:00,70.5,1
uuid-2569-2056,2569,2569-S1-P8,1,practice,2026-07-21 16:00:00,57.5,1
uuid-2569-2056,2569,2569-S5-P8,5,practice,2026-07-24 20:00:00,99.7,1
uuid-2569-2056,2569,2569-S6-P8,6,practice,2026-07-22 20:00:00,64.6,1
uuid-2569-2057,2569,2569-S4-C2,4,checkpoint,2026-05-14 20:00:00,80.0,1
uuid-2569-2057,2569,2569-S5-C2,5,checkpoint,2026-05-13 20:00:00,55.0,1
uuid-2569-2057,2569,2569-S5-P5,5,practice,2026-05-22 17:00:00,76.9,1
uuid-2569-2057,2569,2569-S6-P5,6,practice,2026-05-20 20:00:00,62.7,1
uuid-2569-2058,2569,2569-S1-P3,1,practice,2026-04-06 19:00:00,65.4,1
uuid-2569-2058,2569,2569-S6-P3,6,practice,2026-04-09 21:00:00,72.9,1
uuid-2569-2058,2569,2569-S1-P4,1,practice,2026-05-01 18:00:00,56.0,1
uuid-2569-2058,2569,2569-S5-P4,5,practice,2026-04-27 22:00:00,69.8,1
uuid-2569-2058,2569,2569-S1-P5,1,practice,2026-05-22 18:00:00,74.0,1
uuid-2569-2058,2569,2569-S4-P5,4,practice,2026-05-23 16:00:00,46.0,0
uuid-2569-2059,2569,2569-S5-P2,5,practice,2026-03-18 17:00:00,93.0,1
uuid-2569-2059,2569,2569-S6-P2,6,practice,2026-03-21 17:00:00,87.2,1
uuid-2569-2059,2569,2569-S5-C1,5,checkpoint,2026-04-01 22:00:00,83.9,1
uuid-2569-2059,2569,2569-S5-P3,5,practice,2026-04-06 18:00:00,78.6,1
uuid-2569-2059,2569,2569-S6-P3,6,practice,2026-04-10 18:00:00,98.4,1
uuid-2569-2059,2569,2569-S5-P4,5,practice,2026-04-27 21:00:00,71.8,1
uuid-2569-2059,2569,2569-S6-P4,6,practice,2026-04-27 17:00:00,90.0,1
uuid-2569-2059,2569,2569-S5-C2,5,checkpoint,2026-05-14 17:00:00,98.4,1
uuid-2569-2059,2569,2569-S6-C2,6,checkpoint,2026-05-15 17:00:00,99.4,1
uuid-2569-2059,2569,2569-S5-P5,5,practice,2026-05-22 19:00:00,86.1,1
uuid-2569-2059,2569,2569-S6-P5,6,practice,2026-05-20 19:00:00,82.7,1
uuid-2569-2059,2569,2569-S5-C3,5,checkpoint,2026-06-27 17:00:00,85.6,1
uuid-2569-2059,2569,2569-S6-C3,6,checkpoint,2026-06-22 19:00:00,97.2,1
uuid-2569-2059,2569,2569-S5-P7,5,practice,2026-06-30 20:00:00,99.7,1
uuid-2569-2059,2569,2569-S6-P7,6,practice,2026-07-02 21:00:00,97.2,1
uuid-2569-2059,2569,2569-S5-P8,5,practice,2026-07-21 20:00:00,90.3,1
uuid-2569-2059,2569,2569-S6-P8,6,practice,2026-07-22 21:00:00,74.0,1
uuid-2569-2060,2569,2569-S1-P2,1,practice,2026-03-19 21:00:00,100.0,1
uuid-2569-2060,2569,2569-S4-P2,4,practice,2026-03-17 18:00:00,88.2,1
uuid-2569-2060,2569,2569-S5-P2,5,practice,2026-03-19 16:00:00,86.8,1
uuid-2569-2060,2569,2569-S6-P2,6,practice,2026-03-21 20:00:00,91.5,1
uuid-2569-2060,2569,2569-S1-C1,1,checkpoint,2026-04-02 17:00:00,91.2,1
uuid-2569-2060,2569,2569-S4-C1,4,checkpoint,2026-04-01 22:00:00,79.5,1
uuid-2569-2060,2569,2569-S6-C1,6,checkpoint,2026-03-30 16:00:00,97.2,1
uuid-2569-2060,2569,2569-S1-P3,1,practice,2026-04-07 17:00:00,100.0,1
uuid-2569-2060,2569,2569-S4-P3,4,practice,2026-04-11 20:00:00,68.3,1
uuid-2569-2060,2569,2569-S5-P3,5,practice,2026-04-12 22:00:00,100.0,1
uuid-2569-2060,2569,2569-S6-P3,6,practice,2026-04-07 16:00:00,95.7,1
uuid-2569-2060,2569,2569-S1-P4,1,practice,2026-05-03 22:00:00,72.2,1
uuid-2569-2060,2569,2569-S5-P4,5,practice,2026-04-29 20:00:00,69.2,1
uuid-2569-2060,2569,2569-S6-P4,6,practice,2026-04-30 21:00:00,93.2,1
uuid-2569-2060,2569,2569-S1-C2,1,checkpoint,2026-05-12 19:00:00,95.8,1
uuid-2569-2060,2569,2569-S4-C2,4,checkpoint,2026-05-16 21:00:00,93.5,1
uuid-2569-2060,2569,2569-S5-C2,5,checkpoint,2026-05-13 20:00:00,84.7,1
uuid-2569-2060,2569,2569-S6-C2,6,checkpoint,2026-05-15 20:00:00,72.3,1
uuid-2569-2060,2569,2569-S1-P5,1,practice,2026-05-22 19:00:00,100.0,1
uuid-2569-2060,2569,2569-S4-P5,4,practice,2026-05-19 18:00:00,100.0,1
uuid-2569-2060,2569,2569-S5-P5,5,practice,2026-05-18 16:00:00,76.8,1
uuid-2569-2060,2569,2569-S6-P5,6,practice,2026-05-24 18:00:00,82.9,1
uuid-2569-2060,2569,2569-S1-P6,1,practice,2026-06-10 22:00:00,65.4,1
uuid-2569-2060,2569,2569-S4-P6,4,practice,2026-06-11 21:00:00,84.1,1
uuid-2569-2060,2569,2569-S5-P6,5,practice,2026-06-11 16:00:00,100.0,1
uuid-2569-2060,2569,2569-S1-C3,1,checkpoint,2026-06-23 22:00:00,100.0,1
uuid-2569-2060,2569,2569-S4-C3,4,checkpoint,2026-06-24 19:00:00,88.1,1
uuid-2569-2060,2569,2569-S5-C3,5,checkpoint,2026-06-22 16:00:00,78.9,1
uuid-2569-2060,2569,2569-S4-P7,4,practice,2026-06-30 19:00:00,99.4,1
uuid-2569-2060,2569,2569-S5-P7,5,practice,2026-06-30 18:00:00,73.5,1
uuid-2569-2060,2569,2569-S6-P7,6,practice,2026-07-03 18:00:00,77.9,1
uuid-2569-2060,2569,2569-S4-P8,4,practice,2026-07-23 22:00:00,78.1,1
uuid-2569-2060,2569,2569-S5-P8,5,practice,2026-07-20 17:00:00,80.8,1
uuid-2569-2060,2569,2569-S6-P8,6,practice,2026-07-24 21:00:00,92.6,1
uuid-2569-2061,2569,2569-S5-P2,5,practice,2026-03-22 19:00:00,72.2,1
uuid-2569-2061,2569,2569-S6-P2,6,practice,2026-03-22 21:00:00,92.8,1
uuid-2569-2061,2569,2569-S1-C1,1,checkpoint,2026-04-05 19:00:00,69.7,1
uuid-2569-2061,2569,2569-S4-C1,4,checkpoint,2026-04-01 22:00:00,96.5,1
uuid-2569-2061,2569,2569-S5-C1,5,checkpoint,2026-04-04 21:00:00,52.4,1
uuid-2569-2062,2569,2569-S4-P2,4,practice,2026-03-18 17:00:00,100.0,1
uuid-2569-2062,2569,2569-S5-P2,5,practice,2026-03-20 22:00:00,84.9,1
uuid-2569-2062,2569,2569-S6-P2,6,practice,2026-03-19 20:00:00,91.2,1
uuid-2569-2062,2569,2569-S6-C1,6,checkpoint,2026-04-03 19:00:00,100.0,1
uuid-2569-2062,2569,2569-S4-P3,4,practice,2026-04-08 21:00:00,78.0,1
uuid-2569-2062,2569,2569-S5-P3,5,practice,2026-04-10 21:00:00,98.5,1
uuid-2569-2062,2569,2569-S6-P3,6,practice,2026-04-10 21:00:00,76.7,1
uuid-2569-2062,2569,2569-S4-P4,4,practice,2026-05-01 18:00:00,94.3,1
uuid-2569-2062,2569,2569-S6-P4,6,practice,2026-04-30 17:00:00,79.3,1
uuid-2569-2062,2569,2569-S4-C2,4,checkpoint,2026-05-13 22:00:00,84.8,1
uuid-2569-2062,2569,2569-S5-C2,5,checkpoint,2026-05-13 22:00:00,100.0,1
uuid-2569-2062,2569,2569-S6-C2,6,checkpoint,2026-05-17 18:00:00,76.2,1
uuid-2569-2062,2569,2569-S4-P5,4,practice,2026-05-23 21:00:00,97.9,1
uuid-2569-2062,2569,2569-S5-P5,5,practice,2026-05-20 22:00:00,79.1,1
uuid-2569-2062,2569,2569-S6-P5,6,practice,2026-05-20 16:00:00,94.8,1
uuid-2569-2062,2569,2569-S4-P6,4,practice,2026-06-11 20:00:00,89.3,1
uuid-2569-2062,2569,2569-S5-P6,5,practice,2026-06-08 21:00:00,100.0,1
uuid-2569-2062,2569,2569-S6-P6,6,practice,2026-06-09 22:00:00,99.0,1
uuid-2569-2062,2569,2569-S5-C3,5,checkpoint,2026-06-23 16:00:00,91.8,1
uuid-2569-2062,2569,2569-S6-C3,6,checkpoint,2026-06-24 21:00:00,80.3,1
uuid-2569-2062,2569,2569-S4-P7,4,practice,2026-07-01 21:00:00,100.0,1
uuid-2569-2062,2569,2569-S5-P7,5,practice,2026-07-03 17:00:00,80.4,1
uuid-2569-2062,2569,2569-S6-P7,6,practice,2026-07-01 21:00:00,79.0,1
uuid-2569-2062,2569,2569-S4-P8,4,practice,2026-07-20 18:00:00,56.0,1
uuid-2569-2062,2569,2569-S5-P8,5,practice,2026-07-22 17:00:00,90.9,1
uuid-2569-2062,2569,2569-S6-P8,6,practice,2026-07-24 22:00:00,75.4,1
uuid-2569-2063,2569,2569-S1-C1,1,checkpoint,2026-04-02 17:00:00,95.5,1
uuid-2569-2063,2569,2569-S5-C1,5,checkpoint,2026-04-04 22:00:00,87.9,1
uuid-2569-2063,2569,2569-S6-P3,6,practice,2026-04-11 21:00:00,90.4,1
uuid-2569-2063,2569,2569-S4-C2,4,checkpoint,2026-05-15 18:00:00,65.7,1
uuid-2569-2063,2569,2569-S5-C2,5,checkpoint,2026-05-15 17:00:00,78.8,1
uuid-2569-2063,2569,2569-S6-C2,6,checkpoint,2026-05-17 21:00:00,72.9,1
uuid-2569-2063,2569,2569-S1-P5,1,practice,2026-05-20 22:00:00,54.1,1
uuid-2569-2063,2569,2569-S4-P5,4,practice,2026-05-21 16:00:00,88.7,1
uuid-2569-2063,2569,2569-S5-P5,5,practice,2026-05-24 16:00:00,69.0,1
uuid-2569-2063,2569,2569-S5-P6,5,practice,2026-06-13 22:00:00,87.9,1
uuid-2569-2063,2569,2569-S6-P6,6,practice,2026-06-11 21:00:00,73.0,1
uuid-2569-2063,2569,2569-S6-C3,6,checkpoint,2026-06-24 18:00:00,59.6,1
uuid-2569-2063,2569,2569-S1-P7,1,practice,2026-07-03 17:00:00,74.5,1
uuid-2569-2063,2569,2569-S5-P8,5,practice,2026-07-20 21:00:00,82.1,1
uuid-2569-2063,2569,2569-S6-P8,6,practice,2026-07-21 17:00:00,60.6,1
uuid-2569-2064,2569,2569-S4-P3,4,practice,2026-04-08 17:00:00,100.0,1
uuid-2569-2064,2569,2569-S5-P3,5,practice,2026-04-06 22:00:00,86.0,1
uuid-2569-2064,2569,2569-S6-P3,6,practice,2026-04-08 20:00:00,55.4,1
uuid-2569-2064,2569,2569-S1-P4,1,practice,2026-04-30 16:00:00,66.8,1
uuid-2569-2064,2569,2569-S4-P4,4,practice,2026-04-30 22:00:00,60.2,1
uuid-2569-2064,2569,2569-S5-P4,5,practice,2026-04-27 17:00:00,72.0,1
uuid-2569-2064,2569,2569-S4-C2,4,checkpoint,2026-05-15 16:00:00,72.4,1
uuid-2569-2064,2569,2569-S4-P5,4,practice,2026-05-23 19:00:00,80.9,1
uuid-2569-2064,2569,2569-S5-P5,5,practice,2026-05-20 22:00:00,70.6,1
uuid-2569-2064,2569,2569-S6-P5,6,practice,2026-05-21 16:00:00,88.3,1
uuid-2569-2064,2569,2569-S1-P6,1,practice,2026-06-11 17:00:00,61.9,1
uuid-2569-2064,2569,2569-S4-P6,4,practice,2026-06-08 22:00:00,64.7,1
uuid-2569-2064,2569,2569-S1-C3,1,checkpoint,2026-06-26 21:00:00,56.0,1
uuid-2569-2064,2569,2569-S4-C3,4,checkpoint,2026-06-27 20:00:00,59.9,1
uuid-2569-2064,2569,2569-S5-C3,5,checkpoint,2026-06-26 20:00:00,70.5,1
uuid-2569-2064,2569,2569-S4-P7,4,practice,2026-07-05 22:00:00,76.4,1
uuid-2569-2064,2569,2569-S5-P7,5,practice,2026-06-30 20:00:00,76.7,1
uuid-2569-2064,2569,2569-S6-P8,6,practice,2026-07-23 22:00:00,89.8,1
uuid-2569-2065,2569,2569-S4-P2,4,practice,2026-03-18 18:00:00,69.1,1
uuid-2569-2065,2569,2569-S5-P2,5,practice,2026-03-20 17:00:00,100.0,1
uuid-2569-2065,2569,2569-S4-C1,4,checkpoint,2026-04-03 20:00:00,100.0,1
uuid-2569-2065,2569,2569-S5-C1,5,checkpoint,2026-04-04 17:00:00,92.5,1
uuid-2569-2065,2569,2569-S4-P3,4,practice,2026-04-07 16:00:00,86.5,1
uuid-2569-2065,2569,2569-S5-P3,5,practice,2026-04-11 19:00:00,100.0,1
uuid-2569-2065,2569,2569-S4-P4,4,practice,2026-04-27 16:00:00,76.3,1
uuid-2569-2065,2569,2569-S5-P4,5,practice,2026-04-28 18:00:00,83.0,1
uuid-2569-2065,2569,2569-S6-P4,6,practice,2026-04-30 20:00:00,97.9,1
uuid-2569-2065,2569,2569-S4-C2,4,checkpoint,2026-05-16 18:00:00,71.3,1
uuid-2569-2065,2569,2569-S5-C2,5,checkpoint,2026-05-15 17:00:00,84.5,1
uuid-2569-2065,2569,2569-S4-P5,4,practice,2026-05-20 17:00:00,90.1,1
uuid-2569-2065,2569,2569-S5-P5,5,practice,2026-05-24 16:00:00,90.2,1
uuid-2569-2065,2569,2569-S5-P6,5,practice,2026-06-09 17:00:00,82.2,1
uuid-2569-2065,2569,2569-S6-P6,6,practice,2026-06-14 18:00:00,75.4,1
uuid-2569-2065,2569,2569-S4-C3,4,checkpoint,2026-06-26 17:00:00,92.4,1
uuid-2569-2065,2569,2569-S5-C3,5,checkpoint,2026-06-28 21:00:00,63.4,1
uuid-2569-2065,2569,2569-S6-C3,6,checkpoint,2026-06-25 22:00:00,88.1,1
uuid-2569-2065,2569,2569-S4-P7,4,practice,2026-07-05 18:00:00,68.7,1
uuid-2569-2065,2569,2569-S5-P7,5,practice,2026-06-30 18:00:00,84.4,1
uuid-2569-2065,2569,2569-S6-P7,6,practice,2026-07-05 18:00:00,90.6,1
uuid-2569-2065,2569,2569-S4-P8,4,practice,2026-07-24 22:00:00,71.9,1
uuid-2569-2065,2569,2569-S5-P8,5,practice,2026-07-20 20:00:00,65.0,1
uuid-2569-2066,2569,2569-S4-C2,4,checkpoint,2026-05-14 17:00:00,66.9,1
uuid-2569-2066,2569,2569-S5-C2,5,checkpoint,2026-05-16 16:00:00,89.6,1
uuid-2569-2066,2569,2569-S6-C2,6,checkpoint,2026-05-15 19:00:00,67.0,1
uuid-2569-2066,2569,2569-S5-P5,5,practice,2026-05-22 21:00:00,60.6,1
uuid-2569-2066,2569,2569-S1-P6,1,practice,2026-06-10 20:00:00,59.9,1
uuid-2569-2066,2569,2569-S1-C3,1,checkpoint,2026-06-26 19:00:00,77.5,1
uuid-2569-2066,2569,2569-S4-C3,4,checkpoint,2026-06-28 21:00:00,68.1,1
uuid-2569-2066,2569,2569-S5-C3,5,checkpoint,2026-06-25 16:00:00,65.7,1
uuid-2569-2066,2569,2569-S6-C3,6,checkpoint,2026-06-23 17:00:00,70.8,1
uuid-2569-2066,2569,2569-S1-P7,1,practice,2026-07-01 22:00:00,66.1,1
uuid-2569-2066,2569,2569-S6-P7,6,practice,2026-07-05 22:00:00,60.8,1
uuid-2569-2066,2569,2569-S1-P8,1,practice,2026-07-20 22:00:00,37.3,0
uuid-2569-2066,2569,2569-S6-P8,6,practice,2026-07-22 16:00:00,73.1,1
uuid-2569-2067,2569,2569-S1-P2,1,practice,2026-03-19 20:00:00,96.6,1
uuid-2569-2067,2569,2569-S4-P2,4,practice,2026-03-16 19:00:00,79.5,1
uuid-2569-2067,2569,2569-S6-P2,6,practice,2026-03-22 17:00:00,72.1,1
uuid-2569-2067,2569,2569-S1-C1,1,checkpoint,2026-04-05 17:00:00,87.0,1
uuid-2569-2067,2569,2569-S4-C1,4,checkpoint,2026-03-31 17:00:00,96.4,1
uuid-2569-2067,2569,2569-S1-P3,1,practice,2026-04-06 16:00:00,86.3,1
uuid-2569-2067,2569,2569-S4-P3,4,practice,2026-04-11 22:00:00,100.0,1
uuid-2569-2067,2569,2569-S1-P4,1,practice,2026-04-27 18:00:00,83.1,1
uuid-2569-2067,2569,2569-S4-P4,4,practice,2026-04-27 21:00:00,84.8,1
uuid-2569-2067,2569,2569-S6-P4,6,practice,2026-05-03 19:00:00,85.3,1
uuid-2569-2067,2569,2569-S1-C2,1,checkpoint,2026-05-14 21:00:00,100.0,1
uuid-2569-2067,2569,2569-S4-C2,4,checkpoint,2026-05-16 20:00:00,96.1,1
uuid-2569-2067,2569,2569-S1-P5,1,practice,2026-05-23 21:00:00,85.3,1
uuid-2569-2067,2569,2569-S4-P5,4,practice,2026-05-24 18:00:00,73.6,1
uuid-2569-2067,2569,2569-S6-P5,6,practice,2026-05-21 18:00:00,100.0,1
uuid-2569-2067,2569,2569-S1-P6,1,practice,2026-06-14 20:00:00,81.4,1
uuid-2569-2067,2569,2569-S4-P6,4,practice,2026-06-14 17:00:00,76.7,1
uuid-2569-2067,2569,2569-S6-P6,6,practice,2026-06-08 22:00:00,92.4,1
uuid-2569-2067,2569,2569-S1-C3,1,checkpoint,2026-06-27 16:00:00,79.7,1
uuid-2569-2067,2569,2569-S4-C3,4,checkpoint,2026-06-25 19:00:00,84.3,1
uuid-2569-2067,2569,2569-S6-C3,6,checkpoint,2026-06-28 16:00:00,100.0,1
uuid-2569-2067,2569,2569-S1-P7,1,practice,2026-07-05 16:00:00,82.8,1
uuid-2569-2067,2569,2569-S4-P7,4,practice,2026-07-01 22:00:00,98.6,1
uuid-2569-2067,2569,2569-S4-P8,4,practice,2026-07-20 22:00:00,87.4,1
uuid-2569-2067,2569,2569-S6-P8,6,practice,2026-07-22 20:00:00,96.3,1
uuid-2569-2068,2569,2569-S4-P2,4,practice,2026-03-16 20:00:00,62.1,1
uuid-2569-2068,2569,2569-S5-P2,5,practice,2026-03-22 20:00:00,89.2,1
uuid-2569-2068,2569,2569-S1-C1,1,checkpoint,2026-03-31 22:00:00,100.0,1
uuid-2569-2068,2569,2569-S4-C1,4,checkpoint,2026-04-04 18:00:00,76.7,1
uuid-2569-2068,2569,2569-S5-C1,5,checkpoint,2026-03-30 22:00:00,66.7,1
uuid-2569-2068,2569,2569-S6-C1,6,checkpoint,2026-04-05 21:00:00,74.1,1
uuid-2569-2068,2569,2569-S1-P3,1,practice,2026-04-06 20:00:00,74.0,1
uuid-2569-2068,2569,2569-S4-P3,4,practice,2026-04-12 17:00:00,65.2,1
uuid-2569-2068,2569,2569-S5-P3,5,practice,2026-04-09 20:00:00,64.6,1
uuid-2569-2068,2569,2569-S6-P3,6,practice,2026-04-09 17:00:00,60.7,1
uuid-2569-2068,2569,2569-S6-P4,6,practice,2026-04-29 19:00:00,76.0,1
uuid-2569-2068,2569,2569-S1-C2,1,checkpoint,2026-05-15 18:00:00,64.3,1
uuid-2569-2068,2569,2569-S4-C2,4,checkpoint,2026-05-11 21:00:00,78.6,1
uuid-2569-2068,2569,2569-S5-C2,5,checkpoint,2026-05-15 19:00:00,58.2,1
uuid-2569-2068,2569,2569-S6-C2,6,checkpoint,2026-05-15 17:00:00,67.9,1
uuid-2569-2068,2569,2569-S1-P5,1,practice,2026-05-23 19:00:00,86.4,1
uuid-2569-2068,2569,2569-S4-P5,4,practice,2026-05-24 17:00:00,59.9,1
uuid-2569-2068,2569,2569-S5-P5,5,practice,2026-05-24 21:00:00,70.0,1
uuid-2569-2068,2569,2569-S1-P6,1,practice,2026-06-13 17:00:00,69.3,1
uuid-2569-2068,2569,2569-S4-P6,4,practice,2026-06-08 20:00:00,73.8,1
uuid-2569-2068,2569,2569-S5-P6,5,practice,2026-06-08 16:00:00,78.9,1
uuid-2569-2068,2569,2569-S6-P6,6,practice,2026-06-11 22:00:00,88.1,1
uuid-2569-2068,2569,2569-S1-C3,1,checkpoint,2026-06-24 17:00:00,64.3,1
uuid-2569-2068,2569,2569-S5-C3,5,checkpoint,2026-06-26 16:00:00,75.9,1
uuid-2569-2068,2569,2569-S6-C3,6,checkpoint,2026-06-23 22:00:00,76.8,1
uuid-2569-2068,2569,2569-S6-P7,6,practice,2026-07-05 18:00:00,75.3,1
uuid-2569-2068,2569,2569-S1-P8,1,practice,2026-07-25 21:00:00,77.9,1
uuid-2569-2068,2569,2569-S5-P8,5,practice,2026-07-20 18:00:00,65.2,1
uuid-2569-2068,2569,2569-S6-P8,6,practice,2026-07-21 20:00:00,81.0,1
uuid-2569-2069,2569,2569-S6-C2,6,checkpoint,2026-05-16 22:00:00,65.0,1
uuid-2569-2069,2569,2569-S6-P5,6,practice,2026-05-22 18:00:00,69.6,1
uuid-2569-2069,2569,2569-S4-P6,4,practice,2026-06-10 20:00:00,58.6,1
uuid-2569-2069,2569,2569-S6-P6,6,practice,2026-06-09 16:00:00,75.4,1
uuid-2569-2069,2569,2569-S4-C3,4,checkpoint,2026-06-24 16:00:00,64.4,1
uuid-2569-2069,2569,2569-S4-P7,4,practice,2026-07-04 21:00:00,55.7,1
uuid-2569-2069,2569,2569-S6-P7,6,practice,2026-07-01 20:00:00,62.8,1
uuid-2569-2070,2569,2569-S5-P2,5,practice,2026-03-17 18:00:00,85.7,1
uuid-2569-2070,2569,2569-S6-P2,6,practice,2026-03-18 17:00:00,84.5,1
uuid-2569-2070,2569,2569-S6-C1,6,checkpoint,2026-04-01 21:00:00,87.1,1
uuid-2569-2070,2569,2569-S1-P3,1,practice,2026-04-12 18:00:00,91.0,1
uuid-2569-2070,2569,2569-S4-P3,4,practice,2026-04-11 18:00:00,75.3,1
uuid-2569-2070,2569,2569-S5-P3,5,practice,2026-04-09 16:00:00,58.5,1
uuid-2569-2070,2569,2569-S6-P3,6,practice,2026-04-10 17:00:00,67.0,1
uuid-2569-2070,2569,2569-S1-P4,1,practice,2026-04-28 17:00:00,81.1,1
uuid-2569-2070,2569,2569-S5-P4,5,practice,2026-05-02 21:00:00,100.0,1
uuid-2569-2070,2569,2569-S4-C2,4,checkpoint,2026-05-13 18:00:00,57.7,1
uuid-2569-2070,2569,2569-S5-C2,5,checkpoint,2026-05-11 22:00:00,54.6,1
uuid-2569-2070,2569,2569-S6-C2,6,checkpoint,2026-05-15 18:00:00,91.6,1
uuid-2569-2070,2569,2569-S4-P5,4,practice,2026-05-24 19:00:00,96.5,1
uuid-2569-2070,2569,2569-S6-P5,6,practice,2026-05-20 20:00:00,75.0,1
uuid-2569-2070,2569,2569-S1-P6,1,practice,2026-06-09 19:00:00,62.3,1
uuid-2569-2070,2569,2569-S5-P6,5,practice,2026-06-09 18:00:00,79.8,1
uuid-2569-2070,2569,2569-S6-P6,6,practice,2026-06-13 17:00:00,74.6,1
uuid-2569-2070,2569,2569-S1-C3,1,checkpoint,2026-06-22 18:00:00,72.0,1
uuid-2569-2070,2569,2569-S5-C3,5,checkpoint,2026-06-22 16:00:00,54.1,1
uuid-2569-2070,2569,2569-S1-P7,1,practice,2026-06-30 21:00:00,68.7,1
uuid-2569-2070,2569,2569-S4-P7,4,practice,2026-07-02 22:00:00,90.2,1
uuid-2569-2070,2569,2569-S5-P7,5,practice,2026-07-03 18:00:00,75.7,1
uuid-2569-2070,2569,2569-S6-P7,6,practice,2026-07-01 22:00:00,67.6,1
uuid-2569-2070,2569,2569-S1-P8,1,practice,2026-07-24 18:00:00,77.8,1
uuid-2569-2070,2569,2569-S4-P8,4,practice,2026-07-25 21:00:00,77.2,1
uuid-2569-2070,2569,2569-S5-P8,5,practice,2026-07-22 18:00:00,81.4,1
uuid-2569-2070,2569,2569-S6-P8,6,practice,2026-07-25 21:00:00,88.4,1
uuid-2569-2071,2569,2569-S1-P2,1,practice,2026-03-21 19:00:00,64.2,1
uuid-2569-2071,2569,2569-S4-P2,4,practice,2026-03-22 16:00:00,72.5,1
uuid-2569-2071,2569,2569-S1-C1,1,checkpoint,2026-03-31 18:00:00,71.9,1
uuid-2569-2071,2569,2569-S5-C1,5,checkpoint,2026-04-03 18:00:00,82.4,1
uuid-2569-2071,2569,2569-S1-P3,1,practice,2026-04-08 19:00:00,76.0,1
uuid-2569-2071,2569,2569-S6-P3,6,practice,2026-04-12 22:00:00,72.8,1
uuid-2569-2071,2569,2569-S1-P4,1,practice,2026-04-27 19:00:00,99.7,1
uuid-2569-2071,2569,2569-S5-P4,5,practice,2026-05-02 16:00:00,49.5,0
uuid-2569-2071,2569,2569-S6-P4,6,practice,2026-05-02 21:00:00,76.4,1
uuid-2569-2072,2569,2569-S1-P2,1,practice,2026-03-20 21:00:00,83.0,1
uuid-2569-2072,2569,2569-S5-P2,5,practice,2026-03-20 17:00:00,96.4,1
uuid-2569-2072,2569,2569-S1-C1,1,checkpoint,2026-03-30 19:00:00,88.6,1
uuid-2569-2072,2569,2569-S5-C1,5,checkpoint,2026-04-02 19:00:00,81.7,1
uuid-2569-2072,2569,2569-S5-P3,5,practice,2026-04-08 18:00:00,74.7,1
uuid-2569-2072,2569,2569-S1-P4,1,practice,2026-04-30 18:00:00,69.3,1
uuid-2569-2072,2569,2569-S1-C2,1,checkpoint,2026-05-15 18:00:00,97.2,1
uuid-2569-2072,2569,2569-S1-P5,1,practice,2026-05-22 21:00:00,83.2,1
uuid-2569-2072,2569,2569-S5-P5,5,practice,2026-05-19 21:00:00,88.8,1
uuid-2569-2072,2569,2569-S5-P6,5,practice,2026-06-08 16:00:00,63.7,1
uuid-2569-2072,2569,2569-S1-C3,1,checkpoint,2026-06-28 21:00:00,84.2,1
uuid-2569-2072,2569,2569-S5-C3,5,checkpoint,2026-06-25 19:00:00,64.4,1
uuid-2569-2072,2569,2569-S1-P7,1,practice,2026-06-30 22:00:00,52.4,1
uuid-2569-2072,2569,2569-S1-P8,1,practice,2026-07-26 21:00:00,94.8,1
uuid-2569-2072,2569,2569-S5-P8,5,practice,2026-07-20 19:00:00,80.8,1
uuid-2569-2073,2569,2569-S4-P3,4,practice,2026-04-08 17:00:00,75.5,1
uuid-2569-2073,2569,2569-S5-P3,5,practice,2026-04-11 21:00:00,79.9,1
uuid-2569-2073,2569,2569-S6-P3,6,practice,2026-04-10 16:00:00,67.8,1
uuid-2569-2073,2569,2569-S4-P4,4,practice,2026-04-27 21:00:00,65.4,1
uuid-2569-2073,2569,2569-S5-P4,5,practice,2026-04-27 20:00:00,80.6,1
uuid-2569-2073,2569,2569-S6-P4,6,practice,2026-05-03 21:00:00,66.2,1
uuid-2569-2073,2569,2569-S1-C2,1,checkpoint,2026-05-13 17:00:00,76.0,1
uuid-2569-2073,2569,2569-S4-C2,4,checkpoint,2026-05-15 18:00:00,84.9,1
uuid-2569-2073,2569,2569-S6-C2,6,checkpoint,2026-05-15 20:00:00,84.9,1
uuid-2569-2073,2569,2569-S1-P5,1,practice,2026-05-19 17:00:00,79.3,1
uuid-2569-2073,2569,2569-S4-P5,4,practice,2026-05-19 16:00:00,93.7,1
uuid-2569-2073,2569,2569-S5-P5,5,practice,2026-05-23 20:00:00,69.4,1
uuid-2569-2073,2569,2569-S6-P5,6,practice,2026-05-24 16:00:00,78.5,1
uuid-2569-2074,2569,2569-S1-P2,1,practice,2026-03-19 21:00:00,87.5,1
uuid-2569-2074,2569,2569-S4-P2,4,practice,2026-03-18 18:00:00,62.9,1
uuid-2569-2074,2569,2569-S1-C1,1,checkpoint,2026-04-03 17:00:00,86.1,1
uuid-2569-2074,2569,2569-S1-P3,1,practice,2026-04-07 18:00:00,69.5,1
uuid-2569-2074,2569,2569-S4-P3,4,practice,2026-04-10 22:00:00,66.4,1
uuid-2569-2074,2569,2569-S1-P4,1,practice,2026-04-29 17:00:00,80.3,1
uuid-2569-2074,2569,2569-S1-C2,1,checkpoint,2026-05-11 17:00:00,70.6,1
uuid-2569-2074,2569,2569-S4-C2,4,checkpoint,2026-05-16 16:00:00,65.6,1
uuid-2569-2074,2569,2569-S1-P5,1,practice,2026-05-22 17:00:00,87.5,1
uuid-2569-2074,2569,2569-S4-P5,4,practice,2026-05-21 18:00:00,75.0,1
uuid-2569-2074,2569,2569-S1-P6,1,practice,2026-06-08 21:00:00,78.4,1
uuid-2569-2074,2569,2569-S4-P6,4,practice,2026-06-14 16:00:00,98.6,1
uuid-2569-2074,2569,2569-S1-C3,1,checkpoint,2026-06-28 20:00:00,82.7,1
uuid-2569-2074,2569,2569-S1-P7,1,practice,2026-07-01 21:00:00,88.3,1
uuid-2569-2074,2569,2569-S4-P7,4,practice,2026-07-05 22:00:00,71.3,1
uuid-2569-2074,2569,2569-S4-P8,4,practice,2026-07-26 20:00:00,74.2,1
uuid-2569-2075,2569,2569-S1-P2,1,practice,2026-03-20 18:00:00,90.7,1
uuid-2569-2075,2569,2569-S4-P2,4,practice,2026-03-22 19:00:00,97.4,1
uuid-2569-2075,2569,2569-S1-C1,1,checkpoint,2026-04-01 22:00:00,83.6,1
uuid-2569-2075,2569,2569-S4-C1,4,checkpoint,2026-03-30 22:00:00,68.0,1
uuid-2569-2075,2569,2569-S5-C1,5,checkpoint,2026-04-05 21:00:00,90.1,1
uuid-2569-2075,2569,2569-S1-P3,1,practice,2026-04-06 18:00:00,75.3,1
uuid-2569-2075,2569,2569-S4-P3,4,practice,2026-04-10 18:00:00,84.4,1
uuid-2569-2075,2569,2569-S5-P3,5,practice,2026-04-07 22:00:00,99.0,1
uuid-2569-2075,2569,2569-S6-P3,6,practice,2026-04-07 16:00:00,73.1,1
uuid-2569-2075,2569,2569-S1-P4,1,practice,2026-04-29 17:00:00,73.8,1
uuid-2569-2075,2569,2569-S4-P4,4,practice,2026-04-29 16:00:00,80.0,1
uuid-2569-2075,2569,2569-S5-P4,5,practice,2026-04-27 22:00:00,66.9,1
uuid-2569-2075,2569,2569-S6-P4,6,practice,2026-04-30 18:00:00,79.9,1
uuid-2569-2075,2569,2569-S1-C2,1,checkpoint,2026-05-13 18:00:00,79.6,1
uuid-2569-2075,2569,2569-S4-C2,4,checkpoint,2026-05-13 16:00:00,81.0,1
uuid-2569-2075,2569,2569-S6-C2,6,checkpoint,2026-05-14 21:00:00,80.6,1
uuid-2569-2075,2569,2569-S1-P5,1,practice,2026-05-21 17:00:00,100.0,1
uuid-2569-2075,2569,2569-S4-P5,4,practice,2026-05-21 19:00:00,91.0,1
uuid-2569-2075,2569,2569-S5-P6,5,practice,2026-06-14 18:00:00,83.2,1
uuid-2569-2075,2569,2569-S6-P6,6,practice,2026-06-08 18:00:00,67.3,1
uuid-2569-2075,2569,2569-S4-C3,4,checkpoint,2026-06-26 17:00:00,67.3,1
uuid-2569-2075,2569,2569-S5-C3,5,checkpoint,2026-06-23 21:00:00,98.2,1
uuid-2569-2075,2569,2569-S6-C3,6,checkpoint,2026-06-25 22:00:00,80.7,1
uuid-2569-2075,2569,2569-S1-P7,1,practice,2026-07-03 17:00:00,94.6,1
uuid-2569-2075,2569,2569-S4-P7,4,practice,2026-06-29 17:00:00,89.7,1
uuid-2569-2075,2569,2569-S5-P7,5,practice,2026-07-02 22:00:00,77.0,1
uuid-2569-2075,2569,2569-S6-P7,6,practice,2026-07-02 17:00:00,80.6,1
uuid-2569-2075,2569,2569-S1-P8,1,practice,2026-07-25 21:00:00,93.5,1
uuid-2569-2075,2569,2569-S4-P8,4,practice,2026-07-22 19:00:00,70.6,1
uuid-2569-2075,2569,2569-S5-P8,5,practice,2026-07-21 19:00:00,61.0,1
uuid-2569-2075,2569,2569-S6-P8,6,practice,2026-07-22 16:00:00,86.5,1
uuid-2569-2076,2569,2569-S1-P2,1,practice,2026-03-17 18:00:00,64.3,1
uuid-2569-2076,2569,2569-S4-P2,4,practice,2026-03-19 16:00:00,56.2,1
uuid-2569-2076,2569,2569-S5-P2,5,practice,2026-03-21 19:00:00,53.4,1
uuid-2569-2076,2569,2569-S6-P2,6,practice,2026-03-18 16:00:00,72.1,1
uuid-2569-2076,2569,2569-S1-C1,1,checkpoint,2026-03-30 16:00:00,75.2,1
uuid-2569-2076,2569,2569-S4-C1,4,checkpoint,2026-04-01 18:00:00,76.0,1
uuid-2569-2076,2569,2569-S4-P3,4,practice,2026-04-12 16:00:00,96.7,1
uuid-2569-2076,2569,2569-S5-P3,5,practice,2026-04-11 21:00:00,65.6,1
uuid-2569-2076,2569,2569-S1-P4,1,practice,2026-05-02 19:00:00,68.6,1
uuid-2569-2076,2569,2569-S5-P4,5,practice,2026-05-03 18:00:00,80.8,1
uuid-2569-2076,2569,2569-S6-P4,6,practice,2026-05-03 16:00:00,72.7,1
uuid-2569-2076,2569,2569-S1-C2,1,checkpoint,2026-05-15 20:00:00,81.9,1
uuid-2569-2076,2569,2569-S4-C2,4,checkpoint,2026-05-17 17:00:00,75.1,1
uuid-2569-2076,2569,2569-S1-P5,1,practice,2026-05-23 22:00:00,91.8,1
uuid-2569-2076,2569,2569-S4-P5,4,practice,2026-05-19 22:00:00,82.1,1
uuid-2569-2076,2569,2569-S4-P6,4,practice,2026-06-12 21:00:00,65.5,1
uuid-2569-2076,2569,2569-S5-P6,5,practice,2026-06-08 16:00:00,63.4,1
uuid-2569-2076,2569,2569-S1-C3,1,checkpoint,2026-06-27 17:00:00,48.9,0
uuid-2569-2076,2569,2569-S5-C3,5,checkpoint,2026-06-24 16:00:00,77.4,1
uuid-2569-2076,2569,2569-S6-C3,6,checkpoint,2026-06-22 22:00:00,78.6,1
uuid-2569-2076,2569,2569-S4-P7,4,practice,2026-07-04 17:00:00,60.7,1
uuid-2569-2076,2569,2569-S5-P7,5,practice,2026-07-03 19:00:00,56.4,1
uuid-2569-2076,2569,2569-S6-P7,6,practice,2026-07-04 21:00:00,75.5,1
uuid-2569-2076,2569,2569-S5-P8,5,practice,2026-07-21 22:00:00,86.0,1
uuid-2569-2076,2569,2569-S6-P8,6,practice,2026-07-21 22:00:00,76.9,1
uuid-2569-2077,2569,2569-S1-P2,1,practice,2026-03-19 19:00:00,75.2,1
uuid-2569-2077,2569,2569-S4-P2,4,practice,2026-03-17 18:00:00,89.0,1
uuid-2569-2077,2569,2569-S5-P2,5,practice,2026-03-20 22:00:00,99.6,1
uuid-2569-2077,2569,2569-S6-P2,6,practice,2026-03-17 21:00:00,87.3,1
uuid-2569-2077,2569,2569-S1-C1,1,checkpoint,2026-04-05 18:00:00,96.3,1
uuid-2569-2077,2569,2569-S4-C1,4,checkpoint,2026-04-04 22:00:00,91.8,1
uuid-2569-2077,2569,2569-S5-C1,5,checkpoint,2026-03-31 20:00:00,73.2,1
uuid-2569-2077,2569,2569-S6-C1,6,checkpoint,2026-04-01 19:00:00,98.8,1
uuid-2569-2077,2569,2569-S1-P3,1,practice,2026-04-12 16:00:00,100.0,1
uuid-2569-2077,2569,2569-S4-P3,4,practice,2026-04-09 22:00:00,81.3,1
uuid-2569-2077,2569,2569-S5-P3,5,practice,2026-04-07 20:00:00,100.0,1
uuid-2569-2077,2569,2569-S6-P3,6,practice,2026-04-07 22:00:00,80.8,1
uuid-2569-2077,2569,2569-S1-P4,1,practice,2026-05-01 19:00:00,79.8,1
uuid-2569-2077,2569,2569-S4-P4,4,practice,2026-05-03 18:00:00,93.7,1
uuid-2569-2077,2569,2569-S5-P4,5,practice,2026-05-03 17:00:00,87.3,1
uuid-2569-2077,2569,2569-S6-P4,6,practice,2026-05-03 18:00:00,89.0,1
uuid-2569-2077,2569,2569-S1-C2,1,checkpoint,2026-05-14 16:00:00,98.9,1
uuid-2569-2077,2569,2569-S4-C2,4,checkpoint,2026-05-11 21:00:00,95.1,1
uuid-2569-2077,2569,2569-S5-C2,5,checkpoint,2026-05-15 22:00:00,100.0,1
uuid-2569-2077,2569,2569-S6-C2,6,checkpoint,2026-05-11 21:00:00,96.2,1
uuid-2569-2077,2569,2569-S1-P5,1,practice,2026-05-22 20:00:00,64.9,1
uuid-2569-2077,2569,2569-S4-P5,4,practice,2026-05-21 18:00:00,87.8,1
uuid-2569-2077,2569,2569-S5-P5,5,practice,2026-05-23 19:00:00,97.3,1
uuid-2569-2077,2569,2569-S6-P5,6,practice,2026-05-18 16:00:00,71.1,1
uuid-2569-2077,2569,2569-S1-P6,1,practice,2026-06-09 19:00:00,100.0,1
uuid-2569-2077,2569,2569-S4-P6,4,practice,2026-06-12 18:00:00,90.4,1
uuid-2569-2077,2569,2569-S5-P6,5,practice,2026-06-08 21:00:00,71.1,1
uuid-2569-2077,2569,2569-S6-P6,6,practice,2026-06-08 22:00:00,95.8,1
uuid-2569-2077,2569,2569-S1-C3,1,checkpoint,2026-06-24 20:00:00,100.0,1
uuid-2569-2077,2569,2569-S4-C3,4,checkpoint,2026-06-26 17:00:00,79.3,1
uuid-2569-2077,2569,2569-S5-C3,5,checkpoint,2026-06-27 21:00:00,97.2,1
uuid-2569-2077,2569,2569-S6-C3,6,checkpoint,2026-06-28 16:00:00,100.0,1
uuid-2569-2077,2569,2569-S1-P7,1,practice,2026-07-02 17:00:00,72.1,1
uuid-2569-2077,2569,2569-S5-P7,5,practice,2026-07-03 20:00:00,77.7,1
uuid-2569-2077,2569,2569-S6-P7,6,practice,2026-07-02 20:00:00,83.3,1
uuid-2569-2077,2569,2569-S1-P8,1,practice,2026-07-24 20:00:00,86.9,1
uuid-2569-2077,2569,2569-S4-P8,4,practice,2026-07-26 18:00:00,84.7,1
uuid-2569-2077,2569,2569-S5-P8,5,practice,2026-07-26 16:00:00,91.2,1
uuid-2569-2077,2569,2569-S6-P8,6,practice,2026-07-24 21:00:00,81.8,1
uuid-2569-2078,2569,2569-S4-P2,4,practice,2026-03-21 22:00:00,100.0,1
uuid-2569-2078,2569,2569-S5-P2,5,practice,2026-03-22 20:00:00,83.4,1
uuid-2569-2078,2569,2569-S6-P2,6,practice,2026-03-18 22:00:00,74.0,1
uuid-2569-2078,2569,2569-S6-C1,6,checkpoint,2026-03-31 18:00:00,74.7,1
uuid-2569-2078,2569,2569-S1-P3,1,practice,2026-04-08 16:00:00,100.0,1
uuid-2569-2078,2569,2569-S5-P3,5,practice,2026-04-08 21:00:00,90.9,1
uuid-2569-2078,2569,2569-S6-P3,6,practice,2026-04-07 18:00:00,54.6,1
uuid-2569-2078,2569,2569-S1-P4,1,practice,2026-04-29 22:00:00,45.0,0
uuid-2569-2078,2569,2569-S5-P4,5,practice,2026-04-27 16:00:00,43.7,0
uuid-2569-2078,2569,2569-S6-P4,6,practice,2026-04-28 20:00:00,72.1,1
uuid-2569-2078,2569,2569-S4-C2,4,checkpoint,2026-05-14 17:00:00,51.2,1
uuid-2569-2078,2569,2569-S1-P5,1,practice,2026-05-24 22:00:00,60.9,1
uuid-2569-2078,2569,2569-S4-P6,4,practice,2026-06-13 20:00:00,74.9,1
uuid-2569-2078,2569,2569-S6-P6,6,practice,2026-06-13 19:00:00,64.0,1
uuid-2569-2078,2569,2569-S1-C3,1,checkpoint,2026-06-23 21:00:00,70.6,1
uuid-2569-2078,2569,2569-S5-C3,5,checkpoint,2026-06-28 18:00:00,66.7,1
uuid-2569-2078,2569,2569-S6-C3,6,checkpoint,2026-06-24 18:00:00,66.9,1
uuid-2569-2078,2569,2569-S1-P7,1,practice,2026-07-01 18:00:00,63.8,1
uuid-2569-2078,2569,2569-S4-P7,4,practice,2026-07-04 18:00:00,74.2,1
uuid-2569-2078,2569,2569-S5-P7,5,practice,2026-07-05 18:00:00,83.8,1
uuid-2569-2078,2569,2569-S6-P7,6,practice,2026-07-03 22:00:00,60.6,1
uuid-2569-2078,2569,2569-S4-P8,4,practice,2026-07-24 20:00:00,57.4,1
uuid-2569-2078,2569,2569-S5-P8,5,practice,2026-07-25 19:00:00,54.6,1
uuid-2569-2078,2569,2569-S6-P8,6,practice,2026-07-23 17:00:00,72.8,1
uuid-2569-2079,2569,2569-S1-P2,1,practice,2026-03-21 17:00:00,82.9,1
uuid-2569-2079,2569,2569-S4-P2,4,practice,2026-03-18 20:00:00,78.6,1
uuid-2569-2079,2569,2569-S5-P2,5,practice,2026-03-18 18:00:00,100.0,1
uuid-2569-2079,2569,2569-S6-P2,6,practice,2026-03-21 21:00:00,100.0,1
uuid-2569-2079,2569,2569-S1-C1,1,checkpoint,2026-04-05 16:00:00,79.7,1
uuid-2569-2079,2569,2569-S4-C1,4,checkpoint,2026-04-05 19:00:00,81.9,1
uuid-2569-2079,2569,2569-S5-C1,5,checkpoint,2026-04-05 19:00:00,76.5,1
uuid-2569-2079,2569,2569-S6-C1,6,checkpoint,2026-04-03 22:00:00,100.0,1
uuid-2569-2079,2569,2569-S1-P3,1,practice,2026-04-07 20:00:00,100.0,1
uuid-2569-2079,2569,2569-S4-P3,4,practice,2026-04-06 22:00:00,86.5,1
uuid-2569-2079,2569,2569-S6-P3,6,practice,2026-04-06 22:00:00,86.8,1
uuid-2569-2079,2569,2569-S1-P4,1,practice,2026-05-01 17:00:00,78.7,1
uuid-2569-2079,2569,2569-S5-P4,5,practice,2026-05-02 16:00:00,100.0,1
uuid-2569-2079,2569,2569-S1-C2,1,checkpoint,2026-05-14 18:00:00,87.4,1
uuid-2569-2079,2569,2569-S4-C2,4,checkpoint,2026-05-12 18:00:00,100.0,1
uuid-2569-2079,2569,2569-S5-C2,5,checkpoint,2026-05-16 16:00:00,79.2,1
uuid-2569-2079,2569,2569-S6-C2,6,checkpoint,2026-05-16 18:00:00,69.2,1
uuid-2569-2079,2569,2569-S1-P5,1,practice,2026-05-24 22:00:00,85.7,1
uuid-2569-2079,2569,2569-S5-P5,5,practice,2026-05-18 20:00:00,100.0,1
uuid-2569-2079,2569,2569-S6-P5,6,practice,2026-05-22 22:00:00,70.4,1
uuid-2569-2079,2569,2569-S1-P6,1,practice,2026-06-14 22:00:00,73.5,1
uuid-2569-2079,2569,2569-S4-P6,4,practice,2026-06-08 21:00:00,92.2,1
uuid-2569-2079,2569,2569-S4-C3,4,checkpoint,2026-06-22 18:00:00,88.2,1
uuid-2569-2079,2569,2569-S5-C3,5,checkpoint,2026-06-23 17:00:00,95.2,1
uuid-2569-2079,2569,2569-S6-C3,6,checkpoint,2026-06-28 22:00:00,90.4,1
uuid-2569-2079,2569,2569-S1-P7,1,practice,2026-06-30 20:00:00,100.0,1
uuid-2569-2079,2569,2569-S4-P7,4,practice,2026-07-02 17:00:00,84.8,1
uuid-2569-2079,2569,2569-S6-P7,6,practice,2026-07-04 17:00:00,78.0,1
uuid-2569-2079,2569,2569-S1-P8,1,practice,2026-07-21 20:00:00,93.7,1
uuid-2569-2079,2569,2569-S5-P8,5,practice,2026-07-24 18:00:00,90.6,1
uuid-2569-2079,2569,2569-S6-P8,6,practice,2026-07-26 17:00:00,77.1,1
uuid-2569-2080,2569,2569-S1-P2,1,practice,2026-03-17 21:00:00,65.6,1
uuid-2569-2080,2569,2569-S5-P2,5,practice,2026-03-19 16:00:00,99.5,1
uuid-2569-2080,2569,2569-S6-P2,6,practice,2026-03-22 21:00:00,93.7,1
uuid-2569-2080,2569,2569-S1-C1,1,checkpoint,2026-04-03 16:00:00,99.8,1
uuid-2569-2080,2569,2569-S4-C1,4,checkpoint,2026-04-03 18:00:00,85.9,1
uuid-2569-2080,2569,2569-S5-C1,5,checkpoint,2026-04-03 18:00:00,84.2,1
uuid-2569-2080,2569,2569-S6-C1,6,checkpoint,2026-04-02 17:00:00,100.0,1
uuid-2569-2080,2569,2569-S4-P3,4,practice,2026-04-08 17:00:00,74.0,1
uuid-2569-2080,2569,2569-S5-P3,5,practice,2026-04-12 18:00:00,81.0,1
uuid-2569-2080,2569,2569-S6-P3,6,practice,2026-04-06 22:00:00,95.4,1
uuid-2569-2080,2569,2569-S1-P4,1,practice,2026-04-30 22:00:00,62.0,1
uuid-2569-2080,2569,2569-S4-P4,4,practice,2026-04-29 20:00:00,100.0,1
uuid-2569-2080,2569,2569-S5-P4,5,practice,2026-04-30 18:00:00,88.2,1
uuid-2569-2080,2569,2569-S4-C2,4,checkpoint,2026-05-13 19:00:00,94.6,1
uuid-2569-2080,2569,2569-S6-C2,6,checkpoint,2026-05-12 17:00:00,100.0,1
uuid-2569-2080,2569,2569-S1-P5,1,practice,2026-05-23 18:00:00,98.0,1
uuid-2569-2080,2569,2569-S4-P5,4,practice,2026-05-22 21:00:00,95.7,1
uuid-2569-2080,2569,2569-S5-P5,5,practice,2026-05-18 21:00:00,96.1,1
uuid-2569-2080,2569,2569-S1-P6,1,practice,2026-06-09 18:00:00,100.0,1
uuid-2569-2080,2569,2569-S4-P6,4,practice,2026-06-14 19:00:00,94.7,1
uuid-2569-2080,2569,2569-S5-P6,5,practice,2026-06-11 20:00:00,67.2,1
uuid-2569-2080,2569,2569-S6-P6,6,practice,2026-06-08 16:00:00,78.3,1
uuid-2569-2080,2569,2569-S1-C3,1,checkpoint,2026-06-23 16:00:00,100.0,1
uuid-2569-2080,2569,2569-S4-C3,4,checkpoint,2026-06-25 18:00:00,76.8,1
uuid-2569-2080,2569,2569-S6-C3,6,checkpoint,2026-06-28 19:00:00,89.9,1
uuid-2569-2080,2569,2569-S1-P7,1,practice,2026-07-04 16:00:00,89.4,1
uuid-2569-2080,2569,2569-S4-P7,4,practice,2026-06-29 16:00:00,91.7,1
uuid-2569-2080,2569,2569-S5-P7,5,practice,2026-06-30 22:00:00,95.6,1
uuid-2569-2080,2569,2569-S1-P8,1,practice,2026-07-20 21:00:00,100.0,1
uuid-2569-2080,2569,2569-S5-P8,5,practice,2026-07-21 17:00:00,84.0,1
uuid-2569-2080,2569,2569-S6-P8,6,practice,2026-07-25 16:00:00,64.8,1
uuid-2569-2081,2569,2569-S1-P2,1,practice,2026-03-20 22:00:00,98.8,1
uuid-2569-2081,2569,2569-S4-P2,4,practice,2026-03-19 21:00:00,85.8,1
uuid-2569-2081,2569,2569-S6-P2,6,practice,2026-03-16 17:00:00,84.8,1
uuid-2569-2081,2569,2569-S4-C1,4,checkpoint,2026-04-03 19:00:00,70.5,1
uuid-2569-2081,2569,2569-S5-C1,5,checkpoint,2026-04-03 20:00:00,84.9,1
uuid-2569-2081,2569,2569-S6-C1,6,checkpoint,2026-04-03 17:00:00,84.7,1
uuid-2569-2081,2569,2569-S1-P3,1,practice,2026-04-06 17:00:00,67.8,1
uuid-2569-2081,2569,2569-S5-P3,5,practice,2026-04-10 22:00:00,66.3,1
uuid-2569-2081,2569,2569-S6-P3,6,practice,2026-04-09 19:00:00,88.6,1
uuid-2569-2081,2569,2569-S4-P4,4,practice,2026-05-03 22:00:00,84.2,1
uuid-2569-2081,2569,2569-S5-P4,5,practice,2026-05-03 19:00:00,68.0,1
uuid-2569-2081,2569,2569-S6-P4,6,practice,2026-04-30 21:00:00,83.6,1
uuid-2569-2081,2569,2569-S1-C2,1,checkpoint,2026-05-12 21:00:00,85.7,1
uuid-2569-2081,2569,2569-S5-C2,5,checkpoint,2026-05-17 21:00:00,89.2,1
uuid-2569-2081,2569,2569-S6-C2,6,checkpoint,2026-05-17 17:00:00,78.1,1
uuid-2569-2081,2569,2569-S4-P5,4,practice,2026-05-19 18:00:00,83.4,1
uuid-2569-2081,2569,2569-S5-P5,5,practice,2026-05-20 19:00:00,86.4,1
uuid-2569-2081,2569,2569-S6-P5,6,practice,2026-05-24 18:00:00,67.5,1
uuid-2569-2081,2569,2569-S4-P6,4,practice,2026-06-10 21:00:00,68.7,1
uuid-2569-2081,2569,2569-S5-P6,5,practice,2026-06-14 19:00:00,88.5,1
uuid-2569-2081,2569,2569-S6-P6,6,practice,2026-06-11 18:00:00,85.3,1
uuid-2569-2081,2569,2569-S4-C3,4,checkpoint,2026-06-26 20:00:00,84.4,1
uuid-2569-2081,2569,2569-S5-C3,5,checkpoint,2026-06-26 22:00:00,80.2,1
uuid-2569-2081,2569,2569-S6-C3,6,checkpoint,2026-06-23 17:00:00,59.4,1
uuid-2569-2081,2569,2569-S1-P7,1,practice,2026-07-02 16:00:00,83.8,1
uuid-2569-2081,2569,2569-S4-P8,4,practice,2026-07-20 19:00:00,85.5,1
uuid-2569-2081,2569,2569-S5-P8,5,practice,2026-07-25 17:00:00,67.9,1
uuid-2569-2081,2569,2569-S6-P8,6,practice,2026-07-24 21:00:00,70.4,1
uuid-2569-2082,2569,2569-S4-P2,4,practice,2026-03-18 20:00:00,56.6,1
uuid-2569-2082,2569,2569-S4-C1,4,checkpoint,2026-04-02 20:00:00,80.5,1
uuid-2569-2082,2569,2569-S6-C1,6,checkpoint,2026-03-31 16:00:00,55.3,1
uuid-2569-2082,2569,2569-S4-P3,4,practice,2026-04-08 20:00:00,50.6,1
uuid-2569-2082,2569,2569-S6-P3,6,practice,2026-04-09 21:00:00,65.2,1
uuid-2569-2082,2569,2569-S4-C2,4,checkpoint,2026-05-14 19:00:00,79.4,1
uuid-2569-2082,2569,2569-S6-C2,6,checkpoint,2026-05-12 18:00:00,77.7,1
uuid-2569-2082,2569,2569-S6-P5,6,practice,2026-05-20 20:00:00,58.3,1
uuid-2569-2082,2569,2569-S4-P6,4,practice,2026-06-10 16:00:00,70.8,1
uuid-2569-2082,2569,2569-S6-P6,6,practice,2026-06-08 18:00:00,83.1,1
uuid-2569-2082,2569,2569-S4-C3,4,checkpoint,2026-06-22 16:00:00,78.7,1
uuid-2569-2082,2569,2569-S4-P7,4,practice,2026-06-29 16:00:00,88.1,1
uuid-2569-2082,2569,2569-S6-P8,6,practice,2026-07-25 21:00:00,53.9,1
uuid-2569-2083,2569,2569-S1-P2,1,practice,2026-03-17 22:00:00,70.3,1
uuid-2569-2083,2569,2569-S4-P2,4,practice,2026-03-19 17:00:00,85.1,1
uuid-2569-2083,2569,2569-S5-P2,5,practice,2026-03-17 19:00:00,82.5,1
uuid-2569-2083,2569,2569-S5-C1,5,checkpoint,2026-04-02 18:00:00,72.7,1
uuid-2569-2083,2569,2569-S1-P4,1,practice,2026-04-29 16:00:00,91.2,1
uuid-2569-2083,2569,2569-S4-C2,4,checkpoint,2026-05-16 20:00:00,75.8,1
uuid-2569-2083,2569,2569-S1-P5,1,practice,2026-05-18 22:00:00,71.9,1
uuid-2569-2083,2569,2569-S4-P5,4,practice,2026-05-21 19:00:00,76.8,1
uuid-2569-2084,2569,2569-S1-P2,1,practice,2026-03-18 18:00:00,93.6,1
uuid-2569-2084,2569,2569-S4-P2,4,practice,2026-03-20 18:00:00,70.5,1
uuid-2569-2084,2569,2569-S5-P2,5,practice,2026-03-19 17:00:00,99.6,1
uuid-2569-2084,2569,2569-S1-C1,1,checkpoint,2026-04-02 20:00:00,87.9,1
uuid-2569-2084,2569,2569-S4-C1,4,checkpoint,2026-04-04 20:00:00,100.0,1
uuid-2569-2084,2569,2569-S5-C1,5,checkpoint,2026-04-05 16:00:00,95.0,1
uuid-2569-2084,2569,2569-S6-C1,6,checkpoint,2026-04-01 18:00:00,76.8,1
uuid-2569-2084,2569,2569-S1-P3,1,practice,2026-04-11 18:00:00,86.8,1
uuid-2569-2084,2569,2569-S4-P3,4,practice,2026-04-06 17:00:00,90.0,1
uuid-2569-2084,2569,2569-S5-P3,5,practice,2026-04-07 16:00:00,100.0,1
uuid-2569-2084,2569,2569-S4-P4,4,practice,2026-05-01 16:00:00,85.0,1
uuid-2569-2084,2569,2569-S5-P4,5,practice,2026-04-28 18:00:00,70.3,1
uuid-2569-2084,2569,2569-S6-P4,6,practice,2026-04-29 17:00:00,65.2,1
uuid-2569-2084,2569,2569-S1-C2,1,checkpoint,2026-05-17 16:00:00,100.0,1
uuid-2569-2084,2569,2569-S4-C2,4,checkpoint,2026-05-17 17:00:00,87.6,1
uuid-2569-2084,2569,2569-S5-C2,5,checkpoint,2026-05-14 16:00:00,87.7,1
uuid-2569-2084,2569,2569-S6-C2,6,checkpoint,2026-05-15 19:00:00,64.0,1
uuid-2569-2084,2569,2569-S1-P5,1,practice,2026-05-22 22:00:00,74.7,1
uuid-2569-2084,2569,2569-S4-P5,4,practice,2026-05-19 22:00:00,100.0,1
uuid-2569-2084,2569,2569-S5-P5,5,practice,2026-05-24 22:00:00,72.3,1
uuid-2569-2084,2569,2569-S6-P5,6,practice,2026-05-18 19:00:00,100.0,1
uuid-2569-2084,2569,2569-S1-P6,1,practice,2026-06-11 17:00:00,94.7,1
uuid-2569-2084,2569,2569-S4-P6,4,practice,2026-06-09 16:00:00,100.0,1
uuid-2569-2084,2569,2569-S5-P6,5,practice,2026-06-13 16:00:00,83.2,1
uuid-2569-2084,2569,2569-S6-P6,6,practice,2026-06-11 17:00:00,99.4,1
uuid-2569-2084,2569,2569-S1-C3,1,checkpoint,2026-06-23 20:00:00,90.7,1
uuid-2569-2084,2569,2569-S4-C3,4,checkpoint,2026-06-24 20:00:00,89.3,1
uuid-2569-2084,2569,2569-S5-C3,5,checkpoint,2026-06-27 17:00:00,89.5,1
uuid-2569-2084,2569,2569-S6-C3,6,checkpoint,2026-06-27 18:00:00,64.1,1
uuid-2569-2084,2569,2569-S1-P7,1,practice,2026-06-30 17:00:00,100.0,1
uuid-2569-2084,2569,2569-S4-P7,4,practice,2026-06-29 21:00:00,97.7,1
uuid-2569-2084,2569,2569-S5-P7,5,practice,2026-07-04 20:00:00,88.2,1
uuid-2569-2084,2569,2569-S1-P8,1,practice,2026-07-25 20:00:00,94.5,1
uuid-2569-2084,2569,2569-S4-P8,4,practice,2026-07-20 20:00:00,78.5,1
uuid-2569-2084,2569,2569-S5-P8,5,practice,2026-07-23 20:00:00,66.6,1
uuid-2569-2085,2569,2569-S1-P2,1,practice,2026-03-22 19:00:00,85.3,1
uuid-2569-2085,2569,2569-S4-P2,4,practice,2026-03-18 20:00:00,100.0,1
uuid-2569-2085,2569,2569-S5-P2,5,practice,2026-03-22 20:00:00,89.0,1
uuid-2569-2085,2569,2569-S1-C1,1,checkpoint,2026-04-05 16:00:00,76.8,1
uuid-2569-2085,2569,2569-S5-C1,5,checkpoint,2026-04-01 22:00:00,77.2,1
uuid-2569-2085,2569,2569-S6-C1,6,checkpoint,2026-04-03 21:00:00,61.9,1
uuid-2569-2085,2569,2569-S1-P3,1,practice,2026-04-12 18:00:00,94.7,1
uuid-2569-2085,2569,2569-S4-P3,4,practice,2026-04-12 19:00:00,76.4,1
uuid-2569-2085,2569,2569-S5-P3,5,practice,2026-04-12 19:00:00,97.9,1
uuid-2569-2085,2569,2569-S6-P3,6,practice,2026-04-09 17:00:00,77.3,1
uuid-2569-2085,2569,2569-S1-P4,1,practice,2026-05-02 22:00:00,66.6,1
uuid-2569-2085,2569,2569-S5-P4,5,practice,2026-05-01 19:00:00,57.8,1
uuid-2569-2085,2569,2569-S1-C2,1,checkpoint,2026-05-11 16:00:00,69.1,1
uuid-2569-2085,2569,2569-S5-C2,5,checkpoint,2026-05-13 18:00:00,63.6,1
uuid-2569-2085,2569,2569-S6-C2,6,checkpoint,2026-05-13 18:00:00,85.5,1
uuid-2569-2085,2569,2569-S4-P5,4,practice,2026-05-19 18:00:00,78.2,1
uuid-2569-2085,2569,2569-S5-P5,5,practice,2026-05-21 21:00:00,79.2,1
uuid-2569-2085,2569,2569-S6-P5,6,practice,2026-05-21 22:00:00,71.4,1
uuid-2569-2085,2569,2569-S1-P6,1,practice,2026-06-12 16:00:00,77.4,1
uuid-2569-2085,2569,2569-S5-P6,5,practice,2026-06-13 21:00:00,68.9,1
uuid-2569-2085,2569,2569-S6-P6,6,practice,2026-06-08 20:00:00,89.2,1
uuid-2569-2085,2569,2569-S4-C3,4,checkpoint,2026-06-28 17:00:00,58.0,1
uuid-2569-2085,2569,2569-S6-C3,6,checkpoint,2026-06-25 16:00:00,62.1,1
uuid-2569-2085,2569,2569-S5-P7,5,practice,2026-06-29 16:00:00,71.2,1
uuid-2569-2085,2569,2569-S1-P8,1,practice,2026-07-22 17:00:00,95.0,1
uuid-2569-2085,2569,2569-S4-P8,4,practice,2026-07-20 19:00:00,76.9,1
uuid-2569-2085,2569,2569-S5-P8,5,practice,2026-07-25 19:00:00,88.4,1
uuid-2569-2085,2569,2569-S6-P8,6,practice,2026-07-22 22:00:00,93.9,1
uuid-2569-2086,2569,2569-S1-P2,1,practice,2026-03-16 16:00:00,69.6,1
uuid-2569-2086,2569,2569-S4-P2,4,practice,2026-03-20 18:00:00,90.2,1
uuid-2569-2086,2569,2569-S5-P2,5,practice,2026-03-21 20:00:00,83.2,1
uuid-2569-2086,2569,2569-S1-C1,1,checkpoint,2026-03-31 20:00:00,77.9,1
uuid-2569-2086,2569,2569-S4-C1,4,checkpoint,2026-04-03 18:00:00,80.1,1
uuid-2569-2086,2569,2569-S5-C1,5,checkpoint,2026-04-02 18:00:00,78.5,1
uuid-2569-2086,2569,2569-S6-C1,6,checkpoint,2026-04-04 18:00:00,70.2,1
uuid-2569-2086,2569,2569-S1-P3,1,practice,2026-04-06 22:00:00,80.7,1
uuid-2569-2086,2569,2569-S4-P3,4,practice,2026-04-11 20:00:00,82.5,1
uuid-2569-2086,2569,2569-S5-P3,5,practice,2026-04-09 18:00:00,77.4,1
uuid-2569-2086,2569,2569-S1-P4,1,practice,2026-04-28 16:00:00,89.5,1
uuid-2569-2086,2569,2569-S4-P4,4,practice,2026-05-03 19:00:00,81.5,1
uuid-2569-2086,2569,2569-S5-P4,5,practice,2026-04-30 19:00:00,85.9,1
uuid-2569-2086,2569,2569-S6-P4,6,practice,2026-05-03 16:00:00,83.2,1
uuid-2569-2086,2569,2569-S1-C2,1,checkpoint,2026-05-17 22:00:00,76.8,1
uuid-2569-2086,2569,2569-S4-C2,4,checkpoint,2026-05-11 19:00:00,43.5,0
uuid-2569-2086,2569,2569-S5-C2,5,checkpoint,2026-05-13 16:00:00,84.0,1
uuid-2569-2086,2569,2569-S1-P5,1,practice,2026-05-18 21:00:00,100.0,1
uuid-2569-2086,2569,2569-S4-P5,4,practice,2026-05-22 22:00:00,77.3,1
uuid-2569-2086,2569,2569-S5-P5,5,practice,2026-05-24 18:00:00,76.8,1
uuid-2569-2086,2569,2569-S6-P5,6,practice,2026-05-22 17:00:00,84.7,1
uuid-2569-2086,2569,2569-S4-P6,4,practice,2026-06-08 22:00:00,100.0,1
uuid-2569-2086,2569,2569-S5-P6,5,practice,2026-06-11 19:00:00,87.8,1
uuid-2569-2086,2569,2569-S1-C3,1,checkpoint,2026-06-22 21:00:00,90.3,1
uuid-2569-2086,2569,2569-S4-C3,4,checkpoint,2026-06-22 21:00:00,72.4,1
uuid-2569-2086,2569,2569-S5-C3,5,checkpoint,2026-06-26 22:00:00,79.8,1
uuid-2569-2086,2569,2569-S1-P7,1,practice,2026-06-29 18:00:00,80.0,1
uuid-2569-2086,2569,2569-S5-P7,5,practice,2026-07-03 20:00:00,81.6,1
uuid-2569-2086,2569,2569-S6-P7,6,practice,2026-07-04 22:00:00,79.1,1
uuid-2569-2086,2569,2569-S1-P8,1,practice,2026-07-24 18:00:00,79.2,1
uuid-2569-2086,2569,2569-S4-P8,4,practice,2026-07-24 21:00:00,100.0,1
uuid-2569-2086,2569,2569-S5-P8,5,practice,2026-07-21 20:00:00,97.6,1
uuid-2569-2086,2569,2569-S6-P8,6,practice,2026-07-26 17:00:00,91.2,1
uuid-2569-2087,2569,2569-S1-P2,1,practice,2026-03-20 22:00:00,100.0,1
uuid-2569-2087,2569,2569-S4-P2,4,practice,2026-03-21 17:00:00,93.4,1
uuid-2569-2087,2569,2569-S5-P2,5,practice,2026-03-19 21:00:00,81.2,1
uuid-2569-2087,2569,2569-S4-C1,4,checkpoint,2026-04-02 20:00:00,91.3,1
uuid-2569-2087,2569,2569-S6-C1,6,checkpoint,2026-03-30 18:00:00,75.3,1
uuid-2569-2087,2569,2569-S4-P3,4,practice,2026-04-09 21:00:00,83.5,1
uuid-2569-2087,2569,2569-S6-P3,6,practice,2026-04-12 17:00:00,67.2,1
uuid-2569-2087,2569,2569-S4-P4,4,practice,2026-04-29 22:00:00,99.1,1
uuid-2569-2087,2569,2569-S5-P4,5,practice,2026-04-28 19:00:00,91.9,1
uuid-2569-2089,2569,2569-S1-P3,1,practice,2026-04-11 19:00:00,55.9,1
uuid-2569-2089,2569,2569-S6-P3,6,practice,2026-04-10 19:00:00,58.0,1
uuid-2569-2089,2569,2569-S1-P4,1,practice,2026-04-27 19:00:00,56.4,1
uuid-2569-2089,2569,2569-S6-P4,6,practice,2026-05-01 16:00:00,59.4,1
uuid-2569-2089,2569,2569-S1-C2,1,checkpoint,2026-05-12 19:00:00,82.2,1
uuid-2569-2089,2569,2569-S6-C2,6,checkpoint,2026-05-17 18:00:00,61.7,1
uuid-2569-2089,2569,2569-S1-P6,1,practice,2026-06-10 20:00:00,66.0,1
uuid-2569-2089,2569,2569-S1-C3,1,checkpoint,2026-06-25 22:00:00,82.4,1
uuid-2569-2089,2569,2569-S6-C3,6,checkpoint,2026-06-28 19:00:00,67.0,1
uuid-2569-2089,2569,2569-S1-P7,1,practice,2026-07-01 18:00:00,75.0,1
uuid-2569-2089,2569,2569-S6-P7,6,practice,2026-06-30 19:00:00,62.9,1
uuid-2569-2089,2569,2569-S1-P8,1,practice,2026-07-24 20:00:00,58.5,1
uuid-2569-2089,2569,2569-S6-P8,6,practice,2026-07-26 21:00:00,59.7,1
uuid-2569-2090,2569,2569-S1-P2,1,practice,2026-03-21 19:00:00,77.3,1
uuid-2569-2090,2569,2569-S4-P2,4,practice,2026-03-17 20:00:00,69.3,1
uuid-2569-2090,2569,2569-S5-P2,5,practice,2026-03-17 17:00:00,74.0,1
uuid-2569-2090,2569,2569-S4-C1,4,checkpoint,2026-03-31 19:00:00,64.7,1
uuid-2569-2090,2569,2569-S5-C1,5,checkpoint,2026-03-31 22:00:00,84.9,1
uuid-2569-2090,2569,2569-S6-C1,6,checkpoint,2026-04-04 16:00:00,64.0,1
uuid-2569-2090,2569,2569-S4-P3,4,practice,2026-04-08 21:00:00,77.9,1
uuid-2569-2090,2569,2569-S1-P4,1,practice,2026-04-28 20:00:00,89.1,1
uuid-2569-2090,2569,2569-S4-P4,4,practice,2026-05-02 17:00:00,75.1,1
uuid-2569-2090,2569,2569-S1-C2,1,checkpoint,2026-05-13 22:00:00,69.1,1
uuid-2569-2090,2569,2569-S4-C2,4,checkpoint,2026-05-16 17:00:00,82.1,1
uuid-2569-2090,2569,2569-S5-C2,5,checkpoint,2026-05-16 19:00:00,67.8,1
uuid-2569-2090,2569,2569-S6-C2,6,checkpoint,2026-05-15 18:00:00,93.0,1
uuid-2569-2090,2569,2569-S4-P5,4,practice,2026-05-23 20:00:00,79.0,1
uuid-2569-2090,2569,2569-S6-P5,6,practice,2026-05-22 17:00:00,76.1,1
uuid-2569-2090,2569,2569-S1-P6,1,practice,2026-06-08 21:00:00,63.8,1
uuid-2569-2090,2569,2569-S4-P6,4,practice,2026-06-10 16:00:00,93.3,1
uuid-2569-2090,2569,2569-S6-P6,6,practice,2026-06-08 18:00:00,74.1,1
uuid-2569-2090,2569,2569-S4-C3,4,checkpoint,2026-06-25 17:00:00,68.5,1
uuid-2569-2090,2569,2569-S5-C3,5,checkpoint,2026-06-23 21:00:00,85.9,1
uuid-2569-2090,2569,2569-S1-P7,1,practice,2026-06-29 20:00:00,71.3,1
uuid-2569-2090,2569,2569-S5-P7,5,practice,2026-06-29 17:00:00,71.3,1
uuid-2569-2090,2569,2569-S6-P7,6,practice,2026-06-30 21:00:00,66.3,1
uuid-2569-2090,2569,2569-S5-P8,5,practice,2026-07-26 22:00:00,83.1,1
uuid-2569-2090,2569,2569-S6-P8,6,practice,2026-07-24 17:00:00,71.5,1
uuid-2569-2091,2569,2569-S1-P2,1,practice,2026-03-18 22:00:00,89.5,1
uuid-2569-2091,2569,2569-S5-P2,5,practice,2026-03-22 20:00:00,76.7,1
uuid-2569-2091,2569,2569-S1-C1,1,checkpoint,2026-04-03 18:00:00,99.7,1
uuid-2569-2091,2569,2569-S5-C1,5,checkpoint,2026-04-05 22:00:00,83.9,1
uuid-2569-2092,2569,2569-S4-P3,4,practice,2026-04-08 20:00:00,82.7,1
uuid-2569-2092,2569,2569-S6-P3,6,practice,2026-04-09 16:00:00,69.4,1
uuid-2569-2092,2569,2569-S1-P4,1,practice,2026-04-29 18:00:00,76.9,1
uuid-2569-2092,2569,2569-S5-P4,5,practice,2026-05-03 17:00:00,80.1,1
uuid-2569-2092,2569,2569-S6-P4,6,practice,2026-04-28 22:00:00,79.0,1
uuid-2569-2092,2569,2569-S1-C2,1,checkpoint,2026-05-17 19:00:00,80.6,1
uuid-2569-2092,2569,2569-S4-C2,4,checkpoint,2026-05-13 16:00:00,73.3,1
uuid-2569-2092,2569,2569-S6-C2,6,checkpoint,2026-05-15 20:00:00,99.8,1
uuid-2569-2092,2569,2569-S1-P5,1,practice,2026-05-24 16:00:00,89.8,1
uuid-2569-2092,2569,2569-S4-P5,4,practice,2026-05-20 22:00:00,76.8,1
uuid-2569-2092,2569,2569-S5-P5,5,practice,2026-05-22 20:00:00,67.3,1
uuid-2569-2092,2569,2569-S6-P5,6,practice,2026-05-22 18:00:00,83.5,1
uuid-2569-2092,2569,2569-S4-P6,4,practice,2026-06-10 19:00:00,86.4,1
uuid-2569-2092,2569,2569-S5-P6,5,practice,2026-06-14 19:00:00,81.2,1
uuid-2569-2092,2569,2569-S6-P6,6,practice,2026-06-14 16:00:00,77.6,1
uuid-2569-2092,2569,2569-S1-C3,1,checkpoint,2026-06-27 20:00:00,62.4,1
uuid-2569-2092,2569,2569-S4-C3,4,checkpoint,2026-06-27 17:00:00,74.7,1
uuid-2569-2092,2569,2569-S5-C3,5,checkpoint,2026-06-28 19:00:00,100.0,1
uuid-2569-2092,2569,2569-S6-C3,6,checkpoint,2026-06-25 20:00:00,79.8,1
uuid-2569-2092,2569,2569-S1-P7,1,practice,2026-07-03 20:00:00,100.0,1
uuid-2569-2093,2569,2569-S1-P2,1,practice,2026-03-20 22:00:00,85.9,1
uuid-2569-2093,2569,2569-S6-P2,6,practice,2026-03-21 17:00:00,57.0,1
uuid-2569-2093,2569,2569-S1-P3,1,practice,2026-04-06 17:00:00,80.1,1
uuid-2569-2093,2569,2569-S4-P3,4,practice,2026-04-06 16:00:00,65.5,1
uuid-2569-2093,2569,2569-S1-P4,1,practice,2026-04-30 19:00:00,72.7,1
uuid-2569-2093,2569,2569-S4-P4,4,practice,2026-04-28 16:00:00,64.1,1
uuid-2569-2093,2569,2569-S1-C2,1,checkpoint,2026-05-14 16:00:00,86.0,1
uuid-2569-2093,2569,2569-S6-C2,6,checkpoint,2026-05-14 21:00:00,76.9,1
uuid-2569-2093,2569,2569-S1-P5,1,practice,2026-05-20 21:00:00,73.2,1
uuid-2569-2093,2569,2569-S4-P6,4,practice,2026-06-13 19:00:00,76.6,1
uuid-2569-2093,2569,2569-S1-C3,1,checkpoint,2026-06-26 19:00:00,43.5,0
uuid-2569-2093,2569,2569-S4-C3,4,checkpoint,2026-06-22 19:00:00,59.0,1
uuid-2569-2093,2569,2569-S1-P7,1,practice,2026-07-01 16:00:00,58.7,1
uuid-2569-2093,2569,2569-S4-P7,4,practice,2026-07-04 19:00:00,77.1,1
uuid-2569-2094,2569,2569-S4-P3,4,practice,2026-04-07 21:00:00,61.3,1
uuid-2569-2094,2569,2569-S5-P3,5,practice,2026-04-12 17:00:00,53.7,1
uuid-2569-2094,2569,2569-S6-P3,6,practice,2026-04-09 18:00:00,83.3,1
uuid-2569-2094,2569,2569-S1-P4,1,practice,2026-05-02 21:00:00,60.1,1
uuid-2569-2094,2569,2569-S4-P4,4,practice,2026-05-03 16:00:00,84.8,1
uuid-2569-2094,2569,2569-S5-P4,5,practice,2026-05-01 19:00:00,67.9,1
uuid-2569-2094,2569,2569-S6-P4,6,practice,2026-04-30 19:00:00,100.0,1
uuid-2569-2094,2569,2569-S1-C2,1,checkpoint,2026-05-15 17:00:00,92.4,1
uuid-2569-2094,2569,2569-S5-C2,5,checkpoint,2026-05-12 16:00:00,90.7,1
uuid-2569-2094,2569,2569-S6-C2,6,checkpoint,2026-05-16 22:00:00,85.1,1
uuid-2569-2094,2569,2569-S1-P5,1,practice,2026-05-20 22:00:00,83.7,1
uuid-2569-2094,2569,2569-S5-P5,5,practice,2026-05-22 20:00:00,78.0,1
uuid-2569-2094,2569,2569-S6-P5,6,practice,2026-05-18 22:00:00,78.4,1
uuid-2569-2094,2569,2569-S5-P6,5,practice,2026-06-12 18:00:00,59.7,1
uuid-2569-2094,2569,2569-S4-C3,4,checkpoint,2026-06-28 19:00:00,86.0,1
uuid-2569-2094,2569,2569-S5-C3,5,checkpoint,2026-06-24 19:00:00,68.4,1
uuid-2569-2094,2569,2569-S6-C3,6,checkpoint,2026-06-26 19:00:00,79.9,1
uuid-2569-2094,2569,2569-S4-P7,4,practice,2026-07-02 17:00:00,90.7,1
uuid-2569-2094,2569,2569-S5-P7,5,practice,2026-07-01 21:00:00,85.8,1
uuid-2569-2095,2569,2569-S1-P2,1,practice,2026-03-20 21:00:00,85.2,1
uuid-2569-2095,2569,2569-S5-P2,5,practice,2026-03-19 21:00:00,91.8,1
uuid-2569-2095,2569,2569-S5-C1,5,checkpoint,2026-04-02 19:00:00,92.3,1
uuid-2569-2095,2569,2569-S1-P3,1,practice,2026-04-08 17:00:00,86.2,1
uuid-2569-2095,2569,2569-S5-P3,5,practice,2026-04-09 18:00:00,90.2,1
uuid-2569-2095,2569,2569-S1-P4,1,practice,2026-05-03 21:00:00,88.9,1
uuid-2569-2095,2569,2569-S5-P4,5,practice,2026-04-27 16:00:00,95.4,1
uuid-2569-2095,2569,2569-S1-C2,1,checkpoint,2026-05-13 20:00:00,87.8,1
uuid-2569-2095,2569,2569-S5-C2,5,checkpoint,2026-05-14 18:00:00,92.4,1
uuid-2569-2095,2569,2569-S1-P5,1,practice,2026-05-20 18:00:00,81.1,1
uuid-2569-2095,2569,2569-S5-P5,5,practice,2026-05-18 18:00:00,86.2,1
uuid-2569-2095,2569,2569-S5-P6,5,practice,2026-06-08 19:00:00,85.9,1
uuid-2569-2095,2569,2569-S1-C3,1,checkpoint,2026-06-22 18:00:00,93.6,1
uuid-2569-2095,2569,2569-S5-C3,5,checkpoint,2026-06-25 19:00:00,90.8,1
uuid-2569-2095,2569,2569-S1-P7,1,practice,2026-07-01 21:00:00,90.9,1
uuid-2569-2095,2569,2569-S5-P7,5,practice,2026-06-30 21:00:00,84.1,1
uuid-2569-2095,2569,2569-S1-P8,1,practice,2026-07-22 16:00:00,92.9,1
uuid-2569-2095,2569,2569-S5-P8,5,practice,2026-07-20 21:00:00,79.8,1
uuid-2569-2096,2569,2569-S5-C1,5,checkpoint,2026-04-05 22:00:00,92.7,1
uuid-2569-2096,2569,2569-S6-P3,6,practice,2026-04-08 21:00:00,83.8,1
uuid-2569-2096,2569,2569-S5-P4,5,practice,2026-05-02 17:00:00,72.3,1
uuid-2569-2096,2569,2569-S6-P4,6,practice,2026-05-01 17:00:00,83.4,1
uuid-2569-2096,2569,2569-S5-C2,5,checkpoint,2026-05-11 18:00:00,89.0,1
uuid-2569-2096,2569,2569-S6-C2,6,checkpoint,2026-05-15 19:00:00,92.7,1
uuid-2569-2096,2569,2569-S5-P5,5,practice,2026-05-24 18:00:00,67.5,1
uuid-2569-2096,2569,2569-S6-P5,6,practice,2026-05-23 18:00:00,73.7,1
uuid-2569-2096,2569,2569-S5-P6,5,practice,2026-06-10 21:00:00,100.0,1
uuid-2569-2096,2569,2569-S6-P6,6,practice,2026-06-10 19:00:00,81.5,1
uuid-2569-2096,2569,2569-S5-C3,5,checkpoint,2026-06-23 19:00:00,90.2,1
uuid-2569-2096,2569,2569-S6-C3,6,checkpoint,2026-06-26 18:00:00,90.4,1
uuid-2569-2096,2569,2569-S5-P7,5,practice,2026-07-03 21:00:00,88.8,1
uuid-2569-2096,2569,2569-S6-P7,6,practice,2026-07-03 22:00:00,90.4,1
uuid-2569-2096,2569,2569-S5-P8,5,practice,2026-07-21 19:00:00,66.4,1
uuid-2569-2096,2569,2569-S6-P8,6,practice,2026-07-20 17:00:00,66.1,1
uuid-2569-2097,2569,2569-S4-P2,4,practice,2026-03-22 21:00:00,65.8,1
uuid-2569-2097,2569,2569-S6-P2,6,practice,2026-03-18 17:00:00,66.2,1
uuid-2569-2097,2569,2569-S6-C1,6,checkpoint,2026-03-31 17:00:00,74.8,1
uuid-2569-2097,2569,2569-S1-P3,1,practice,2026-04-10 17:00:00,67.3,1
uuid-2569-2097,2569,2569-S4-P3,4,practice,2026-04-11 18:00:00,91.7,1
uuid-2569-2097,2569,2569-S1-P4,1,practice,2026-05-03 20:00:00,61.6,1
uuid-2569-2097,2569,2569-S4-P4,4,practice,2026-04-29 17:00:00,68.1,1
uuid-2569-2097,2569,2569-S1-C2,1,checkpoint,2026-05-16 22:00:00,73.9,1
uuid-2569-2097,2569,2569-S4-C2,4,checkpoint,2026-05-12 20:00:00,93.0,1
uuid-2569-2097,2569,2569-S6-P5,6,practice,2026-05-21 18:00:00,82.6,1
uuid-2569-2097,2569,2569-S4-P6,4,practice,2026-06-09 16:00:00,69.8,1
uuid-2569-2097,2569,2569-S6-P6,6,practice,2026-06-12 16:00:00,78.0,1
uuid-2569-2097,2569,2569-S4-C3,4,checkpoint,2026-06-25 20:00:00,77.4,1
uuid-2569-2097,2569,2569-S6-C3,6,checkpoint,2026-06-22 20:00:00,77.9,1
uuid-2569-2097,2569,2569-S4-P7,4,practice,2026-06-29 16:00:00,68.3,1
uuid-2569-2097,2569,2569-S6-P7,6,practice,2026-07-05 20:00:00,80.2,1
uuid-2569-2097,2569,2569-S1-P8,1,practice,2026-07-23 20:00:00,55.4,1
uuid-2569-2097,2569,2569-S4-P8,4,practice,2026-07-20 16:00:00,81.9,1
uuid-2569-2097,2569,2569-S6-P8,6,practice,2026-07-23 17:00:00,90.9,1
uuid-2569-2098,2569,2569-S1-P2,1,practice,2026-03-20 21:00:00,78.4,1
uuid-2569-2098,2569,2569-S4-P2,4,practice,2026-03-16 16:00:00,70.8,1
uuid-2569-2098,2569,2569-S1-C1,1,checkpoint,2026-04-02 20:00:00,65.4,1
uuid-2569-2098,2569,2569-S4-C1,4,checkpoint,2026-04-01 18:00:00,68.4,1
uuid-2569-2098,2569,2569-S5-C1,5,checkpoint,2026-04-04 20:00:00,72.2,1
uuid-2569-2098,2569,2569-S1-P3,1,practice,2026-04-12 20:00:00,71.4,1
uuid-2569-2098,2569,2569-S6-P3,6,practice,2026-04-08 16:00:00,56.2,1
uuid-2569-2098,2569,2569-S1-P4,1,practice,2026-04-30 21:00:00,96.7,1
uuid-2569-2098,2569,2569-S4-P4,4,practice,2026-04-28 18:00:00,86.4,1
uuid-2569-2098,2569,2569-S5-P4,5,practice,2026-04-29 17:00:00,94.5,1
uuid-2569-2098,2569,2569-S6-P4,6,practice,2026-04-28 19:00:00,79.4,1
uuid-2569-2098,2569,2569-S5-C2,5,checkpoint,2026-05-15 19:00:00,77.2,1
uuid-2569-2098,2569,2569-S6-C2,6,checkpoint,2026-05-12 22:00:00,78.4,1
uuid-2569-2098,2569,2569-S1-P5,1,practice,2026-05-19 18:00:00,95.2,1
uuid-2569-2098,2569,2569-S6-P5,6,practice,2026-05-23 16:00:00,62.5,1
uuid-2569-2099,2569,2569-S1-P3,1,practice,2026-04-08 16:00:00,69.5,1
uuid-2569-2099,2569,2569-S6-P3,6,practice,2026-04-12 16:00:00,66.8,1
uuid-2569-2099,2569,2569-S1-P4,1,practice,2026-05-02 21:00:00,52.6,1
uuid-2569-2099,2569,2569-S6-C2,6,checkpoint,2026-05-15 21:00:00,52.3,1
uuid-2569-2099,2569,2569-S4-P5,4,practice,2026-05-23 17:00:00,62.3,1
uuid-2569-2099,2569,2569-S5-P5,5,practice,2026-05-19 17:00:00,60.8,1
uuid-2569-2099,2569,2569-S6-P5,6,practice,2026-05-22 19:00:00,67.7,1
uuid-2569-2099,2569,2569-S4-C3,4,checkpoint,2026-06-27 18:00:00,59.8,1
uuid-2569-2100,2569,2569-S1-C2,1,checkpoint,2026-05-13 16:00:00,57.7,1
uuid-2569-2100,2569,2569-S5-C2,5,checkpoint,2026-05-16 19:00:00,56.7,1
uuid-2569-2100,2569,2569-S6-C2,6,checkpoint,2026-05-13 22:00:00,94.2,1
uuid-2569-2100,2569,2569-S1-P5,1,practice,2026-05-24 16:00:00,63.5,1
uuid-2569-2100,2569,2569-S5-P5,5,practice,2026-05-19 18:00:00,64.5,1
uuid-2569-2100,2569,2569-S6-P5,6,practice,2026-05-21 21:00:00,88.4,1
uuid-2569-2100,2569,2569-S4-P6,4,practice,2026-06-08 22:00:00,72.8,1
uuid-2569-2100,2569,2569-S6-P6,6,practice,2026-06-11 21:00:00,89.6,1
uuid-2569-2100,2569,2569-S1-C3,1,checkpoint,2026-06-26 18:00:00,95.0,1
uuid-2569-2100,2569,2569-S4-P7,4,practice,2026-07-04 16:00:00,57.7,1
uuid-2569-2100,2569,2569-S5-P7,5,practice,2026-06-29 19:00:00,97.9,1
uuid-2569-2100,2569,2569-S1-P8,1,practice,2026-07-23 16:00:00,58.7,1
uuid-2569-2100,2569,2569-S4-P8,4,practice,2026-07-26 16:00:00,76.7,1
uuid-2569-2100,2569,2569-S5-P8,5,practice,2026-07-22 18:00:00,75.3,1
uuid-2569-2100,2569,2569-S6-P8,6,practice,2026-07-25 18:00:00,73.7,1
uuid-2569-2101,2569,2569-S4-C1,4,checkpoint,2026-04-04 22:00:00,46.9,0
uuid-2569-2101,2569,2569-S6-C1,6,checkpoint,2026-04-01 22:00:00,67.8,1
uuid-2569-2101,2569,2569-S4-P3,4,practice,2026-04-11 19:00:00,93.4,1
uuid-2569-2101,2569,2569-S4-P4,4,practice,2026-05-01 16:00:00,75.0,1
uuid-2569-2101,2569,2569-S6-P4,6,practice,2026-04-27 20:00:00,77.5,1
uuid-2569-2102,2569,2569-S1-P2,1,practice,2026-03-22 17:00:00,62.3,1
uuid-2569-2102,2569,2569-S6-P2,6,practice,2026-03-22 17:00:00,75.2,1
uuid-2569-2102,2569,2569-S6-C1,6,checkpoint,2026-04-03 22:00:00,57.9,1
uuid-2569-2102,2569,2569-S6-P3,6,practice,2026-04-10 18:00:00,97.6,1
uuid-2569-2102,2569,2569-S6-P4,6,practice,2026-05-02 22:00:00,76.2,1
uuid-2569-2103,2569,2569-S4-P2,4,practice,2026-03-22 20:00:00,70.8,1
uuid-2569-2103,2569,2569-S5-P2,5,practice,2026-03-18 20:00:00,81.8,1
uuid-2569-2103,2569,2569-S1-C1,1,checkpoint,2026-04-01 22:00:00,97.1,1
uuid-2569-2103,2569,2569-S4-C1,4,checkpoint,2026-04-02 18:00:00,93.7,1
uuid-2569-2103,2569,2569-S5-C1,5,checkpoint,2026-03-31 18:00:00,96.2,1
uuid-2569-2103,2569,2569-S4-P3,4,practice,2026-04-12 16:00:00,97.9,1
uuid-2569-2103,2569,2569-S5-P3,5,practice,2026-04-07 20:00:00,66.3,1
uuid-2569-2103,2569,2569-S6-P3,6,practice,2026-04-09 21:00:00,82.3,1
uuid-2569-2103,2569,2569-S1-P4,1,practice,2026-04-29 22:00:00,59.9,1
uuid-2569-2103,2569,2569-S4-P4,4,practice,2026-04-27 17:00:00,85.7,1
uuid-2569-2103,2569,2569-S5-P4,5,practice,2026-04-28 20:00:00,81.0,1
uuid-2569-2103,2569,2569-S6-P4,6,practice,2026-04-30 22:00:00,62.9,1
uuid-2569-2103,2569,2569-S1-C2,1,checkpoint,2026-05-15 16:00:00,73.7,1
uuid-2569-2103,2569,2569-S4-C2,4,checkpoint,2026-05-12 19:00:00,81.4,1
uuid-2569-2103,2569,2569-S5-C2,5,checkpoint,2026-05-15 19:00:00,89.2,1
uuid-2569-2103,2569,2569-S6-C2,6,checkpoint,2026-05-16 21:00:00,87.3,1
uuid-2569-2103,2569,2569-S4-P5,4,practice,2026-05-24 16:00:00,97.3,1
uuid-2569-2103,2569,2569-S5-P5,5,practice,2026-05-18 22:00:00,69.0,1
uuid-2569-2103,2569,2569-S6-P5,6,practice,2026-05-20 17:00:00,70.0,1
uuid-2569-2103,2569,2569-S1-P6,1,practice,2026-06-13 22:00:00,70.2,1
uuid-2569-2103,2569,2569-S4-P6,4,practice,2026-06-13 20:00:00,62.7,1
uuid-2569-2103,2569,2569-S6-P6,6,practice,2026-06-11 22:00:00,86.8,1
uuid-2569-2103,2569,2569-S1-C3,1,checkpoint,2026-06-27 19:00:00,60.6,1
uuid-2569-2103,2569,2569-S5-C3,5,checkpoint,2026-06-27 21:00:00,63.9,1
uuid-2569-2103,2569,2569-S6-C3,6,checkpoint,2026-06-27 21:00:00,80.4,1
uuid-2569-2103,2569,2569-S1-P7,1,practice,2026-07-05 19:00:00,72.8,1
uuid-2569-2103,2569,2569-S4-P7,4,practice,2026-07-02 18:00:00,100.0,1
uuid-2569-2103,2569,2569-S4-P8,4,practice,2026-07-23 20:00:00,58.0,1
uuid-2569-2103,2569,2569-S5-P8,5,practice,2026-07-26 19:00:00,73.2,1
uuid-2569-2103,2569,2569-S6-P8,6,practice,2026-07-23 21:00:00,72.7,1
uuid-2569-2104,2569,2569-S1-P2,1,practice,2026-03-22 21:00:00,52.1,1
uuid-2569-2104,2569,2569-S4-P2,4,practice,2026-03-16 18:00:00,75.7,1
uuid-2569-2104,2569,2569-S5-P2,5,practice,2026-03-19 17:00:00,92.9,1
uuid-2569-2104,2569,2569-S6-P2,6,practice,2026-03-17 22:00:00,61.3,1
uuid-2569-2104,2569,2569-S6-C1,6,checkpoint,2026-04-04 17:00:00,86.1,1
uuid-2569-2104,2569,2569-S1-P3,1,practice,2026-04-11 20:00:00,74.8,1
uuid-2569-2104,2569,2569-S4-P3,4,practice,2026-04-12 21:00:00,66.8,1
uuid-2569-2104,2569,2569-S5-P3,5,practice,2026-04-08 21:00:00,70.8,1
uuid-2569-2104,2569,2569-S4-P4,4,practice,2026-05-01 16:00:00,88.6,1
uuid-2569-2104,2569,2569-S5-P4,5,practice,2026-05-03 17:00:00,78.7,1
uuid-2569-2104,2569,2569-S1-C2,1,checkpoint,2026-05-16 20:00:00,72.5,1
uuid-2569-2104,2569,2569-S4-C2,4,checkpoint,2026-05-16 18:00:00,75.8,1
uuid-2569-2104,2569,2569-S5-C2,5,checkpoint,2026-05-12 18:00:00,76.1,1
uuid-2569-2104,2569,2569-S6-C2,6,checkpoint,2026-05-13 18:00:00,84.9,1
uuid-2569-2104,2569,2569-S1-P5,1,practice,2026-05-19 22:00:00,83.7,1
uuid-2569-2104,2569,2569-S4-P5,4,practice,2026-05-24 20:00:00,82.9,1
uuid-2569-2104,2569,2569-S5-P5,5,practice,2026-05-23 16:00:00,65.2,1
uuid-2569-2104,2569,2569-S6-P5,6,practice,2026-05-24 20:00:00,57.5,1
uuid-2569-2104,2569,2569-S4-P6,4,practice,2026-06-10 16:00:00,55.2,1
uuid-2569-2104,2569,2569-S5-P6,5,practice,2026-06-09 18:00:00,65.5,1
uuid-2569-2104,2569,2569-S6-P6,6,practice,2026-06-12 16:00:00,77.0,1
uuid-2569-2104,2569,2569-S5-C3,5,checkpoint,2026-06-28 20:00:00,79.3,1
uuid-2569-2104,2569,2569-S6-C3,6,checkpoint,2026-06-28 19:00:00,82.0,1
uuid-2569-2104,2569,2569-S4-P7,4,practice,2026-07-01 17:00:00,70.9,1
uuid-2569-2104,2569,2569-S5-P7,5,practice,2026-06-29 22:00:00,71.3,1
uuid-2569-2104,2569,2569-S6-P7,6,practice,2026-07-02 19:00:00,74.5,1
uuid-2569-2104,2569,2569-S1-P8,1,practice,2026-07-22 22:00:00,68.7,1
uuid-2569-2104,2569,2569-S4-P8,4,practice,2026-07-21 20:00:00,57.3,1
uuid-2569-2104,2569,2569-S5-P8,5,practice,2026-07-24 20:00:00,58.8,1
uuid-2569-2105,2569,2569-S4-P2,4,practice,2026-03-22 18:00:00,62.2,1
uuid-2569-2105,2569,2569-S6-P2,6,practice,2026-03-18 20:00:00,70.2,1
uuid-2569-2106,2569,2569-S5-P2,5,practice,2026-03-18 16:00:00,84.3,1
uuid-2569-2106,2569,2569-S6-P2,6,practice,2026-03-22 19:00:00,55.3,1
uuid-2569-2106,2569,2569-S1-C1,1,checkpoint,2026-04-04 21:00:00,80.2,1
uuid-2569-2106,2569,2569-S5-C1,5,checkpoint,2026-03-31 21:00:00,88.2,1
uuid-2569-2106,2569,2569-S6-P3,6,practice,2026-04-11 20:00:00,78.7,1
uuid-2569-2106,2569,2569-S1-P4,1,practice,2026-05-03 20:00:00,74.7,1
uuid-2569-2106,2569,2569-S4-P4,4,practice,2026-05-02 19:00:00,79.3,1
uuid-2569-2106,2569,2569-S5-P4,5,practice,2026-05-01 18:00:00,72.4,1
uuid-2569-2106,2569,2569-S6-P4,6,practice,2026-05-03 19:00:00,68.6,1
uuid-2569-2106,2569,2569-S1-C2,1,checkpoint,2026-05-16 18:00:00,98.9,1
uuid-2569-2106,2569,2569-S6-C2,6,checkpoint,2026-05-14 20:00:00,68.8,1
uuid-2569-2106,2569,2569-S1-P5,1,practice,2026-05-20 22:00:00,70.5,1
uuid-2569-2106,2569,2569-S1-P6,1,practice,2026-06-13 17:00:00,74.6,1
uuid-2569-2106,2569,2569-S4-P6,4,practice,2026-06-09 19:00:00,93.2,1
uuid-2569-2106,2569,2569-S5-P6,5,practice,2026-06-13 19:00:00,73.4,1
uuid-2569-2106,2569,2569-S4-C3,4,checkpoint,2026-06-24 18:00:00,92.1,1
uuid-2569-2106,2569,2569-S5-C3,5,checkpoint,2026-06-25 22:00:00,62.1,1
uuid-2569-2106,2569,2569-S6-C3,6,checkpoint,2026-06-23 20:00:00,94.3,1
uuid-2569-2106,2569,2569-S1-P7,1,practice,2026-07-04 20:00:00,73.1,1
uuid-2569-2106,2569,2569-S4-P7,4,practice,2026-06-30 22:00:00,78.3,1
uuid-2569-2106,2569,2569-S5-P7,5,practice,2026-07-05 22:00:00,82.1,1
uuid-2569-2106,2569,2569-S6-P7,6,practice,2026-07-05 20:00:00,80.9,1
uuid-2569-2106,2569,2569-S4-P8,4,practice,2026-07-25 22:00:00,77.8,1
uuid-2569-2106,2569,2569-S5-P8,5,practice,2026-07-24 22:00:00,91.8,1
uuid-2569-2107,2569,2569-S1-P5,1,practice,2026-05-18 21:00:00,83.7,1
uuid-2569-2107,2569,2569-S4-P5,4,practice,2026-05-19 22:00:00,87.8,1
uuid-2569-2107,2569,2569-S5-P5,5,practice,2026-05-21 18:00:00,69.0,1
uuid-2569-2107,2569,2569-S6-P5,6,practice,2026-05-22 17:00:00,78.2,1
uuid-2569-2107,2569,2569-S1-P6,1,practice,2026-06-13 21:00:00,74.0,1
uuid-2569-2107,2569,2569-S4-P6,4,practice,2026-06-12 21:00:00,89.1,1
uuid-2569-2107,2569,2569-S5-P6,5,practice,2026-06-11 17:00:00,69.2,1
uuid-2569-2107,2569,2569-S1-C3,1,checkpoint,2026-06-23 19:00:00,51.9,1
uuid-2569-2107,2569,2569-S4-C3,4,checkpoint,2026-06-23 20:00:00,64.2,1
uuid-2569-2107,2569,2569-S6-C3,6,checkpoint,2026-06-24 22:00:00,79.6,1
uuid-2569-2107,2569,2569-S4-P7,4,practice,2026-07-02 19:00:00,48.8,0
uuid-2569-2107,2569,2569-S6-P7,6,practice,2026-07-01 17:00:00,63.7,1
uuid-2569-2107,2569,2569-S1-P8,1,practice,2026-07-21 17:00:00,76.2,1
uuid-2569-2107,2569,2569-S4-P8,4,practice,2026-07-21 17:00:00,86.8,1
uuid-2569-2107,2569,2569-S5-P8,5,practice,2026-07-23 17:00:00,83.4,1
uuid-2569-2108,2569,2569-S1-P2,1,practice,2026-03-22 22:00:00,82.4,1
uuid-2569-2108,2569,2569-S4-P2,4,practice,2026-03-20 21:00:00,87.7,1
uuid-2569-2108,2569,2569-S5-P2,5,practice,2026-03-22 21:00:00,86.8,1
uuid-2569-2108,2569,2569-S6-P2,6,practice,2026-03-16 16:00:00,88.8,1
uuid-2569-2108,2569,2569-S4-C1,4,checkpoint,2026-03-31 20:00:00,94.0,1
uuid-2569-2108,2569,2569-S5-C1,5,checkpoint,2026-03-30 16:00:00,78.4,1
uuid-2569-2108,2569,2569-S6-C1,6,checkpoint,2026-03-30 20:00:00,86.8,1
uuid-2569-2108,2569,2569-S1-P3,1,practice,2026-04-10 20:00:00,93.0,1
uuid-2569-2108,2569,2569-S4-P3,4,practice,2026-04-10 21:00:00,86.7,1
uuid-2569-2108,2569,2569-S5-P3,5,practice,2026-04-09 16:00:00,88.3,1
uuid-2569-2108,2569,2569-S6-P3,6,practice,2026-04-12 21:00:00,66.4,1
uuid-2569-2108,2569,2569-S4-P4,4,practice,2026-05-01 16:00:00,87.9,1
uuid-2569-2108,2569,2569-S6-P4,6,practice,2026-04-28 17:00:00,76.2,1
uuid-2569-2108,2569,2569-S5-C2,5,checkpoint,2026-05-17 20:00:00,100.0,1
uuid-2569-2108,2569,2569-S6-C2,6,checkpoint,2026-05-12 21:00:00,76.1,1
uuid-2569-2108,2569,2569-S4-P5,4,practice,2026-05-19 21:00:00,71.5,1
uuid-2569-2108,2569,2569-S5-P5,5,practice,2026-05-18 20:00:00,88.6,1
uuid-2569-2108,2569,2569-S1-P6,1,practice,2026-06-13 19:00:00,93.4,1
uuid-2569-2108,2569,2569-S5-P6,5,practice,2026-06-10 21:00:00,68.4,1
uuid-2569-2108,2569,2569-S4-C3,4,checkpoint,2026-06-22 17:00:00,77.4,1
uuid-2569-2108,2569,2569-S5-C3,5,checkpoint,2026-06-22 18:00:00,71.5,1
uuid-2569-2108,2569,2569-S1-P7,1,practice,2026-07-03 18:00:00,95.3,1
uuid-2569-2108,2569,2569-S4-P7,4,practice,2026-07-04 20:00:00,72.6,1
uuid-2569-2108,2569,2569-S5-P7,5,practice,2026-07-04 20:00:00,67.2,1
uuid-2569-2108,2569,2569-S6-P7,6,practice,2026-06-29 22:00:00,68.3,1
uuid-2569-2109,2569,2569-S1-P2,1,practice,2026-03-17 17:00:00,60.2,1
uuid-2569-2109,2569,2569-S4-P2,4,practice,2026-03-21 17:00:00,85.9,1
uuid-2569-2109,2569,2569-S6-P2,6,practice,2026-03-16 20:00:00,100.0,1
uuid-2569-2109,2569,2569-S1-C1,1,checkpoint,2026-03-31 16:00:00,100.0,1
uuid-2569-2109,2569,2569-S5-C1,5,checkpoint,2026-04-02 22:00:00,84.9,1
uuid-2569-2109,2569,2569-S6-C1,6,checkpoint,2026-03-30 16:00:00,88.0,1
uuid-2569-2109,2569,2569-S1-P3,1,practice,2026-04-10 21:00:00,69.3,1
uuid-2569-2109,2569,2569-S5-P3,5,practice,2026-04-07 16:00:00,75.9,1
uuid-2569-2109,2569,2569-S6-P3,6,practice,2026-04-12 18:00:00,99.2,1
uuid-2569-2109,2569,2569-S1-P4,1,practice,2026-05-03 22:00:00,100.0,1
uuid-2569-2109,2569,2569-S4-P4,4,practice,2026-04-29 21:00:00,89.1,1
uuid-2569-2109,2569,2569-S6-P4,6,practice,2026-04-27 20:00:00,86.3,1
uuid-2569-2109,2569,2569-S4-C2,4,checkpoint,2026-05-15 18:00:00,97.9,1
uuid-2569-2109,2569,2569-S6-C2,6,checkpoint,2026-05-15 18:00:00,64.9,1
uuid-2569-2109,2569,2569-S1-P5,1,practice,2026-05-24 22:00:00,72.8,1
uuid-2569-2109,2569,2569-S4-P5,4,practice,2026-05-23 21:00:00,75.2,1
uuid-2569-2109,2569,2569-S5-P5,5,practice,2026-05-19 19:00:00,76.3,1
uuid-2569-2109,2569,2569-S6-P5,6,practice,2026-05-18 22:00:00,79.8,1
uuid-2569-2109,2569,2569-S4-P6,4,practice,2026-06-11 21:00:00,73.5,1
uuid-2569-2109,2569,2569-S6-P6,6,practice,2026-06-08 16:00:00,82.7,1
uuid-2569-2109,2569,2569-S1-C3,1,checkpoint,2026-06-27 16:00:00,61.8,1
uuid-2569-2109,2569,2569-S4-C3,4,checkpoint,2026-06-26 18:00:00,69.3,1
uuid-2569-2109,2569,2569-S5-C3,5,checkpoint,2026-06-27 19:00:00,71.2,1
uuid-2569-2109,2569,2569-S6-P7,6,practice,2026-06-30 20:00:00,66.1,1
uuid-2569-2109,2569,2569-S1-P8,1,practice,2026-07-22 17:00:00,84.4,1
uuid-2569-2109,2569,2569-S4-P8,4,practice,2026-07-22 17:00:00,85.5,1
uuid-2569-2109,2569,2569-S5-P8,5,practice,2026-07-20 19:00:00,71.7,1
uuid-2569-2110,2569,2569-S1-P2,1,practice,2026-03-20 17:00:00,92.4,1
uuid-2569-2110,2569,2569-S4-P2,4,practice,2026-03-19 19:00:00,93.5,1
uuid-2569-2110,2569,2569-S5-P2,5,practice,2026-03-17 22:00:00,91.4,1
uuid-2569-2110,2569,2569-S6-P2,6,practice,2026-03-22 19:00:00,88.6,1
uuid-2569-2110,2569,2569-S1-C1,1,checkpoint,2026-04-02 17:00:00,100.0,1
uuid-2569-2110,2569,2569-S4-C1,4,checkpoint,2026-04-01 20:00:00,81.9,1
uuid-2569-2110,2569,2569-S5-C1,5,checkpoint,2026-03-31 19:00:00,99.1,1
uuid-2569-2110,2569,2569-S6-C1,6,checkpoint,2026-04-01 17:00:00,80.4,1
uuid-2569-2110,2569,2569-S1-P3,1,practice,2026-04-11 16:00:00,70.7,1
uuid-2569-2110,2569,2569-S4-P3,4,practice,2026-04-06 21:00:00,83.4,1
uuid-2569-2110,2569,2569-S5-P3,5,practice,2026-04-10 21:00:00,80.0,1
uuid-2569-2110,2569,2569-S6-P3,6,practice,2026-04-08 20:00:00,86.8,1
uuid-2569-2110,2569,2569-S1-P4,1,practice,2026-04-28 17:00:00,97.9,1
uuid-2569-2110,2569,2569-S5-P4,5,practice,2026-04-28 22:00:00,84.8,1
uuid-2569-2110,2569,2569-S6-P4,6,practice,2026-04-28 18:00:00,100.0,1
uuid-2569-2110,2569,2569-S1-C2,1,checkpoint,2026-05-11 22:00:00,87.5,1
uuid-2569-2110,2569,2569-S4-C2,4,checkpoint,2026-05-16 21:00:00,100.0,1
uuid-2569-2110,2569,2569-S5-C2,5,checkpoint,2026-05-17 20:00:00,90.8,1
uuid-2569-2110,2569,2569-S1-P5,1,practice,2026-05-21 21:00:00,77.7,1
uuid-2569-2110,2569,2569-S5-P5,5,practice,2026-05-18 18:00:00,100.0,1
uuid-2569-2110,2569,2569-S6-P5,6,practice,2026-05-23 21:00:00,98.1,1
uuid-2569-2110,2569,2569-S1-P6,1,practice,2026-06-09 19:00:00,80.6,1
uuid-2569-2110,2569,2569-S4-P6,4,practice,2026-06-14 20:00:00,100.0,1
uuid-2569-2110,2569,2569-S5-P6,5,practice,2026-06-13 21:00:00,90.5,1
uuid-2569-2110,2569,2569-S6-P6,6,practice,2026-06-11 18:00:00,93.2,1
uuid-2569-2110,2569,2569-S1-C3,1,checkpoint,2026-06-28 22:00:00,100.0,1
uuid-2569-2110,2569,2569-S4-C3,4,checkpoint,2026-06-25 22:00:00,96.7,1
uuid-2569-2110,2569,2569-S6-C3,6,checkpoint,2026-06-28 18:00:00,91.1,1
uuid-2569-2110,2569,2569-S1-P7,1,practice,2026-06-30 16:00:00,100.0,1
uuid-2569-2110,2569,2569-S5-P7,5,practice,2026-07-01 22:00:00,71.2,1
uuid-2569-2110,2569,2569-S1-P8,1,practice,2026-07-26 20:00:00,96.8,1
uuid-2569-2110,2569,2569-S4-P8,4,practice,2026-07-24 18:00:00,86.4,1
uuid-2569-2110,2569,2569-S5-P8,5,practice,2026-07-22 21:00:00,95.5,1
uuid-2569-2111,2569,2569-S1-P2,1,practice,2026-03-20 18:00:00,57.6,1
uuid-2569-2111,2569,2569-S4-P2,4,practice,2026-03-18 19:00:00,78.4,1
uuid-2569-2111,2569,2569-S5-P2,5,practice,2026-03-17 19:00:00,75.6,1
uuid-2569-2111,2569,2569-S1-C1,1,checkpoint,2026-04-04 18:00:00,66.2,1
uuid-2569-2111,2569,2569-S5-C1,5,checkpoint,2026-04-02 17:00:00,42.3,0
uuid-2569-2111,2569,2569-S1-P3,1,practice,2026-04-08 19:00:00,56.3,1
uuid-2569-2111,2569,2569-S4-P3,4,practice,2026-04-06 18:00:00,49.2,0
uuid-2569-2111,2569,2569-S4-P4,4,practice,2026-05-02 22:00:00,56.0,1
uuid-2569-2111,2569,2569-S1-C2,1,checkpoint,2026-05-16 21:00:00,49.6,0
uuid-2569-2111,2569,2569-S4-C2,4,checkpoint,2026-05-11 17:00:00,60.3,1
uuid-2569-2111,2569,2569-S1-P5,1,practice,2026-05-22 18:00:00,57.3,1
uuid-2569-2111,2569,2569-S4-P5,4,practice,2026-05-23 21:00:00,67.9,1
uuid-2569-2111,2569,2569-S6-P5,6,practice,2026-05-21 20:00:00,60.7,1
uuid-2569-2111,2569,2569-S1-P7,1,practice,2026-07-03 22:00:00,65.1,1
uuid-2569-2111,2569,2569-S5-P7,5,practice,2026-06-30 21:00:00,44.3,0
uuid-2569-2111,2569,2569-S4-P8,4,practice,2026-07-20 21:00:00,70.5,1
uuid-2569-2112,2569,2569-S1-P2,1,practice,2026-03-18 18:00:00,78.4,1
uuid-2569-2112,2569,2569-S6-P2,6,practice,2026-03-21 21:00:00,82.2,1
uuid-2569-2112,2569,2569-S1-C1,1,checkpoint,2026-04-02 18:00:00,79.9,1
uuid-2569-2112,2569,2569-S4-C1,4,checkpoint,2026-04-05 19:00:00,79.1,1
uuid-2569-2112,2569,2569-S6-C1,6,checkpoint,2026-04-02 18:00:00,76.5,1
uuid-2569-2112,2569,2569-S4-P3,4,practice,2026-04-09 19:00:00,81.8,1
uuid-2569-2112,2569,2569-S5-P3,5,practice,2026-04-11 18:00:00,90.1,1
uuid-2569-2112,2569,2569-S6-P3,6,practice,2026-04-08 18:00:00,100.0,1
uuid-2569-2112,2569,2569-S1-P4,1,practice,2026-04-27 20:00:00,90.7,1
uuid-2569-2112,2569,2569-S4-P4,4,practice,2026-05-03 21:00:00,67.8,1
uuid-2569-2112,2569,2569-S5-P4,5,practice,2026-04-27 22:00:00,69.4,1
uuid-2569-2112,2569,2569-S6-P4,6,practice,2026-05-03 22:00:00,75.9,1
uuid-2569-2112,2569,2569-S1-C2,1,checkpoint,2026-05-16 20:00:00,84.7,1
uuid-2569-2112,2569,2569-S4-C2,4,checkpoint,2026-05-15 19:00:00,79.9,1
uuid-2569-2112,2569,2569-S5-C2,5,checkpoint,2026-05-12 17:00:00,81.8,1
uuid-2569-2112,2569,2569-S6-C2,6,checkpoint,2026-05-17 20:00:00,67.4,1
uuid-2569-2112,2569,2569-S1-P5,1,practice,2026-05-21 22:00:00,94.8,1
uuid-2569-2112,2569,2569-S4-P5,4,practice,2026-05-21 18:00:00,70.6,1
uuid-2569-2112,2569,2569-S5-P5,5,practice,2026-05-23 18:00:00,67.0,1
uuid-2569-2112,2569,2569-S6-P5,6,practice,2026-05-21 20:00:00,94.2,1
uuid-2569-2112,2569,2569-S1-P6,1,practice,2026-06-13 17:00:00,94.7,1
uuid-2569-2112,2569,2569-S4-P6,4,practice,2026-06-12 16:00:00,79.5,1
uuid-2569-2112,2569,2569-S6-P6,6,practice,2026-06-14 21:00:00,84.5,1
uuid-2569-2112,2569,2569-S4-C3,4,checkpoint,2026-06-27 21:00:00,79.1,1
uuid-2569-2112,2569,2569-S5-C3,5,checkpoint,2026-06-22 18:00:00,63.6,1
uuid-2569-2112,2569,2569-S1-P7,1,practice,2026-07-02 22:00:00,75.0,1
uuid-2569-2112,2569,2569-S4-P7,4,practice,2026-07-01 17:00:00,79.5,1
uuid-2569-2112,2569,2569-S1-P8,1,practice,2026-07-24 19:00:00,91.4,1
uuid-2569-2112,2569,2569-S4-P8,4,practice,2026-07-26 18:00:00,70.2,1
uuid-2569-2112,2569,2569-S5-P8,5,practice,2026-07-22 16:00:00,71.9,1
uuid-2569-2112,2569,2569-S6-P8,6,practice,2026-07-25 21:00:00,91.0,1
uuid-2569-2113,2569,2569-S4-P2,4,practice,2026-03-17 22:00:00,89.8,1
uuid-2569-2113,2569,2569-S5-P2,5,practice,2026-03-21 22:00:00,57.5,1
uuid-2569-2113,2569,2569-S6-P2,6,practice,2026-03-22 17:00:00,85.3,1
uuid-2569-2113,2569,2569-S4-C1,4,checkpoint,2026-03-31 19:00:00,80.4,1
uuid-2569-2113,2569,2569-S5-C1,5,checkpoint,2026-04-04 20:00:00,78.6,1
uuid-2569-2113,2569,2569-S6-C1,6,checkpoint,2026-04-02 20:00:00,77.5,1
uuid-2569-2113,2569,2569-S4-P3,4,practice,2026-04-09 16:00:00,98.7,1
uuid-2569-2113,2569,2569-S4-P4,4,practice,2026-04-27 22:00:00,56.3,1
uuid-2569-2113,2569,2569-S5-P4,5,practice,2026-04-29 18:00:00,69.1,1
uuid-2569-2113,2569,2569-S6-P4,6,practice,2026-04-30 21:00:00,74.8,1
uuid-2569-2113,2569,2569-S4-C2,4,checkpoint,2026-05-11 16:00:00,93.3,1
uuid-2569-2113,2569,2569-S4-P5,4,practice,2026-05-21 19:00:00,69.0,1
uuid-2569-2113,2569,2569-S6-P5,6,practice,2026-05-18 21:00:00,99.1,1
uuid-2569-2113,2569,2569-S5-P6,5,practice,2026-06-09 21:00:00,63.2,1
uuid-2569-2113,2569,2569-S6-P6,6,practice,2026-06-13 18:00:00,67.7,1
uuid-2569-2113,2569,2569-S4-C3,4,checkpoint,2026-06-23 21:00:00,63.7,1
uuid-2569-2113,2569,2569-S5-C3,5,checkpoint,2026-06-28 17:00:00,68.1,1
uuid-2569-2113,2569,2569-S6-C3,6,checkpoint,2026-06-22 16:00:00,84.2,1
uuid-2569-2113,2569,2569-S4-P7,4,practice,2026-07-02 22:00:00,62.5,1
uuid-2569-2113,2569,2569-S5-P7,5,practice,2026-07-03 16:00:00,87.6,1
uuid-2569-2113,2569,2569-S6-P7,6,practice,2026-06-29 21:00:00,82.7,1
uuid-2569-2113,2569,2569-S4-P8,4,practice,2026-07-26 18:00:00,77.4,1
uuid-2569-2114,2569,2569-S5-P2,5,practice,2026-03-21 18:00:00,67.4,1
uuid-2569-2114,2569,2569-S1-C1,1,checkpoint,2026-04-02 19:00:00,52.4,1
uuid-2569-2114,2569,2569-S5-C1,5,checkpoint,2026-04-01 22:00:00,66.5,1
uuid-2569-2114,2569,2569-S4-P3,4,practice,2026-04-09 18:00:00,74.7,1
uuid-2569-2114,2569,2569-S6-P3,6,practice,2026-04-07 21:00:00,65.5,1
uuid-2569-2114,2569,2569-S1-P4,1,practice,2026-04-29 17:00:00,56.5,1
uuid-2569-2114,2569,2569-S4-P4,4,practice,2026-04-27 19:00:00,45.6,0
uuid-2569-2114,2569,2569-S5-P4,5,practice,2026-04-27 19:00:00,64.2,1
uuid-2569-2114,2569,2569-S5-C2,5,checkpoint,2026-05-16 16:00:00,65.6,1
uuid-2569-2114,2569,2569-S1-P5,1,practice,2026-05-18 17:00:00,71.0,1
uuid-2569-2114,2569,2569-S5-P5,5,practice,2026-05-19 20:00:00,69.7,1
uuid-2569-2114,2569,2569-S1-C3,1,checkpoint,2026-06-24 16:00:00,61.1,1
uuid-2569-2114,2569,2569-S5-C3,5,checkpoint,2026-06-27 22:00:00,83.5,1
uuid-2569-2114,2569,2569-S4-P7,4,practice,2026-07-02 17:00:00,66.2,1
uuid-2569-2114,2569,2569-S1-P8,1,practice,2026-07-20 18:00:00,71.0,1
uuid-2569-2115,2569,2569-S1-P2,1,practice,2026-03-18 16:00:00,72.8,1
uuid-2569-2115,2569,2569-S4-P2,4,practice,2026-03-16 20:00:00,51.6,1
uuid-2569-2115,2569,2569-S5-P2,5,practice,2026-03-21 21:00:00,37.2,0
uuid-2569-2115,2569,2569-S6-P2,6,practice,2026-03-17 16:00:00,74.9,1
uuid-2569-2115,2569,2569-S4-C1,4,checkpoint,2026-04-03 17:00:00,76.0,1
uuid-2569-2115,2569,2569-S5-C1,5,checkpoint,2026-04-02 18:00:00,60.2,1
uuid-2569-2115,2569,2569-S6-C1,6,checkpoint,2026-03-30 20:00:00,67.9,1
uuid-2569-2116,2569,2569-S1-P3,1,practice,2026-04-06 17:00:00,82.9,1
uuid-2569-2116,2569,2569-S4-P3,4,practice,2026-04-08 18:00:00,84.5,1
uuid-2569-2116,2569,2569-S5-P3,5,practice,2026-04-08 18:00:00,78.9,1
uuid-2569-2116,2569,2569-S1-P4,1,practice,2026-04-30 17:00:00,80.2,1
uuid-2569-2116,2569,2569-S4-P4,4,practice,2026-04-29 21:00:00,84.5,1
uuid-2569-2116,2569,2569-S5-P4,5,practice,2026-05-01 19:00:00,96.0,1
uuid-2569-2116,2569,2569-S6-P4,6,practice,2026-04-30 21:00:00,77.7,1
uuid-2569-2116,2569,2569-S1-C2,1,checkpoint,2026-05-11 20:00:00,100.0,1
uuid-2569-2116,2569,2569-S4-C2,4,checkpoint,2026-05-12 18:00:00,91.8,1
uuid-2569-2116,2569,2569-S5-C2,5,checkpoint,2026-05-13 18:00:00,66.3,1
uuid-2569-2116,2569,2569-S6-C2,6,checkpoint,2026-05-16 17:00:00,100.0,1
uuid-2569-2116,2569,2569-S1-P5,1,practice,2026-05-22 18:00:00,100.0,1
uuid-2569-2116,2569,2569-S4-P5,4,practice,2026-05-22 22:00:00,79.1,1
uuid-2569-2116,2569,2569-S5-P5,5,practice,2026-05-20 17:00:00,97.3,1
uuid-2569-2116,2569,2569-S6-P5,6,practice,2026-05-23 17:00:00,83.7,1
uuid-2569-2116,2569,2569-S1-P6,1,practice,2026-06-09 21:00:00,81.2,1
uuid-2569-2116,2569,2569-S4-P6,4,practice,2026-06-08 16:00:00,87.3,1
uuid-2569-2116,2569,2569-S5-P6,5,practice,2026-06-12 17:00:00,79.5,1
uuid-2569-2116,2569,2569-S6-P6,6,practice,2026-06-10 22:00:00,97.0,1
uuid-2569-2116,2569,2569-S1-C3,1,checkpoint,2026-06-24 18:00:00,81.1,1
uuid-2569-2116,2569,2569-S5-C3,5,checkpoint,2026-06-23 22:00:00,79.7,1
uuid-2569-2116,2569,2569-S6-C3,6,checkpoint,2026-06-25 21:00:00,94.7,1
uuid-2569-2116,2569,2569-S1-P7,1,practice,2026-07-04 16:00:00,66.0,1
uuid-2569-2116,2569,2569-S4-P7,4,practice,2026-07-04 21:00:00,89.4,1
uuid-2569-2116,2569,2569-S5-P7,5,practice,2026-07-02 20:00:00,78.9,1
uuid-2569-2116,2569,2569-S6-P7,6,practice,2026-07-04 18:00:00,94.1,1
uuid-2569-2116,2569,2569-S1-P8,1,practice,2026-07-23 19:00:00,94.4,1
uuid-2569-2116,2569,2569-S4-P8,4,practice,2026-07-20 18:00:00,90.4,1
uuid-2569-2116,2569,2569-S5-P8,5,practice,2026-07-25 21:00:00,79.7,1
uuid-2569-2116,2569,2569-S6-P8,6,practice,2026-07-22 18:00:00,75.7,1
uuid-2569-2117,2569,2569-S1-P3,1,practice,2026-04-11 21:00:00,98.8,1
uuid-2569-2117,2569,2569-S4-P3,4,practice,2026-04-10 19:00:00,95.2,1
uuid-2569-2117,2569,2569-S6-P3,6,practice,2026-04-09 18:00:00,92.3,1
uuid-2569-2117,2569,2569-S4-P4,4,practice,2026-04-27 18:00:00,100.0,1
uuid-2569-2117,2569,2569-S6-P4,6,practice,2026-04-27 16:00:00,100.0,1
uuid-2569-2117,2569,2569-S1-C2,1,checkpoint,2026-05-15 22:00:00,83.1,1
uuid-2569-2117,2569,2569-S4-C2,4,checkpoint,2026-05-17 18:00:00,92.4,1
uuid-2569-2117,2569,2569-S6-C2,6,checkpoint,2026-05-13 22:00:00,89.5,1
uuid-2569-2117,2569,2569-S1-P5,1,practice,2026-05-19 21:00:00,94.7,1
uuid-2569-2117,2569,2569-S4-P5,4,practice,2026-05-19 19:00:00,86.7,1
uuid-2569-2117,2569,2569-S6-P5,6,practice,2026-05-21 21:00:00,81.9,1
uuid-2569-2117,2569,2569-S1-P6,1,practice,2026-06-12 16:00:00,88.1,1
uuid-2569-2117,2569,2569-S4-P6,4,practice,2026-06-10 20:00:00,62.3,1
uuid-2569-2117,2569,2569-S6-P6,6,practice,2026-06-10 22:00:00,75.5,1
uuid-2569-2117,2569,2569-S1-C3,1,checkpoint,2026-06-22 16:00:00,84.6,1
uuid-2569-2117,2569,2569-S4-C3,4,checkpoint,2026-06-22 18:00:00,85.3,1
uuid-2569-2117,2569,2569-S1-P7,1,practice,2026-07-03 16:00:00,80.3,1
uuid-2569-2117,2569,2569-S6-P7,6,practice,2026-07-01 18:00:00,91.5,1
uuid-2569-2117,2569,2569-S1-P8,1,practice,2026-07-21 16:00:00,77.8,1
uuid-2569-2117,2569,2569-S4-P8,4,practice,2026-07-23 19:00:00,89.6,1
uuid-2569-2117,2569,2569-S6-P8,6,practice,2026-07-24 17:00:00,99.7,1
uuid-2569-2118,2569,2569-S1-P2,1,practice,2026-03-21 22:00:00,97.4,1
uuid-2569-2118,2569,2569-S1-C1,1,checkpoint,2026-04-05 16:00:00,73.3,1
uuid-2569-2118,2569,2569-S4-C1,4,checkpoint,2026-03-30 19:00:00,84.1,1
uuid-2569-2118,2569,2569-S6-C1,6,checkpoint,2026-04-01 18:00:00,91.0,1
uuid-2569-2119,2569,2569-S1-P2,1,practice,2026-03-17 17:00:00,89.6,1
uuid-2569-2119,2569,2569-S4-P2,4,practice,2026-03-17 22:00:00,91.6,1
uuid-2569-2119,2569,2569-S6-P2,6,practice,2026-03-19 21:00:00,84.7,1
uuid-2569-2119,2569,2569-S1-C1,1,checkpoint,2026-04-03 17:00:00,80.9,1
uuid-2569-2119,2569,2569-S5-C1,5,checkpoint,2026-04-01 22:00:00,96.8,1
uuid-2569-2119,2569,2569-S6-C1,6,checkpoint,2026-04-03 16:00:00,80.8,1
uuid-2569-2119,2569,2569-S1-P3,1,practice,2026-04-11 20:00:00,87.1,1
uuid-2569-2119,2569,2569-S4-P3,4,practice,2026-04-11 21:00:00,100.0,1
uuid-2569-2119,2569,2569-S6-P3,6,practice,2026-04-09 21:00:00,89.9,1
uuid-2569-2119,2569,2569-S1-P4,1,practice,2026-05-03 20:00:00,100.0,1
uuid-2569-2119,2569,2569-S4-P4,4,practice,2026-05-02 16:00:00,99.2,1
uuid-2569-2119,2569,2569-S6-P4,6,practice,2026-05-03 17:00:00,81.7,1
uuid-2569-2119,2569,2569-S4-C2,4,checkpoint,2026-05-16 21:00:00,95.1,1
uuid-2569-2119,2569,2569-S6-C2,6,checkpoint,2026-05-15 17:00:00,99.1,1
uuid-2569-2119,2569,2569-S4-P5,4,practice,2026-05-22 22:00:00,84.4,1
uuid-2569-2119,2569,2569-S6-P5,6,practice,2026-05-23 22:00:00,72.8,1
uuid-2569-2119,2569,2569-S1-P6,1,practice,2026-06-13 22:00:00,76.4,1
uuid-2569-2119,2569,2569-S4-P6,4,practice,2026-06-14 16:00:00,90.8,1
uuid-2569-2119,2569,2569-S5-P6,5,practice,2026-06-11 17:00:00,86.0,1
uuid-2569-2119,2569,2569-S6-P6,6,practice,2026-06-12 22:00:00,93.7,1
uuid-2569-2119,2569,2569-S4-C3,4,checkpoint,2026-06-23 22:00:00,86.0,1
uuid-2569-2119,2569,2569-S5-C3,5,checkpoint,2026-06-22 19:00:00,85.6,1
uuid-2569-2119,2569,2569-S6-C3,6,checkpoint,2026-06-27 19:00:00,71.2,1
uuid-2569-2119,2569,2569-S5-P7,5,practice,2026-07-04 18:00:00,96.3,1
uuid-2569-2119,2569,2569-S6-P7,6,practice,2026-07-03 21:00:00,100.0,1
uuid-2569-2119,2569,2569-S1-P8,1,practice,2026-07-23 21:00:00,87.5,1
uuid-2569-2119,2569,2569-S4-P8,4,practice,2026-07-21 20:00:00,89.2,1
uuid-2569-2119,2569,2569-S5-P8,5,practice,2026-07-26 22:00:00,100.0,1
uuid-2569-2119,2569,2569-S6-P8,6,practice,2026-07-22 19:00:00,88.6,1
uuid-2569-2120,2569,2569-S6-P2,6,practice,2026-03-16 21:00:00,51.2,1
uuid-2569-2120,2569,2569-S4-C1,4,checkpoint,2026-04-03 18:00:00,85.1,1
uuid-2569-2120,2569,2569-S1-P3,1,practice,2026-04-11 21:00:00,78.9,1
uuid-2569-2120,2569,2569-S4-P3,4,practice,2026-04-08 21:00:00,52.7,1
uuid-2569-2120,2569,2569-S6-P3,6,practice,2026-04-12 21:00:00,87.3,1
uuid-2569-2120,2569,2569-S5-P4,5,practice,2026-04-28 17:00:00,78.7,1
uuid-2569-2120,2569,2569-S6-P4,6,practice,2026-04-30 16:00:00,90.7,1
uuid-2569-2120,2569,2569-S4-C2,4,checkpoint,2026-05-13 16:00:00,69.1,1
uuid-2569-2120,2569,2569-S5-C2,5,checkpoint,2026-05-12 20:00:00,95.5,1
uuid-2569-2120,2569,2569-S6-C2,6,checkpoint,2026-05-17 17:00:00,95.1,1
uuid-2569-2120,2569,2569-S1-P5,1,practice,2026-05-21 21:00:00,100.0,1
uuid-2569-2120,2569,2569-S4-P5,4,practice,2026-05-20 20:00:00,89.4,1
uuid-2569-2120,2569,2569-S6-P5,6,practice,2026-05-20 16:00:00,95.5,1
uuid-2569-2120,2569,2569-S1-P6,1,practice,2026-06-10 21:00:00,85.1,1
uuid-2569-2120,2569,2569-S5-P6,5,practice,2026-06-12 16:00:00,67.1,1
uuid-2569-2120,2569,2569-S4-C3,4,checkpoint,2026-06-25 20:00:00,70.4,1
uuid-2569-2120,2569,2569-S5-C3,5,checkpoint,2026-06-22 18:00:00,85.9,1
uuid-2569-2120,2569,2569-S5-P7,5,practice,2026-06-30 21:00:00,80.1,1
uuid-2569-2120,2569,2569-S6-P7,6,practice,2026-07-03 16:00:00,86.7,1
uuid-2569-2120,2569,2569-S1-P8,1,practice,2026-07-20 22:00:00,97.1,1
uuid-2569-2120,2569,2569-S4-P8,4,practice,2026-07-24 20:00:00,53.8,1
uuid-2569-2120,2569,2569-S5-P8,5,practice,2026-07-26 17:00:00,83.8,1
uuid-2569-2121,2569,2569-S1-P3,1,practice,2026-04-09 21:00:00,92.5,1
uuid-2569-2121,2569,2569-S5-P3,5,practice,2026-04-12 18:00:00,81.5,1
uuid-2569-2121,2569,2569-S6-P3,6,practice,2026-04-11 20:00:00,99.9,1
uuid-2569-2121,2569,2569-S1-P4,1,practice,2026-05-01 22:00:00,90.5,1
uuid-2569-2121,2569,2569-S4-P4,4,practice,2026-04-27 16:00:00,93.7,1
uuid-2569-2121,2569,2569-S5-P4,5,practice,2026-04-28 16:00:00,79.2,1
uuid-2569-2121,2569,2569-S6-P4,6,practice,2026-05-03 22:00:00,82.5,1
uuid-2569-2121,2569,2569-S1-C2,1,checkpoint,2026-05-17 21:00:00,100.0,1
uuid-2569-2121,2569,2569-S5-C2,5,checkpoint,2026-05-17 21:00:00,77.7,1
uuid-2569-2121,2569,2569-S1-P5,1,practice,2026-05-23 20:00:00,87.1,1
uuid-2569-2121,2569,2569-S4-P5,4,practice,2026-05-22 20:00:00,93.6,1
uuid-2569-2121,2569,2569-S5-P5,5,practice,2026-05-21 20:00:00,89.5,1
uuid-2569-2121,2569,2569-S6-P5,6,practice,2026-05-18 16:00:00,76.4,1
uuid-2569-2121,2569,2569-S1-P6,1,practice,2026-06-14 17:00:00,96.3,1
uuid-2569-2121,2569,2569-S4-P6,4,practice,2026-06-09 19:00:00,84.7,1
uuid-2569-2121,2569,2569-S5-P6,5,practice,2026-06-12 16:00:00,100.0,1
uuid-2569-2121,2569,2569-S6-P6,6,practice,2026-06-10 16:00:00,100.0,1
uuid-2569-2121,2569,2569-S1-C3,1,checkpoint,2026-06-23 16:00:00,90.7,1
uuid-2569-2121,2569,2569-S4-C3,4,checkpoint,2026-06-24 17:00:00,100.0,1
uuid-2569-2121,2569,2569-S5-C3,5,checkpoint,2026-06-25 18:00:00,71.0,1
uuid-2569-2121,2569,2569-S6-C3,6,checkpoint,2026-06-26 22:00:00,81.1,1
uuid-2569-2121,2569,2569-S1-P7,1,practice,2026-06-29 18:00:00,98.0,1
uuid-2569-2121,2569,2569-S4-P7,4,practice,2026-06-29 16:00:00,83.8,1
uuid-2569-2121,2569,2569-S5-P7,5,practice,2026-07-04 16:00:00,69.7,1
uuid-2569-2121,2569,2569-S6-P7,6,practice,2026-07-03 19:00:00,91.8,1
uuid-2569-2121,2569,2569-S1-P8,1,practice,2026-07-26 20:00:00,67.3,1
uuid-2569-2121,2569,2569-S4-P8,4,practice,2026-07-22 21:00:00,93.1,1
uuid-2569-2121,2569,2569-S5-P8,5,practice,2026-07-25 16:00:00,82.2,1
uuid-2569-2121,2569,2569-S6-P8,6,practice,2026-07-21 21:00:00,62.7,1
uuid-2569-2122,2569,2569-S5-P2,5,practice,2026-03-22 16:00:00,93.4,1
uuid-2569-2122,2569,2569-S6-P2,6,practice,2026-03-19 22:00:00,67.3,1
uuid-2569-2122,2569,2569-S4-C1,4,checkpoint,2026-04-05 22:00:00,95.2,1
uuid-2569-2122,2569,2569-S5-C1,5,checkpoint,2026-04-02 19:00:00,70.5,1
uuid-2569-2122,2569,2569-S6-C1,6,checkpoint,2026-04-05 21:00:00,96.1,1
uuid-2569-2122,2569,2569-S1-P3,1,practice,2026-04-11 21:00:00,70.2,1
uuid-2569-2122,2569,2569-S4-P3,4,practice,2026-04-09 18:00:00,78.0,1
uuid-2569-2122,2569,2569-S5-P3,5,practice,2026-04-06 21:00:00,94.8,1
uuid-2569-2122,2569,2569-S6-P3,6,practice,2026-04-11 17:00:00,88.0,1
uuid-2569-2122,2569,2569-S1-P4,1,practice,2026-05-03 22:00:00,83.8,1
uuid-2569-2122,2569,2569-S4-P4,4,practice,2026-04-30 17:00:00,90.4,1
uuid-2569-2122,2569,2569-S5-P4,5,practice,2026-04-27 19:00:00,72.9,1
uuid-2569-2122,2569,2569-S6-P4,6,practice,2026-05-01 18:00:00,94.6,1
uuid-2569-2122,2569,2569-S1-C2,1,checkpoint,2026-05-12 21:00:00,100.0,1
uuid-2569-2122,2569,2569-S4-C2,4,checkpoint,2026-05-12 21:00:00,86.0,1
uuid-2569-2122,2569,2569-S5-C2,5,checkpoint,2026-05-17 21:00:00,71.3,1
uuid-2569-2122,2569,2569-S6-C2,6,checkpoint,2026-05-12 21:00:00,100.0,1
uuid-2569-2122,2569,2569-S4-P5,4,practice,2026-05-20 16:00:00,71.8,1
uuid-2569-2122,2569,2569-S1-P6,1,practice,2026-06-09 18:00:00,69.6,1
uuid-2569-2122,2569,2569-S4-P6,4,practice,2026-06-11 19:00:00,100.0,1
uuid-2569-2122,2569,2569-S5-P6,5,practice,2026-06-13 20:00:00,80.3,1
uuid-2569-2122,2569,2569-S6-P6,6,practice,2026-06-09 22:00:00,86.9,1
uuid-2569-2122,2569,2569-S4-C3,4,checkpoint,2026-06-26 22:00:00,75.7,1
uuid-2569-2122,2569,2569-S6-C3,6,checkpoint,2026-06-25 19:00:00,60.4,1
uuid-2569-2122,2569,2569-S4-P7,4,practice,2026-07-02 20:00:00,76.5,1
uuid-2569-2122,2569,2569-S5-P7,5,practice,2026-06-29 18:00:00,100.0,1
uuid-2569-2122,2569,2569-S6-P7,6,practice,2026-07-05 18:00:00,90.3,1
uuid-2569-2122,2569,2569-S1-P8,1,practice,2026-07-20 19:00:00,85.4,1
uuid-2569-2122,2569,2569-S4-P8,4,practice,2026-07-21 16:00:00,54.8,1
uuid-2569-2122,2569,2569-S5-P8,5,practice,2026-07-20 18:00:00,99.5,1
uuid-2569-2122,2569,2569-S6-P8,6,practice,2026-07-24 18:00:00,100.0,1
uuid-2569-2123,2569,2569-S1-P2,1,practice,2026-03-17 22:00:00,90.3,1
uuid-2569-2123,2569,2569-S4-P2,4,practice,2026-03-20 22:00:00,88.7,1
uuid-2569-2123,2569,2569-S5-P2,5,practice,2026-03-20 19:00:00,81.0,1
uuid-2569-2123,2569,2569-S6-P2,6,practice,2026-03-21 17:00:00,88.3,1
uuid-2569-2123,2569,2569-S4-C1,4,checkpoint,2026-04-05 17:00:00,100.0,1
uuid-2569-2123,2569,2569-S1-P3,1,practice,2026-04-11 17:00:00,89.9,1
uuid-2569-2123,2569,2569-S4-P3,4,practice,2026-04-12 21:00:00,100.0,1
uuid-2569-2123,2569,2569-S5-P3,5,practice,2026-04-12 19:00:00,72.2,1
uuid-2569-2123,2569,2569-S6-P3,6,practice,2026-04-11 21:00:00,68.5,1
uuid-2569-2123,2569,2569-S1-P4,1,practice,2026-04-29 19:00:00,81.2,1
uuid-2569-2123,2569,2569-S4-P4,4,practice,2026-04-29 16:00:00,91.3,1
uuid-2569-2123,2569,2569-S5-P4,5,practice,2026-04-27 19:00:00,66.4,1
uuid-2569-2123,2569,2569-S6-P4,6,practice,2026-04-27 22:00:00,100.0,1
uuid-2569-2123,2569,2569-S1-C2,1,checkpoint,2026-05-17 22:00:00,84.2,1
uuid-2569-2123,2569,2569-S4-C2,4,checkpoint,2026-05-15 19:00:00,78.2,1
uuid-2569-2123,2569,2569-S6-C2,6,checkpoint,2026-05-14 17:00:00,85.3,1
uuid-2569-2123,2569,2569-S4-P5,4,practice,2026-05-19 19:00:00,75.2,1
uuid-2569-2123,2569,2569-S5-P5,5,practice,2026-05-21 22:00:00,100.0,1
uuid-2569-2123,2569,2569-S6-P5,6,practice,2026-05-23 16:00:00,92.2,1
uuid-2569-2123,2569,2569-S1-P6,1,practice,2026-06-09 19:00:00,73.1,1
uuid-2569-2123,2569,2569-S5-P6,5,practice,2026-06-09 17:00:00,86.1,1
uuid-2569-2123,2569,2569-S1-C3,1,checkpoint,2026-06-28 18:00:00,62.5,1
uuid-2569-2123,2569,2569-S4-C3,4,checkpoint,2026-06-22 19:00:00,87.0,1
uuid-2569-2123,2569,2569-S5-C3,5,checkpoint,2026-06-24 22:00:00,82.6,1
uuid-2569-2123,2569,2569-S1-P7,1,practice,2026-07-04 17:00:00,93.2,1
uuid-2569-2123,2569,2569-S4-P7,4,practice,2026-07-03 22:00:00,73.2,1
uuid-2569-2123,2569,2569-S6-P7,6,practice,2026-07-02 21:00:00,94.9,1
uuid-2569-2123,2569,2569-S1-P8,1,practice,2026-07-24 18:00:00,79.3,1
uuid-2569-2123,2569,2569-S5-P8,5,practice,2026-07-20 17:00:00,61.3,1
uuid-2569-2123,2569,2569-S6-P8,6,practice,2026-07-25 22:00:00,81.1,1
uuid-2569-2124,2569,2569-S1-P2,1,practice,2026-03-20 22:00:00,82.7,1
uuid-2569-2124,2569,2569-S4-P2,4,practice,2026-03-22 16:00:00,73.7,1
uuid-2569-2124,2569,2569-S5-C1,5,checkpoint,2026-03-31 18:00:00,70.3,1
uuid-2569-2124,2569,2569-S1-P3,1,practice,2026-04-12 19:00:00,70.9,1
uuid-2569-2124,2569,2569-S5-P3,5,practice,2026-04-06 16:00:00,61.0,1
uuid-2569-2124,2569,2569-S1-P4,1,practice,2026-04-27 21:00:00,50.7,1
uuid-2569-2124,2569,2569-S4-P4,4,practice,2026-04-30 19:00:00,61.2,1
uuid-2569-2124,2569,2569-S6-P4,6,practice,2026-04-28 20:00:00,63.6,1
uuid-2569-2124,2569,2569-S1-C2,1,checkpoint,2026-05-14 19:00:00,54.2,1
uuid-2569-2124,2569,2569-S4-C2,4,checkpoint,2026-05-15 18:00:00,51.1,1
uuid-2569-2124,2569,2569-S5-C2,5,checkpoint,2026-05-11 18:00:00,74.0,1
uuid-2569-2124,2569,2569-S1-P5,1,practice,2026-05-21 20:00:00,66.5,1
uuid-2569-2124,2569,2569-S4-P5,4,practice,2026-05-19 18:00:00,65.3,1
uuid-2569-2124,2569,2569-S5-P5,5,practice,2026-05-24 19:00:00,71.7,1
uuid-2569-2124,2569,2569-S1-C3,1,checkpoint,2026-06-25 22:00:00,74.7,1
uuid-2569-2124,2569,2569-S4-C3,4,checkpoint,2026-06-27 17:00:00,63.6,1
uuid-2569-2124,2569,2569-S5-C3,5,checkpoint,2026-06-28 20:00:00,75.2,1
uuid-2569-2124,2569,2569-S1-P7,1,practice,2026-07-02 22:00:00,59.9,1
uuid-2569-2124,2569,2569-S4-P7,4,practice,2026-07-03 16:00:00,75.5,1
uuid-2569-2124,2569,2569-S5-P7,5,practice,2026-07-04 21:00:00,69.7,1
uuid-2569-2124,2569,2569-S1-P8,1,practice,2026-07-23 21:00:00,65.6,1
uuid-2569-2124,2569,2569-S4-P8,4,practice,2026-07-24 17:00:00,58.1,1
uuid-2569-2124,2569,2569-S5-P8,5,practice,2026-07-22 16:00:00,68.3,1
uuid-2569-2124,2569,2569-S6-P8,6,practice,2026-07-22 19:00:00,68.6,1
uuid-2569-2125,2569,2569-S4-P2,4,practice,2026-03-19 18:00:00,74.2,1
uuid-2569-2125,2569,2569-S5-P2,5,practice,2026-03-21 21:00:00,73.9,1
uuid-2569-2125,2569,2569-S6-P2,6,practice,2026-03-21 18:00:00,68.8,1
uuid-2569-2125,2569,2569-S1-C1,1,checkpoint,2026-04-02 17:00:00,80.8,1
uuid-2569-2125,2569,2569-S6-C1,6,checkpoint,2026-04-02 18:00:00,79.5,1
uuid-2569-2125,2569,2569-S1-P3,1,practice,2026-04-11 22:00:00,51.7,1
uuid-2569-2125,2569,2569-S4-P3,4,practice,2026-04-11 21:00:00,77.1,1
uuid-2569-2125,2569,2569-S6-P3,6,practice,2026-04-10 21:00:00,78.3,1
uuid-2569-2125,2569,2569-S1-P4,1,practice,2026-04-29 18:00:00,44.7,0
uuid-2569-2125,2569,2569-S4-P4,4,practice,2026-05-01 19:00:00,84.3,1
uuid-2569-2125,2569,2569-S6-P4,6,practice,2026-05-02 19:00:00,74.6,1
uuid-2569-2125,2569,2569-S1-C2,1,checkpoint,2026-05-17 22:00:00,43.7,0
uuid-2569-2125,2569,2569-S4-C2,4,checkpoint,2026-05-17 22:00:00,65.0,1
uuid-2569-2125,2569,2569-S5-C2,5,checkpoint,2026-05-13 20:00:00,80.2,1
uuid-2569-2125,2569,2569-S6-C2,6,checkpoint,2026-05-17 22:00:00,59.9,1
uuid-2569-2125,2569,2569-S1-P5,1,practice,2026-05-22 20:00:00,53.8,1
uuid-2569-2125,2569,2569-S5-P5,5,practice,2026-05-18 17:00:00,53.3,1
uuid-2569-2125,2569,2569-S6-P5,6,practice,2026-05-18 20:00:00,47.4,0
uuid-2569-2125,2569,2569-S1-P6,1,practice,2026-06-09 22:00:00,86.0,1
uuid-2569-2125,2569,2569-S4-P6,4,practice,2026-06-10 16:00:00,70.0,1
uuid-2569-2125,2569,2569-S5-P6,5,practice,2026-06-08 21:00:00,83.3,1
uuid-2569-2125,2569,2569-S1-C3,1,checkpoint,2026-06-26 22:00:00,58.4,1
uuid-2569-2125,2569,2569-S4-C3,4,checkpoint,2026-06-24 17:00:00,76.6,1
uuid-2569-2125,2569,2569-S5-C3,5,checkpoint,2026-06-24 19:00:00,81.3,1
uuid-2569-2125,2569,2569-S6-C3,6,checkpoint,2026-06-25 22:00:00,41.8,0
uuid-2569-2125,2569,2569-S1-P7,1,practice,2026-07-05 21:00:00,73.2,1
uuid-2569-2125,2569,2569-S5-P7,5,practice,2026-07-04 22:00:00,63.1,1
uuid-2569-2126,2569,2569-S4-P2,4,practice,2026-03-21 18:00:00,40.9,0
uuid-2569-2126,2569,2569-S5-P2,5,practice,2026-03-17 20:00:00,59.9,1
uuid-2569-2126,2569,2569-S5-C1,5,checkpoint,2026-04-03 18:00:00,69.4,1
uuid-2569-2126,2569,2569-S6-C1,6,checkpoint,2026-04-05 20:00:00,45.7,0
uuid-2569-2126,2569,2569-S6-P3,6,practice,2026-04-07 18:00:00,81.5,1
uuid-2569-2126,2569,2569-S1-P5,1,practice,2026-05-23 20:00:00,54.2,1
uuid-2569-2126,2569,2569-S4-P5,4,practice,2026-05-23 21:00:00,57.6,1
uuid-2569-2126,2569,2569-S6-P5,6,practice,2026-05-24 18:00:00,52.1,1
uuid-2569-2126,2569,2569-S5-P6,5,practice,2026-06-11 20:00:00,63.2,1
uuid-2569-2126,2569,2569-S6-C3,6,checkpoint,2026-06-23 22:00:00,79.9,1
uuid-2569-2126,2569,2569-S5-P7,5,practice,2026-07-01 22:00:00,53.4,1
uuid-2569-2126,2569,2569-S6-P7,6,practice,2026-07-02 21:00:00,58.8,1
uuid-2569-2127,2569,2569-S1-P6,1,practice,2026-06-12 18:00:00,85.2,1
uuid-2569-2127,2569,2569-S4-P6,4,practice,2026-06-09 17:00:00,88.6,1
uuid-2569-2127,2569,2569-S5-P6,5,practice,2026-06-11 19:00:00,100.0,1
uuid-2569-2127,2569,2569-S6-P6,6,practice,2026-06-10 19:00:00,86.0,1
uuid-2569-2127,2569,2569-S1-C3,1,checkpoint,2026-06-25 18:00:00,93.8,1
uuid-2569-2127,2569,2569-S4-C3,4,checkpoint,2026-06-22 18:00:00,88.9,1
uuid-2569-2127,2569,2569-S5-C3,5,checkpoint,2026-06-22 18:00:00,83.7,1
uuid-2569-2127,2569,2569-S1-P7,1,practice,2026-07-02 18:00:00,93.5,1
uuid-2569-2127,2569,2569-S6-P7,6,practice,2026-06-29 18:00:00,94.6,1
uuid-2569-2127,2569,2569-S1-P8,1,practice,2026-07-26 20:00:00,88.7,1
uuid-2569-2127,2569,2569-S4-P8,4,practice,2026-07-25 17:00:00,76.2,1
uuid-2569-2127,2569,2569-S5-P8,5,practice,2026-07-20 21:00:00,64.3,1
uuid-2569-2127,2569,2569-S6-P8,6,practice,2026-07-26 22:00:00,62.8,1
uuid-2569-2128,2569,2569-S1-C2,1,checkpoint,2026-05-16 16:00:00,77.4,1
uuid-2569-2128,2569,2569-S5-C2,5,checkpoint,2026-05-11 19:00:00,73.3,1
uuid-2569-2128,2569,2569-S4-P5,4,practice,2026-05-21 22:00:00,74.0,1
uuid-2569-2129,2569,2569-S1-P3,1,practice,2026-04-10 19:00:00,84.1,1
uuid-2569-2129,2569,2569-S4-P3,4,practice,2026-04-08 16:00:00,93.1,1
uuid-2569-2129,2569,2569-S5-P3,5,practice,2026-04-10 16:00:00,81.3,1
uuid-2569-2129,2569,2569-S1-P4,1,practice,2026-04-29 20:00:00,97.5,1
uuid-2569-2129,2569,2569-S4-P4,4,practice,2026-05-03 16:00:00,70.0,1
uuid-2569-2129,2569,2569-S1-C2,1,checkpoint,2026-05-13 20:00:00,85.9,1
uuid-2569-2129,2569,2569-S4-C2,4,checkpoint,2026-05-14 19:00:00,92.9,1
uuid-2569-2129,2569,2569-S5-C2,5,checkpoint,2026-05-14 21:00:00,96.7,1
uuid-2569-2129,2569,2569-S1-P5,1,practice,2026-05-19 17:00:00,100.0,1
uuid-2569-2129,2569,2569-S4-P5,4,practice,2026-05-21 20:00:00,78.6,1
uuid-2569-2129,2569,2569-S5-P5,5,practice,2026-05-19 17:00:00,91.4,1
uuid-2569-2129,2569,2569-S1-P6,1,practice,2026-06-13 16:00:00,89.0,1
uuid-2569-2129,2569,2569-S4-P6,4,practice,2026-06-10 21:00:00,100.0,1
uuid-2569-2129,2569,2569-S5-P6,5,practice,2026-06-08 17:00:00,89.0,1
uuid-2569-2129,2569,2569-S1-C3,1,checkpoint,2026-06-28 17:00:00,89.1,1
uuid-2569-2129,2569,2569-S4-C3,4,checkpoint,2026-06-27 19:00:00,82.6,1
uuid-2569-2129,2569,2569-S4-P7,4,practice,2026-07-02 16:00:00,86.6,1
uuid-2569-2129,2569,2569-S5-P7,5,practice,2026-06-30 21:00:00,95.5,1
uuid-2569-2129,2569,2569-S1-P8,1,practice,2026-07-24 19:00:00,79.4,1
uuid-2569-2129,2569,2569-S4-P8,4,practice,2026-07-21 20:00:00,83.7,1
uuid-2569-2129,2569,2569-S5-P8,5,practice,2026-07-24 16:00:00,100.0,1
uuid-2569-2130,2569,2569-S1-P3,1,practice,2026-04-06 16:00:00,91.4,1
uuid-2569-2130,2569,2569-S4-P3,4,practice,2026-04-08 22:00:00,72.0,1
uuid-2569-2130,2569,2569-S6-P3,6,practice,2026-04-06 19:00:00,100.0,1
uuid-2569-2130,2569,2569-S1-P4,1,practice,2026-05-02 20:00:00,67.5,1
uuid-2569-2130,2569,2569-S4-P4,4,practice,2026-05-02 17:00:00,100.0,1
uuid-2569-2130,2569,2569-S5-P4,5,practice,2026-04-27 22:00:00,70.3,1
uuid-2569-2130,2569,2569-S6-P4,6,practice,2026-05-02 20:00:00,75.9,1
uuid-2569-2130,2569,2569-S1-C2,1,checkpoint,2026-05-12 17:00:00,81.9,1
uuid-2569-2130,2569,2569-S4-C2,4,checkpoint,2026-05-15 20:00:00,92.2,1
uuid-2569-2130,2569,2569-S5-C2,5,checkpoint,2026-05-11 18:00:00,100.0,1
uuid-2569-2130,2569,2569-S6-C2,6,checkpoint,2026-05-14 21:00:00,82.0,1
uuid-2569-2130,2569,2569-S1-P5,1,practice,2026-05-21 22:00:00,93.1,1
uuid-2569-2130,2569,2569-S4-P5,4,practice,2026-05-23 16:00:00,75.4,1
uuid-2569-2130,2569,2569-S5-P5,5,practice,2026-05-21 20:00:00,68.8,1
uuid-2569-2130,2569,2569-S6-P5,6,practice,2026-05-20 16:00:00,83.0,1
uuid-2569-2130,2569,2569-S1-P6,1,practice,2026-06-09 22:00:00,81.6,1
uuid-2569-2130,2569,2569-S4-P6,4,practice,2026-06-13 17:00:00,80.0,1
uuid-2569-2130,2569,2569-S6-P6,6,practice,2026-06-10 19:00:00,100.0,1
uuid-2569-2130,2569,2569-S1-C3,1,checkpoint,2026-06-27 20:00:00,92.7,1
uuid-2569-2130,2569,2569-S4-C3,4,checkpoint,2026-06-28 22:00:00,100.0,1
uuid-2569-2130,2569,2569-S6-C3,6,checkpoint,2026-06-23 20:00:00,80.2,1
uuid-2569-2130,2569,2569-S1-P7,1,practice,2026-06-29 19:00:00,87.3,1
uuid-2569-2130,2569,2569-S4-P7,4,practice,2026-07-03 21:00:00,89.5,1
uuid-2569-2130,2569,2569-S5-P7,5,practice,2026-07-03 22:00:00,95.1,1
uuid-2569-2130,2569,2569-S6-P7,6,practice,2026-07-01 20:00:00,92.3,1
uuid-2569-2130,2569,2569-S1-P8,1,practice,2026-07-25 20:00:00,94.9,1
uuid-2569-2130,2569,2569-S5-P8,5,practice,2026-07-26 16:00:00,100.0,1
uuid-2569-2130,2569,2569-S6-P8,6,practice,2026-07-26 22:00:00,63.2,1
uuid-2569-2131,2569,2569-S1-P2,1,practice,2026-03-22 16:00:00,68.3,1
uuid-2569-2131,2569,2569-S5-P2,5,practice,2026-03-17 16:00:00,58.1,1
uuid-2569-2131,2569,2569-S6-P2,6,practice,2026-03-19 17:00:00,57.4,1
uuid-2569-2131,2569,2569-S1-C1,1,checkpoint,2026-04-02 22:00:00,54.6,1
uuid-2569-2131,2569,2569-S5-C1,5,checkpoint,2026-04-01 17:00:00,64.0,1
uuid-2569-2131,2569,2569-S6-C1,6,checkpoint,2026-04-04 20:00:00,60.1,1
uuid-2569-2131,2569,2569-S1-P3,1,practice,2026-04-10 18:00:00,80.1,1
uuid-2569-2131,2569,2569-S5-P3,5,practice,2026-04-07 21:00:00,78.3,1
uuid-2569-2131,2569,2569-S5-P4,5,practice,2026-05-01 19:00:00,78.3,1
uuid-2569-2131,2569,2569-S5-C2,5,checkpoint,2026-05-15 17:00:00,57.4,1
uuid-2569-2131,2569,2569-S6-C2,6,checkpoint,2026-05-14 21:00:00,82.0,1
uuid-2569-2131,2569,2569-S1-P5,1,practice,2026-05-24 16:00:00,59.0,1
uuid-2569-2131,2569,2569-S5-P5,5,practice,2026-05-21 21:00:00,94.4,1
uuid-2569-2131,2569,2569-S6-P5,6,practice,2026-05-20 16:00:00,56.6,1
uuid-2569-2131,2569,2569-S5-P6,5,practice,2026-06-10 18:00:00,86.6,1
uuid-2569-2131,2569,2569-S6-P6,6,practice,2026-06-10 17:00:00,71.8,1
uuid-2569-2131,2569,2569-S1-C3,1,checkpoint,2026-06-26 19:00:00,79.6,1
uuid-2569-2131,2569,2569-S5-C3,5,checkpoint,2026-06-22 18:00:00,86.9,1
uuid-2569-2131,2569,2569-S6-C3,6,checkpoint,2026-06-22 18:00:00,62.7,1
uuid-2569-2131,2569,2569-S1-P7,1,practice,2026-06-30 22:00:00,72.5,1
uuid-2569-2131,2569,2569-S5-P7,5,practice,2026-07-03 22:00:00,58.4,1
uuid-2569-2131,2569,2569-S1-P8,1,practice,2026-07-26 18:00:00,83.5,1
uuid-2569-2131,2569,2569-S6-P8,6,practice,2026-07-26 17:00:00,70.0,1
uuid-2569-2132,2569,2569-S1-P2,1,practice,2026-03-22 22:00:00,62.4,1
uuid-2569-2132,2569,2569-S4-P2,4,practice,2026-03-20 17:00:00,75.2,1
uuid-2569-2132,2569,2569-S1-C1,1,checkpoint,2026-04-03 22:00:00,66.5,1
uuid-2569-2132,2569,2569-S4-C1,4,checkpoint,2026-04-03 18:00:00,82.1,1
uuid-2569-2132,2569,2569-S4-P3,4,practice,2026-04-09 19:00:00,74.5,1
uuid-2569-2132,2569,2569-S1-C2,1,checkpoint,2026-05-12 16:00:00,84.2,1
uuid-2569-2132,2569,2569-S4-C2,4,checkpoint,2026-05-15 21:00:00,75.2,1
uuid-2569-2132,2569,2569-S1-P5,1,practice,2026-05-20 19:00:00,74.3,1
uuid-2569-2132,2569,2569-S1-P6,1,practice,2026-06-09 20:00:00,75.1,1
uuid-2569-2132,2569,2569-S4-P7,4,practice,2026-07-05 20:00:00,75.7,1
uuid-2569-2132,2569,2569-S1-P8,1,practice,2026-07-23 22:00:00,78.8,1
uuid-2569-2132,2569,2569-S4-P8,4,practice,2026-07-24 21:00:00,97.6,1
uuid-2569-2133,2569,2569-S4-P2,4,practice,2026-03-21 19:00:00,100.0,1
uuid-2569-2133,2569,2569-S5-P2,5,practice,2026-03-19 20:00:00,79.2,1
uuid-2569-2133,2569,2569-S6-P2,6,practice,2026-03-21 19:00:00,100.0,1
uuid-2569-2133,2569,2569-S1-C1,1,checkpoint,2026-04-04 22:00:00,70.6,1
uuid-2569-2133,2569,2569-S4-C1,4,checkpoint,2026-04-02 19:00:00,100.0,1
uuid-2569-2133,2569,2569-S5-C1,5,checkpoint,2026-04-02 18:00:00,79.4,1
uuid-2569-2133,2569,2569-S6-C1,6,checkpoint,2026-04-02 18:00:00,97.4,1
uuid-2569-2133,2569,2569-S4-P3,4,practice,2026-04-10 21:00:00,84.7,1
uuid-2569-2133,2569,2569-S5-P3,5,practice,2026-04-07 22:00:00,73.3,1
uuid-2569-2133,2569,2569-S1-P4,1,practice,2026-05-01 16:00:00,71.0,1
uuid-2569-2133,2569,2569-S4-P4,4,practice,2026-04-27 19:00:00,98.7,1
uuid-2569-2133,2569,2569-S5-P4,5,practice,2026-05-02 16:00:00,94.1,1
uuid-2569-2133,2569,2569-S6-P4,6,practice,2026-05-03 17:00:00,93.2,1
uuid-2569-2133,2569,2569-S1-C2,1,checkpoint,2026-05-13 19:00:00,69.4,1
uuid-2569-2133,2569,2569-S4-C2,4,checkpoint,2026-05-12 22:00:00,77.6,1
uuid-2569-2133,2569,2569-S5-C2,5,checkpoint,2026-05-16 21:00:00,86.1,1
uuid-2569-2133,2569,2569-S6-C2,6,checkpoint,2026-05-11 16:00:00,99.4,1
uuid-2569-2133,2569,2569-S1-P5,1,practice,2026-05-19 22:00:00,51.4,1
uuid-2569-2133,2569,2569-S4-P5,4,practice,2026-05-19 19:00:00,100.0,1
uuid-2569-2133,2569,2569-S5-P5,5,practice,2026-05-21 17:00:00,77.9,1
uuid-2569-2133,2569,2569-S6-P5,6,practice,2026-05-21 21:00:00,82.6,1
uuid-2569-2133,2569,2569-S1-P6,1,practice,2026-06-14 17:00:00,95.3,1
uuid-2569-2133,2569,2569-S4-P6,4,practice,2026-06-08 22:00:00,99.5,1
uuid-2569-2133,2569,2569-S6-P6,6,practice,2026-06-08 18:00:00,95.4,1
uuid-2569-2133,2569,2569-S1-C3,1,checkpoint,2026-06-23 21:00:00,96.2,1
uuid-2569-2133,2569,2569-S4-C3,4,checkpoint,2026-06-28 16:00:00,68.1,1
uuid-2569-2133,2569,2569-S5-C3,5,checkpoint,2026-06-24 17:00:00,84.2,1
uuid-2569-2133,2569,2569-S6-C3,6,checkpoint,2026-06-22 21:00:00,79.0,1
uuid-2569-2133,2569,2569-S1-P7,1,practice,2026-06-29 22:00:00,84.7,1
uuid-2569-2133,2569,2569-S4-P7,4,practice,2026-07-02 22:00:00,79.6,1
uuid-2569-2133,2569,2569-S6-P7,6,practice,2026-07-02 17:00:00,73.0,1
uuid-2569-2133,2569,2569-S4-P8,4,practice,2026-07-24 22:00:00,81.2,1
uuid-2569-2133,2569,2569-S5-P8,5,practice,2026-07-20 19:00:00,78.0,1
uuid-2569-2133,2569,2569-S6-P8,6,practice,2026-07-20 17:00:00,84.7,1
uuid-2569-2134,2569,2569-S1-P2,1,practice,2026-03-17 17:00:00,72.5,1
uuid-2569-2134,2569,2569-S6-P2,6,practice,2026-03-21 19:00:00,82.0,1
uuid-2569-2134,2569,2569-S6-C1,6,checkpoint,2026-04-03 19:00:00,87.4,1
uuid-2569-2134,2569,2569-S1-P3,1,practice,2026-04-06 19:00:00,48.3,0
uuid-2569-2135,2569,2569-S1-P2,1,practice,2026-03-17 22:00:00,55.3,1
uuid-2569-2135,2569,2569-S6-P2,6,practice,2026-03-18 16:00:00,70.2,1
uuid-2569-2135,2569,2569-S4-C1,4,checkpoint,2026-04-01 19:00:00,60.1,1
uuid-2569-2135,2569,2569-S6-C1,6,checkpoint,2026-04-03 16:00:00,83.5,1
uuid-2569-2135,2569,2569-S1-P3,1,practice,2026-04-12 16:00:00,85.5,1
uuid-2569-2135,2569,2569-S4-P3,4,practice,2026-04-09 17:00:00,68.9,1
uuid-2569-2135,2569,2569-S5-P3,5,practice,2026-04-10 19:00:00,91.4,1
uuid-2569-2135,2569,2569-S1-P4,1,practice,2026-05-03 22:00:00,77.8,1
uuid-2569-2135,2569,2569-S5-P4,5,practice,2026-04-30 17:00:00,85.8,1
uuid-2569-2135,2569,2569-S6-P4,6,practice,2026-05-02 22:00:00,82.4,1
uuid-2569-2135,2569,2569-S4-C2,4,checkpoint,2026-05-12 20:00:00,92.4,1
uuid-2569-2135,2569,2569-S5-C2,5,checkpoint,2026-05-17 19:00:00,96.6,1
uuid-2569-2135,2569,2569-S6-C2,6,checkpoint,2026-05-13 19:00:00,65.9,1
uuid-2569-2135,2569,2569-S4-P5,4,practice,2026-05-19 18:00:00,80.6,1
uuid-2569-2135,2569,2569-S6-P5,6,practice,2026-05-20 19:00:00,68.3,1
uuid-2569-2135,2569,2569-S1-P6,1,practice,2026-06-14 19:00:00,79.2,1
uuid-2569-2135,2569,2569-S4-P6,4,practice,2026-06-08 16:00:00,95.6,1
uuid-2569-2135,2569,2569-S6-P6,6,practice,2026-06-10 20:00:00,82.9,1
uuid-2569-2135,2569,2569-S1-C3,1,checkpoint,2026-06-23 19:00:00,97.1,1
uuid-2569-2135,2569,2569-S4-C3,4,checkpoint,2026-06-22 21:00:00,89.6,1
uuid-2569-2135,2569,2569-S5-C3,5,checkpoint,2026-06-25 22:00:00,98.5,1
uuid-2569-2135,2569,2569-S4-P7,4,practice,2026-06-30 17:00:00,90.9,1
uuid-2569-2135,2569,2569-S5-P7,5,practice,2026-07-03 20:00:00,75.9,1
uuid-2569-2135,2569,2569-S6-P7,6,practice,2026-07-04 22:00:00,79.2,1
uuid-2569-2135,2569,2569-S1-P8,1,practice,2026-07-20 22:00:00,55.7,1
uuid-2569-2135,2569,2569-S4-P8,4,practice,2026-07-22 21:00:00,69.3,1
uuid-2569-2135,2569,2569-S5-P8,5,practice,2026-07-21 22:00:00,85.0,1
uuid-2569-2135,2569,2569-S6-P8,6,practice,2026-07-21 17:00:00,73.8,1
uuid-2569-2136,2569,2569-S1-P2,1,practice,2026-03-20 20:00:00,73.0,1
uuid-2569-2136,2569,2569-S4-P2,4,practice,2026-03-19 16:00:00,74.8,1
uuid-2569-2136,2569,2569-S5-P2,5,practice,2026-03-16 22:00:00,84.2,1
uuid-2569-2136,2569,2569-S1-C1,1,checkpoint,2026-04-05 17:00:00,70.3,1
uuid-2569-2136,2569,2569-S4-C1,4,checkpoint,2026-04-03 20:00:00,70.1,1
uuid-2569-2136,2569,2569-S5-C1,5,checkpoint,2026-04-02 16:00:00,76.6,1
uuid-2569-2136,2569,2569-S6-C1,6,checkpoint,2026-04-03 19:00:00,72.0,1
uuid-2569-2136,2569,2569-S1-P3,1,practice,2026-04-08 17:00:00,76.4,1
uuid-2569-2136,2569,2569-S6-P3,6,practice,2026-04-11 21:00:00,64.0,1
uuid-2569-2136,2569,2569-S5-P4,5,practice,2026-05-01 19:00:00,74.6,1
uuid-2569-2136,2569,2569-S6-P4,6,practice,2026-04-29 19:00:00,76.9,1
uuid-2569-2136,2569,2569-S1-C2,1,checkpoint,2026-05-14 22:00:00,75.8,1
uuid-2569-2136,2569,2569-S4-C2,4,checkpoint,2026-05-12 20:00:00,75.8,1
uuid-2569-2136,2569,2569-S5-C2,5,checkpoint,2026-05-12 18:00:00,78.5,1
uuid-2569-2136,2569,2569-S6-C2,6,checkpoint,2026-05-11 20:00:00,81.5,1
uuid-2569-2136,2569,2569-S5-P5,5,practice,2026-05-22 20:00:00,71.0,1
uuid-2569-2136,2569,2569-S4-P6,4,practice,2026-06-08 21:00:00,79.7,1
uuid-2569-2136,2569,2569-S5-P6,5,practice,2026-06-08 19:00:00,86.3,1
uuid-2569-2136,2569,2569-S6-P6,6,practice,2026-06-08 18:00:00,82.2,1
uuid-2569-2136,2569,2569-S1-C3,1,checkpoint,2026-06-22 22:00:00,53.5,1
uuid-2569-2136,2569,2569-S4-C3,4,checkpoint,2026-06-27 16:00:00,67.4,1
uuid-2569-2136,2569,2569-S6-C3,6,checkpoint,2026-06-26 17:00:00,80.4,1
uuid-2569-2136,2569,2569-S1-P7,1,practice,2026-07-02 21:00:00,75.3,1
uuid-2569-2136,2569,2569-S4-P7,4,practice,2026-07-04 20:00:00,72.9,1
uuid-2569-2136,2569,2569-S6-P7,6,practice,2026-07-05 16:00:00,75.4,1
uuid-2569-2136,2569,2569-S1-P8,1,practice,2026-07-25 20:00:00,66.0,1
uuid-2569-2136,2569,2569-S4-P8,4,practice,2026-07-24 16:00:00,88.9,1
uuid-2569-2136,2569,2569-S5-P8,5,practice,2026-07-25 16:00:00,69.3,1
uuid-2569-2137,2569,2569-S1-P2,1,practice,2026-03-21 18:00:00,96.8,1
uuid-2569-2137,2569,2569-S4-P2,4,practice,2026-03-18 19:00:00,64.4,1
uuid-2569-2137,2569,2569-S5-P2,5,practice,2026-03-21 18:00:00,95.4,1
uuid-2569-2137,2569,2569-S6-P2,6,practice,2026-03-20 20:00:00,92.8,1
uuid-2569-2137,2569,2569-S1-C1,1,checkpoint,2026-04-02 22:00:00,91.1,1
uuid-2569-2137,2569,2569-S4-C1,4,checkpoint,2026-03-31 16:00:00,74.7,1
uuid-2569-2137,2569,2569-S6-C1,6,checkpoint,2026-03-31 21:00:00,85.7,1
uuid-2569-2137,2569,2569-S1-P3,1,practice,2026-04-12 18:00:00,73.8,1
uuid-2569-2137,2569,2569-S4-P3,4,practice,2026-04-06 22:00:00,84.8,1
uuid-2569-2137,2569,2569-S5-P3,5,practice,2026-04-12 20:00:00,100.0,1
uuid-2569-2137,2569,2569-S6-P3,6,practice,2026-04-12 20:00:00,89.1,1
uuid-2569-2137,2569,2569-S1-P4,1,practice,2026-04-29 20:00:00,79.5,1
uuid-2569-2137,2569,2569-S4-P4,4,practice,2026-04-30 16:00:00,99.2,1
uuid-2569-2137,2569,2569-S5-P4,5,practice,2026-05-01 17:00:00,89.8,1
uuid-2569-2137,2569,2569-S6-P4,6,practice,2026-04-29 20:00:00,80.6,1
uuid-2569-2137,2569,2569-S1-C2,1,checkpoint,2026-05-14 22:00:00,84.5,1
uuid-2569-2137,2569,2569-S4-C2,4,checkpoint,2026-05-16 17:00:00,100.0,1
uuid-2569-2137,2569,2569-S5-C2,5,checkpoint,2026-05-15 21:00:00,89.3,1
uuid-2569-2137,2569,2569-S6-C2,6,checkpoint,2026-05-15 17:00:00,76.5,1
uuid-2569-2137,2569,2569-S1-P5,1,practice,2026-05-23 22:00:00,77.4,1
uuid-2569-2137,2569,2569-S4-P5,4,practice,2026-05-24 16:00:00,89.0,1
uuid-2569-2137,2569,2569-S5-P5,5,practice,2026-05-20 16:00:00,98.3,1
uuid-2569-2137,2569,2569-S6-P5,6,practice,2026-05-24 22:00:00,75.3,1
uuid-2569-2137,2569,2569-S1-P6,1,practice,2026-06-12 19:00:00,84.6,1
uuid-2569-2137,2569,2569-S4-P6,4,practice,2026-06-08 18:00:00,81.5,1
uuid-2569-2137,2569,2569-S5-P6,5,practice,2026-06-08 21:00:00,100.0,1
uuid-2569-2137,2569,2569-S6-P6,6,practice,2026-06-11 17:00:00,71.7,1
uuid-2569-2137,2569,2569-S1-C3,1,checkpoint,2026-06-23 22:00:00,80.8,1
uuid-2569-2137,2569,2569-S4-C3,4,checkpoint,2026-06-24 21:00:00,81.4,1
uuid-2569-2137,2569,2569-S5-C3,5,checkpoint,2026-06-27 16:00:00,81.5,1
uuid-2569-2137,2569,2569-S6-C3,6,checkpoint,2026-06-23 20:00:00,84.9,1
uuid-2569-2137,2569,2569-S1-P7,1,practice,2026-07-02 17:00:00,84.2,1
uuid-2569-2137,2569,2569-S4-P7,4,practice,2026-07-04 19:00:00,89.6,1
uuid-2569-2137,2569,2569-S5-P7,5,practice,2026-07-04 17:00:00,100.0,1
uuid-2569-2137,2569,2569-S6-P7,6,practice,2026-07-04 22:00:00,69.8,1
uuid-2569-2137,2569,2569-S1-P8,1,practice,2026-07-20 19:00:00,100.0,1
uuid-2569-2137,2569,2569-S4-P8,4,practice,2026-07-24 22:00:00,87.3,1
uuid-2569-2137,2569,2569-S5-P8,5,practice,2026-07-21 20:00:00,80.5,1
uuid-2569-2137,2569,2569-S6-P8,6,practice,2026-07-23 19:00:00,100.0,1
uuid-2569-2138,2569,2569-S1-P2,1,practice,2026-03-18 16:00:00,64.2,1
uuid-2569-2138,2569,2569-S4-P2,4,practice,2026-03-19 17:00:00,86.0,1
uuid-2569-2138,2569,2569-S5-P2,5,practice,2026-03-20 22:00:00,77.7,1
uuid-2569-2138,2569,2569-S6-P2,6,practice,2026-03-17 20:00:00,81.2,1
uuid-2569-2138,2569,2569-S1-C1,1,checkpoint,2026-04-01 16:00:00,78.7,1
uuid-2569-2138,2569,2569-S4-C1,4,checkpoint,2026-04-02 19:00:00,98.7,1
uuid-2569-2138,2569,2569-S5-C1,5,checkpoint,2026-03-30 18:00:00,90.3,1
uuid-2569-2138,2569,2569-S6-C1,6,checkpoint,2026-04-03 22:00:00,72.2,1
uuid-2569-2138,2569,2569-S1-P3,1,practice,2026-04-09 20:00:00,91.7,1
uuid-2569-2138,2569,2569-S4-P3,4,practice,2026-04-06 20:00:00,82.5,1
uuid-2569-2138,2569,2569-S5-P3,5,practice,2026-04-10 22:00:00,72.9,1
uuid-2569-2138,2569,2569-S6-P3,6,practice,2026-04-08 20:00:00,70.4,1
uuid-2569-2139,2569,2569-S1-P3,1,practice,2026-04-08 17:00:00,50.2,1
uuid-2569-2139,2569,2569-S4-P3,4,practice,2026-04-11 17:00:00,77.3,1
uuid-2569-2139,2569,2569-S4-P4,4,practice,2026-05-03 22:00:00,78.8,1
uuid-2569-2139,2569,2569-S6-P4,6,practice,2026-05-02 16:00:00,63.6,1
uuid-2569-2139,2569,2569-S1-P5,1,practice,2026-05-22 22:00:00,53.4,1
uuid-2569-2139,2569,2569-S6-P5,6,practice,2026-05-20 16:00:00,85.5,1
uuid-2569-2139,2569,2569-S1-P6,1,practice,2026-06-14 16:00:00,51.4,1
uuid-2569-2139,2569,2569-S4-P6,4,practice,2026-06-14 17:00:00,69.7,1
uuid-2569-2139,2569,2569-S6-P6,6,practice,2026-06-12 20:00:00,89.7,1
uuid-2569-2139,2569,2569-S1-C3,1,checkpoint,2026-06-25 19:00:00,57.7,1
uuid-2569-2139,2569,2569-S6-C3,6,checkpoint,2026-06-27 21:00:00,64.0,1
uuid-2569-2139,2569,2569-S6-P7,6,practice,2026-07-05 17:00:00,63.4,1
uuid-2569-2139,2569,2569-S1-P8,1,practice,2026-07-25 17:00:00,87.8,1
uuid-2569-2139,2569,2569-S4-P8,4,practice,2026-07-24 19:00:00,75.5,1
uuid-2569-2139,2569,2569-S6-P8,6,practice,2026-07-25 22:00:00,55.7,1
uuid-2569-2140,2569,2569-S5-P2,5,practice,2026-03-17 16:00:00,89.1,1
uuid-2569-2140,2569,2569-S5-C1,5,checkpoint,2026-04-01 18:00:00,82.5,1
uuid-2569-2141,2569,2569-S1-P3,1,practice,2026-04-08 20:00:00,74.1,1
uuid-2569-2141,2569,2569-S4-P3,4,practice,2026-04-09 17:00:00,76.8,1
uuid-2569-2141,2569,2569-S5-P3,5,practice,2026-04-07 19:00:00,79.8,1
uuid-2569-2141,2569,2569-S6-P3,6,practice,2026-04-10 21:00:00,68.4,1
uuid-2569-2141,2569,2569-S1-P4,1,practice,2026-04-27 21:00:00,87.8,1
uuid-2569-2141,2569,2569-S5-P4,5,practice,2026-05-01 17:00:00,86.2,1
uuid-2569-2141,2569,2569-S6-P4,6,practice,2026-05-01 16:00:00,59.6,1
uuid-2569-2141,2569,2569-S1-C2,1,checkpoint,2026-05-11 19:00:00,80.2,1
uuid-2569-2141,2569,2569-S5-C2,5,checkpoint,2026-05-14 20:00:00,74.8,1
uuid-2569-2141,2569,2569-S1-P5,1,practice,2026-05-21 21:00:00,73.7,1
uuid-2569-2141,2569,2569-S4-P5,4,practice,2026-05-18 21:00:00,75.5,1
uuid-2569-2141,2569,2569-S5-P5,5,practice,2026-05-19 19:00:00,63.9,1
uuid-2569-2141,2569,2569-S6-P5,6,practice,2026-05-22 17:00:00,70.9,1
uuid-2569-2141,2569,2569-S1-P6,1,practice,2026-06-14 22:00:00,98.9,1
uuid-2569-2141,2569,2569-S4-P6,4,practice,2026-06-10 21:00:00,83.2,1
uuid-2569-2141,2569,2569-S6-P6,6,practice,2026-06-14 17:00:00,73.6,1
uuid-2569-2141,2569,2569-S4-C3,4,checkpoint,2026-06-25 22:00:00,89.0,1
uuid-2569-2141,2569,2569-S1-P7,1,practice,2026-07-03 17:00:00,68.1,1
uuid-2569-2141,2569,2569-S4-P7,4,practice,2026-06-30 18:00:00,55.4,1
uuid-2569-2141,2569,2569-S5-P8,5,practice,2026-07-25 21:00:00,76.4,1
uuid-2569-2142,2569,2569-S5-P6,5,practice,2026-06-11 18:00:00,86.6,1
uuid-2569-2142,2569,2569-S1-C3,1,checkpoint,2026-06-23 19:00:00,82.1,1
uuid-2569-2142,2569,2569-S4-C3,4,checkpoint,2026-06-27 16:00:00,100.0,1
uuid-2569-2142,2569,2569-S5-C3,5,checkpoint,2026-06-22 16:00:00,88.1,1
uuid-2569-2142,2569,2569-S6-C3,6,checkpoint,2026-06-23 17:00:00,85.3,1
uuid-2569-2142,2569,2569-S1-P7,1,practice,2026-07-05 16:00:00,59.1,1
uuid-2569-2142,2569,2569-S4-P7,4,practice,2026-07-01 18:00:00,69.5,1
uuid-2569-2142,2569,2569-S5-P7,5,practice,2026-07-04 18:00:00,100.0,1
uuid-2569-2142,2569,2569-S6-P7,6,practice,2026-06-30 22:00:00,98.1,1
uuid-2569-2142,2569,2569-S1-P8,1,practice,2026-07-21 17:00:00,100.0,1
uuid-2569-2142,2569,2569-S4-P8,4,practice,2026-07-21 17:00:00,96.7,1
uuid-2569-2142,2569,2569-S5-P8,5,practice,2026-07-26 21:00:00,100.0,1
uuid-2569-2142,2569,2569-S6-P8,6,practice,2026-07-22 19:00:00,91.1,1
uuid-2569-2143,2569,2569-S4-P2,4,practice,2026-03-22 17:00:00,63.8,1
uuid-2569-2143,2569,2569-S4-C1,4,checkpoint,2026-04-05 19:00:00,84.0,1
uuid-2569-2144,2569,2569-S6-P3,6,practice,2026-04-06 16:00:00,66.8,1
uuid-2569-2144,2569,2569-S4-P4,4,practice,2026-05-03 19:00:00,67.8,1
uuid-2569-2144,2569,2569-S6-P4,6,practice,2026-04-29 16:00:00,67.4,1
uuid-2569-2144,2569,2569-S5-C2,5,checkpoint,2026-05-15 20:00:00,74.9,1
uuid-2569-2144,2569,2569-S6-C2,6,checkpoint,2026-05-15 20:00:00,70.9,1
uuid-2569-2144,2569,2569-S4-P5,4,practice,2026-05-22 17:00:00,84.3,1
uuid-2569-2144,2569,2569-S5-P5,5,practice,2026-05-21 21:00:00,65.1,1
uuid-2569-2144,2569,2569-S4-P6,4,practice,2026-06-13 16:00:00,73.9,1
uuid-2569-2144,2569,2569-S5-P6,5,practice,2026-06-10 19:00:00,47.2,0
uuid-2569-2144,2569,2569-S6-C3,6,checkpoint,2026-06-27 20:00:00,92.8,1
uuid-2569-2144,2569,2569-S4-P7,4,practice,2026-06-30 17:00:00,65.9,1
uuid-2569-2144,2569,2569-S6-P7,6,practice,2026-06-29 20:00:00,87.6,1
uuid-2569-2145,2569,2569-S1-P2,1,practice,2026-03-20 21:00:00,100.0,1
uuid-2569-2145,2569,2569-S4-P2,4,practice,2026-03-18 20:00:00,100.0,1
uuid-2569-2145,2569,2569-S5-P2,5,practice,2026-03-20 17:00:00,85.0,1
uuid-2569-2145,2569,2569-S6-P2,6,practice,2026-03-20 16:00:00,100.0,1
uuid-2569-2145,2569,2569-S1-C1,1,checkpoint,2026-04-05 17:00:00,90.5,1
uuid-2569-2145,2569,2569-S4-C1,4,checkpoint,2026-04-05 21:00:00,78.3,1
uuid-2569-2145,2569,2569-S5-C1,5,checkpoint,2026-03-31 22:00:00,100.0,1
uuid-2569-2145,2569,2569-S6-C1,6,checkpoint,2026-04-02 16:00:00,100.0,1
uuid-2569-2146,2569,2569-S4-P2,4,practice,2026-03-16 20:00:00,100.0,1
uuid-2569-2146,2569,2569-S5-P2,5,practice,2026-03-20 17:00:00,61.0,1
uuid-2569-2146,2569,2569-S4-C1,4,checkpoint,2026-03-31 17:00:00,90.2,1
uuid-2569-2146,2569,2569-S5-C1,5,checkpoint,2026-04-04 17:00:00,63.8,1
uuid-2569-2146,2569,2569-S6-C1,6,checkpoint,2026-04-01 19:00:00,87.9,1
uuid-2569-2146,2569,2569-S4-P3,4,practice,2026-04-07 20:00:00,84.4,1
uuid-2569-2146,2569,2569-S5-P3,5,practice,2026-04-09 22:00:00,88.9,1
uuid-2569-2146,2569,2569-S5-P4,5,practice,2026-04-28 18:00:00,84.8,1
uuid-2569-2146,2569,2569-S4-C2,4,checkpoint,2026-05-13 21:00:00,84.2,1
uuid-2569-2146,2569,2569-S5-C2,5,checkpoint,2026-05-12 16:00:00,100.0,1
uuid-2569-2146,2569,2569-S6-C2,6,checkpoint,2026-05-15 20:00:00,78.4,1
uuid-2569-2146,2569,2569-S4-P5,4,practice,2026-05-21 18:00:00,74.7,1
uuid-2569-2146,2569,2569-S5-P5,5,practice,2026-05-18 18:00:00,87.7,1
uuid-2569-2146,2569,2569-S6-P5,6,practice,2026-05-24 17:00:00,76.5,1
uuid-2569-2146,2569,2569-S4-P6,4,practice,2026-06-14 16:00:00,92.1,1
uuid-2569-2146,2569,2569-S5-P6,5,practice,2026-06-13 21:00:00,89.1,1
uuid-2569-2146,2569,2569-S6-P6,6,practice,2026-06-14 18:00:00,82.1,1
uuid-2569-2146,2569,2569-S4-C3,4,checkpoint,2026-06-27 19:00:00,88.4,1
uuid-2569-2146,2569,2569-S5-C3,5,checkpoint,2026-06-27 22:00:00,79.8,1
uuid-2569-2146,2569,2569-S4-P7,4,practice,2026-07-04 18:00:00,97.6,1
uuid-2569-2146,2569,2569-S5-P7,5,practice,2026-07-01 21:00:00,83.5,1
uuid-2569-2146,2569,2569-S5-P8,5,practice,2026-07-24 21:00:00,100.0,1
uuid-2569-2147,2569,2569-S4-P5,4,practice,2026-05-24 21:00:00,78.2,1
uuid-2569-2147,2569,2569-S5-P5,5,practice,2026-05-20 19:00:00,82.0,1
uuid-2569-2147,2569,2569-S1-P6,1,practice,2026-06-12 22:00:00,62.1,1
uuid-2569-2147,2569,2569-S4-P6,4,practice,2026-06-09 21:00:00,70.0,1
uuid-2569-2147,2569,2569-S5-P6,5,practice,2026-06-12 16:00:00,85.5,1
uuid-2569-2147,2569,2569-S6-P6,6,practice,2026-06-08 18:00:00,69.9,1
uuid-2569-2147,2569,2569-S4-C3,4,checkpoint,2026-06-25 21:00:00,61.4,1
uuid-2569-2147,2569,2569-S1-P7,1,practice,2026-07-03 18:00:00,63.5,1
uuid-2569-2147,2569,2569-S4-P8,4,practice,2026-07-23 16:00:00,82.8,1
uuid-2569-2147,2569,2569-S6-P8,6,practice,2026-07-22 18:00:00,92.5,1
uuid-2569-2148,2569,2569-S1-P3,1,practice,2026-04-07 20:00:00,91.5,1
uuid-2569-2148,2569,2569-S4-P3,4,practice,2026-04-06 16:00:00,81.9,1
uuid-2569-2148,2569,2569-S5-P3,5,practice,2026-04-09 16:00:00,77.8,1
uuid-2569-2148,2569,2569-S4-P4,4,practice,2026-05-02 20:00:00,84.1,1
uuid-2569-2148,2569,2569-S5-P4,5,practice,2026-05-02 19:00:00,74.7,1
uuid-2569-2148,2569,2569-S6-P4,6,practice,2026-04-30 22:00:00,64.4,1
uuid-2569-2148,2569,2569-S1-C2,1,checkpoint,2026-05-11 22:00:00,65.4,1
uuid-2569-2148,2569,2569-S4-C2,4,checkpoint,2026-05-17 19:00:00,83.8,1
uuid-2569-2148,2569,2569-S5-C2,5,checkpoint,2026-05-16 18:00:00,81.9,1
uuid-2569-2148,2569,2569-S6-C2,6,checkpoint,2026-05-16 22:00:00,88.6,1
uuid-2569-2148,2569,2569-S4-P5,4,practice,2026-05-22 20:00:00,94.7,1
uuid-2569-2148,2569,2569-S5-P5,5,practice,2026-05-21 16:00:00,71.1,1
uuid-2569-2148,2569,2569-S6-P5,6,practice,2026-05-22 20:00:00,96.3,1
uuid-2569-2148,2569,2569-S1-P6,1,practice,2026-06-13 20:00:00,97.2,1
uuid-2569-2148,2569,2569-S4-P6,4,practice,2026-06-10 16:00:00,69.2,1
uuid-2569-2148,2569,2569-S4-C3,4,checkpoint,2026-06-25 18:00:00,62.6,1
uuid-2569-2148,2569,2569-S5-C3,5,checkpoint,2026-06-27 17:00:00,77.1,1
uuid-2569-2148,2569,2569-S1-P7,1,practice,2026-07-02 21:00:00,63.3,1
uuid-2569-2148,2569,2569-S4-P7,4,practice,2026-07-03 20:00:00,82.6,1
uuid-2569-2148,2569,2569-S6-P7,6,practice,2026-07-02 20:00:00,71.0,1
uuid-2569-2148,2569,2569-S5-P8,5,practice,2026-07-23 18:00:00,62.2,1
uuid-2569-2148,2569,2569-S6-P8,6,practice,2026-07-25 21:00:00,84.9,1
uuid-2569-2149,2569,2569-S1-C1,1,checkpoint,2026-04-02 22:00:00,59.1,1
uuid-2569-2149,2569,2569-S1-P3,1,practice,2026-04-12 21:00:00,44.1,0
uuid-2569-2149,2569,2569-S6-P3,6,practice,2026-04-10 16:00:00,97.7,1
uuid-2569-2149,2569,2569-S6-P4,6,practice,2026-04-29 17:00:00,63.3,1
uuid-2569-2149,2569,2569-S1-C2,1,checkpoint,2026-05-13 20:00:00,70.9,1
uuid-2569-2149,2569,2569-S6-C2,6,checkpoint,2026-05-11 18:00:00,48.5,0
uuid-2569-2149,2569,2569-S1-P5,1,practice,2026-05-19 17:00:00,60.7,1
uuid-2569-2149,2569,2569-S6-P5,6,practice,2026-05-22 21:00:00,84.8,1
uuid-2569-2149,2569,2569-S1-P6,1,practice,2026-06-09 19:00:00,55.4,1
uuid-2569-2150,2569,2569-S4-P3,4,practice,2026-04-07 21:00:00,93.7,1
uuid-2569-2150,2569,2569-S5-P3,5,practice,2026-04-09 17:00:00,90.8,1
uuid-2569-2150,2569,2569-S6-P3,6,practice,2026-04-06 16:00:00,87.5,1
uuid-2569-2150,2569,2569-S1-P4,1,practice,2026-04-30 19:00:00,80.1,1
uuid-2569-2150,2569,2569-S4-P4,4,practice,2026-04-28 19:00:00,92.0,1
uuid-2569-2150,2569,2569-S5-P4,5,practice,2026-04-29 16:00:00,89.2,1
uuid-2569-2150,2569,2569-S6-P4,6,practice,2026-05-03 16:00:00,66.1,1
uuid-2569-2150,2569,2569-S1-C2,1,checkpoint,2026-05-14 16:00:00,80.2,1
uuid-2569-2150,2569,2569-S5-C2,5,checkpoint,2026-05-14 20:00:00,100.0,1
uuid-2569-2150,2569,2569-S6-C2,6,checkpoint,2026-05-15 18:00:00,82.8,1
uuid-2569-2150,2569,2569-S1-P5,1,practice,2026-05-19 21:00:00,100.0,1
uuid-2569-2150,2569,2569-S5-P5,5,practice,2026-05-19 21:00:00,80.1,1
uuid-2569-2150,2569,2569-S6-P5,6,practice,2026-05-20 22:00:00,79.5,1
uuid-2569-2150,2569,2569-S1-P6,1,practice,2026-06-09 19:00:00,100.0,1
uuid-2569-2150,2569,2569-S4-P6,4,practice,2026-06-14 22:00:00,88.0,1
uuid-2569-2150,2569,2569-S5-P6,5,practice,2026-06-14 18:00:00,65.1,1
uuid-2569-2150,2569,2569-S6-P6,6,practice,2026-06-10 16:00:00,66.4,1
uuid-2569-2150,2569,2569-S1-C3,1,checkpoint,2026-06-28 21:00:00,83.9,1
uuid-2569-2150,2569,2569-S4-C3,4,checkpoint,2026-06-24 20:00:00,73.0,1
uuid-2569-2150,2569,2569-S5-C3,5,checkpoint,2026-06-28 22:00:00,92.5,1
uuid-2569-2150,2569,2569-S6-C3,6,checkpoint,2026-06-22 18:00:00,92.5,1
uuid-2569-2150,2569,2569-S1-P7,1,practice,2026-07-01 21:00:00,93.2,1
uuid-2569-2150,2569,2569-S4-P7,4,practice,2026-07-05 16:00:00,100.0,1
uuid-2569-2150,2569,2569-S5-P7,5,practice,2026-07-02 22:00:00,100.0,1
uuid-2569-2150,2569,2569-S6-P7,6,practice,2026-07-04 17:00:00,95.4,1
uuid-2569-2150,2569,2569-S1-P8,1,practice,2026-07-22 21:00:00,82.2,1
uuid-2569-2150,2569,2569-S4-P8,4,practice,2026-07-20 20:00:00,77.9,1
