student_key,year,month,att_month_pct,att_cum_pct,att_delta,practice_pct,checkpoint_pct,exam_avg_score,new_attempts_month,max_silent_weeks,streak_weeks,month_index,churned_next_month,grade,live_or_replay,old_new,signup_lateness,n_subjects,months_enrolled
2568-1002,2568,2025-03,68.75,68.75,,50.0,75.0,90.475,4,0,2,1,0.0,ม.1,สด,new,0,4,1
2568-1003,2568,2025-03,68.75,68.75,,25.0,75.0,65.55,2,0,1,1,0.0,ม.3,สด,new,0,4,1
2568-1004,2568,2025-03,43.75,43.75,,25.0,100.0,62.2,2,0,1,1,0.0,ม.2,สด,new,0,4,1
2568-1005,2568,2025-03,52.94117647058824,52.94117647058824,,12.5,50.0,73.1,1,0,0,1,0.0,ม.3,เทป,old,0,4,1
2568-1006,2568,2025-03,76.92307692307693,76.92307692307693,,33.333333333333336,66.66666666666667,78.0,2,0,0,1,0.0,ม.3,สด,new,0,3,1
2568-1012,2568,2025-03,100.0,100.0,,25.0,50.0,100.0,1,0,5,1,0.0,ม.2,สด,new,0,2,1
2568-1014,2568,2025-03,81.25,81.25,,12.5,75.0,68.5,1,0,3,1,0.0,ม.2,เทป,old,0,4,1
2568-1015,2568,2025-03,33.33333333333333,33.33333333333333,,50.0,0.0,72.4,2,1,0,1,1.0,ม.2,เทป,new,0,2,1
2568-1016,2568,2025-03,76.47058823529412,76.47058823529412,,50.0,50.0,97.025,4,0,5,1,0.0,ม.3,เทป,new,0,4,1
2568-1017,2568,2025-03,81.25,81.25,,12.5,75.0,88.6,1,0,5,1,0.0,ม.3,สด,new,0,4,1
2568-1021,2568,2025-03,76.47058823529412,76.47058823529412,,37.5,100.0,86.13333333333333,3,0,3,1,0.0,ม.2,สด,old,0,4,1
2568-1022,2568,2025-03,38.46153846153847,38.46153846153847,,33.333333333333336,66.66666666666667,70.05,2,0,0,1,0.0,ม.3,เทป,new,0,3,1
2568-1025,2568,2025-03,55.55555555555556,55.55555555555556,,0.0,50.0,,0,1,0,1,0.0,ม.1,สด,new,0,2,1
2568-1026,2568,2025-03,75.0,75.0,,37.5,100.0,74.86666666666666,3,0,5,1,0.0,ม.2,สด,new,0,4,1
2568-1027,2568,2025-03,100.0,100.0,,50.0,100.0,78.1,4,0,5,1,0.0,ม.3,สด,new,0,4,1
2568-1028,2568,2025-03,88.88888888888889,88.88888888888889,,37.5,75.0,88.15,4,0,5,1,0.0,ม.2,สด,new,0,4,1
2568-1029,2568,2025-03,100.0,100.0,,37.5,100.0,83.63333333333334,3,0,5,1,0.0,ม.1,สด,new,0,4,1
2568-1030,2568,2025-03,93.75,93.75,,37.5,75.0,87.5,4,0,5,1,0.0,ม.2,สด,new,0,4,1
2568-1031,2568,2025-03,62.5,62.5,,12.5,25.0,67.9,2,0,0,1,0.0,ม.1,สด,new,0,4,1
2568-1032,2568,2025-03,100.0,100.0,,50.0,50.0,86.325,4,0,5,1,0.0,ม.2,สด,new,0,4,1
2568-1033,2568,2025-03,62.5,62.5,,25.0,50.0,71.0,1,1,2,1,0.0,ม.3,สด,new,0,2,1
2568-1036,2568,2025-03,70.58823529411765,70.58823529411765,,50.0,75.0,78.9,4,0,1,1,0.0,ม.2,เทป,new,0,4,1
2568-1037,2568,2025-03,100.0,100.0,,33.333333333333336,100.0,100.0,2,0,5,1,0.0,ม.1,เทป,new,0,3,1
2568-1038,2568,2025-03,38.46153846153847,38.46153846153847,,16.666666666666668,66.66666666666667,86.85,2,0,0,1,0.0,ม.3,เทป,new,0,3,1
2568-1040,2568,2025-03,41.66666666666667,41.66666666666667,,0.0,66.66666666666667,,0,1,0,1,0.0,ม.1,เทป,new,0,3,1
2568-1041,2568,2025-03,72.22222222222221,72.22222222222221,,37.5,25.0,68.06666666666668,3,0,0,1,0.0,ม.2,สด,new,0,4,1
2568-1043,2568,2025-03,62.5,62.5,,25.0,50.0,71.95,2,0,0,1,0.0,ม.2,สด,new,0,4,1
2568-1044,2568,2025-03,22.22222222222222,22.22222222222222,,25.0,0.0,56.9,1,2,0,1,0.0,ม.3,สด,new,0,2,1
2568-1045,2568,2025-03,100.0,100.0,,50.0,100.0,89.175,4,0,5,1,0.0,ม.3,สด,old,0,4,1
2568-1046,2568,2025-03,87.5,87.5,,50.0,100.0,84.30000000000001,6,0,5,1,0.0,ม.3,สด,new,0,4,1
2568-1047,2568,2025-03,58.82352941176471,58.82352941176471,,25.0,75.0,68.23333333333333,3,0,2,1,0.0,ม.2,เทป,old,0,4,1
2568-1048,2568,2025-03,100.0,100.0,,33.333333333333336,100.0,89.43333333333334,3,0,5,1,0.0,ม.2,สด,new,0,3,1
2568-1049,2568,2025-03,58.333333333333336,58.333333333333336,,50.0,33.333333333333336,74.39999999999999,3,0,0,1,0.0,ม.2,สด,new,0,3,1
2568-1050,2568,2025-03,70.58823529411765,70.58823529411765,,25.0,75.0,77.25,2,0,1,1,0.0,ม.3,สด,new,0,4,1
2568-1051,2568,2025-03,55.55555555555556,55.55555555555556,,25.0,100.0,67.0,1,0,1,1,0.0,ม.2,สด,new,0,2,1
2568-1052,2568,2025-03,87.5,87.5,,50.0,75.0,91.06,5,0,3,1,0.0,ม.3,เทป,old,0,4,1
2568-1053,2568,2025-03,66.66666666666666,66.66666666666666,,25.0,100.0,73.89999999999999,3,0,1,1,0.0,ม.3,สด,new,0,2,1
2568-1055,2568,2025-03,64.70588235294117,64.70588235294117,,37.5,50.0,76.42500000000001,4,0,3,1,0.0,ม.3,เทป,new,0,4,1
2568-1056,2568,2025-03,75.0,75.0,,37.5,25.0,70.03333333333333,3,0,4,1,0.0,ม.2,สด,new,0,4,1
2568-1057,2568,2025-03,100.0,100.0,,37.5,75.0,96.86666666666667,3,0,5,1,0.0,ม.3,สด,new,0,4,1
2568-1058,2568,2025-03,100.0,100.0,,25.0,100.0,99.1,1,0,5,1,0.0,ม.1,สด,new,0,2,1
2568-1061,2568,2025-03,76.47058823529412,76.47058823529412,,50.0,100.0,72.85000000000001,6,0,0,1,0.0,ม.3,สด,new,0,4,1
2568-1064,2568,2025-03,50.0,50.0,,50.0,100.0,94.35,2,0,0,1,1.0,ม.2,สด,new,0,2,1
2568-1066,2568,2025-03,66.66666666666666,66.66666666666666,,37.5,25.0,69.73333333333333,3,0,2,1,0.0,ม.2,เทป,new,0,4,1
2568-1068,2568,2025-03,100.0,100.0,,50.0,100.0,87.73333333333333,3,0,5,1,0.0,ม.3,สด,new,0,3,1
2568-1069,2568,2025-03,94.73684210526315,94.73684210526315,,50.0,50.0,75.45,4,0,5,1,0.0,ม.3,สด,old,0,4,1
2568-1070,2568,2025-03,83.33333333333334,83.33333333333334,,50.0,66.66666666666667,87.16666666666667,3,0,0,1,0.0,ม.3,เทป,new,0,3,1
2568-1071,2568,2025-03,92.3076923076923,92.3076923076923,,33.333333333333336,100.0,92.6,2,0,0,1,0.0,ม.2,เทป,new,0,3,1
2568-1072,2568,2025-03,62.5,62.5,,25.0,100.0,76.5,2,0,0,1,0.0,ม.3,สด,new,0,2,1
2568-1074,2568,2025-03,43.75,43.75,,12.5,50.0,39.3,1,0,0,1,0.0,ม.1,สด,new,0,4,1
2568-1075,2568,2025-03,33.33333333333333,33.33333333333333,,25.0,0.0,55.5,1,2,0,1,1.0,ม.3,สด,new,0,2,1
2568-1076,2568,2025-03,56.25,56.25,,37.5,100.0,84.45,4,0,1,1,0.0,ม.2,สด,old,0,4,1
2568-1084,2568,2025-03,93.75,93.75,,50.0,75.0,87.975,4,0,5,1,0.0,ม.2,เทป,old,0,4,1
2568-1086,2568,2025-03,62.5,62.5,,50.0,50.0,75.75,2,1,0,1,0.0,ม.2,เทป,new,0,2,1
2568-1087,2568,2025-03,88.88888888888889,88.88888888888889,,37.5,50.0,79.99999999999999,3,0,5,1,0.0,ม.3,สด,old,0,4,1
2568-1090,2568,2025-03,37.5,37.5,,0.0,0.0,,0,0,1,1,1.0,ม.1,สด,new,0,4,1
2568-1092,2568,2025-03,87.5,87.5,,50.0,50.0,67.25,2,0,0,1,1.0,ม.3,สด,new,0,2,1
2568-1093,2568,2025-03,100.0,100.0,,50.0,0.0,90.13333333333333,3,0,5,1,0.0,ม.2,สด,new,0,3,1
2568-1094,2568,2025-03,83.33333333333334,83.33333333333334,,33.333333333333336,100.0,94.3,2,0,1,1,0.0,ม.1,เทป,new,0,3,1
2568-1095,2568,2025-03,52.94117647058824,52.94117647058824,,25.0,50.0,66.16666666666667,3,0,1,1,0.0,ม.2,สด,new,0,4,1
2568-1096,2568,2025-03,87.5,87.5,,50.0,75.0,84.375,4,0,5,1,0.0,ม.2,สด,old,0,4,1
2568-1097,2568,2025-03,100.0,100.0,,25.0,100.0,97.0,1,0,5,1,0.0,ม.2,สด,old,0,2,1
2568-1098,2568,2025-03,55.55555555555556,55.55555555555556,,50.0,50.0,73.85,2,1,2,1,0.0,ม.3,สด,new,0,2,1
2568-1099,2568,2025-03,76.47058823529412,76.47058823529412,,25.0,100.0,84.23333333333333,3,1,3,1,0.0,ม.2,สด,new,0,4,1
2568-1101,2568,2025-03,75.0,75.0,,50.0,50.0,94.85,2,0,0,1,0.0,ม.3,สด,new,0,2,1
2568-1102,2568,2025-03,100.0,100.0,,50.0,100.0,83.03333333333333,3,0,0,1,0.0,ม.3,สด,new,0,3,1
2568-1104,2568,2025-03,41.17647058823529,41.17647058823529,,37.5,100.0,61.279999999999994,5,0,1,1,0.0,ม.3,สด,new,0,4,1
2568-1105,2568,2025-03,75.0,75.0,,33.333333333333336,100.0,81.46666666666665,3,0,0,1,0.0,ม.3,เทป,new,0,3,1
2568-1106,2568,2025-03,72.22222222222221,72.22222222222221,,37.5,25.0,66.03333333333333,3,0,3,1,0.0,ม.3,สด,old,0,4,1
2568-1108,2568,2025-03,69.23076923076923,69.23076923076923,,16.666666666666668,66.66666666666667,75.9,1,0,1,1,0.0,ม.1,สด,new,0,3,1
2568-1109,2568,2025-03,76.92307692307693,76.92307692307693,,16.666666666666668,66.66666666666667,77.9,2,0,0,1,0.0,ม.1,สด,new,0,3,1
2568-1111,2568,2025-03,70.58823529411765,70.58823529411765,,25.0,50.0,76.35,2,0,0,1,0.0,ม.3,เทป,new,0,4,1
2568-1112,2568,2025-03,77.77777777777779,77.77777777777779,,37.5,50.0,67.66666666666667,3,0,0,1,0.0,ม.3,สด,old,0,4,1
2568-1117,2568,2025-03,82.35294117647058,82.35294117647058,,37.5,50.0,72.66666666666667,3,0,4,1,0.0,ม.3,สด,new,0,4,1
2568-1118,2568,2025-03,44.44444444444444,44.44444444444444,,37.5,50.0,72.65,4,0,0,1,0.0,ม.2,เทป,new,0,4,1
2568-1122,2568,2025-03,81.25,81.25,,37.5,75.0,73.73333333333333,3,0,2,1,0.0,ม.1,สด,new,0,4,1
2568-1123,2568,2025-03,76.47058823529412,76.47058823529412,,12.5,25.0,60.8,1,0,0,1,0.0,ม.2,เทป,old,0,4,1
2568-1124,2568,2025-03,82.35294117647058,82.35294117647058,,25.0,50.0,73.75,2,0,3,1,0.0,ม.3,สด,old,0,4,1
2568-1125,2568,2025-03,100.0,100.0,,50.0,25.0,81.32499999999999,4,0,5,1,0.0,ม.3,สด,new,0,4,1
2568-1130,2568,2025-03,75.0,75.0,,33.333333333333336,33.333333333333336,85.3,2,0,3,1,0.0,ม.3,สด,new,0,3,1
2568-1131,2568,2025-03,76.47058823529412,76.47058823529412,,25.0,75.0,93.15,2,0,0,1,0.0,ม.3,เทป,new,0,4,1
2568-1132,2568,2025-03,88.23529411764706,88.23529411764706,,50.0,100.0,89.2,5,0,5,1,0.0,ม.2,สด,new,0,4,1
2568-1133,2568,2025-03,100.0,100.0,,37.5,75.0,86.93333333333334,3,0,5,1,0.0,ม.3,สด,new,0,4,1
2568-1135,2568,2025-03,76.47058823529412,76.47058823529412,,37.5,75.0,75.7,3,0,1,1,0.0,ม.3,สด,old,0,4,1
2568-1137,2568,2025-03,94.11764705882352,94.11764705882352,,50.0,75.0,80.05,4,0,5,1,0.0,ม.2,เทป,new,0,4,1
2568-1139,2568,2025-03,68.75,68.75,,25.0,100.0,72.89999999999999,3,0,0,1,0.0,ม.2,สด,new,0,4,1
2568-1140,2568,2025-03,84.61538461538461,84.61538461538461,,50.0,100.0,89.65,4,0,0,1,0.0,ม.3,เทป,old,0,3,1
2568-1141,2568,2025-03,83.33333333333334,83.33333333333334,,33.333333333333336,100.0,79.95,2,0,0,1,0.0,ม.2,เทป,new,0,3,1
2568-1142,2568,2025-03,68.75,68.75,,25.0,25.0,82.35,2,0,2,1,0.0,ม.2,เทป,new,0,4,1
2568-1143,2568,2025-03,100.0,100.0,,50.0,66.66666666666667,85.60000000000001,3,0,5,1,0.0,ม.3,สด,old,0,3,1
2568-1144,2568,2025-03,62.5,62.5,,50.0,100.0,77.95,2,0,0,1,0.0,ม.3,เทป,new,0,2,1
2568-1145,2568,2025-03,81.25,81.25,,37.5,75.0,89.05000000000001,4,0,3,1,0.0,ม.1,เทป,new,0,4,1
2568-1146,2568,2025-03,69.23076923076923,69.23076923076923,,16.666666666666668,0.0,69.2,1,0,0,1,0.0,ม.3,สด,old,0,3,1
2568-1147,2568,2025-03,37.5,37.5,,12.5,50.0,66.4,1,0,0,1,0.0,ม.3,เทป,new,0,4,1
2568-1148,2568,2025-03,84.61538461538461,84.61538461538461,,33.333333333333336,66.66666666666667,65.95,2,0,1,1,0.0,ม.3,สด,old,0,3,1
2568-1150,2568,2025-03,91.66666666666666,91.66666666666666,,16.666666666666668,100.0,65.95,2,0,0,1,0.0,ม.2,สด,new,0,3,1
2568-1151,2568,2025-03,76.92307692307693,76.92307692307693,,33.333333333333336,66.66666666666667,84.0,2,0,0,1,0.0,ม.3,สด,new,0,3,1
2568-1152,2568,2025-03,62.5,62.5,,37.5,50.0,79.43333333333332,3,0,1,1,0.0,ม.3,สด,new,0,4,1
2568-1155,2568,2025-03,50.0,50.0,,0.0,33.333333333333336,,0,1,0,1,0.0,ม.2,เทป,new,0,3,1
2568-1156,2568,2025-03,56.25,56.25,,25.0,50.0,76.6,2,0,2,1,0.0,ม.3,สด,new,0,4,1
2568-1157,2568,2025-03,100.0,100.0,,37.5,100.0,67.43333333333334,3,0,5,1,0.0,ม.1,สด,new,0,4,1
2568-1158,2568,2025-03,82.35294117647058,82.35294117647058,,50.0,100.0,91.93333333333334,6,0,3,1,0.0,ม.2,สด,new,0,4,1
2568-1002,2568,2025-04,72.22222222222221,70.58823529411765,3.4722222222222143,56.25,75.0,78.72222222222223,5,0,2,2,0.0,ม.1,สด,new,0,4,2
2568-1003,2568,2025-04,58.82352941176471,63.63636363636363,-9.92647058823529,25.0,75.0,65.2,4,0,0,2,0.0,ม.3,สด,new,0,4,2
2568-1004,2568,2025-04,77.77777777777779,61.76470588235294,34.027777777777786,50.0,100.0,75.78999999999999,8,0,2,2,0.0,ม.2,สด,new,0,4,2
2568-1005,2568,2025-04,77.77777777777779,65.71428571428571,24.836601307189547,31.25,50.0,77.1,5,0,4,2,0.0,ม.3,เทป,old,0,4,2
2568-1006,2568,2025-04,66.66666666666666,72.0,-10.256410256410277,50.0,66.66666666666667,78.78571428571426,5,0,0,2,0.0,ม.3,สด,new,0,3,2
2568-1007,2568,2025-04,57.14285714285714,57.14285714285714,,37.5,0.0,68.2,3,0,0,2,0.0,ม.3,สด,new,1,4,1
2568-1008,2568,2025-04,56.25,56.25,,25.0,0.0,70.5,3,0,0,2,0.0,ม.2,สด,old,1,4,1
2568-1010,2568,2025-04,83.33333333333334,83.33333333333334,,43.75,0.0,74.6,4,0,4,2,0.0,ม.2,สด,new,1,4,1
2568-1012,2568,2025-04,100.0,100.0,0.0,62.5,50.0,90.97999999999999,4,0,9,2,0.0,ม.2,สด,new,0,2,2
2568-1013,2568,2025-04,69.23076923076923,69.23076923076923,,31.25,0.0,91.96666666666665,3,0,1,2,0.0,ม.2,สด,old,1,4,1
2568-1014,2568,2025-04,80.0,80.55555555555556,-1.25,37.5,75.0,76.2,6,0,7,2,0.0,ม.2,เทป,old,0,4,2
2568-1016,2568,2025-04,88.23529411764706,82.35294117647058,11.764705882352942,56.25,50.0,93.36250000000001,4,0,9,2,0.0,ม.3,เทป,new,0,4,2
2568-1017,2568,2025-04,68.42105263157895,74.28571428571429,-12.828947368421055,50.0,75.0,79.75555555555556,8,0,0,2,0.0,ม.3,สด,new,0,4,2
2568-1018,2568,2025-04,70.0,70.0,,25.0,0.0,80.75,2,0,0,2,0.0,ม.2,สด,new,1,3,1
2568-1020,2568,2025-04,85.71428571428571,85.71428571428571,,37.5,0.0,81.9,4,0,4,2,0.0,ม.3,เทป,new,1,4,1
2568-1021,2568,2025-04,100.0,88.23529411764706,23.529411764705884,56.25,100.0,88.52727272727273,8,0,7,2,0.0,ม.2,สด,old,0,4,2
2568-1022,2568,2025-04,54.54545454545454,45.83333333333333,16.083916083916073,58.333333333333336,66.66666666666667,73.17142857142858,5,0,0,2,0.0,ม.3,เทป,new,0,3,2
2568-1023,2568,2025-04,62.5,62.5,,50.0,0.0,94.85,2,1,1,2,0.0,ม.2,สด,new,1,2,1
2568-1024,2568,2025-04,87.5,87.5,,25.0,0.0,66.1,1,0,2,2,0.0,ม.1,เทป,new,1,2,1
2568-1025,2568,2025-04,85.71428571428571,68.75,30.15873015873015,12.5,50.0,84.30000000000001,2,0,3,2,0.0,ม.1,สด,new,0,2,2
2568-1026,2568,2025-04,66.66666666666666,70.58823529411765,-8.333333333333343,43.75,100.0,70.5625,5,0,3,2,0.0,ม.2,สด,new,0,4,2
2568-1027,2568,2025-04,87.5,93.93939393939394,-12.5,75.0,100.0,78.83999999999999,11,0,9,2,0.0,ม.3,สด,new,0,4,2
2568-1028,2568,2025-04,100.0,93.93939393939394,11.111111111111114,62.5,75.0,83.97,6,0,9,2,0.0,ม.2,สด,new,0,4,2
2568-1029,2568,2025-04,93.75,97.05882352941177,-6.25,56.25,100.0,90.69,7,0,9,2,0.0,ม.1,สด,new,0,4,2
2568-1030,2568,2025-04,100.0,96.96969696969697,6.25,62.5,75.0,84.26666666666667,8,0,9,2,0.0,ม.2,สด,new,0,4,2
2568-1031,2568,2025-04,66.66666666666666,64.70588235294117,4.166666666666657,37.5,25.0,71.27142857142857,5,0,0,2,0.0,ม.1,สด,new,0,4,2
2568-1032,2568,2025-04,100.0,100.0,0.0,75.0,50.0,84.66363636363634,7,0,9,2,0.0,ม.2,สด,new,0,4,2
2568-1033,2568,2025-04,88.88888888888889,76.47058823529412,26.388888888888886,50.0,50.0,68.9,4,0,0,2,0.0,ม.3,สด,new,0,2,2
2568-1034,2568,2025-04,80.0,80.0,,50.0,0.0,73.95,4,0,0,2,0.0,ม.2,สด,new,1,3,1
2568-1035,2568,2025-04,57.14285714285714,57.14285714285714,,37.5,0.0,60.699999999999996,2,1,1,2,0.0,ม.2,สด,new,1,2,1
2568-1036,2568,2025-04,70.58823529411765,70.58823529411765,0.0,56.25,75.0,78.85,6,0,1,2,0.0,ม.2,เทป,new,0,4,2
2568-1037,2568,2025-04,100.0,100.0,0.0,66.66666666666667,100.0,93.675,6,0,9,2,0.0,ม.1,เทป,new,0,3,2
2568-1038,2568,2025-04,58.333333333333336,48.0,19.87179487179487,25.0,66.66666666666667,80.32499999999999,2,0,0,2,0.0,ม.3,เทป,new,0,3,2
2568-1040,2568,2025-04,57.14285714285714,50.0,15.476190476190467,33.333333333333336,66.66666666666667,72.74,5,0,1,2,0.0,ม.1,เทป,new,0,3,2
2568-1041,2568,2025-04,76.47058823529412,74.28571428571429,4.248366013071902,56.25,25.0,71.95555555555558,6,0,0,2,0.0,ม.2,สด,new,0,4,2
2568-1042,2568,2025-04,91.66666666666666,91.66666666666666,,37.5,0.0,86.4,2,0,4,2,0.0,ม.1,สด,new,1,4,1
2568-1043,2568,2025-04,47.05882352941176,54.54545454545454,-15.441176470588239,31.25,50.0,70.96,3,0,0,2,0.0,ม.2,สด,new,0,4,2
2568-1044,2568,2025-04,50.0,35.294117647058826,27.77777777777778,25.0,0.0,73.05,1,1,1,2,0.0,ม.3,สด,new,0,2,2
2568-1045,2568,2025-04,100.0,100.0,0.0,68.75,100.0,89.35714285714286,10,0,9,2,0.0,ม.3,สด,old,0,4,2
2568-1046,2568,2025-04,94.44444444444444,91.17647058823529,6.944444444444443,75.0,100.0,86.47142857142856,8,0,9,2,0.0,ม.3,สด,new,0,4,2
2568-1047,2568,2025-04,82.35294117647058,70.58823529411765,23.52941176470587,50.0,75.0,73.6,6,0,6,2,0.0,ม.2,เทป,old,0,4,2
2568-1048,2568,2025-04,100.0,100.0,0.0,58.333333333333336,100.0,85.72,7,0,9,2,0.0,ม.2,สด,new,0,3,2
2568-1049,2568,2025-04,60.0,59.25925925925925,1.6666666666666643,58.333333333333336,33.333333333333336,73.92857142857143,4,0,0,2,0.0,ม.2,สด,new,0,3,2
2568-1050,2568,2025-04,77.77777777777779,74.28571428571429,7.189542483660134,37.5,75.0,81.86666666666667,4,0,1,2,0.0,ม.3,สด,new,0,4,2
2568-1051,2568,2025-04,37.5,47.05882352941176,-18.055555555555557,37.5,100.0,65.06,4,1,0,2,0.0,ม.2,สด,new,0,2,2
2568-1052,2568,2025-04,94.44444444444444,91.17647058823529,6.944444444444443,75.0,75.0,90.51666666666667,7,0,7,2,0.0,ม.3,เทป,old,0,4,2
2568-1053,2568,2025-04,87.5,76.47058823529412,20.833333333333343,62.5,100.0,70.89999999999999,3,0,2,2,0.0,ม.3,สด,new,0,2,2
2568-1054,2568,2025-04,100.0,100.0,,41.666666666666664,0.0,86.06666666666668,3,0,4,2,0.0,ม.2,สด,new,1,3,1
2568-1055,2568,2025-04,70.58823529411765,67.64705882352942,5.882352941176478,56.25,50.0,77.36666666666666,5,0,0,2,0.0,ม.3,เทป,new,0,4,2
2568-1056,2568,2025-04,61.111111111111114,67.64705882352942,-13.888888888888886,62.5,25.0,73.96249999999999,5,0,0,2,0.0,ม.2,สด,new,0,4,2
2568-1057,2568,2025-04,100.0,100.0,0.0,62.5,75.0,89.16,7,0,9,2,0.0,ม.3,สด,new,0,4,2
2568-1058,2568,2025-04,100.0,100.0,0.0,62.5,100.0,88.3,5,0,9,2,0.0,ม.1,สด,new,0,2,2
2568-1059,2568,2025-04,100.0,100.0,,41.666666666666664,0.0,76.86666666666667,3,0,4,2,0.0,ม.2,สด,new,1,3,1
2568-1061,2568,2025-04,68.75,72.72727272727273,-7.720588235294116,50.0,100.0,73.86363636363636,5,0,1,2,0.0,ม.3,สด,new,0,4,2
2568-1066,2568,2025-04,66.66666666666666,66.66666666666666,0.0,56.25,25.0,63.38888888888888,6,0,0,2,0.0,ม.2,เทป,new,0,4,2
2568-1068,2568,2025-04,100.0,100.0,0.0,66.66666666666667,100.0,88.275,5,0,9,2,0.0,ม.3,สด,new,0,3,2
2568-1069,2568,2025-04,87.5,91.42857142857143,-7.23684210526315,56.25,50.0,80.21000000000001,6,0,9,2,0.0,ม.3,สด,old,0,4,2
2568-1070,2568,2025-04,64.28571428571429,73.07692307692307,-19.04761904761905,75.0,66.66666666666667,78.33000000000001,7,0,0,2,0.0,ม.3,เทป,new,0,3,2
2568-1071,2568,2025-04,76.92307692307693,84.61538461538461,-15.384615384615373,50.0,100.0,89.7625,6,0,2,2,0.0,ม.2,เทป,new,0,3,2
2568-1072,2568,2025-04,50.0,55.55555555555556,-12.5,25.0,100.0,69.375,2,1,1,2,0.0,ม.3,สด,new,0,2,2
2568-1073,2568,2025-04,58.333333333333336,58.333333333333336,,31.25,0.0,76.975,4,0,0,2,0.0,ม.3,เทป,new,1,4,1
2568-1074,2568,2025-04,22.22222222222222,32.35294117647059,-21.52777777777778,12.5,50.0,52.9,3,1,0,2,0.0,ม.1,สด,new,0,4,2
2568-1076,2568,2025-04,82.35294117647058,69.6969696969697,26.10294117647058,62.5,100.0,81.80833333333334,8,0,3,2,0.0,ม.2,สด,old,0,4,2
2568-1077,2568,2025-04,80.0,80.0,,43.75,0.0,80.31666666666665,6,0,2,2,0.0,ม.1,สด,old,1,4,1
2568-1079,2568,2025-04,78.57142857142857,78.57142857142857,,25.0,0.0,80.43333333333334,3,0,0,2,0.0,ม.2,สด,new,1,4,1
2568-1080,2568,2025-04,66.66666666666666,66.66666666666666,,12.5,0.0,78.85,2,0,3,2,0.0,ม.3,สด,old,1,4,1
2568-1081,2568,2025-04,78.57142857142857,78.57142857142857,,43.75,0.0,81.69999999999999,6,0,4,2,0.0,ม.2,เทป,new,1,4,1
2568-1084,2568,2025-04,100.0,97.22222222222221,6.25,68.75,75.0,87.52499999999999,8,0,9,2,0.0,ม.2,เทป,old,0,4,2
2568-1086,2568,2025-04,55.55555555555556,58.82352941176471,-6.944444444444443,37.5,50.0,71.0,1,0,2,2,0.0,ม.2,เทป,new,0,2,2
2568-1087,2568,2025-04,70.58823529411765,80.0,-18.300653594771234,62.5,50.0,75.9090909090909,8,0,2,2,0.0,ม.3,สด,old,0,4,2
2568-1088,2568,2025-04,75.0,75.0,,18.75,0.0,86.3,2,0,3,2,0.0,ม.2,เทป,new,1,4,1
2568-1091,2568,2025-04,100.0,100.0,,50.0,0.0,87.575,4,0,4,2,0.0,ม.1,สด,old,1,2,1
2568-1093,2568,2025-04,100.0,100.0,0.0,50.0,0.0,89.71666666666665,3,0,9,2,0.0,ม.2,สด,new,0,3,2
2568-1094,2568,2025-04,86.66666666666667,85.18518518518519,3.3333333333333286,50.0,100.0,87.86250000000001,6,0,1,2,0.0,ม.1,เทป,new,0,3,2
2568-1095,2568,2025-04,62.5,57.57575757575758,9.558823529411761,37.5,50.0,65.95714285714287,4,0,0,2,0.0,ม.2,สด,new,0,4,2
2568-1096,2568,2025-04,94.44444444444444,91.17647058823529,6.944444444444443,62.5,75.0,85.97,6,0,9,2,0.0,ม.2,สด,old,0,4,2
2568-1097,2568,2025-04,100.0,100.0,0.0,50.0,100.0,91.02000000000001,4,0,9,2,0.0,ม.2,สด,old,0,2,2
2568-1098,2568,2025-04,50.0,52.94117647058824,-5.555555555555557,37.5,50.0,64.225,2,1,0,2,0.0,ม.3,สด,new,0,2,2
2568-1099,2568,2025-04,83.33333333333334,80.0,6.862745098039227,56.25,100.0,83.70000000000002,8,0,7,2,0.0,ม.2,สด,new,0,4,2
2568-1100,2568,2025-04,60.0,60.0,,25.0,0.0,70.46666666666665,3,0,0,2,1.0,ม.2,สด,new,1,3,1
2568-1101,2568,2025-04,77.77777777777779,76.47058823529412,2.7777777777777857,75.0,50.0,81.77142857142857,5,0,2,2,0.0,ม.3,สด,new,0,2,2
2568-1102,2568,2025-04,92.3076923076923,96.0,-7.692307692307693,66.66666666666667,100.0,86.58000000000001,7,0,4,2,0.0,ม.3,สด,new,0,3,2
2568-1103,2568,2025-04,50.0,50.0,,18.75,0.0,74.19999999999999,2,0,2,2,1.0,ม.3,สด,new,1,4,1
2568-1104,2568,2025-04,50.0,45.45454545454545,8.82352941176471,50.0,100.0,65.91000000000001,5,0,0,2,0.0,ม.3,สด,new,0,4,2
2568-1105,2568,2025-04,78.57142857142857,76.92307692307693,3.5714285714285694,50.0,100.0,79.07777777777777,6,0,0,2,0.0,ม.3,เทป,new,0,3,2
2568-1106,2568,2025-04,80.0,75.75757575757575,7.777777777777786,37.5,25.0,64.89999999999999,3,0,7,2,0.0,ม.3,สด,old,0,4,2
2568-1108,2568,2025-04,75.0,72.0,5.769230769230774,41.666666666666664,66.66666666666667,78.89999999999999,5,0,0,2,0.0,ม.1,สด,new,0,3,2
2568-1109,2568,2025-04,61.53846153846154,69.23076923076923,-15.384615384615394,41.666666666666664,66.66666666666667,70.1,3,0,1,2,0.0,ม.1,สด,new,0,3,2
2568-1110,2568,2025-04,100.0,100.0,,50.0,0.0,83.62,5,0,4,2,0.0,ม.3,สด,new,1,3,1
2568-1111,2568,2025-04,82.35294117647058,76.47058823529412,11.764705882352928,50.0,50.0,83.26249999999999,6,0,4,2,0.0,ม.3,เทป,new,0,4,2
2568-1112,2568,2025-04,73.33333333333333,75.75757575757575,-4.444444444444457,56.25,50.0,77.55555555555556,6,0,0,2,0.0,ม.3,สด,old,0,4,2
2568-1114,2568,2025-04,78.57142857142857,78.57142857142857,,37.5,0.0,77.66,5,0,4,2,0.0,ม.3,สด,old,1,4,1
2568-1117,2568,2025-04,87.5,84.84848484848484,5.14705882352942,50.0,50.0,77.82222222222222,6,0,8,2,0.0,ม.3,สด,new,0,4,2
2568-1118,2568,2025-04,68.75,55.88235294117647,24.305555555555557,56.25,50.0,75.24444444444445,5,0,0,2,0.0,ม.2,เทป,new,0,4,2
2568-1119,2568,2025-04,61.53846153846154,61.53846153846154,,43.75,0.0,73.74,5,0,1,2,0.0,ม.2,สด,new,1,4,1
2568-1121,2568,2025-04,64.28571428571429,64.28571428571429,,31.25,0.0,84.10000000000001,3,0,1,2,1.0,ม.3,สด,new,1,4,1
2568-1122,2568,2025-04,66.66666666666666,73.52941176470588,-14.583333333333343,62.5,75.0,68.44545454545454,8,0,0,2,0.0,ม.1,สด,new,0,4,2
2568-1123,2568,2025-04,70.58823529411765,73.52941176470588,-5.882352941176464,31.25,25.0,65.68,4,0,0,2,0.0,ม.2,เทป,old,0,4,2
2568-1124,2568,2025-04,77.77777777777779,80.0,-4.575163398692794,37.5,50.0,77.87142857142858,5,0,1,2,0.0,ม.3,สด,old,0,4,2
2568-1125,2568,2025-04,82.35294117647058,91.17647058823529,-17.64705882352942,50.0,25.0,77.43333333333332,5,0,9,2,0.0,ม.3,สด,new,0,4,2
2568-1126,2568,2025-04,86.66666666666667,86.66666666666667,,31.25,0.0,84.08,5,0,4,2,0.0,ม.3,เทป,new,1,4,1
2568-1128,2568,2025-04,87.5,87.5,,50.0,0.0,71.8,4,0,2,2,0.0,ม.2,สด,new,1,2,1
2568-1129,2568,2025-04,92.3076923076923,92.3076923076923,,50.0,0.0,84.94285714285714,7,0,4,2,0.0,ม.1,สด,new,1,4,1
2568-1130,2568,2025-04,61.53846153846154,68.0,-13.46153846153846,50.0,33.333333333333336,74.6,3,0,1,2,0.0,ม.3,สด,new,0,3,2
2568-1131,2568,2025-04,73.68421052631578,75.0,-2.7863777089783355,62.5,75.0,85.3,9,0,4,2,0.0,ม.3,เทป,new,0,4,2
2568-1132,2568,2025-04,100.0,94.28571428571428,11.764705882352942,62.5,100.0,88.96666666666665,7,0,9,2,0.0,ม.2,สด,new,0,4,2
2568-1133,2568,2025-04,88.88888888888889,94.11764705882352,-11.111111111111114,68.75,75.0,88.00833333333333,9,0,9,2,0.0,ม.3,สด,new,0,4,2
2568-1134,2568,2025-04,92.85714285714286,92.85714285714286,,43.75,0.0,86.06,5,0,0,2,0.0,ม.2,เทป,old,1,4,1
2568-1135,2568,2025-04,88.88888888888889,82.85714285714286,12.41830065359477,56.25,75.0,76.16,7,0,5,2,1.0,ม.3,สด,old,0,4,2
2568-1137,2568,2025-04,88.88888888888889,91.42857142857143,-5.228758169934636,50.0,75.0,80.8111111111111,5,0,0,2,0.0,ม.2,เทป,new,0,4,2
2568-1138,2568,2025-04,69.23076923076923,69.23076923076923,,43.75,0.0,88.2,4,0,2,2,0.0,ม.3,สด,new,1,4,1
2568-1139,2568,2025-04,50.0,58.333333333333336,-18.75,56.25,100.0,73.01666666666667,9,0,0,2,0.0,ม.2,สด,new,0,4,2
2568-1140,2568,2025-04,69.23076923076923,76.92307692307693,-15.384615384615387,66.66666666666667,100.0,84.58,6,0,0,2,0.0,ม.3,เทป,old,0,3,2
2568-1141,2568,2025-04,73.33333333333333,77.77777777777779,-10.000000000000014,50.0,100.0,84.57500000000002,6,0,1,2,0.0,ม.2,เทป,new,0,3,2
2568-1142,2568,2025-04,68.42105263157895,68.57142857142857,-0.3289473684210549,31.25,25.0,73.5,3,0,1,2,0.0,ม.2,เทป,new,0,4,2
2568-1143,2568,2025-04,100.0,100.0,0.0,66.66666666666667,66.66666666666667,80.61111111111111,6,0,0,2,0.0,ม.3,สด,old,0,3,2
2568-1144,2568,2025-04,44.44444444444444,52.94117647058824,-18.055555555555557,50.0,100.0,69.60000000000001,4,1,1,2,1.0,ม.3,เทป,new,0,2,2
2568-1145,2568,2025-04,82.35294117647058,81.81818181818183,1.1029411764705799,68.75,75.0,85.6153846153846,9,0,7,2,0.0,ม.1,เทป,new,0,4,2
2568-1146,2568,2025-04,41.66666666666667,56.00000000000001,-27.564102564102555,41.666666666666664,0.0,61.35999999999999,4,0,0,2,0.0,ม.3,สด,old,0,3,2
2568-1147,2568,2025-04,42.10526315789473,40.0,4.605263157894733,31.25,50.0,63.88333333333335,5,0,0,2,1.0,ม.3,เทป,new,0,4,2
2568-1148,2568,2025-04,92.85714285714286,88.88888888888889,8.241758241758248,50.0,66.66666666666667,77.66666666666667,4,0,0,2,0.0,ม.3,สด,old,0,3,2
2568-1150,2568,2025-04,53.84615384615385,72.0,-37.82051282051281,41.666666666666664,100.0,72.17142857142858,5,0,0,2,0.0,ม.2,สด,new,0,3,2
2568-1151,2568,2025-04,91.66666666666666,84.0,14.743589743589723,50.0,66.66666666666667,79.26666666666667,4,0,1,2,0.0,ม.3,สด,new,0,3,2
2568-1152,2568,2025-04,83.33333333333334,73.52941176470588,20.833333333333343,50.0,50.0,81.08571428571429,4,0,1,2,0.0,ม.3,สด,new,0,4,2
2568-1153,2568,2025-04,69.23076923076923,69.23076923076923,,50.0,0.0,86.48333333333333,6,0,3,2,0.0,ม.2,สด,new,1,4,1
2568-1154,2568,2025-04,57.14285714285714,57.14285714285714,,25.0,0.0,85.4,1,1,0,2,0.0,ม.3,เทป,new,1,2,1
2568-1155,2568,2025-04,7.6923076923076925,28.000000000000004,-42.30769230769231,25.0,33.333333333333336,66.025,4,1,0,2,0.0,ม.2,เทป,new,0,3,2
2568-1156,2568,2025-04,70.0,63.888888888888886,13.75,43.75,50.0,71.08333333333333,4,0,3,2,0.0,ม.3,สด,new,0,4,2
2568-1157,2568,2025-04,88.23529411764706,93.93939393939394,-11.764705882352942,56.25,100.0,72.21666666666665,9,0,9,2,0.0,ม.1,สด,new,0,4,2
2568-1158,2568,2025-04,87.5,84.84848484848484,5.14705882352942,68.75,100.0,87.15000000000002,6,0,7,2,0.0,ม.2,สด,new,0,4,2
2568-1159,2568,2025-04,100.0,100.0,,41.666666666666664,0.0,92.775,4,0,4,2,0.0,ม.3,สด,new,1,3,1
2568-1160,2568,2025-04,85.71428571428571,85.71428571428571,,37.5,0.0,87.95,4,0,4,2,0.0,ม.3,เทป,old,1,4,1
2568-1002,2568,2025-05,72.22222222222221,71.15384615384616,0.0,60.0,62.5,77.85882352941177,8,0,3,3,0.0,ม.1,สด,new,0,4,3
2568-1003,2568,2025-05,47.368421052631575,57.692307692307686,-11.455108359133135,30.0,62.5,64.71818181818182,5,0,1,3,0.0,ม.3,สด,new,0,4,3
2568-1004,2568,2025-05,77.77777777777779,67.3076923076923,0.0,60.0,75.0,75.71666666666667,8,0,2,3,0.0,ม.2,สด,new,0,4,3
2568-1005,2568,2025-05,70.58823529411765,67.3076923076923,-7.189542483660134,40.0,25.0,77.15,4,0,2,3,0.0,ม.3,เทป,old,0,4,3
2568-1006,2568,2025-05,50.0,64.1025641025641,-16.666666666666657,53.333333333333336,50.0,82.02727272727273,4,0,0,3,0.0,ม.3,สด,new,0,3,3
2568-1007,2568,2025-05,55.55555555555556,56.25,-1.5873015873015817,45.0,37.5,75.44999999999999,9,0,2,3,0.0,ม.3,สด,new,1,4,2
2568-1008,2568,2025-05,56.25,56.25,0.0,30.0,25.0,73.875,5,0,1,3,0.0,ม.2,สด,old,1,4,2
2568-1010,2568,2025-05,90.0,87.5,6.666666666666657,50.0,50.0,75.59285714285713,10,0,8,3,0.0,ม.2,สด,new,1,4,2
2568-1012,2568,2025-05,88.88888888888889,96.15384615384616,-11.111111111111114,60.0,50.0,88.6875,3,0,0,3,0.0,ม.2,สด,new,0,2,3
2568-1013,2568,2025-05,68.42105263157895,68.75,-0.8097165991902813,35.0,37.5,83.91000000000001,7,0,1,3,0.0,ม.2,สด,old,1,4,2
2568-1014,2568,2025-05,68.75,76.92307692307693,-11.25,40.0,87.5,77.37333333333335,8,0,0,3,0.0,ม.2,เทป,old,0,4,3
2568-1016,2568,2025-05,83.33333333333334,82.6923076923077,-4.901960784313715,65.0,62.5,92.47777777777779,10,0,13,3,0.0,ม.3,เทป,new,0,4,3
2568-1017,2568,2025-05,70.58823529411765,73.07692307692307,2.167182662538707,50.0,62.5,78.32666666666668,6,0,3,3,0.0,ม.3,สด,new,0,4,3
2568-1018,2568,2025-05,42.857142857142854,54.166666666666664,-27.142857142857146,33.333333333333336,50.0,76.73750000000001,6,0,0,3,0.0,ม.2,สด,new,1,3,2
2568-1019,2568,2025-05,75.0,75.0,,20.0,50.0,84.3375,8,0,1,3,0.0,ม.3,เทป,new,2,4,1
2568-1020,2568,2025-05,66.66666666666666,75.0,-19.04761904761905,50.0,37.5,82.46153846153847,9,0,2,3,0.0,ม.3,เทป,new,1,4,2
2568-1021,2568,2025-05,83.33333333333334,86.53846153846155,-16.666666666666657,60.0,100.0,83.385,9,0,11,3,0.0,ม.2,สด,old,0,4,3
2568-1022,2568,2025-05,66.66666666666666,53.84615384615385,12.121212121212118,60.0,50.0,76.60833333333333,5,0,0,3,0.0,ม.3,เทป,new,0,3,3
2568-1023,2568,2025-05,25.0,43.75,-37.5,50.0,25.0,78.06666666666665,4,0,0,3,0.0,ม.2,สด,new,1,2,2
2568-1024,2568,2025-05,87.5,87.5,0.0,20.0,50.0,73.925,3,0,0,3,0.0,ม.1,เทป,new,1,2,2
2568-1025,2568,2025-05,80.0,73.07692307692307,-5.714285714285708,10.0,50.0,83.50000000000001,1,0,2,3,0.0,ม.1,สด,new,0,2,3
2568-1026,2568,2025-05,72.22222222222221,71.15384615384616,5.555555555555557,50.0,87.5,73.5235294117647,9,0,0,3,0.0,ม.2,สด,new,0,4,3
2568-1027,2568,2025-05,73.68421052631578,86.53846153846155,-13.81578947368422,75.0,100.0,79.37826086956522,8,0,0,3,0.0,ม.3,สด,new,0,4,3
2568-1028,2568,2025-05,73.68421052631578,86.53846153846155,-26.31578947368422,65.0,87.5,80.325,10,0,0,3,0.0,ม.2,สด,new,0,4,3
2568-1029,2568,2025-05,88.88888888888889,94.23076923076923,-4.861111111111114,65.0,87.5,88.99000000000001,10,0,13,3,0.0,ม.1,สด,new,0,4,3
2568-1030,2568,2025-05,94.73684210526315,96.15384615384616,-5.26315789473685,65.0,62.5,80.08888888888889,6,0,13,3,0.0,ม.2,สด,new,0,4,3
2568-1031,2568,2025-05,66.66666666666666,65.38461538461539,0.0,50.0,50.0,72.50714285714285,7,0,2,3,0.0,ม.1,สด,new,0,4,3
2568-1032,2568,2025-05,89.47368421052632,96.15384615384616,-10.526315789473685,80.0,75.0,86.63636363636363,11,0,13,3,0.0,ม.2,สด,new,0,4,3
2568-1033,2568,2025-05,55.55555555555556,69.23076923076923,-33.33333333333333,60.0,75.0,70.32222222222224,4,0,1,3,0.0,ม.3,สด,new,0,2,3
2568-1034,2568,2025-05,92.85714285714286,87.5,12.857142857142861,60.0,33.333333333333336,71.57272727272726,7,0,2,3,0.0,ม.2,สด,new,1,3,2
2568-1035,2568,2025-05,100.0,81.25,42.85714285714286,40.0,50.0,72.08333333333333,4,0,5,3,0.0,ม.2,สด,new,1,2,2
2568-1036,2568,2025-05,72.22222222222221,71.15384615384616,1.6339869281045623,60.0,75.0,78.46111111111111,8,0,5,3,0.0,ม.2,เทป,new,0,4,3
2568-1037,2568,2025-05,100.0,100.0,0.0,73.33333333333333,100.0,93.31764705882354,9,0,13,3,0.0,ม.1,เทป,new,0,3,3
2568-1038,2568,2025-05,42.857142857142854,46.15384615384615,-15.476190476190482,26.666666666666668,33.333333333333336,81.19999999999999,2,1,0,3,0.0,ม.3,เทป,new,0,3,3
2568-1039,2568,2025-05,66.66666666666666,66.66666666666666,,20.0,33.333333333333336,82.88,5,0,0,3,0.0,ม.3,สด,old,2,3,1
2568-1040,2568,2025-05,76.92307692307693,58.97435897435898,19.780219780219795,40.0,66.66666666666667,69.67,5,0,2,3,0.0,ม.1,เทป,new,0,3,3
2568-1041,2568,2025-05,41.17647058823529,63.46153846153846,-35.294117647058826,65.0,50.0,68.46470588235294,8,0,0,3,0.0,ม.2,สด,new,0,4,3
2568-1042,2568,2025-05,90.0,90.625,-1.6666666666666572,50.0,50.0,86.51428571428572,12,0,8,3,0.0,ม.1,สด,new,1,4,2
2568-1043,2568,2025-05,63.1578947368421,57.692307692307686,16.09907120743034,35.0,50.0,68.56363636363636,6,0,3,3,0.0,ม.2,สด,new,0,4,3
2568-1044,2568,2025-05,66.66666666666666,46.15384615384615,16.666666666666657,20.0,50.0,62.15,2,0,1,3,1.0,ม.3,สด,new,0,2,3
2568-1045,2568,2025-05,100.0,100.0,0.0,75.0,75.0,87.90952380952383,7,0,13,3,0.0,ม.3,สด,old,0,4,3
2568-1046,2568,2025-05,100.0,94.23076923076923,5.555555555555557,75.0,87.5,84.86818181818182,8,0,13,3,1.0,ม.3,สด,new,0,4,3
2568-1047,2568,2025-05,83.33333333333334,75.0,0.9803921568627629,45.0,75.0,74.61333333333333,6,0,10,3,0.0,ม.2,เทป,old,0,4,3
2568-1048,2568,2025-05,93.33333333333333,97.43589743589743,-6.666666666666671,66.66666666666667,83.33333333333333,88.2,5,0,1,3,0.0,ม.2,สด,new,0,3,3
2568-1049,2568,2025-05,75.0,64.1025641025641,15.0,66.66666666666667,33.333333333333336,76.875,5,0,0,3,0.0,ม.2,สด,new,0,3,3
2568-1050,2568,2025-05,82.35294117647058,76.92307692307693,4.575163398692794,35.0,87.5,82.39999999999999,8,0,0,3,0.0,ม.3,สด,new,0,4,3
2568-1051,2568,2025-05,55.55555555555556,50.0,18.055555555555557,30.0,75.0,63.71666666666667,1,1,2,3,0.0,ม.2,สด,new,0,2,3
2568-1052,2568,2025-05,94.44444444444444,92.3076923076923,0.0,75.0,75.0,88.77142857142857,9,0,11,3,0.0,ม.3,เทป,old,0,4,3
2568-1053,2568,2025-05,55.55555555555556,69.23076923076923,-31.944444444444443,60.0,75.0,74.6,3,1,1,3,0.0,ม.3,สด,new,0,2,3
2568-1054,2568,2025-05,100.0,100.0,0.0,53.333333333333336,50.0,84.97272727272728,8,0,8,3,0.0,ม.2,สด,new,1,3,2
2568-1055,2568,2025-05,61.111111111111114,65.38461538461539,-9.477124183006538,55.0,62.5,76.8625,7,0,0,3,0.0,ม.3,เทป,new,0,4,3
2568-1056,2568,2025-05,55.55555555555556,63.46153846153846,-5.555555555555557,55.0,50.0,73.00666666666666,7,0,0,3,0.0,ม.2,สด,new,0,4,3
2568-1057,2568,2025-05,100.0,100.0,0.0,65.0,87.5,90.365,10,0,13,3,0.0,ม.3,สด,new,0,4,3
2568-1058,2568,2025-05,100.0,100.0,0.0,70.0,100.0,84.78181818181817,5,0,13,3,0.0,ม.1,สด,new,0,2,3
2568-1059,2568,2025-05,92.85714285714286,95.83333333333334,-7.142857142857139,53.333333333333336,16.666666666666668,83.26666666666667,6,0,0,3,0.0,ม.2,สด,new,1,3,2
2568-1060,2568,2025-05,87.5,87.5,,10.0,50.0,71.3,3,0,0,3,0.0,ม.2,สด,old,2,2,1
2568-1061,2568,2025-05,63.1578947368421,69.23076923076923,-5.592105263157897,50.0,62.5,74.11333333333332,4,0,1,3,0.0,ม.3,สด,new,0,4,3
2568-1062,2568,2025-05,66.66666666666666,66.66666666666666,,6.666666666666667,50.0,68.875,4,0,0,3,0.0,ม.3,เทป,old,2,3,1
2568-1063,2568,2025-05,87.5,87.5,,20.0,50.0,71.4375,8,0,0,3,0.0,ม.3,สด,old,2,4,1
2568-1065,2568,2025-05,87.5,87.5,,10.0,25.0,75.55,2,0,0,3,0.0,ม.2,สด,old,2,2,1
2568-1066,2568,2025-05,47.368421052631575,59.61538461538461,-19.298245614035082,55.0,37.5,64.8642857142857,5,0,0,3,0.0,ม.2,เทป,new,0,4,3
2568-1067,2568,2025-05,37.5,37.5,,10.0,37.5,58.220000000000006,5,0,0,3,0.0,ม.1,สด,new,2,4,1
2568-1068,2568,2025-05,100.0,100.0,0.0,73.33333333333333,100.0,85.4235294117647,9,0,13,3,0.0,ม.3,สด,new,0,3,3
2568-1069,2568,2025-05,70.58823529411765,84.61538461538461,-16.911764705882348,65.0,50.0,79.18823529411765,7,0,0,3,0.0,ม.3,สด,old,0,4,3
2568-1070,2568,2025-05,84.61538461538461,76.92307692307693,20.32967032967032,73.33333333333333,83.33333333333333,80.4625,6,0,0,3,0.0,ม.3,เทป,new,0,3,3
2568-1071,2568,2025-05,84.61538461538461,84.61538461538461,7.692307692307679,60.0,83.33333333333333,89.02142857142857,6,0,1,3,0.0,ม.2,เทป,new,0,3,3
2568-1072,2568,2025-05,37.5,50.0,-12.5,40.0,75.0,68.25714285714285,3,1,0,3,0.0,ม.3,สด,new,0,2,3
2568-1073,2568,2025-05,60.0,59.375,1.6666666666666643,35.0,12.5,84.9125,4,0,2,3,0.0,ม.3,เทป,new,1,4,2
2568-1074,2568,2025-05,16.666666666666664,26.923076923076923,-5.555555555555557,15.0,50.0,51.114285714285714,3,1,0,3,0.0,ม.1,สด,new,0,4,3
2568-1076,2568,2025-05,94.73684210526315,78.84615384615384,12.38390092879257,65.0,87.5,80.085,8,0,7,3,0.0,ม.2,สด,old,0,4,3
2568-1077,2568,2025-05,64.70588235294117,71.875,-15.294117647058826,55.0,25.0,74.67692307692307,7,0,1,3,0.0,ม.1,สด,old,1,4,2
2568-1078,2568,2025-05,81.25,81.25,,20.0,25.0,88.66666666666667,6,0,1,3,0.0,ม.2,เทป,new,2,4,1
2568-1079,2568,2025-05,77.77777777777779,78.125,-0.7936507936507837,35.0,25.0,83.03333333333333,6,0,0,3,0.0,ม.2,สด,new,1,4,2
2568-1080,2568,2025-05,70.0,68.75,3.333333333333343,20.0,25.0,77.91666666666667,4,0,0,3,0.0,ม.3,สด,old,1,4,2
2568-1081,2568,2025-05,88.88888888888889,84.375,10.317460317460316,45.0,50.0,83.06153846153846,7,0,0,3,0.0,ม.2,เทป,new,1,4,2
2568-1082,2568,2025-05,87.5,87.5,,15.0,37.5,85.01666666666667,6,0,4,3,0.0,ม.3,เทป,new,2,4,1
2568-1084,2568,2025-05,75.0,90.38461538461539,-25.0,75.0,50.0,84.27368421052631,7,0,0,3,0.0,ม.2,เทป,old,0,4,3
2568-1085,2568,2025-05,68.75,68.75,,20.0,25.0,75.16666666666667,6,0,1,3,0.0,ม.3,สด,new,2,4,1
2568-1086,2568,2025-05,66.66666666666666,61.53846153846154,11.1111111111111,40.0,25.0,70.44000000000001,2,0,0,3,0.0,ม.2,เทป,new,0,2,3
2568-1087,2568,2025-05,70.58823529411765,76.92307692307693,0.0,60.0,37.5,75.9,4,0,1,3,1.0,ม.3,สด,old,0,4,3
2568-1088,2568,2025-05,93.75,84.375,18.75,30.0,50.0,83.49,8,0,7,3,0.0,ม.2,เทป,new,1,4,2
2568-1089,2568,2025-05,75.0,75.0,,0.0,0.0,,0,0,0,3,0.0,ม.3,เทป,new,2,2,1
2568-1091,2568,2025-05,100.0,100.0,0.0,60.0,50.0,89.23750000000001,4,0,8,3,0.0,ม.1,สด,old,1,2,2
2568-1093,2568,2025-05,100.0,100.0,0.0,60.0,50.0,88.10000000000001,6,0,13,3,0.0,ม.2,สด,new,0,3,3
2568-1094,2568,2025-05,83.33333333333334,84.61538461538461,-3.3333333333333286,46.666666666666664,100.0,86.03846153846153,5,0,0,3,0.0,ม.1,เทป,new,0,3,3
2568-1095,2568,2025-05,63.1578947368421,59.61538461538461,0.6578947368421026,35.0,62.5,65.63333333333333,5,0,2,3,0.0,ม.2,สด,new,0,4,3
2568-1096,2568,2025-05,100.0,94.23076923076923,5.555555555555557,70.0,75.0,84.24499999999998,10,0,13,3,0.0,ม.2,สด,old,0,4,3
2568-1097,2568,2025-05,100.0,100.0,0.0,60.0,75.0,88.9,4,0,13,3,0.0,ม.2,สด,old,0,2,3
2568-1098,2568,2025-05,11.11111111111111,38.46153846153847,-38.888888888888886,30.0,25.0,64.225,0,3,0,3,0.0,ม.3,สด,new,0,2,3
2568-1099,2568,2025-05,100.0,86.53846153846155,16.666666666666657,65.0,100.0,84.63333333333333,10,0,11,3,0.0,ม.2,สด,new,0,4,3
2568-1101,2568,2025-05,100.0,84.61538461538461,22.222222222222214,80.0,75.0,82.01818181818182,4,0,6,3,0.0,ม.3,สด,new,0,2,3
2568-1102,2568,2025-05,100.0,97.43589743589743,7.692307692307693,66.66666666666667,100.0,88.60624999999999,6,0,8,3,0.0,ม.3,สด,new,0,3,3
2568-1104,2568,2025-05,57.89473684210527,50.0,7.894736842105267,50.0,75.0,68.04375,6,0,1,3,0.0,ม.3,สด,new,0,4,3
2568-1105,2568,2025-05,69.23076923076923,74.35897435897436,-9.340659340659343,53.333333333333336,66.66666666666667,81.68333333333332,3,0,0,3,0.0,ม.3,เทป,new,0,3,3
2568-1106,2568,2025-05,73.68421052631578,75.0,-6.3157894736842195,45.0,37.5,68.31666666666666,6,0,0,3,0.0,ม.3,สด,old,0,4,3
2568-1108,2568,2025-05,64.28571428571429,69.23076923076923,-10.714285714285708,53.333333333333336,50.0,80.06363636363636,5,0,1,3,0.0,ม.1,สด,new,0,3,3
2568-1109,2568,2025-05,69.23076923076923,69.23076923076923,7.692307692307686,46.666666666666664,50.0,76.35999999999999,5,0,0,3,0.0,ม.1,สด,new,0,3,3
2568-1110,2568,2025-05,71.42857142857143,83.33333333333334,-28.57142857142857,60.0,33.333333333333336,85.08181818181819,6,0,0,3,0.0,ม.3,สด,new,1,3,2
2568-1111,2568,2025-05,66.66666666666666,73.07692307692307,-15.686274509803923,45.0,50.0,84.54615384615384,5,0,1,3,0.0,ม.3,เทป,new,0,4,3
2568-1112,2568,2025-05,78.94736842105263,76.92307692307693,5.6140350877193015,50.0,62.5,77.80666666666666,6,0,4,3,0.0,ม.3,สด,old,0,4,3
2568-1114,2568,2025-05,83.33333333333334,81.25,4.761904761904773,45.0,50.0,81.55384615384615,8,0,8,3,0.0,ม.3,สด,old,1,4,2
2568-1116,2568,2025-05,75.0,75.0,,20.0,50.0,79.375,4,0,2,3,0.0,ม.2,สด,new,2,2,1
2568-1117,2568,2025-05,89.47368421052632,86.53846153846155,1.973684210526315,50.0,62.5,79.47333333333333,6,0,12,3,0.0,ม.3,สด,new,0,4,3
2568-1118,2568,2025-05,50.0,53.84615384615385,-18.75,50.0,50.0,72.75000000000001,5,0,1,3,0.0,ม.2,เทป,new,0,4,3
2568-1119,2568,2025-05,52.63157894736842,56.25,-8.906882591093122,50.0,12.5,74.93636363636365,6,0,0,3,0.0,ม.2,สด,new,1,4,2
2568-1122,2568,2025-05,77.77777777777779,75.0,11.111111111111128,55.0,75.0,66.72352941176472,6,0,4,3,0.0,ม.1,สด,new,0,4,3
2568-1123,2568,2025-05,66.66666666666666,71.15384615384616,-3.921568627450995,25.0,50.0,65.27777777777777,4,0,0,3,0.0,ม.2,เทป,old,0,4,3
2568-1124,2568,2025-05,88.23529411764706,82.6923076923077,10.457516339869272,35.0,62.5,74.77499999999999,5,0,5,3,0.0,ม.3,สด,old,0,4,3
2568-1125,2568,2025-05,83.33333333333334,88.46153846153845,0.9803921568627629,50.0,50.0,78.13571428571427,5,0,3,3,0.0,ม.3,สด,new,0,4,3
2568-1126,2568,2025-05,70.58823529411765,78.125,-16.07843137254902,35.0,0.0,77.17142857142858,2,0,0,3,0.0,ม.3,เทป,new,1,4,2
2568-1127,2568,2025-05,75.0,75.0,,5.0,37.5,72.15,4,0,1,3,0.0,ม.2,สด,new,2,4,1
2568-1128,2568,2025-05,87.5,87.5,0.0,60.0,0.0,77.66666666666667,2,0,1,3,0.0,ม.2,สด,new,1,2,2
2568-1129,2568,2025-05,100.0,96.875,7.692307692307693,60.0,50.0,84.38125,9,0,8,3,0.0,ม.1,สด,new,1,4,2
2568-1130,2568,2025-05,92.85714285714286,76.92307692307693,31.31868131868132,46.666666666666664,66.66666666666667,80.8,6,0,3,3,0.0,ม.3,สด,new,0,3,3
2568-1131,2568,2025-05,75.0,75.0,1.3157894736842195,65.0,75.0,83.92631578947369,8,0,1,3,0.0,ม.3,เทป,new,0,4,3
2568-1132,2568,2025-05,100.0,96.15384615384616,0.0,65.0,100.0,87.74761904761905,9,0,13,3,0.0,ม.2,สด,new,0,4,3
2568-1133,2568,2025-05,88.88888888888889,92.3076923076923,0.0,70.0,75.0,85.115,8,0,13,3,0.0,ม.3,สด,new,0,4,3
2568-1134,2568,2025-05,72.22222222222221,81.25,-20.634920634920647,50.0,25.0,81.31666666666666,7,0,2,3,0.0,ม.2,เทป,old,1,4,2
2568-1136,2568,2025-05,100.0,100.0,,13.333333333333334,50.0,91.5,5,0,4,3,0.0,ม.3,สด,new,2,3,1
2568-1137,2568,2025-05,94.11764705882352,92.3076923076923,5.228758169934636,60.0,75.0,83.91666666666669,9,0,4,3,0.0,ม.2,เทป,new,0,4,3
2568-1138,2568,2025-05,68.42105263157895,68.75,-0.8097165991902813,55.0,37.5,77.84285714285714,10,0,1,3,0.0,ม.3,สด,new,1,4,2
2568-1139,2568,2025-05,81.25,65.38461538461539,31.25,55.0,75.0,70.7,5,0,1,3,0.0,ม.2,สด,new,0,4,3
2568-1140,2568,2025-05,76.92307692307693,76.92307692307693,7.692307692307708,66.66666666666667,83.33333333333333,83.84666666666666,5,0,0,3,0.0,ม.3,เทป,old,0,3,3
2568-1141,2568,2025-05,91.66666666666666,82.05128205128204,18.33333333333333,53.333333333333336,83.33333333333333,79.56153846153848,5,0,3,3,0.0,ม.2,เทป,new,0,3,3
2568-1142,2568,2025-05,82.35294117647058,73.07692307692307,13.931888544891635,45.0,25.0,79.27272727272727,6,0,5,3,0.0,ม.2,เทป,new,0,4,3
2568-1143,2568,2025-05,85.71428571428571,94.87179487179486,-14.285714285714292,66.66666666666667,83.33333333333333,80.70666666666668,6,0,1,3,0.0,ม.3,สด,old,0,3,3
2568-1145,2568,2025-05,78.94736842105263,80.76923076923077,-3.40557275541795,75.0,75.0,86.93809523809526,8,0,1,3,0.0,ม.1,เทป,new,0,4,3
2568-1146,2568,2025-05,57.14285714285714,56.41025641025641,15.476190476190467,46.666666666666664,33.333333333333336,64.19999999999999,4,0,0,3,0.0,ม.3,สด,old,0,3,3
2568-1148,2568,2025-05,75.0,84.61538461538461,-17.85714285714286,60.0,83.33333333333333,79.31428571428572,8,0,0,3,0.0,ม.3,สด,old,0,3,3
2568-1150,2568,2025-05,64.28571428571429,69.23076923076923,10.439560439560445,46.666666666666664,100.0,70.92307692307692,6,0,1,3,0.0,ม.2,สด,new,0,3,3
2568-1151,2568,2025-05,78.57142857142857,82.05128205128204,-13.095238095238088,46.666666666666664,83.33333333333333,79.69166666666668,6,0,1,3,0.0,ม.3,สด,new,0,3,3
2568-1152,2568,2025-05,88.88888888888889,78.84615384615384,5.555555555555543,55.0,62.5,80.1,9,0,5,3,0.0,ม.3,สด,new,0,4,3
2568-1153,2568,2025-05,94.73684210526315,84.375,25.506072874493924,60.0,50.0,83.9,10,0,7,3,0.0,ม.2,สด,new,1,4,2
2568-1154,2568,2025-05,66.66666666666666,62.5,9.523809523809518,40.0,50.0,84.85000000000001,5,1,0,3,1.0,ม.3,เทป,new,1,2,2
2568-1155,2568,2025-05,28.57142857142857,28.205128205128204,20.879120879120876,26.666666666666668,16.666666666666668,66.3,1,1,0,3,1.0,ม.2,เทป,new,0,3,3
2568-1156,2568,2025-05,62.5,63.46153846153846,-7.5,50.0,62.5,72.56666666666668,9,0,0,3,0.0,ม.3,สด,new,0,4,3
2568-1157,2568,2025-05,73.68421052631578,86.53846153846155,-14.551083591331277,60.0,87.5,73.61052631578947,7,0,2,3,0.0,ม.1,สด,new,0,4,3
2568-1158,2568,2025-05,89.47368421052632,86.53846153846155,1.973684210526315,75.0,87.5,88.72272727272728,10,0,11,3,0.0,ม.2,สด,new,0,4,3
2568-1159,2568,2025-05,100.0,100.0,0.0,53.333333333333336,50.0,90.18181818181819,7,0,8,3,0.0,ม.3,สด,new,1,3,2
2568-1160,2568,2025-05,83.33333333333334,84.375,-2.3809523809523654,40.0,37.5,89.19999999999999,7,0,8,3,0.0,ม.3,เทป,old,1,4,2
2568-1001,2568,2025-06,37.5,37.5,,7.142857142857143,25.0,70.58,5,0,0,4,0.0,ม.2,สด,old,3,4,1
2568-1002,2568,2025-06,62.5,69.11764705882352,-9.722222222222214,57.142857142857146,75.0,75.51739130434783,6,0,2,4,0.0,ม.1,สด,new,0,4,4
2568-1003,2568,2025-06,62.5,58.82352941176471,15.131578947368425,35.714285714285715,50.0,63.48666666666667,4,0,0,4,0.0,ม.3,สด,new,0,4,4
2568-1004,2568,2025-06,75.0,69.11764705882352,-2.7777777777777857,53.57142857142857,75.0,74.49565217391304,5,0,0,4,0.0,ม.2,สด,new,0,4,4
2568-1005,2568,2025-06,63.1578947368421,66.19718309859155,-7.430340557275549,39.285714285714285,50.0,73.29333333333334,5,0,0,4,0.0,ม.3,เทป,old,0,4,4
2568-1006,2568,2025-06,69.23076923076923,65.38461538461539,19.230769230769226,66.66666666666667,55.55555555555556,83.44117647058823,6,0,0,4,1.0,ม.3,สด,new,0,3,4
2568-1007,2568,2025-06,87.5,66.66666666666666,31.944444444444443,46.42857142857143,41.666666666666664,75.68,3,0,0,4,0.0,ม.3,สด,new,1,4,3
2568-1008,2568,2025-06,64.70588235294117,59.183673469387756,8.455882352941174,25.0,41.666666666666664,76.9,3,0,0,4,0.0,ม.2,สด,old,1,4,3
2568-1009,2568,2025-06,100.0,100.0,,17.857142857142858,25.0,82.86666666666666,6,0,5,4,0.0,ม.2,สด,new,3,4,1
2568-1010,2568,2025-06,68.75,81.25,-21.25,57.142857142857146,58.333333333333336,78.095,6,0,2,4,0.0,ม.2,สด,new,1,4,3
2568-1011,2568,2025-06,100.0,100.0,,28.571428571428573,25.0,79.5,8,0,5,4,0.0,ม.1,สด,new,3,4,1
2568-1012,2568,2025-06,100.0,97.14285714285714,11.111111111111114,71.42857142857143,50.0,85.19999999999999,3,0,5,4,0.0,ม.2,สด,new,0,2,4
2568-1013,2568,2025-06,68.75,68.75,0.3289473684210549,46.42857142857143,58.333333333333336,80.35882352941177,7,0,4,4,0.0,ม.2,สด,old,1,4,3
2568-1014,2568,2025-06,52.63157894736842,70.4225352112676,-16.118421052631582,39.285714285714285,58.333333333333336,76.99411764705881,2,0,1,4,0.0,ม.2,เทป,old,0,4,4
2568-1016,2568,2025-06,87.5,83.82352941176471,4.166666666666657,75.0,58.333333333333336,91.42500000000001,6,0,18,4,0.0,ม.3,เทป,new,0,4,4
2568-1017,2568,2025-06,61.111111111111114,70.0,-9.477124183006538,53.57142857142857,66.66666666666667,77.25999999999999,5,0,0,4,0.0,ม.3,สด,new,0,4,4
2568-1018,2568,2025-06,75.0,61.111111111111114,32.142857142857146,47.61904761904762,55.55555555555556,74.54615384615384,5,0,0,4,0.0,ม.2,สด,new,1,3,3
2568-1019,2568,2025-06,75.0,75.0,0.0,42.857142857142854,58.333333333333336,82.72666666666666,7,0,2,4,0.0,ม.3,เทป,new,2,4,2
2568-1020,2568,2025-06,58.82352941176471,69.38775510204081,-7.843137254901947,60.714285714285715,41.666666666666664,81.5421052631579,6,0,0,4,0.0,ม.3,เทป,new,1,4,3
2568-1021,2568,2025-06,93.75,88.23529411764706,10.416666666666657,67.85714285714286,91.66666666666669,82.03076923076924,6,0,16,4,0.0,ม.2,สด,old,0,4,4
2568-1022,2568,2025-06,83.33333333333334,60.78431372549019,16.666666666666686,57.142857142857146,55.55555555555556,77.72941176470589,5,0,0,4,0.0,ม.3,เทป,new,0,3,4
2568-1023,2568,2025-06,62.5,50.0,37.5,50.0,16.666666666666668,78.06666666666665,0,0,1,4,1.0,ม.2,สด,new,1,2,3
2568-1024,2568,2025-06,66.66666666666666,80.0,-20.833333333333343,42.857142857142854,50.0,76.05714285714285,3,1,0,4,0.0,ม.1,เทป,new,1,2,3
2568-1025,2568,2025-06,75.0,73.52941176470588,-5.0,14.285714285714286,50.0,80.97500000000001,1,0,1,4,0.0,ม.1,สด,new,0,2,4
2568-1026,2568,2025-06,58.82352941176471,68.11594202898551,-13.398692810457504,60.714285714285715,83.33333333333333,73.5,7,0,2,4,0.0,ม.2,สด,new,0,4,4
2568-1027,2568,2025-06,87.5,86.76470588235294,13.81578947368422,75.0,100.0,80.19310344827585,6,0,2,4,0.0,ม.3,สด,new,0,4,4
2568-1028,2568,2025-06,93.75,88.23529411764706,20.06578947368422,67.85714285714286,83.33333333333333,82.1,6,0,5,4,0.0,ม.2,สด,new,0,4,4
2568-1029,2568,2025-06,100.0,95.65217391304348,11.111111111111114,67.85714285714286,75.0,89.45199999999998,5,0,18,4,1.0,ม.1,สด,new,0,4,4
2568-1030,2568,2025-06,88.23529411764706,94.20289855072464,-6.501547987616092,60.714285714285715,66.66666666666667,80.50434782608696,5,0,18,4,0.0,ม.2,สด,new,0,4,4
2568-1031,2568,2025-06,31.25,57.35294117647059,-35.41666666666666,50.0,58.333333333333336,71.55999999999999,6,0,1,4,0.0,ม.1,สด,new,0,4,4
2568-1032,2568,2025-06,100.0,97.14285714285714,10.526315789473685,82.14285714285714,75.0,87.03793103448275,7,0,18,4,0.0,ม.2,สด,new,0,4,4
2568-1033,2568,2025-06,62.5,67.64705882352942,6.944444444444443,64.28571428571429,66.66666666666667,72.54545454545456,2,0,0,4,0.0,ม.3,สด,new,0,2,4
2568-1034,2568,2025-06,91.66666666666666,88.88888888888889,-1.190476190476204,52.38095238095238,44.44444444444444,71.96923076923078,2,0,4,4,0.0,ม.2,สด,new,1,3,3
2568-1035,2568,2025-06,87.5,83.33333333333334,-12.5,50.0,66.66666666666667,73.27000000000001,4,0,0,4,0.0,ม.2,สด,new,1,2,3
2568-1036,2568,2025-06,68.75,70.58823529411765,-3.4722222222222143,64.28571428571429,75.0,77.148,7,0,0,4,0.0,ม.2,เทป,new,0,4,4
2568-1037,2568,2025-06,75.0,94.11764705882352,-25.0,76.19047619047619,100.0,91.0,6,0,1,4,0.0,ม.1,เทป,new,0,3,4
2568-1038,2568,2025-06,66.66666666666666,50.98039215686274,23.809523809523803,33.333333333333336,44.44444444444444,79.78888888888889,3,0,1,4,1.0,ม.3,เทป,new,0,3,4
2568-1039,2568,2025-06,84.61538461538461,76.0,17.948717948717956,33.333333333333336,44.44444444444444,80.2375,3,0,0,4,0.0,ม.3,สด,old,2,3,2
2568-1040,2568,2025-06,66.66666666666666,60.78431372549019,-10.256410256410277,47.61904761904762,44.44444444444444,70.16666666666667,2,0,3,4,0.0,ม.1,เทป,new,0,3,4
2568-1041,2568,2025-06,56.25,61.76470588235294,15.07352941176471,64.28571428571429,50.0,72.12727272727274,5,0,1,4,0.0,ม.2,สด,new,0,4,4
2568-1042,2568,2025-06,82.35294117647058,87.75510204081633,-7.64705882352942,53.57142857142857,66.66666666666667,85.49,6,0,1,4,0.0,ม.1,สด,new,1,4,3
2568-1043,2568,2025-06,70.58823529411765,60.86956521739131,7.430340557275549,39.285714285714285,66.66666666666667,69.86111111111111,7,0,0,4,0.0,ม.2,สด,new,0,4,4
2568-1045,2568,2025-06,93.75,98.52941176470588,-6.25,75.0,75.0,85.6777777777778,6,0,18,4,0.0,ม.3,สด,old,0,4,4
2568-1047,2568,2025-06,94.11764705882352,79.71014492753623,10.784313725490179,50.0,75.0,75.67272727272727,7,0,15,4,0.0,ม.2,เทป,old,0,4,4
2568-1048,2568,2025-06,100.0,98.0392156862745,6.666666666666671,76.19047619047619,88.88888888888889,88.7904761904762,6,0,6,4,0.0,ม.2,สด,new,0,3,4
2568-1049,2568,2025-06,69.23076923076923,65.38461538461539,-5.769230769230774,57.142857142857146,44.44444444444444,75.6,4,0,0,4,0.0,ม.2,สด,new,0,3,4
2568-1050,2568,2025-06,76.47058823529412,76.81159420289855,-5.882352941176464,50.0,83.33333333333333,81.2047619047619,7,0,3,4,0.0,ม.3,สด,new,0,4,4
2568-1051,2568,2025-06,37.5,47.05882352941176,-18.055555555555557,28.571428571428573,50.0,66.94285714285715,1,0,1,4,0.0,ม.2,สด,new,0,2,4
2568-1052,2568,2025-06,88.23529411764706,91.30434782608695,-6.209150326797385,71.42857142857143,75.0,88.54999999999998,5,0,16,4,0.0,ม.3,เทป,old,0,4,4
2568-1053,2568,2025-06,87.5,73.52941176470588,31.944444444444443,64.28571428571429,83.33333333333333,74.71538461538462,4,0,0,4,1.0,ม.3,สด,new,0,2,4
2568-1054,2568,2025-06,100.0,100.0,0.0,66.66666666666667,66.66666666666667,84.68235294117648,6,0,13,4,0.0,ม.2,สด,new,1,3,3
2568-1055,2568,2025-06,70.58823529411765,66.66666666666666,9.477124183006538,60.714285714285715,66.66666666666667,77.50416666666666,8,0,1,4,1.0,ม.3,เทป,new,0,4,4
2568-1056,2568,2025-06,76.47058823529412,66.66666666666666,20.91503267973856,60.714285714285715,50.0,71.60999999999999,5,0,1,4,0.0,ม.2,สด,new,0,4,4
2568-1057,2568,2025-06,100.0,100.0,0.0,75.0,75.0,90.9423076923077,6,0,18,4,0.0,ม.3,สด,new,0,4,4
2568-1058,2568,2025-06,100.0,100.0,0.0,78.57142857142857,83.33333333333333,84.3,3,0,18,4,0.0,ม.1,สด,new,0,2,4
2568-1059,2568,2025-06,100.0,97.22222222222221,7.142857142857139,66.66666666666667,44.44444444444444,86.16666666666667,6,0,5,4,0.0,ม.2,สด,new,1,3,3
2568-1060,2568,2025-06,33.33333333333333,58.82352941176471,-54.16666666666667,35.714285714285715,50.0,65.92857142857143,4,1,0,4,0.0,ม.2,สด,old,2,2,2
2568-1061,2568,2025-06,87.5,73.52941176470588,24.342105263157897,35.714285714285715,66.66666666666667,74.46666666666667,3,0,0,4,0.0,ม.3,สด,new,0,4,4
2568-1062,2568,2025-06,61.53846153846154,64.0,-5.128205128205117,33.333333333333336,44.44444444444444,70.5375,4,0,0,4,0.0,ม.3,เทป,old,2,3,2
2568-1063,2568,2025-06,64.70588235294117,75.75757575757575,-22.794117647058826,35.714285714285715,50.0,77.64615384615385,5,0,0,4,0.0,ม.3,สด,old,2,4,2
2568-1065,2568,2025-06,75.0,81.25,-12.5,28.571428571428573,33.333333333333336,78.4,3,0,1,4,0.0,ม.2,สด,old,2,2,2
2568-1066,2568,2025-06,56.25,58.82352941176471,8.881578947368425,57.142857142857146,50.0,65.6421052631579,5,0,0,4,1.0,ม.2,เทป,new,0,4,4
2568-1067,2568,2025-06,29.411764705882355,33.33333333333333,-8.088235294117645,25.0,50.0,61.75,5,0,1,4,0.0,ม.1,สด,new,2,4,2
2568-1068,2568,2025-06,76.92307692307693,94.23076923076923,-23.076923076923066,71.42857142857143,77.77777777777777,84.215,3,0,0,4,0.0,ม.3,สด,new,0,3,4
2568-1069,2568,2025-06,100.0,88.40579710144928,29.411764705882348,75.0,58.333333333333336,79.85600000000001,8,0,5,4,0.0,ม.3,สด,old,0,4,4
2568-1070,2568,2025-06,69.23076923076923,75.0,-15.384615384615387,76.19047619047619,77.77777777777777,80.005,4,0,0,4,0.0,ม.3,เทป,new,0,3,4
2568-1071,2568,2025-06,92.3076923076923,86.53846153846155,7.692307692307693,61.904761904761905,88.88888888888889,89.66315789473686,5,0,2,4,0.0,ม.2,เทป,new,0,3,4
2568-1072,2568,2025-06,62.5,52.94117647058824,25.0,35.714285714285715,50.0,68.07499999999999,1,1,1,4,0.0,ม.3,สด,new,0,2,4
2568-1073,2568,2025-06,76.47058823529412,65.3061224489796,16.470588235294116,42.857142857142854,33.333333333333336,84.13571428571429,6,0,2,4,0.0,ม.3,เทป,new,1,4,3
2568-1074,2568,2025-06,17.647058823529413,24.637681159420293,0.9803921568627487,17.857142857142858,41.666666666666664,54.70000000000001,2,1,0,4,0.0,ม.1,สด,new,0,4,4
2568-1076,2568,2025-06,75.0,77.94117647058823,-19.73684210526315,60.714285714285715,91.66666666666669,78.90370370370371,7,0,1,4,0.0,ม.2,สด,old,0,4,4
2568-1077,2568,2025-06,64.70588235294117,69.38775510204081,0.0,60.714285714285715,50.0,74.15,7,0,4,4,0.0,ม.1,สด,old,1,4,3
2568-1078,2568,2025-06,88.88888888888889,85.29411764705883,7.638888888888886,35.714285714285715,41.666666666666664,89.77857142857142,8,0,6,4,0.0,ม.2,เทป,new,2,4,2
2568-1079,2568,2025-06,93.75,83.33333333333334,15.972222222222214,50.0,41.666666666666664,81.75625000000001,7,0,5,4,0.0,ม.2,สด,new,1,4,3
2568-1080,2568,2025-06,81.25,72.91666666666666,11.25,39.285714285714285,50.0,77.03571428571429,8,0,0,4,0.0,ม.3,สด,old,1,4,3
2568-1081,2568,2025-06,94.11764705882352,87.75510204081633,5.228758169934636,53.57142857142857,50.0,80.65882352941175,4,0,0,4,0.0,ม.2,เทป,new,1,4,3
2568-1082,2568,2025-06,88.88888888888889,88.23529411764706,1.3888888888888857,28.571428571428573,58.333333333333336,85.61666666666666,6,0,9,4,0.0,ม.3,เทป,new,2,4,2
2568-1083,2568,2025-06,25.0,25.0,,21.428571428571427,33.333333333333336,67.49999999999999,3,1,0,4,0.0,ม.2,สด,new,3,2,1
2568-1084,2568,2025-06,93.75,91.17647058823529,18.75,78.57142857142857,66.66666666666667,80.47307692307692,7,0,5,4,0.0,ม.2,เทป,old,0,4,4
2568-1085,2568,2025-06,76.47058823529412,72.72727272727273,7.720588235294116,35.714285714285715,16.666666666666668,75.86,4,0,6,4,0.0,ม.3,สด,new,2,4,2
2568-1086,2568,2025-06,50.0,58.82352941176471,-16.666666666666657,57.142857142857146,33.333333333333336,70.0625,3,1,0,4,0.0,ม.2,เทป,new,0,2,4
2568-1088,2568,2025-06,62.5,77.08333333333334,-31.25,42.857142857142854,58.333333333333336,80.1,5,0,0,4,0.0,ม.2,เทป,new,1,4,3
2568-1089,2568,2025-06,12.5,43.75,-62.5,0.0,0.0,,0,4,0,4,1.0,ม.3,เทป,new,2,2,2
2568-1091,2568,2025-06,100.0,100.0,0.0,71.42857142857143,66.66666666666667,88.60000000000001,4,0,13,4,0.0,ม.1,สด,old,1,2,3
2568-1093,2568,2025-06,91.66666666666666,98.0392156862745,-8.333333333333343,71.42857142857143,55.55555555555556,90.01578947368421,7,0,0,4,0.0,ม.2,สด,new,0,3,4
2568-1094,2568,2025-06,91.66666666666666,86.27450980392157,8.333333333333314,52.38095238095238,100.0,84.69999999999999,5,0,0,4,0.0,ม.1,เทป,new,0,3,4
2568-1095,2568,2025-06,56.25,58.82352941176471,-6.907894736842103,50.0,50.0,65.93529411764706,5,0,2,4,0.0,ม.2,สด,new,0,4,4
2568-1096,2568,2025-06,100.0,95.58823529411765,0.0,71.42857142857143,83.33333333333333,83.58928571428574,8,0,18,4,0.0,ม.2,สด,old,0,4,4
2568-1097,2568,2025-06,100.0,100.0,0.0,64.28571428571429,83.33333333333333,88.10000000000001,4,0,18,4,0.0,ม.2,สด,old,0,2,4
2568-1098,2568,2025-06,25.0,35.294117647058826,13.88888888888889,21.428571428571427,50.0,67.18333333333334,2,2,0,4,1.0,ม.3,สด,new,0,2,4
2568-1099,2568,2025-06,81.25,85.29411764705883,-18.75,75.0,75.0,85.58518518518518,6,0,3,4,0.0,ม.2,สด,new,0,4,4
2568-1101,2568,2025-06,100.0,88.23529411764706,0.0,57.142857142857146,83.33333333333333,80.52307692307691,2,0,11,4,0.0,ม.3,สด,new,0,2,4
2568-1102,2568,2025-06,100.0,98.0392156862745,0.0,76.19047619047619,100.0,88.4695652173913,7,0,13,4,0.0,ม.3,สด,new,0,3,4
2568-1104,2568,2025-06,68.75,54.41176470588235,10.855263157894733,57.142857142857146,66.66666666666667,65.73636363636363,6,0,2,4,0.0,ม.3,สด,new,0,4,4
2568-1105,2568,2025-06,83.33333333333334,76.47058823529412,14.102564102564116,61.904761904761905,66.66666666666667,81.42941176470588,5,0,1,4,0.0,ม.3,เทป,new,0,3,4
2568-1106,2568,2025-06,75.0,75.0,1.3157894736842195,46.42857142857143,58.333333333333336,69.53888888888889,6,0,4,4,0.0,ม.3,สด,old,0,4,4
2568-1107,2568,2025-06,94.11764705882352,94.11764705882352,,28.571428571428573,33.333333333333336,86.92222222222222,9,0,5,4,0.0,ม.3,เทป,new,3,4,1
2568-1108,2568,2025-06,66.66666666666666,68.62745098039215,2.3809523809523654,61.904761904761905,55.55555555555556,78.25294117647057,6,0,0,4,0.0,ม.1,สด,new,0,3,4
2568-1109,2568,2025-06,33.33333333333333,60.78431372549019,-35.8974358974359,52.38095238095238,44.44444444444444,75.39999999999999,3,0,0,4,0.0,ม.1,สด,new,0,3,4
2568-1110,2568,2025-06,100.0,88.88888888888889,28.57142857142857,66.66666666666667,44.44444444444444,84.00666666666667,4,0,5,4,0.0,ม.3,สด,new,1,3,3
2568-1111,2568,2025-06,75.0,73.52941176470588,8.333333333333343,46.42857142857143,50.0,82.81666666666666,5,0,4,4,0.0,ม.3,เทป,new,0,4,4
2568-1112,2568,2025-06,68.75,75.0,-10.19736842105263,57.142857142857146,66.66666666666667,76.17142857142855,6,0,1,4,0.0,ม.3,สด,old,0,4,4
2568-1113,2568,2025-06,37.5,37.5,,10.714285714285714,25.0,71.74,5,0,1,4,0.0,ม.2,เทป,new,3,4,1
2568-1114,2568,2025-06,100.0,87.5,16.666666666666657,60.714285714285715,66.66666666666667,81.6047619047619,8,0,13,4,0.0,ม.3,สด,old,1,4,3
2568-1115,2568,2025-06,68.75,68.75,,21.428571428571427,25.0,79.0,7,0,2,4,0.0,ม.2,สด,new,3,4,1
2568-1116,2568,2025-06,87.5,81.25,12.5,28.571428571428573,50.0,78.0,2,0,0,4,0.0,ม.2,สด,new,2,2,2
2568-1117,2568,2025-06,75.0,83.82352941176471,-14.473684210526315,60.714285714285715,66.66666666666667,77.29047619047618,6,0,0,4,0.0,ม.3,สด,new,0,4,4
2568-1118,2568,2025-06,62.5,55.88235294117647,12.5,53.57142857142857,50.0,74.98947368421054,5,0,3,4,0.0,ม.2,เทป,new,0,4,4
2568-1119,2568,2025-06,55.55555555555556,56.00000000000001,2.9239766081871394,53.57142857142857,33.333333333333336,75.78823529411765,6,0,1,4,0.0,ม.2,สด,new,1,4,3
2568-1120,2568,2025-06,92.3076923076923,92.3076923076923,,28.571428571428573,22.22222222222222,88.34999999999998,6,0,0,4,1.0,ม.3,เทป,new,3,3,1
2568-1122,2568,2025-06,81.25,76.47058823529412,3.4722222222222143,46.42857142857143,66.66666666666667,68.8047619047619,4,0,0,4,0.0,ม.1,สด,new,0,4,4
2568-1123,2568,2025-06,37.5,63.23529411764706,-29.166666666666657,32.142857142857146,41.666666666666664,68.52307692307691,4,1,0,4,0.0,ม.2,เทป,old,0,4,4
2568-1124,2568,2025-06,82.35294117647058,82.6086956521739,-5.882352941176478,46.42857142857143,50.0,75.05,4,0,10,4,0.0,ม.3,สด,old,0,4,4
2568-1125,2568,2025-06,87.5,88.23529411764706,4.166666666666657,50.0,58.333333333333336,78.58947368421053,5,0,8,4,0.0,ม.3,สด,new,0,4,4
2568-1126,2568,2025-06,81.25,79.16666666666666,10.661764705882348,46.42857142857143,8.333333333333334,76.54166666666667,5,0,3,4,1.0,ม.3,เทป,new,1,4,3
2568-1127,2568,2025-06,64.70588235294117,69.6969696969697,-10.294117647058826,25.0,50.0,69.925,8,0,3,4,0.0,ม.2,สด,new,2,4,2
2568-1128,2568,2025-06,87.5,87.5,0.0,71.42857142857143,33.333333333333336,76.44999999999999,4,0,2,4,0.0,ม.2,สด,new,1,2,3
2568-1129,2568,2025-06,100.0,97.95918367346938,0.0,64.28571428571429,66.66666666666667,86.22916666666667,8,0,13,4,0.0,ม.1,สด,new,1,4,3
2568-1130,2568,2025-06,75.0,76.47058823529412,-17.85714285714286,52.38095238095238,66.66666666666667,79.4,5,0,1,4,0.0,ม.3,สด,new,0,3,4
2568-1131,2568,2025-06,68.75,73.52941176470588,-6.25,75.0,75.0,84.45384615384614,7,0,2,4,0.0,ม.3,เทป,new,0,4,4
2568-1132,2568,2025-06,100.0,97.05882352941177,0.0,75.0,91.66666666666669,86.82999999999998,9,0,18,4,0.0,ม.2,สด,new,0,4,4
2568-1133,2568,2025-06,100.0,94.11764705882352,11.111111111111114,75.0,75.0,86.04444444444444,7,0,18,4,0.0,ม.3,สด,new,0,4,4
2568-1134,2568,2025-06,68.75,77.08333333333334,-3.4722222222222143,53.57142857142857,41.666666666666664,82.97058823529412,5,0,1,4,1.0,ม.2,เทป,old,1,4,3
2568-1136,2568,2025-06,100.0,100.0,0.0,38.095238095238095,66.66666666666667,88.5909090909091,6,0,9,4,0.0,ม.3,สด,new,2,3,2
2568-1137,2568,2025-06,87.5,91.17647058823529,-6.617647058823522,67.85714285714286,83.33333333333333,85.54444444444444,9,0,9,4,0.0,ม.2,เทป,new,0,4,4
2568-1138,2568,2025-06,93.75,77.08333333333334,25.328947368421055,64.28571428571429,50.0,76.43,6,0,6,4,0.0,ม.3,สด,new,1,4,3
2568-1139,2568,2025-06,76.47058823529412,68.11594202898551,-4.779411764705884,57.142857142857146,58.333333333333336,68.99545454545455,5,0,4,4,0.0,ม.2,สด,new,0,4,4
2568-1140,2568,2025-06,91.66666666666666,80.3921568627451,14.743589743589723,76.19047619047619,77.77777777777777,83.13636363636364,7,0,0,4,0.0,ม.3,เทป,old,0,3,4
2568-1141,2568,2025-06,75.0,80.3921568627451,-16.666666666666657,66.66666666666667,77.77777777777777,79.02222222222223,5,0,0,4,0.0,ม.2,เทป,new,0,3,4
2568-1142,2568,2025-06,58.82352941176471,69.56521739130434,-23.52941176470587,53.57142857142857,33.333333333333336,76.98823529411764,6,0,2,4,0.0,ม.2,เทป,new,0,4,4
2568-1143,2568,2025-06,75.0,90.19607843137256,-10.714285714285708,76.19047619047619,77.77777777777777,81.425,5,0,2,4,0.0,ม.3,สด,old,0,3,4
2568-1145,2568,2025-06,88.23529411764706,82.6086956521739,9.287925696594428,75.0,75.0,85.82962962962964,6,0,6,4,0.0,ม.1,เทป,new,0,4,4
2568-1146,2568,2025-06,50.0,54.90196078431373,-7.142857142857139,42.857142857142854,44.44444444444444,61.14166666666667,3,0,1,4,0.0,ม.3,สด,old,0,3,4
2568-1148,2568,2025-06,84.61538461538461,84.61538461538461,9.615384615384613,61.904761904761905,77.77777777777777,80.07368421052632,5,0,0,4,0.0,ม.3,สด,old,0,3,4
2568-1149,2568,2025-06,75.0,75.0,,23.80952380952381,11.11111111111111,88.3,3,0,0,4,0.0,ม.3,เทป,new,3,3,1
2568-1150,2568,2025-06,83.33333333333334,72.54901960784314,19.04761904761905,57.142857142857146,88.88888888888889,73.33333333333333,5,0,2,4,0.0,ม.2,สด,new,0,3,4
2568-1151,2568,2025-06,66.66666666666666,78.43137254901961,-11.904761904761912,61.904761904761905,66.66666666666667,81.9,4,0,1,4,0.0,ม.3,สด,new,0,3,4
2568-1152,2568,2025-06,76.47058823529412,78.26086956521739,-12.41830065359477,60.714285714285715,75.0,81.0125,8,0,10,4,0.0,ม.3,สด,new,0,4,4
2568-1153,2568,2025-06,58.82352941176471,75.51020408163265,-35.91331269349844,57.142857142857146,66.66666666666667,84.07826086956521,7,0,2,4,0.0,ม.2,สด,new,1,4,3
2568-1156,2568,2025-06,50.0,60.29411764705882,-12.5,53.57142857142857,75.0,70.20952380952382,6,0,0,4,0.0,ม.3,สด,new,0,4,4
2568-1157,2568,2025-06,82.35294117647058,85.5072463768116,8.6687306501548,64.28571428571429,83.33333333333333,73.42592592592594,8,0,7,4,0.0,ม.1,สด,new,0,4,4
2568-1158,2568,2025-06,75.0,83.82352941176471,-14.473684210526315,75.0,75.0,87.75172413793103,7,0,2,4,0.0,ม.2,สด,new,0,4,4
2568-1159,2568,2025-06,100.0,100.0,0.0,66.66666666666667,66.66666666666667,90.21176470588236,6,0,13,4,0.0,ม.3,สด,new,1,3,3
2568-1160,2568,2025-06,87.5,85.41666666666666,4.166666666666657,42.857142857142854,41.666666666666664,86.52000000000001,4,0,13,4,0.0,ม.3,เทป,old,1,4,3
2568-1001,2568,2025-07,64.70588235294117,51.515151515151516,27.205882352941174,18.75,25.0,64.77777777777777,4,0,2,5,1.0,ม.2,สด,old,3,4,2
2568-1002,2568,2025-07,68.42105263157895,68.96551724137932,5.921052631578945,53.125,75.0,75.79615384615384,3,0,3,5,1.0,ม.1,สด,new,0,4,5
2568-1003,2568,2025-07,65.0,60.22727272727273,2.5,34.375,50.0,64.57058823529412,2,0,0,5,0.0,ม.3,สด,new,0,4,5
2568-1004,2568,2025-07,73.68421052631578,70.11494252873564,-1.3157894736842195,53.125,75.0,74.15,3,0,2,5,0.0,ม.2,สด,new,0,4,5
2568-1005,2568,2025-07,58.82352941176471,64.77272727272727,-4.334365325077393,40.625,50.0,72.78421052631579,4,0,0,5,0.0,ม.3,เทป,old,0,4,5
2568-1007,2568,2025-07,55.55555555555556,63.63636363636363,-31.944444444444443,50.0,41.666666666666664,76.45714285714286,6,0,1,5,1.0,ม.3,สด,new,1,4,4
2568-1008,2568,2025-07,55.55555555555556,58.2089552238806,-9.150326797385617,25.0,41.666666666666664,78.22307692307693,2,0,0,5,0.0,ม.2,สด,old,1,4,4
2568-1009,2568,2025-07,100.0,100.0,0.0,28.125,25.0,85.68333333333334,6,0,9,5,0.0,ม.2,สด,new,3,4,2
2568-1010,2568,2025-07,88.88888888888889,83.33333333333334,20.138888888888886,62.5,58.333333333333336,78.24814814814815,7,0,0,5,0.0,ม.2,สด,new,1,4,4
2568-1011,2568,2025-07,100.0,100.0,0.0,34.375,25.0,82.14999999999999,6,0,9,5,0.0,ม.1,สด,new,3,4,2
2568-1012,2568,2025-07,85.71428571428571,95.23809523809523,-14.285714285714292,75.0,50.0,83.16666666666667,4,0,2,5,0.0,ม.2,สด,new,0,2,5
2568-1013,2568,2025-07,77.77777777777779,71.21212121212122,9.027777777777786,46.875,58.333333333333336,78.46363636363634,5,0,1,5,0.0,ม.2,สด,old,1,4,4
2568-1014,2568,2025-07,66.66666666666666,69.76744186046511,14.03508771929824,37.5,58.333333333333336,77.1,2,0,1,5,0.0,ม.2,เทป,old,0,4,5
2568-1016,2568,2025-07,90.0,85.22727272727273,2.5,75.0,58.333333333333336,91.2,7,0,0,5,1.0,ม.3,เทป,new,0,4,5
2568-1017,2568,2025-07,73.33333333333333,70.58823529411765,12.222222222222214,59.375,66.66666666666667,79.47407407407408,7,0,0,5,0.0,ม.3,สด,new,0,4,5
2568-1018,2568,2025-07,78.57142857142857,66.0,3.5714285714285694,45.833333333333336,55.55555555555556,74.0125,3,0,1,5,0.0,ม.2,สด,new,1,3,4
2568-1019,2568,2025-07,84.21052631578947,78.43137254901961,9.210526315789465,46.875,58.333333333333336,81.68636363636361,7,0,6,5,1.0,ม.3,เทป,new,2,4,3
2568-1020,2568,2025-07,55.55555555555556,65.67164179104478,-3.267973856209153,59.375,41.666666666666664,80.98333333333333,5,1,0,5,0.0,ม.3,เทป,new,1,4,4
2568-1021,2568,2025-07,78.94736842105263,86.20689655172413,-14.80263157894737,71.875,91.66666666666669,79.76470588235293,8,0,3,5,0.0,ม.2,สด,old,0,4,5
2568-1022,2568,2025-07,50.0,58.46153846153847,-33.33333333333334,62.5,55.55555555555556,77.14000000000001,3,0,1,5,0.0,ม.3,เทป,new,0,3,5
2568-1024,2568,2025-07,66.66666666666666,76.47058823529412,0.0,50.0,50.0,72.82727272727273,4,0,2,5,1.0,ม.1,เทป,new,1,2,4
2568-1025,2568,2025-07,77.77777777777779,74.4186046511628,2.7777777777777857,18.75,50.0,78.2,2,0,1,5,0.0,ม.1,สด,new,0,2,5
2568-1026,2568,2025-07,72.22222222222221,68.96551724137932,13.398692810457504,59.375,83.33333333333333,71.89655172413794,5,0,3,5,0.0,ม.2,สด,new,0,4,5
2568-1027,2568,2025-07,84.21052631578947,86.20689655172413,-3.2894736842105345,78.125,100.0,79.46486486486488,8,0,0,5,0.0,ม.3,สด,new,0,4,5
2568-1028,2568,2025-07,84.21052631578947,87.35632183908046,-9.539473684210535,71.875,83.33333333333333,82.93636363636362,7,0,2,5,1.0,ม.2,สด,new,0,4,5
2568-1030,2568,2025-07,94.73684210526315,94.31818181818183,6.501547987616092,62.5,66.66666666666667,81.5607142857143,5,0,22,5,0.0,ม.2,สด,new,0,4,5
2568-1031,2568,2025-07,52.63157894736842,56.32183908045977,21.381578947368418,50.0,58.333333333333336,72.39999999999999,3,0,0,5,0.0,ม.1,สด,new,0,4,5
2568-1032,2568,2025-07,100.0,97.70114942528735,0.0,81.25,75.0,88.18,6,0,22,5,0.0,ม.2,สด,new,0,4,5
2568-1033,2568,2025-07,70.0,68.18181818181817,7.5,62.5,66.66666666666667,71.55714285714286,3,0,0,5,0.0,ม.3,สด,new,0,2,5
2568-1034,2568,2025-07,71.42857142857143,84.0,-20.238095238095227,54.166666666666664,44.44444444444444,72.8529411764706,4,0,0,5,0.0,ม.2,สด,new,1,3,4
2568-1035,2568,2025-07,80.0,82.35294117647058,-7.5,56.25,66.66666666666667,71.90769230769232,3,0,3,5,0.0,ม.2,สด,new,1,2,4
2568-1036,2568,2025-07,78.94736842105263,72.41379310344827,10.19736842105263,65.625,75.0,76.89333333333335,5,0,4,5,0.0,ม.2,เทป,new,0,4,5
2568-1037,2568,2025-07,100.0,95.3125,25.0,79.16666666666667,100.0,90.78928571428571,5,0,5,5,0.0,ม.1,เทป,new,0,3,5
2568-1039,2568,2025-07,81.81818181818183,77.77777777777779,-2.797202797202786,37.5,44.44444444444444,76.28461538461539,5,0,1,5,0.0,ม.3,สด,old,2,3,3
2568-1040,2568,2025-07,78.57142857142857,64.61538461538461,11.904761904761912,41.666666666666664,44.44444444444444,71.28571428571429,2,0,0,5,0.0,ม.1,เทป,new,0,3,5
2568-1041,2568,2025-07,44.44444444444444,58.139534883720934,-11.805555555555557,62.5,50.0,72.61153846153846,4,0,0,5,0.0,ม.2,สด,new,0,4,5
2568-1042,2568,2025-07,64.70588235294117,81.81818181818183,-17.647058823529406,56.25,66.66666666666667,84.55769230769232,6,1,3,5,0.0,ม.1,สด,new,1,4,4
2568-1043,2568,2025-07,68.42105263157895,62.5,-2.167182662538707,37.5,66.66666666666667,70.73,2,0,0,5,0.0,ม.2,สด,new,0,4,5
2568-1045,2568,2025-07,100.0,98.85057471264368,6.25,75.0,75.0,84.9030303030303,6,0,22,5,0.0,ม.3,สด,old,0,4,5
2568-1047,2568,2025-07,66.66666666666666,77.01149425287356,-27.450980392156865,56.25,75.0,75.5074074074074,5,0,0,5,0.0,ม.2,เทป,old,0,4,5
2568-1048,2568,2025-07,100.0,98.48484848484848,0.0,75.0,88.88888888888889,87.16153846153846,5,0,10,5,1.0,ม.2,สด,new,0,3,5
2568-1049,2568,2025-07,69.23076923076923,66.15384615384615,0.0,54.166666666666664,44.44444444444444,75.01176470588234,1,0,1,5,0.0,ม.2,สด,new,0,3,5
2568-1050,2568,2025-07,88.23529411764706,79.06976744186046,11.764705882352942,53.125,83.33333333333333,82.33333333333333,6,0,0,5,0.0,ม.3,สด,new,0,4,5
2568-1051,2568,2025-07,44.44444444444444,46.51162790697674,6.944444444444443,31.25,50.0,65.925,1,1,0,5,0.0,ม.2,สด,new,0,2,5
2568-1052,2568,2025-07,88.88888888888889,90.80459770114942,0.6535947712418277,71.875,75.0,88.73125,6,0,20,5,0.0,ม.3,เทป,old,0,4,5
2568-1054,2568,2025-07,100.0,100.0,0.0,62.5,66.66666666666667,86.10952380952382,4,0,17,5,0.0,ม.2,สด,new,1,3,4
2568-1056,2568,2025-07,52.94117647058824,63.95348837209303,-23.529411764705877,56.25,50.0,72.69166666666666,4,1,0,5,0.0,ม.2,สด,new,0,4,5
2568-1057,2568,2025-07,100.0,100.0,0.0,75.0,75.0,90.58181818181819,7,0,22,5,0.0,ม.3,สด,new,0,4,5
2568-1058,2568,2025-07,90.0,97.72727272727273,-10.0,81.25,83.33333333333333,85.48888888888888,4,0,3,5,0.0,ม.1,สด,new,0,2,5
2568-1059,2568,2025-07,92.3076923076923,95.91836734693877,-7.692307692307693,70.83333333333333,44.44444444444444,85.74761904761905,6,0,3,5,0.0,ม.2,สด,new,1,3,4
2568-1060,2568,2025-07,55.55555555555556,57.692307692307686,22.22222222222223,37.5,50.0,67.82222222222224,2,0,0,5,0.0,ม.2,สด,old,2,2,3
2568-1061,2568,2025-07,60.0,70.45454545454545,-27.5,34.375,66.66666666666667,74.28421052631579,1,0,2,5,0.0,ม.3,สด,new,0,4,5
2568-1062,2568,2025-07,84.61538461538461,71.05263157894737,23.076923076923073,41.666666666666664,44.44444444444444,74.55,6,0,0,5,0.0,ม.3,เทป,old,2,3,3
2568-1063,2568,2025-07,64.70588235294117,72.0,0.0,43.75,50.0,76.72,7,0,3,5,0.0,ม.3,สด,old,2,4,3
2568-1065,2568,2025-07,90.0,84.61538461538461,15.0,31.25,33.333333333333336,76.55714285714285,2,0,0,5,1.0,ม.2,สด,old,2,2,3
2568-1067,2568,2025-07,37.5,34.69387755102041,8.088235294117645,25.0,50.0,61.314285714285724,4,1,0,5,0.0,ม.1,สด,new,2,4,3
2568-1068,2568,2025-07,84.61538461538461,92.3076923076923,7.692307692307679,75.0,77.77777777777777,86.596,5,0,1,5,0.0,ม.3,สด,new,0,3,5
2568-1069,2568,2025-07,76.47058823529412,86.04651162790698,-23.529411764705884,78.125,58.333333333333336,80.046875,7,0,0,5,0.0,ม.3,สด,old,0,4,5
2568-1070,2568,2025-07,76.92307692307693,75.38461538461539,7.692307692307708,70.83333333333333,77.77777777777777,80.27083333333333,4,0,1,5,0.0,ม.3,เทป,new,0,3,5
2568-1071,2568,2025-07,83.33333333333334,85.9375,-8.974358974358964,66.66666666666667,88.88888888888889,88.89999999999999,5,0,1,5,0.0,ม.2,เทป,new,0,3,5
2568-1072,2568,2025-07,66.66666666666666,55.81395348837209,4.166666666666657,43.75,50.0,67.82,2,1,2,5,1.0,ม.3,สด,new,0,2,5
2568-1073,2568,2025-07,72.22222222222221,67.16417910447761,-4.248366013071902,43.75,33.333333333333336,82.85555555555555,4,0,1,5,0.0,ม.3,เทป,new,1,4,4
2568-1074,2568,2025-07,31.57894736842105,26.136363636363637,13.931888544891638,21.875,41.666666666666664,57.175000000000004,3,0,0,5,0.0,ม.1,สด,new,0,4,5
2568-1076,2568,2025-07,83.33333333333334,79.06976744186046,8.333333333333343,62.5,91.66666666666669,79.16774193548387,4,0,3,5,0.0,ม.2,สด,old,0,4,5
2568-1077,2568,2025-07,77.77777777777779,71.64179104477611,13.071895424836612,59.375,50.0,76.3,5,0,2,5,0.0,ม.1,สด,old,1,4,4
2568-1078,2568,2025-07,88.23529411764706,86.27450980392157,-0.6535947712418277,43.75,41.666666666666664,89.44210526315788,5,0,10,5,0.0,ม.2,เทป,new,2,4,3
2568-1079,2568,2025-07,84.21052631578947,83.5820895522388,-9.539473684210535,56.25,41.666666666666664,80.86521739130436,7,0,3,5,0.0,ม.2,สด,new,1,4,4
2568-1080,2568,2025-07,82.35294117647058,75.38461538461539,1.1029411764705799,37.5,50.0,77.88333333333334,4,0,4,5,0.0,ม.3,สด,old,1,4,4
2568-1081,2568,2025-07,72.22222222222221,83.5820895522388,-21.895424836601308,53.125,50.0,78.46086956521738,6,0,3,5,0.0,ม.2,เทป,new,1,4,4
2568-1082,2568,2025-07,82.35294117647058,86.27450980392157,-6.535947712418306,37.5,58.333333333333336,83.0421052631579,7,0,13,5,0.0,ม.3,เทป,new,2,4,3
2568-1083,2568,2025-07,55.55555555555556,41.17647058823529,30.555555555555557,25.0,33.333333333333336,65.9,3,0,1,5,1.0,ม.2,สด,new,3,2,2
2568-1084,2568,2025-07,90.0,90.9090909090909,-3.75,78.125,66.66666666666667,81.06060606060606,7,0,9,5,0.0,ม.2,เทป,old,0,4,5
2568-1085,2568,2025-07,57.89473684210527,67.3076923076923,-18.57585139318885,37.5,16.666666666666668,78.02142857142859,4,0,0,5,0.0,ม.3,สด,new,2,4,3
2568-1086,2568,2025-07,77.77777777777779,62.7906976744186,27.777777777777786,56.25,33.333333333333336,69.80909090909091,3,0,1,5,1.0,ม.2,เทป,new,0,2,5
2568-1088,2568,2025-07,72.22222222222221,75.75757575757575,9.722222222222214,46.875,58.333333333333336,77.58636363636364,7,0,4,5,0.0,ม.2,เทป,new,1,4,4
2568-1091,2568,2025-07,100.0,100.0,0.0,68.75,66.66666666666667,88.82666666666667,3,0,17,5,0.0,ม.1,สด,old,1,2,4
2568-1093,2568,2025-07,93.33333333333333,96.96969696969697,1.6666666666666714,75.0,55.55555555555556,90.29130434782608,4,0,4,5,0.0,ม.2,สด,new,0,3,5
2568-1094,2568,2025-07,73.33333333333333,83.33333333333334,-18.33333333333333,58.333333333333336,100.0,85.08260869565217,5,0,1,5,1.0,ม.1,เทป,new,0,3,5
2568-1095,2568,2025-07,77.77777777777779,62.7906976744186,21.527777777777786,50.0,50.0,65.4590909090909,5,0,0,5,0.0,ม.2,สด,new,0,4,5
2568-1096,2568,2025-07,94.73684210526315,95.40229885057471,-5.26315789473685,71.875,83.33333333333333,84.6909090909091,5,0,22,5,0.0,ม.2,สด,old,0,4,5
2568-1097,2568,2025-07,100.0,100.0,0.0,68.75,83.33333333333333,88.46875,3,0,22,5,0.0,ม.2,สด,old,0,2,5
2568-1099,2568,2025-07,100.0,88.50574712643679,18.75,78.125,75.0,84.83823529411764,7,0,7,5,0.0,ม.2,สด,new,0,4,5
2568-1101,2568,2025-07,100.0,90.9090909090909,0.0,56.25,83.33333333333333,80.91428571428571,1,0,15,5,0.0,ม.3,สด,new,0,2,5
2568-1102,2568,2025-07,93.33333333333333,96.96969696969697,-6.666666666666671,79.16666666666667,100.0,87.85357142857143,5,0,2,5,0.0,ม.3,สด,new,0,3,5
2568-1104,2568,2025-07,68.42105263157895,57.47126436781609,-0.3289473684210549,56.25,66.66666666666667,66.5076923076923,4,0,3,5,0.0,ม.3,สด,new,0,4,5
2568-1105,2568,2025-07,66.66666666666666,74.24242424242425,-16.666666666666686,54.166666666666664,66.66666666666667,80.3157894736842,2,1,1,5,0.0,ม.3,เทป,new,0,3,5
2568-1106,2568,2025-07,72.22222222222221,74.4186046511628,-2.7777777777777857,53.125,58.333333333333336,71.64999999999999,6,0,0,5,1.0,ม.3,สด,old,0,4,5
2568-1107,2568,2025-07,100.0,96.96969696969697,5.882352941176478,37.5,33.333333333333336,88.35625,7,0,9,5,1.0,ม.3,เทป,new,3,4,2
2568-1108,2568,2025-07,76.92307692307693,70.3125,10.256410256410277,58.333333333333336,55.55555555555556,78.05789473684209,2,0,1,5,0.0,ม.1,สด,new,0,3,5
2568-1109,2568,2025-07,71.42857142857143,63.07692307692307,38.0952380952381,50.0,44.44444444444444,75.03125,3,0,0,5,0.0,ม.1,สด,new,0,3,5
2568-1110,2568,2025-07,100.0,92.0,0.0,70.83333333333333,44.44444444444444,85.37142857142858,6,0,9,5,0.0,ม.3,สด,new,1,3,4
2568-1111,2568,2025-07,88.23529411764706,76.47058823529412,13.235294117647058,50.0,50.0,81.85909090909091,4,0,8,5,0.0,ม.3,เทป,new,0,4,5
2568-1112,2568,2025-07,88.88888888888889,77.90697674418605,20.138888888888886,56.25,66.66666666666667,77.74615384615385,5,0,5,5,0.0,ม.3,สด,old,0,4,5
2568-1113,2568,2025-07,68.42105263157895,54.285714285714285,30.921052631578945,12.5,25.0,74.11428571428571,2,0,1,5,0.0,ม.2,เทป,new,3,4,2
2568-1114,2568,2025-07,89.47368421052632,88.05970149253731,-10.526315789473685,59.375,66.66666666666667,81.80370370370372,6,0,17,5,0.0,ม.3,สด,old,1,4,4
2568-1115,2568,2025-07,77.77777777777779,73.52941176470588,9.027777777777786,25.0,25.0,80.38181818181819,4,0,2,5,1.0,ม.2,สด,new,3,4,2
2568-1116,2568,2025-07,70.0,76.92307692307693,-17.5,37.5,50.0,82.22222222222223,3,0,1,5,0.0,ม.2,สด,new,2,2,3
2568-1117,2568,2025-07,80.0,82.95454545454545,5.0,65.625,66.66666666666667,76.55862068965517,8,0,4,5,0.0,ม.3,สด,new,0,4,5
2568-1118,2568,2025-07,83.33333333333334,61.627906976744185,20.833333333333343,53.125,50.0,74.19130434782609,4,0,0,5,1.0,ม.2,เทป,new,0,4,5
2568-1119,2568,2025-07,68.75,59.09090909090909,13.194444444444443,56.25,33.333333333333336,77.39090909090909,5,0,3,5,0.0,ม.2,สด,new,1,4,4
2568-1122,2568,2025-07,73.68421052631578,75.86206896551724,-7.5657894736842195,43.75,66.66666666666667,68.49545454545455,1,0,2,5,0.0,ม.1,สด,new,0,4,5
2568-1123,2568,2025-07,26.31578947368421,55.172413793103445,-11.184210526315791,31.25,41.666666666666664,70.1,2,1,0,5,0.0,ม.2,เทป,old,0,4,5
2568-1124,2568,2025-07,72.22222222222221,80.45977011494253,-10.130718954248366,53.125,50.0,75.33913043478262,7,0,2,5,0.0,ม.3,สด,old,0,4,5
2568-1125,2568,2025-07,73.68421052631578,85.0574712643678,-13.81578947368422,50.0,58.333333333333336,77.64347826086957,4,0,0,5,0.0,ม.3,สด,new,0,4,5
2568-1127,2568,2025-07,77.77777777777779,72.54901960784314,13.071895424836612,31.25,50.0,70.99375,4,0,3,5,0.0,ม.2,สด,new,2,4,3
2568-1128,2568,2025-07,88.88888888888889,87.87878787878788,1.3888888888888857,75.0,33.333333333333336,75.00714285714285,4,0,2,5,0.0,ม.2,สด,new,1,2,4
2568-1129,2568,2025-07,100.0,98.50746268656717,0.0,65.625,66.66666666666667,85.74137931034484,5,0,17,5,0.0,ม.1,สด,new,1,4,4
2568-1130,2568,2025-07,71.42857142857143,75.38461538461539,-3.5714285714285694,50.0,66.66666666666667,80.11111111111111,2,0,1,5,0.0,ม.3,สด,new,0,3,5
2568-1131,2568,2025-07,77.77777777777779,74.4186046511628,9.027777777777786,78.125,75.0,82.21176470588235,8,0,3,5,0.0,ม.3,เทป,new,0,4,5
2568-1132,2568,2025-07,100.0,97.70114942528735,0.0,78.125,91.66666666666669,86.76111111111112,6,0,22,5,0.0,ม.2,สด,new,0,4,5
2568-1133,2568,2025-07,87.5,92.85714285714286,-12.5,75.0,75.0,87.02424242424243,6,0,22,5,0.0,ม.3,สด,new,0,4,5
2568-1136,2568,2025-07,100.0,100.0,0.0,45.833333333333336,66.66666666666667,87.87647058823529,6,0,13,5,0.0,ม.3,สด,new,2,3,3
2568-1137,2568,2025-07,100.0,93.18181818181817,12.5,68.75,83.33333333333333,86.784375,5,0,13,5,0.0,ม.2,เทป,new,0,4,5
2568-1138,2568,2025-07,73.68421052631578,76.11940298507463,-20.06578947368422,65.625,50.0,75.64814814814815,7,0,1,5,0.0,ม.3,สด,new,1,4,4
2568-1139,2568,2025-07,66.66666666666666,67.81609195402298,-9.803921568627459,59.375,58.333333333333336,69.2653846153846,4,0,0,5,0.0,ม.2,สด,new,0,4,5
2568-1140,2568,2025-07,75.0,79.36507936507937,-16.666666666666657,75.0,77.77777777777777,83.692,3,0,1,5,0.0,ม.3,เทป,old,0,3,5
2568-1141,2568,2025-07,69.23076923076923,78.125,-5.769230769230774,62.5,77.77777777777777,81.05909090909091,4,0,1,5,0.0,ม.2,เทป,new,0,3,5
2568-1142,2568,2025-07,72.22222222222221,70.11494252873564,13.398692810457504,53.125,33.333333333333336,77.61904761904762,4,0,6,5,0.0,ม.2,เทป,new,0,4,5
2568-1143,2568,2025-07,100.0,92.3076923076923,25.0,75.0,77.77777777777777,80.568,5,0,6,5,0.0,ม.3,สด,old,0,3,5
2568-1145,2568,2025-07,72.22222222222221,80.45977011494253,-16.013071895424844,75.0,75.0,83.85151515151514,6,0,10,5,0.0,ม.1,เทป,new,0,4,5
2568-1146,2568,2025-07,80.0,60.60606060606061,30.0,50.0,44.44444444444444,63.88125,4,0,1,5,0.0,ม.3,สด,old,0,3,5
2568-1148,2568,2025-07,84.61538461538461,84.61538461538461,0.0,66.66666666666667,77.77777777777777,80.44782608695652,4,0,1,5,0.0,ม.3,สด,old,0,3,5
2568-1149,2568,2025-07,42.857142857142854,57.692307692307686,-32.142857142857146,33.333333333333336,11.11111111111111,78.74444444444444,6,0,0,5,1.0,ม.3,เทป,new,3,3,2
2568-1150,2568,2025-07,69.23076923076923,71.875,-14.102564102564116,62.5,88.88888888888889,74.51739130434783,5,0,1,5,0.0,ม.2,สด,new,0,3,5
2568-1151,2568,2025-07,75.0,77.77777777777779,8.333333333333343,66.66666666666667,66.66666666666667,81.57727272727273,6,0,0,5,0.0,ม.3,สด,new,0,3,5
2568-1152,2568,2025-07,76.47058823529412,77.90697674418605,0.0,65.625,75.0,80.8,6,0,3,5,0.0,ม.3,สด,new,0,4,5
2568-1153,2568,2025-07,88.88888888888889,79.1044776119403,30.065359477124176,56.25,66.66666666666667,82.31923076923077,3,0,6,5,1.0,ม.2,สด,new,1,4,4
2568-1156,2568,2025-07,66.66666666666666,61.627906976744185,16.666666666666657,53.125,75.0,70.02307692307693,5,0,0,5,0.0,ม.3,สด,new,0,4,5
2568-1157,2568,2025-07,88.88888888888889,86.20689655172413,6.535947712418306,59.375,83.33333333333333,73.91379310344827,2,0,11,5,0.0,ม.1,สด,new,0,4,5
2568-1158,2568,2025-07,70.0,80.68181818181817,-5.0,75.0,75.0,87.16666666666667,4,0,1,5,0.0,ม.2,สด,new,0,4,5
2568-1159,2568,2025-07,100.0,100.0,0.0,70.83333333333333,66.66666666666667,89.26086956521739,6,0,17,5,0.0,ม.3,สด,new,1,3,4
2568-1160,2568,2025-07,75.0,82.35294117647058,-12.5,43.75,41.666666666666664,87.43157894736841,4,0,0,5,0.0,ม.3,เทป,old,1,4,4
2568-1003,2568,2025-08,37.5,56.730769230769226,-27.5,36.111111111111114,37.5,62.92631578947369,2,0,0,6,0.0,ม.3,สด,new,0,4,6
2568-1004,2568,2025-08,58.82352941176471,68.26923076923077,-14.86068111455107,50.0,68.75,73.57241379310346,3,0,0,6,0.0,ม.2,สด,new,0,4,6
2568-1005,2568,2025-08,56.25,63.46153846153846,-2.57352941176471,41.666666666666664,56.25,71.6125,5,0,0,6,0.0,ม.3,เทป,old,0,4,6
2568-1008,2568,2025-08,64.70588235294117,59.523809523809526,9.150326797385617,30.555555555555557,37.5,74.35882352941178,4,0,1,6,0.0,ม.2,สด,old,1,4,5
2568-1009,2568,2025-08,100.0,100.0,0.0,33.333333333333336,37.5,85.1611111111111,6,0,13,6,0.0,ม.2,สด,new,3,4,3
2568-1010,2568,2025-08,66.66666666666666,79.76190476190477,-22.22222222222223,66.66666666666667,62.5,76.95588235294117,7,0,1,6,0.0,ม.2,สด,new,1,4,5
2568-1011,2568,2025-08,94.44444444444444,98.07692307692307,-5.555555555555557,41.666666666666664,43.75,83.87272727272726,8,0,13,6,0.0,ม.1,สด,new,3,4,3
2568-1012,2568,2025-08,90.0,94.23076923076923,4.285714285714292,77.77777777777777,62.5,84.42105263157893,4,0,1,6,0.0,ม.2,สด,new,0,2,6
2568-1013,2568,2025-08,83.33333333333334,73.80952380952381,5.555555555555557,52.77777777777778,62.5,76.95862068965518,7,0,5,6,0.0,ม.2,สด,old,1,4,5
2568-1014,2568,2025-08,66.66666666666666,69.23076923076923,0.0,41.666666666666664,56.25,78.15833333333333,5,0,1,6,0.0,ม.2,เทป,old,0,4,6
2568-1017,2568,2025-08,73.68421052631578,71.15384615384616,0.3508771929824519,61.111111111111114,62.5,79.62187499999999,5,0,4,6,0.0,ม.3,สด,new,0,4,6
2568-1018,2568,2025-08,53.84615384615385,63.49206349206349,-24.725274725274723,44.44444444444444,66.66666666666667,72.905,4,0,0,6,0.0,ม.2,สด,new,1,3,5
2568-1020,2568,2025-08,70.58823529411765,66.66666666666666,15.032679738562095,55.55555555555556,43.75,79.40370370370371,3,0,1,6,0.0,ม.3,เทป,new,1,4,5
2568-1021,2568,2025-08,94.11764705882352,87.5,15.170278637770892,75.0,87.5,79.66829268292683,7,0,7,6,0.0,ม.2,สด,old,0,4,6
2568-1022,2568,2025-08,61.53846153846154,58.97435897435898,11.53846153846154,59.25925925925926,50.0,77.50454545454546,2,1,0,6,0.0,ม.3,เทป,new,0,3,6
2568-1025,2568,2025-08,55.55555555555556,71.15384615384616,-22.22222222222223,16.666666666666668,62.5,76.55000000000001,2,0,0,6,1.0,ม.1,สด,new,0,2,6
2568-1026,2568,2025-08,64.70588235294117,68.26923076923077,-7.51633986928104,61.111111111111114,75.0,70.74411764705881,5,0,1,6,0.0,ม.2,สด,new,0,4,6
2568-1027,2568,2025-08,76.47058823529412,84.61538461538461,-7.7399380804953495,77.77777777777777,100.0,79.825,7,0,4,6,0.0,ม.3,สด,new,0,4,6
2568-1030,2568,2025-08,81.25,92.3076923076923,-13.48684210526315,63.888888888888886,68.75,80.75,6,0,26,6,0.0,ม.2,สด,new,0,4,6
2568-1031,2568,2025-08,64.70588235294117,57.692307692307686,12.074303405572756,47.22222222222222,50.0,71.148,2,0,1,6,0.0,ม.1,สด,new,0,4,6
2568-1032,2568,2025-08,94.11764705882352,97.11538461538461,-5.882352941176478,83.33333333333333,81.25,88.38139534883722,8,0,26,6,0.0,ม.2,สด,new,0,4,6
2568-1033,2568,2025-08,50.0,65.38461538461539,-20.0,61.111111111111114,75.0,72.97647058823529,3,0,0,6,1.0,ม.3,สด,new,0,2,6
2568-1034,2568,2025-08,92.3076923076923,85.71428571428571,20.879120879120876,55.55555555555556,50.0,73.31904761904761,4,0,0,6,0.0,ม.2,สด,new,1,3,5
2568-1035,2568,2025-08,50.0,76.19047619047619,-30.0,55.55555555555556,62.5,71.62000000000002,2,1,0,6,1.0,ม.2,สด,new,1,2,5
2568-1036,2568,2025-08,94.11764705882352,75.96153846153845,15.170278637770892,66.66666666666667,75.0,78.11944444444445,6,0,8,6,0.0,ม.2,เทป,new,0,4,6
2568-1037,2568,2025-08,92.85714285714286,94.87179487179486,-7.142857142857139,81.48148148148148,100.0,90.04705882352941,6,0,1,6,0.0,ม.1,เทป,new,0,3,6
2568-1039,2568,2025-08,53.333333333333336,70.58823529411765,-28.48484848484849,40.74074074074074,41.666666666666664,75.80625,3,1,0,6,0.0,ม.3,สด,old,2,3,4
2568-1040,2568,2025-08,46.15384615384615,61.53846153846154,-32.417582417582416,48.148148148148145,58.333333333333336,74.485,6,0,0,6,0.0,ม.1,เทป,new,0,3,6
2568-1041,2568,2025-08,66.66666666666666,59.61538461538461,22.222222222222214,61.111111111111114,56.25,72.28064516129034,5,0,0,6,0.0,ม.2,สด,new,0,4,6
2568-1042,2568,2025-08,83.33333333333334,82.14285714285714,18.62745098039217,55.55555555555556,75.0,82.528125,6,0,7,6,0.0,ม.1,สด,new,1,4,5
2568-1043,2568,2025-08,62.5,62.5,-5.921052631578945,41.666666666666664,68.75,69.88846153846154,6,0,1,6,0.0,ม.2,สด,new,0,4,6
2568-1045,2568,2025-08,82.35294117647058,96.15384615384616,-17.64705882352942,77.77777777777777,75.0,85.9525,7,0,2,6,0.0,ม.3,สด,old,0,4,6
2568-1047,2568,2025-08,47.05882352941176,72.11538461538461,-19.607843137254896,58.333333333333336,68.75,72.99687499999999,5,0,0,6,0.0,ม.2,เทป,old,0,4,6
2568-1049,2568,2025-08,61.53846153846154,65.38461538461539,-7.692307692307686,59.25925925925926,50.0,75.90454545454544,5,0,0,6,0.0,ม.2,สด,new,0,3,6
2568-1050,2568,2025-08,88.88888888888889,80.76923076923077,0.6535947712418277,58.333333333333336,81.25,82.93529411764705,7,0,3,6,0.0,ม.3,สด,new,0,4,6
2568-1051,2568,2025-08,33.33333333333333,44.230769230769226,-11.111111111111114,27.77777777777778,37.5,65.925,0,1,0,6,0.0,ม.2,สด,new,0,2,6
2568-1052,2568,2025-08,94.11764705882352,91.34615384615384,5.228758169934636,72.22222222222223,75.0,87.94736842105263,6,0,24,6,0.0,ม.3,เทป,old,0,4,6
2568-1054,2568,2025-08,100.0,100.0,0.0,66.66666666666667,75.0,87.01481481481481,6,0,21,6,0.0,ม.2,สด,new,1,3,5
2568-1056,2568,2025-08,66.66666666666666,64.42307692307693,13.725490196078418,55.55555555555556,50.0,72.64999999999999,4,0,0,6,0.0,ม.2,สด,new,0,4,6
2568-1057,2568,2025-08,94.11764705882352,99.03846153846155,-5.882352941176478,77.77777777777777,81.25,88.24390243902438,8,0,26,6,0.0,ม.3,สด,new,0,4,6
2568-1058,2568,2025-08,87.5,96.15384615384616,-2.5,77.77777777777777,87.5,84.87619047619047,3,0,1,6,0.0,ม.1,สด,new,0,2,6
2568-1059,2568,2025-08,100.0,96.82539682539682,7.692307692307693,70.37037037037037,58.333333333333336,86.62307692307694,5,0,7,6,0.0,ม.2,สด,new,1,3,5
2568-1060,2568,2025-08,75.0,61.76470588235294,19.444444444444443,33.333333333333336,50.0,64.53,1,0,2,6,1.0,ม.2,สด,old,2,2,4
2568-1061,2568,2025-08,81.25,72.11538461538461,21.25,36.111111111111114,56.25,73.51818181818182,3,0,3,6,0.0,ม.3,สด,new,0,4,6
2568-1062,2568,2025-08,76.92307692307693,72.54901960784314,-7.692307692307679,44.44444444444444,50.0,74.58333333333334,4,0,0,6,0.0,ม.3,เทป,old,2,3,4
2568-1063,2568,2025-08,72.22222222222221,72.05882352941177,7.51633986928104,47.22222222222222,62.5,76.44444444444443,7,0,7,6,0.0,ม.3,สด,old,2,4,4
2568-1067,2568,2025-08,47.368421052631575,38.23529411764706,9.868421052631575,27.77777777777778,43.75,61.917647058823526,3,0,0,6,0.0,ม.1,สด,new,2,4,4
2568-1068,2568,2025-08,92.3076923076923,92.3076923076923,7.692307692307693,77.77777777777777,75.0,87.33333333333334,5,0,0,6,1.0,ม.3,สด,new,0,3,6
2568-1069,2568,2025-08,94.44444444444444,87.5,17.973856209150327,80.55555555555556,62.5,80.47435897435896,7,0,4,6,0.0,ม.3,สด,old,0,4,6
2568-1070,2568,2025-08,100.0,79.48717948717949,23.076923076923066,70.37037037037037,66.66666666666667,79.6962962962963,3,0,5,6,0.0,ม.3,เทป,new,0,3,6
2568-1071,2568,2025-08,85.71428571428571,85.8974358974359,2.3809523809523654,66.66666666666667,83.33333333333333,87.925,4,0,0,6,0.0,ม.2,เทป,new,0,3,6
2568-1073,2568,2025-08,76.47058823529412,69.04761904761905,4.248366013071902,47.22222222222222,43.75,83.44166666666668,6,0,0,6,1.0,ม.3,เทป,new,1,4,5
2568-1074,2568,2025-08,50.0,29.807692307692307,18.42105263157895,22.22222222222222,43.75,59.88666666666666,3,0,0,6,0.0,ม.1,สด,new,0,4,6
2568-1076,2568,2025-08,72.22222222222221,77.88461538461539,-11.111111111111128,63.888888888888886,87.5,78.58918918918918,6,0,0,6,0.0,ม.2,สด,old,0,4,6
2568-1077,2568,2025-08,64.70588235294117,70.23809523809523,-13.071895424836612,58.333333333333336,56.25,75.59333333333333,5,0,1,6,0.0,ม.1,สด,old,1,4,5
2568-1078,2568,2025-08,82.35294117647058,85.29411764705883,-5.882352941176478,50.0,43.75,89.58400000000002,6,0,14,6,1.0,ม.2,เทป,new,2,4,4
2568-1079,2568,2025-08,88.23529411764706,84.52380952380952,4.0247678018575925,58.333333333333336,50.0,82.09655172413794,6,0,1,6,0.0,ม.2,สด,new,1,4,5
2568-1080,2568,2025-08,68.42105263157895,73.80952380952381,-13.931888544891635,44.44444444444444,50.0,74.31666666666666,6,0,0,6,0.0,ม.3,สด,old,1,4,5
2568-1081,2568,2025-08,100.0,86.90476190476191,27.777777777777786,55.55555555555556,56.25,78.1896551724138,6,0,7,6,0.0,ม.2,เทป,new,1,4,5
2568-1082,2568,2025-08,76.47058823529412,83.82352941176471,-5.882352941176464,41.666666666666664,62.5,83.596,6,0,17,6,1.0,ม.3,เทป,new,2,4,4
2568-1084,2568,2025-08,87.5,90.38461538461539,-2.5,80.55555555555556,68.75,80.41499999999999,7,0,2,6,0.0,ม.2,เทป,old,0,4,6
2568-1085,2568,2025-08,68.75,67.64705882352942,10.855263157894733,41.666666666666664,25.0,79.27368421052633,5,0,1,6,0.0,ม.3,สด,new,2,4,4
2568-1088,2568,2025-08,77.77777777777779,76.19047619047619,5.555555555555571,50.0,62.5,76.35357142857143,6,0,3,6,0.0,ม.2,เทป,new,1,4,5
2568-1091,2568,2025-08,87.5,97.61904761904762,-12.5,66.66666666666667,75.0,90.15000000000002,3,0,2,6,1.0,ม.1,สด,old,1,2,5
2568-1093,2568,2025-08,100.0,97.43589743589743,6.666666666666671,77.77777777777777,66.66666666666667,89.19999999999997,6,0,8,6,0.0,ม.2,สด,new,0,3,6
2568-1095,2568,2025-08,61.111111111111114,62.5,-16.66666666666667,52.77777777777778,43.75,64.45384615384616,4,0,1,6,0.0,ม.2,สด,new,0,4,6
2568-1096,2568,2025-08,88.23529411764706,94.23076923076923,-6.501547987616092,75.0,87.5,85.3048780487805,8,0,26,6,0.0,ม.2,สด,old,0,4,6
2568-1097,2568,2025-08,100.0,100.0,0.0,66.66666666666667,87.5,89.59473684210526,3,0,26,6,0.0,ม.2,สด,old,0,2,6
2568-1099,2568,2025-08,100.0,90.38461538461539,0.0,80.55555555555556,81.25,84.82380952380952,8,0,11,6,0.0,ม.2,สด,new,0,4,6
2568-1101,2568,2025-08,100.0,92.3076923076923,0.0,55.55555555555556,75.0,81.44999999999999,2,0,19,6,0.0,ม.3,สด,new,0,2,6
2568-1102,2568,2025-08,100.0,97.43589743589743,6.666666666666671,81.48148148148148,91.66666666666669,87.99090909090908,5,0,6,6,0.0,ม.3,สด,new,0,3,6
2568-1104,2568,2025-08,47.05882352941176,55.769230769230774,-21.362229102167184,55.55555555555556,56.25,65.73103448275862,3,0,0,6,0.0,ม.3,สด,new,0,4,6
2568-1105,2568,2025-08,91.66666666666666,76.92307692307693,25.0,55.55555555555556,75.0,78.88333333333333,5,0,3,6,0.0,ม.3,เทป,new,0,3,6
2568-1108,2568,2025-08,71.42857142857143,70.51282051282051,-5.494505494505503,62.96296296296296,58.333333333333336,76.58333333333333,5,0,0,6,0.0,ม.1,สด,new,0,3,6
2568-1109,2568,2025-08,30.76923076923077,57.692307692307686,-40.65934065934066,48.148148148148145,50.0,74.01052631578948,3,1,0,6,0.0,ม.1,สด,new,0,3,6
2568-1110,2568,2025-08,92.3076923076923,92.06349206349206,-7.692307692307693,70.37037037037037,58.333333333333336,86.66538461538462,5,0,2,6,0.0,ม.3,สด,new,1,3,5
2568-1111,2568,2025-08,68.42105263157895,75.0,-19.814241486068113,50.0,62.5,81.10714285714286,6,0,1,6,0.0,ม.3,เทป,new,0,4,6
2568-1112,2568,2025-08,77.77777777777779,77.88461538461539,-11.1111111111111,58.333333333333336,62.5,77.53225806451613,5,0,9,6,1.0,ม.3,สด,old,0,4,6
2568-1113,2568,2025-08,52.94117647058824,53.84615384615385,-15.479876160990706,19.444444444444443,31.25,71.46666666666667,5,0,1,6,0.0,ม.2,เทป,new,3,4,3
2568-1114,2568,2025-08,76.47058823529412,85.71428571428571,-13.003095975232199,61.111111111111114,62.5,81.2875,5,0,2,6,1.0,ม.3,สด,old,1,4,5
2568-1116,2568,2025-08,87.5,79.41176470588235,17.5,44.44444444444444,62.5,82.83076923076922,4,0,2,6,0.0,ม.2,สด,new,2,2,4
2568-1117,2568,2025-08,81.25,82.6923076923077,1.25,66.66666666666667,62.5,76.91470588235292,5,0,3,6,0.0,ม.3,สด,new,0,4,6
2568-1119,2568,2025-08,72.22222222222221,61.904761904761905,3.4722222222222143,58.333333333333336,43.75,77.31428571428572,6,0,0,6,0.0,ม.2,สด,new,1,4,5
2568-1122,2568,2025-08,70.58823529411765,75.0,-3.0959752321981284,47.22222222222222,62.5,70.15185185185184,5,0,2,6,0.0,ม.1,สด,new,0,4,6
2568-1123,2568,2025-08,64.70588235294117,56.730769230769226,38.39009287925697,30.555555555555557,43.75,69.11666666666666,3,0,0,6,0.0,ม.2,เทป,old,0,4,6
2568-1124,2568,2025-08,64.70588235294117,77.88461538461539,-7.51633986928104,58.333333333333336,56.25,75.46999999999998,7,0,2,6,0.0,ม.3,สด,old,0,4,6
2568-1125,2568,2025-08,70.58823529411765,82.6923076923077,-3.0959752321981284,55.55555555555556,68.75,78.49032258064516,8,0,0,6,0.0,ม.3,สด,new,0,4,6
2568-1127,2568,2025-08,82.35294117647058,75.0,4.575163398692794,30.555555555555557,56.25,70.19,4,0,7,6,0.0,ม.2,สด,new,2,4,4
2568-1128,2568,2025-08,77.77777777777779,85.71428571428571,-11.1111111111111,77.77777777777777,50.0,76.85555555555555,4,0,1,6,0.0,ม.2,สด,new,1,2,5
2568-1129,2568,2025-08,100.0,98.80952380952381,0.0,66.66666666666667,56.25,85.8090909090909,4,0,21,6,0.0,ม.1,สด,new,1,4,5
2568-1130,2568,2025-08,69.23076923076923,74.35897435897436,-2.197802197802204,55.55555555555556,58.333333333333336,79.22272727272728,4,0,0,6,0.0,ม.3,สด,new,0,3,6
2568-1131,2568,2025-08,88.88888888888889,76.92307692307693,11.1111111111111,75.0,68.75,82.08684210526314,4,0,7,6,0.0,ม.3,เทป,new,0,4,6
2568-1132,2568,2025-08,94.11764705882352,97.11538461538461,-5.882352941176478,80.55555555555556,93.75,87.27727272727273,8,0,26,6,0.0,ม.2,สด,new,0,4,6
2568-1133,2568,2025-08,95.0,93.26923076923077,7.5,75.0,68.75,86.40263157894738,5,0,26,6,0.0,ม.3,สด,new,0,4,6
2568-1136,2568,2025-08,100.0,100.0,0.0,51.851851851851855,66.66666666666667,86.49545454545454,5,0,17,6,0.0,ม.3,สด,new,2,3,4
2568-1137,2568,2025-08,93.75,93.26923076923077,-6.25,69.44444444444444,87.5,86.12307692307692,7,0,17,6,0.0,ม.2,เทป,new,0,4,6
2568-1138,2568,2025-08,64.70588235294117,73.80952380952381,-8.978328173374607,69.44444444444444,56.25,78.91176470588235,7,0,0,6,0.0,ม.3,สด,new,1,4,5
2568-1139,2568,2025-08,70.58823529411765,68.26923076923077,3.921568627450995,58.333333333333336,62.5,69.36451612903225,5,0,1,6,1.0,ม.2,สด,new,0,4,6
2568-1140,2568,2025-08,86.66666666666667,80.76923076923077,11.666666666666671,74.07407407407408,75.0,84.5,4,0,0,6,1.0,ม.3,เทป,old,0,3,6
2568-1141,2568,2025-08,92.85714285714286,80.76923076923077,23.626373626373635,66.66666666666667,83.33333333333333,81.77142857142857,6,0,0,6,0.0,ม.2,เทป,new,0,3,6
2568-1142,2568,2025-08,58.82352941176471,68.26923076923077,-13.398692810457504,52.77777777777778,37.5,78.34400000000001,4,0,0,6,0.0,ม.2,เทป,new,0,4,6
2568-1143,2568,2025-08,92.3076923076923,92.3076923076923,-7.692307692307693,74.07407407407408,75.0,81.44137931034481,4,0,1,6,0.0,ม.3,สด,old,0,3,6
2568-1145,2568,2025-08,82.35294117647058,80.76923076923077,10.130718954248366,75.0,81.25,83.7875,7,0,2,6,0.0,ม.1,เทป,new,0,4,6
2568-1146,2568,2025-08,50.0,58.97435897435898,-30.0,48.148148148148145,50.0,64.08947368421053,3,0,0,6,0.0,ม.3,สด,old,0,3,6
2568-1148,2568,2025-08,92.3076923076923,85.8974358974359,7.692307692307693,70.37037037037037,75.0,80.74285714285712,5,0,0,6,0.0,ม.3,สด,old,0,3,6
2568-1150,2568,2025-08,85.71428571428571,74.35897435897436,16.483516483516482,66.66666666666667,83.33333333333333,74.14642857142857,5,0,1,6,0.0,ม.2,สด,new,0,3,6
2568-1151,2568,2025-08,73.33333333333333,76.92307692307693,-1.6666666666666714,62.96296296296296,66.66666666666667,81.55199999999999,3,0,2,6,0.0,ม.3,สด,new,0,3,6
2568-1152,2568,2025-08,83.33333333333334,78.84615384615384,6.862745098039227,66.66666666666667,81.25,80.48108108108107,7,0,7,6,0.0,ม.3,สด,new,0,4,6
2568-1156,2568,2025-08,61.111111111111114,61.53846153846154,-5.555555555555543,52.77777777777778,68.75,70.05666666666666,4,0,0,6,0.0,ม.3,สด,new,0,4,6
2568-1157,2568,2025-08,94.11764705882352,87.5,5.228758169934636,58.333333333333336,81.25,72.53235294117646,5,0,15,6,0.0,ม.1,สด,new,0,4,6
2568-1158,2568,2025-08,93.75,82.6923076923077,23.75,77.77777777777777,81.25,86.59756097560975,8,0,5,6,0.0,ม.2,สด,new,0,4,6
2568-1159,2568,2025-08,100.0,100.0,0.0,74.07407407407408,75.0,88.72758620689655,6,0,21,6,0.0,ม.3,สด,new,1,3,5
2568-1160,2568,2025-08,93.75,84.52380952380952,18.75,50.0,50.0,87.18846153846154,7,0,4,6,0.0,ม.3,เทป,old,1,4,5
2568-1003,2568,2025-09,50.0,56.481481481481474,12.5,36.111111111111114,37.5,62.92631578947369,0,0,0,7,,ม.3,สด,new,0,4,7
2568-1004,2568,2025-09,50.0,67.5925925925926,-8.82352941176471,50.0,68.75,73.57241379310346,0,0,0,7,,ม.2,สด,new,0,4,7
2568-1005,2568,2025-09,50.0,62.96296296296296,-6.25,41.666666666666664,56.25,71.6125,0,0,0,7,,ม.3,เทป,old,0,4,7
2568-1008,2568,2025-09,75.0,60.22727272727273,10.294117647058826,30.555555555555557,37.5,74.35882352941178,0,0,2,7,,ม.2,สด,old,1,4,6
2568-1009,2568,2025-09,100.0,100.0,0.0,33.333333333333336,37.5,85.1611111111111,0,0,14,7,,ม.2,สด,new,3,4,4
2568-1010,2568,2025-09,75.0,79.54545454545455,8.333333333333343,66.66666666666667,62.5,76.95588235294117,0,0,2,7,,ม.2,สด,new,1,4,6
2568-1011,2568,2025-09,100.0,98.21428571428571,5.555555555555557,41.666666666666664,43.75,83.87272727272726,0,0,14,7,,ม.1,สด,new,3,4,4
2568-1012,2568,2025-09,100.0,94.44444444444444,10.0,77.77777777777777,62.5,84.42105263157893,0,0,2,7,,ม.2,สด,new,0,2,7
2568-1013,2568,2025-09,25.0,71.5909090909091,-58.33333333333334,52.77777777777778,62.5,76.95862068965518,0,0,0,7,,ม.2,สด,old,1,4,6
2568-1014,2568,2025-09,75.0,69.44444444444444,8.333333333333343,41.666666666666664,56.25,78.15833333333333,0,0,2,7,,ม.2,เทป,old,0,4,7
2568-1017,2568,2025-09,100.0,72.22222222222221,26.31578947368422,61.111111111111114,62.5,79.62187499999999,0,0,5,7,,ม.3,สด,new,0,4,7
2568-1018,2568,2025-09,100.0,65.15151515151516,46.15384615384615,44.44444444444444,66.66666666666667,72.905,0,0,1,7,,ม.2,สด,new,1,3,6
2568-1020,2568,2025-09,50.0,65.9090909090909,-20.588235294117652,55.55555555555556,43.75,79.40370370370371,0,0,0,7,,ม.3,เทป,new,1,4,6
2568-1021,2568,2025-09,50.0,86.11111111111111,-44.11764705882352,75.0,87.5,79.66829268292683,0,0,0,7,,ม.2,สด,old,0,4,7
2568-1022,2568,2025-09,100.0,60.49382716049383,38.46153846153846,59.25925925925926,50.0,77.50454545454546,0,0,1,7,,ม.3,เทป,new,0,3,7
2568-1026,2568,2025-09,100.0,69.44444444444444,35.294117647058826,61.111111111111114,75.0,70.74411764705881,0,0,2,7,,ม.2,สด,new,0,4,7
2568-1027,2568,2025-09,50.0,83.33333333333334,-26.470588235294116,77.77777777777777,100.0,79.825,0,0,0,7,,ม.3,สด,new,0,4,7
2568-1030,2568,2025-09,100.0,92.5925925925926,18.75,63.888888888888886,68.75,80.75,0,0,27,7,,ม.2,สด,new,0,4,7
2568-1031,2568,2025-09,100.0,59.25925925925925,35.294117647058826,47.22222222222222,50.0,71.148,0,0,2,7,,ม.1,สด,new,0,4,7
2568-1032,2568,2025-09,100.0,97.22222222222221,5.882352941176478,83.33333333333333,81.25,88.38139534883722,0,0,27,7,,ม.2,สด,new,0,4,7
2568-1034,2568,2025-09,100.0,86.36363636363636,7.692307692307693,55.55555555555556,50.0,73.31904761904761,0,0,1,7,,ม.2,สด,new,1,3,6
2568-1036,2568,2025-09,75.0,75.92592592592592,-19.117647058823522,66.66666666666667,75.0,78.11944444444445,0,0,9,7,,ม.2,เทป,new,0,4,7
2568-1037,2568,2025-09,100.0,95.06172839506173,7.142857142857139,81.48148148148148,100.0,90.04705882352941,0,0,2,7,,ม.1,เทป,new,0,3,7
2568-1039,2568,2025-09,100.0,72.22222222222221,46.666666666666664,40.74074074074074,41.666666666666664,75.80625,0,0,1,7,,ม.3,สด,old,2,3,5
2568-1040,2568,2025-09,66.66666666666666,61.72839506172839,20.512820512820504,48.148148148148145,58.333333333333336,74.485,0,0,0,7,,ม.1,เทป,new,0,3,7
2568-1041,2568,2025-09,75.0,60.18518518518518,8.333333333333343,61.111111111111114,56.25,72.28064516129034,0,0,1,7,,ม.2,สด,new,0,4,7
2568-1042,2568,2025-09,100.0,82.95454545454545,16.666666666666657,55.55555555555556,75.0,82.528125,0,0,8,7,,ม.1,สด,new,1,4,6
2568-1043,2568,2025-09,50.0,62.03703703703704,-12.5,41.666666666666664,68.75,69.88846153846154,0,0,0,7,,ม.2,สด,new,0,4,7
2568-1045,2568,2025-09,100.0,96.29629629629629,17.64705882352942,77.77777777777777,75.0,85.9525,0,0,3,7,,ม.3,สด,old,0,4,7
2568-1047,2568,2025-09,50.0,71.29629629629629,2.941176470588239,58.333333333333336,68.75,72.99687499999999,0,0,0,7,,ม.2,เทป,old,0,4,7
2568-1049,2568,2025-09,66.66666666666666,65.4320987654321,5.128205128205117,59.25925925925926,50.0,75.90454545454544,0,0,0,7,,ม.2,สด,new,0,3,7
2568-1050,2568,2025-09,75.0,80.55555555555556,-13.888888888888886,58.333333333333336,81.25,82.93529411764705,0,0,4,7,,ม.3,สด,new,0,4,7
2568-1051,2568,2025-09,50.0,44.44444444444444,16.66666666666667,27.77777777777778,37.5,65.925,0,0,0,7,,ม.2,สด,new,0,2,7
2568-1052,2568,2025-09,75.0,90.74074074074075,-19.117647058823522,72.22222222222223,75.0,87.94736842105263,0,0,25,7,,ม.3,เทป,old,0,4,7
2568-1054,2568,2025-09,66.66666666666666,98.48484848484848,-33.33333333333334,66.66666666666667,75.0,87.01481481481481,0,0,0,7,,ม.2,สด,new,1,3,6
2568-1056,2568,2025-09,100.0,65.74074074074075,33.33333333333334,55.55555555555556,50.0,72.64999999999999,0,0,1,7,,ม.2,สด,new,0,4,7
2568-1057,2568,2025-09,100.0,99.07407407407408,5.882352941176478,77.77777777777777,81.25,88.24390243902438,0,0,27,7,,ม.3,สด,new,0,4,7
2568-1058,2568,2025-09,100.0,96.29629629629629,12.5,77.77777777777777,87.5,84.87619047619047,0,0,2,7,,ม.1,สด,new,0,2,7
2568-1059,2568,2025-09,100.0,96.96969696969697,0.0,70.37037037037037,58.333333333333336,86.62307692307694,0,0,8,7,,ม.2,สด,new,1,3,6
2568-1061,2568,2025-09,75.0,72.22222222222221,-6.25,36.111111111111114,56.25,73.51818181818182,0,0,4,7,,ม.3,สด,new,0,4,7
2568-1062,2568,2025-09,33.33333333333333,70.37037037037037,-43.589743589743605,44.44444444444444,50.0,74.58333333333334,0,0,0,7,,ม.3,เทป,old,2,3,5
2568-1063,2568,2025-09,75.0,72.22222222222221,2.7777777777777857,47.22222222222222,62.5,76.44444444444443,0,0,8,7,,ม.3,สด,old,2,4,5
2568-1067,2568,2025-09,25.0,37.5,-22.368421052631575,27.77777777777778,43.75,61.917647058823526,0,0,0,7,,ม.1,สด,new,2,4,5
2568-1069,2568,2025-09,100.0,87.96296296296296,5.555555555555557,80.55555555555556,62.5,80.47435897435896,0,0,5,7,,ม.3,สด,old,0,4,7
2568-1070,2568,2025-09,100.0,80.24691358024691,0.0,70.37037037037037,66.66666666666667,79.6962962962963,0,0,6,7,,ม.3,เทป,new,0,3,7
2568-1071,2568,2025-09,66.66666666666666,85.18518518518519,-19.04761904761905,66.66666666666667,83.33333333333333,87.925,0,0,0,7,,ม.2,เทป,new,0,3,7
2568-1074,2568,2025-09,75.0,31.48148148148148,25.0,22.22222222222222,43.75,59.88666666666666,0,0,1,7,,ม.1,สด,new,0,4,7
2568-1076,2568,2025-09,100.0,78.70370370370371,27.777777777777786,63.888888888888886,87.5,78.58918918918918,0,0,1,7,,ม.2,สด,old,0,4,7
2568-1077,2568,2025-09,75.0,70.45454545454545,10.294117647058826,58.333333333333336,56.25,75.59333333333333,0,0,2,7,,ม.1,สด,old,1,4,6
2568-1079,2568,2025-09,100.0,85.22727272727273,11.764705882352942,58.333333333333336,50.0,82.09655172413794,0,0,2,7,,ม.2,สด,new,1,4,6
2568-1080,2568,2025-09,100.0,75.0,31.578947368421055,44.44444444444444,50.0,74.31666666666666,0,0,1,7,,ม.3,สด,old,1,4,6
2568-1081,2568,2025-09,50.0,85.22727272727273,-50.0,55.55555555555556,56.25,78.1896551724138,0,0,0,7,,ม.2,เทป,new,1,4,6
2568-1084,2568,2025-09,100.0,90.74074074074075,12.5,80.55555555555556,68.75,80.41499999999999,0,0,3,7,,ม.2,เทป,old,0,4,7
2568-1085,2568,2025-09,75.0,68.05555555555556,6.25,41.666666666666664,25.0,79.27368421052633,0,0,2,7,,ม.3,สด,new,2,4,5
2568-1088,2568,2025-09,50.0,75.0,-27.777777777777786,50.0,62.5,76.35357142857143,0,0,0,7,,ม.2,เทป,new,1,4,6
2568-1093,2568,2025-09,100.0,97.53086419753086,0.0,77.77777777777777,66.66666666666667,89.19999999999997,0,0,9,7,,ม.2,สด,new,0,3,7
2568-1095,2568,2025-09,50.0,62.03703703703704,-11.111111111111114,52.77777777777778,43.75,64.45384615384616,0,0,0,7,,ม.2,สด,new,0,4,7
2568-1096,2568,2025-09,75.0,93.51851851851852,-13.235294117647058,75.0,87.5,85.3048780487805,0,0,27,7,,ม.2,สด,old,0,4,7
2568-1097,2568,2025-09,100.0,100.0,0.0,66.66666666666667,87.5,89.59473684210526,0,0,27,7,,ม.2,สด,old,0,2,7
2568-1099,2568,2025-09,100.0,90.74074074074075,0.0,80.55555555555556,81.25,84.82380952380952,0,0,12,7,,ม.2,สด,new,0,4,7
2568-1101,2568,2025-09,50.0,90.74074074074075,-50.0,55.55555555555556,75.0,81.44999999999999,0,0,0,7,,ม.3,สด,new,0,2,7
2568-1102,2568,2025-09,100.0,97.53086419753086,0.0,81.48148148148148,91.66666666666669,87.99090909090908,0,0,7,7,,ม.3,สด,new,0,3,7
2568-1104,2568,2025-09,75.0,56.481481481481474,27.94117647058824,55.55555555555556,56.25,65.73103448275862,0,0,1,7,,ม.3,สด,new,0,4,7
2568-1105,2568,2025-09,100.0,77.77777777777779,8.333333333333343,55.55555555555556,75.0,78.88333333333333,0,0,4,7,,ม.3,เทป,new,0,3,7
2568-1108,2568,2025-09,66.66666666666666,70.37037037037037,-4.761904761904773,62.96296296296296,58.333333333333336,76.58333333333333,0,0,0,7,,ม.1,สด,new,0,3,7
2568-1109,2568,2025-09,33.33333333333333,56.79012345679012,2.5641025641025585,48.148148148148145,50.0,74.01052631578948,0,0,0,7,,ม.1,สด,new,0,3,7
2568-1110,2568,2025-09,100.0,92.42424242424242,7.692307692307693,70.37037037037037,58.333333333333336,86.66538461538462,0,0,3,7,,ม.3,สด,new,1,3,6
2568-1111,2568,2025-09,0.0,72.22222222222221,-68.42105263157895,50.0,62.5,81.10714285714286,0,1,0,7,,ม.3,เทป,new,0,4,7
2568-1113,2568,2025-09,25.0,51.78571428571429,-27.94117647058824,19.444444444444443,31.25,71.46666666666667,0,0,0,7,,ม.2,เทป,new,3,4,4
2568-1116,2568,2025-09,100.0,80.55555555555556,12.5,44.44444444444444,62.5,82.83076923076922,0,0,3,7,,ม.2,สด,new,2,2,5
2568-1117,2568,2025-09,100.0,83.33333333333334,18.75,66.66666666666667,62.5,76.91470588235292,0,0,4,7,,ม.3,สด,new,0,4,7
2568-1119,2568,2025-09,75.0,62.5,2.7777777777777857,58.333333333333336,43.75,77.31428571428572,0,0,1,7,,ม.2,สด,new,1,4,6
2568-1122,2568,2025-09,75.0,75.0,4.411764705882348,47.22222222222222,62.5,70.15185185185184,0,0,3,7,,ม.1,สด,new,0,4,7
2568-1123,2568,2025-09,75.0,57.407407407407405,10.294117647058826,30.555555555555557,43.75,69.11666666666666,0,0,1,7,,ม.2,เทป,old,0,4,7
2568-1124,2568,2025-09,50.0,76.85185185185185,-14.705882352941174,58.333333333333336,56.25,75.46999999999998,0,0,0,7,,ม.3,สด,old,0,4,7
2568-1125,2568,2025-09,75.0,82.4074074074074,4.411764705882348,55.55555555555556,68.75,78.49032258064516,0,0,1,7,,ม.3,สด,new,0,4,7
2568-1127,2568,2025-09,100.0,76.38888888888889,17.64705882352942,30.555555555555557,56.25,70.19,0,0,8,7,,ม.2,สด,new,2,4,5
2568-1128,2568,2025-09,100.0,86.36363636363636,22.222222222222214,77.77777777777777,50.0,76.85555555555555,0,0,2,7,,ม.2,สด,new,1,2,6
2568-1129,2568,2025-09,100.0,98.86363636363636,0.0,66.66666666666667,56.25,85.8090909090909,0,0,22,7,,ม.1,สด,new,1,4,6
2568-1130,2568,2025-09,100.0,75.30864197530865,30.769230769230774,55.55555555555556,58.333333333333336,79.22272727272728,0,0,1,7,,ม.3,สด,new,0,3,7
2568-1131,2568,2025-09,75.0,76.85185185185185,-13.888888888888886,75.0,68.75,82.08684210526314,0,0,8,7,,ม.3,เทป,new,0,4,7
2568-1132,2568,2025-09,100.0,97.22222222222221,5.882352941176478,80.55555555555556,93.75,87.27727272727273,0,0,27,7,,ม.2,สด,new,0,4,7
2568-1133,2568,2025-09,100.0,93.51851851851852,5.0,75.0,68.75,86.40263157894738,0,0,27,7,,ม.3,สด,new,0,4,7
2568-1136,2568,2025-09,100.0,100.0,0.0,51.851851851851855,66.66666666666667,86.49545454545454,0,0,18,7,,ม.3,สด,new,2,3,5
2568-1137,2568,2025-09,50.0,91.66666666666666,-43.75,69.44444444444444,87.5,86.12307692307692,0,0,0,7,,ม.2,เทป,new,0,4,7
2568-1138,2568,2025-09,75.0,73.86363636363636,10.294117647058826,69.44444444444444,56.25,78.91176470588235,0,0,1,7,,ม.3,สด,new,1,4,6
2568-1141,2568,2025-09,66.66666666666666,80.24691358024691,-26.190476190476204,66.66666666666667,83.33333333333333,81.77142857142857,0,0,0,7,,ม.2,เทป,new,0,3,7
2568-1142,2568,2025-09,100.0,69.44444444444444,41.17647058823529,52.77777777777778,37.5,78.34400000000001,0,0,1,7,,ม.2,เทป,new,0,4,7
2568-1143,2568,2025-09,100.0,92.5925925925926,7.692307692307693,74.07407407407408,75.0,81.44137931034481,0,0,2,7,,ม.3,สด,old,0,3,7
2568-1145,2568,2025-09,75.0,80.55555555555556,-7.35294117647058,75.0,81.25,83.7875,0,0,3,7,,ม.1,เทป,new,0,4,7
2568-1146,2568,2025-09,33.33333333333333,58.0246913580247,-16.66666666666667,48.148148148148145,50.0,64.08947368421053,0,0,0,7,,ม.3,สด,old,0,3,7
2568-1148,2568,2025-09,100.0,86.41975308641975,7.692307692307693,70.37037037037037,75.0,80.74285714285712,0,0,1,7,,ม.3,สด,old,0,3,7
2568-1150,2568,2025-09,66.66666666666666,74.07407407407408,-19.04761904761905,66.66666666666667,83.33333333333333,74.14642857142857,0,0,0,7,,ม.2,สด,new,0,3,7
2568-1151,2568,2025-09,100.0,77.77777777777779,26.66666666666667,62.96296296296296,66.66666666666667,81.55199999999999,0,0,3,7,,ม.3,สด,new,0,3,7
2568-1152,2568,2025-09,75.0,78.70370370370371,-8.333333333333343,66.66666666666667,81.25,80.48108108108107,0,0,8,7,,ม.3,สด,new,0,4,7
2568-1156,2568,2025-09,100.0,62.96296296296296,38.888888888888886,52.77777777777778,68.75,70.05666666666666,0,0,1,7,,ม.3,สด,new,0,4,7
2568-1157,2568,2025-09,50.0,86.11111111111111,-44.11764705882352,58.333333333333336,81.25,72.53235294117646,0,0,0,7,,ม.1,สด,new,0,4,7
2568-1158,2568,2025-09,100.0,83.33333333333334,6.25,77.77777777777777,81.25,86.59756097560975,0,0,6,7,,ม.2,สด,new,0,4,7
2568-1159,2568,2025-09,100.0,100.0,0.0,74.07407407407408,75.0,88.72758620689655,0,0,22,7,,ม.3,สด,new,1,3,6
2568-1160,2568,2025-09,100.0,85.22727272727273,6.25,50.0,50.0,87.18846153846154,0,0,5,7,,ม.3,เทป,old,1,4,6
uuid-2569-2001,2569,2026-03,88.88888888888889,88.88888888888889,,50.0,100.0,89.675,4,0,3,1,0.0,ม.2,สด,old,0,2,1
uuid-2569-2002,2569,2026-03,43.75,43.75,,12.5,25.0,47.2,1,0,0,1,0.0,ม.3,สด,new,0,4,1
uuid-2569-2003,2569,2026-03,58.82352941176471,58.82352941176471,,12.5,75.0,66.1,1,0,0,1,0.0,ม.2,สด,new,0,4,1
uuid-2569-2004,2569,2026-03,68.75,68.75,,25.0,75.0,68.5,2,0,0,1,0.0,ม.2,สด,new,0,4,1
uuid-2569-2006,2569,2026-03,41.17647058823529,41.17647058823529,,25.0,50.0,82.9,2,1,1,1,0.0,ม.3,สด,new,0,4,1
uuid-2569-2009,2569,2026-03,66.66666666666666,66.66666666666666,,37.5,25.0,70.9,3,0,2,1,0.0,ม.3,เทป,new,0,4,1
uuid-2569-2010,2569,2026-03,94.44444444444444,94.44444444444444,,37.5,100.0,90.7,4,0,5,1,0.0,ม.2,สด,new,0,4,1
uuid-2569-2011,2569,2026-03,62.5,62.5,,50.0,50.0,74.10000000000001,3,1,0,1,0.0,ม.2,เทป,old,0,2,1
uuid-2569-2013,2569,2026-03,46.15384615384615,46.15384615384615,,50.0,66.66666666666667,68.83333333333333,3,0,1,1,1.0,ม.2,สด,old,0,3,1
uuid-2569-2014,2569,2026-03,64.70588235294117,64.70588235294117,,25.0,100.0,59.7,2,0,0,1,0.0,ม.2,สด,old,0,4,1
uuid-2569-2015,2569,2026-03,64.28571428571429,64.28571428571429,,33.333333333333336,66.66666666666667,64.36666666666667,3,0,1,1,0.0,ม.2,สด,new,0,3,1
uuid-2569-2016,2569,2026-03,62.5,62.5,,37.5,100.0,83.88,5,0,2,1,0.0,ม.3,สด,new,0,4,1
uuid-2569-2017,2569,2026-03,50.0,50.0,,12.5,50.0,62.9,1,0,0,1,0.0,ม.3,สด,old,0,4,1
uuid-2569-2018,2569,2026-03,33.33333333333333,33.33333333333333,,37.5,75.0,64.44,5,0,1,1,0.0,ม.3,สด,new,0,4,1
uuid-2569-2019,2569,2026-03,94.11764705882352,94.11764705882352,,25.0,50.0,80.56666666666668,3,0,5,1,1.0,ม.3,เทป,old,0,4,1
uuid-2569-2020,2569,2026-03,88.88888888888889,88.88888888888889,,50.0,75.0,78.54,5,0,5,1,0.0,ม.2,สด,new,0,4,1
uuid-2569-2021,2569,2026-03,68.75,68.75,,25.0,50.0,80.63333333333333,3,0,1,1,0.0,ม.2,สด,new,0,4,1
uuid-2569-2022,2569,2026-03,93.33333333333333,93.33333333333333,,16.666666666666668,100.0,85.9,2,0,4,1,1.0,ม.2,เทป,new,0,3,1
uuid-2569-2023,2569,2026-03,47.05882352941176,47.05882352941176,,50.0,75.0,68.2,7,0,1,1,0.0,ม.3,สด,new,0,4,1
uuid-2569-2024,2569,2026-03,66.66666666666666,66.66666666666666,,50.0,50.0,72.26666666666667,3,1,0,1,0.0,ม.3,สด,new,0,2,1
uuid-2569-2025,2569,2026-03,58.333333333333336,58.333333333333336,,16.666666666666668,100.0,79.94999999999999,2,0,0,1,0.0,ม.3,เทป,new,0,3,1
uuid-2569-2026,2569,2026-03,100.0,100.0,,12.5,75.0,85.175,4,0,5,1,0.0,ม.3,สด,new,0,4,1
uuid-2569-2028,2569,2026-03,70.58823529411765,70.58823529411765,,25.0,100.0,72.1,4,0,0,1,1.0,ม.3,เทป,new,0,4,1
uuid-2569-2029,2569,2026-03,66.66666666666666,66.66666666666666,,50.0,50.0,81.44999999999999,2,0,1,1,0.0,ม.2,สด,new,0,2,1
uuid-2569-2031,2569,2026-03,77.77777777777779,77.77777777777779,,37.5,100.0,93.5,4,0,4,1,0.0,ม.2,เทป,new,0,4,1
uuid-2569-2033,2569,2026-03,87.5,87.5,,50.0,50.0,87.9,2,0,0,1,0.0,ม.2,เทป,new,0,2,1
uuid-2569-2036,2569,2026-03,100.0,100.0,,25.0,50.0,87.1,1,0,5,1,0.0,ม.2,สด,new,0,2,1
uuid-2569-2037,2569,2026-03,94.11764705882352,94.11764705882352,,50.0,100.0,90.06000000000002,5,0,5,1,0.0,ม.2,สด,new,0,4,1
uuid-2569-2038,2569,2026-03,100.0,100.0,,33.333333333333336,66.66666666666667,79.6,2,0,5,1,0.0,ม.1,สด,new,0,3,1
uuid-2569-2039,2569,2026-03,61.111111111111114,61.111111111111114,,12.5,25.0,63.2,1,0,3,1,0.0,ม.2,เทป,new,0,4,1
uuid-2569-2041,2569,2026-03,61.111111111111114,61.111111111111114,,37.5,75.0,53.43333333333334,3,0,3,1,0.0,ม.2,สด,old,0,4,1
uuid-2569-2044,2569,2026-03,56.25,56.25,,25.0,50.0,85.9,2,0,1,1,0.0,ม.3,สด,old,0,4,1
uuid-2569-2047,2569,2026-03,93.75,93.75,,50.0,75.0,85.72500000000001,4,0,5,1,0.0,ม.2,สด,new,0,4,1
uuid-2569-2048,2569,2026-03,93.75,93.75,,25.0,100.0,80.9,2,0,5,1,0.0,ม.2,สด,new,0,4,1
uuid-2569-2049,2569,2026-03,64.70588235294117,64.70588235294117,,25.0,25.0,68.69999999999999,2,0,2,1,0.0,ม.3,สด,new,0,4,1
uuid-2569-2053,2569,2026-03,81.25,81.25,,50.0,75.0,86.95,4,0,2,1,0.0,ม.3,สด,old,0,4,1
uuid-2569-2054,2569,2026-03,44.44444444444444,44.44444444444444,,12.5,50.0,49.7,1,0,0,1,0.0,ม.2,สด,new,0,4,1
uuid-2569-2055,2569,2026-03,88.23529411764706,88.23529411764706,,37.5,75.0,78.12,5,0,5,1,0.0,ม.2,สด,new,0,4,1
uuid-2569-2059,2569,2026-03,100.0,100.0,,50.0,50.0,90.1,2,0,5,1,0.0,ม.2,สด,old,0,2,1
uuid-2569-2060,2569,2026-03,88.88888888888889,88.88888888888889,,50.0,75.0,92.74,5,0,4,1,0.0,ม.2,เทป,new,0,4,1
uuid-2569-2061,2569,2026-03,52.63157894736842,52.63157894736842,,25.0,75.0,82.5,2,0,1,1,1.0,ม.3,เทป,new,0,4,1
uuid-2569-2062,2569,2026-03,100.0,100.0,,50.0,33.333333333333336,92.03333333333335,3,0,5,1,0.0,ม.3,สด,old,0,3,1
uuid-2569-2063,2569,2026-03,66.66666666666666,66.66666666666666,,0.0,50.0,,0,0,3,1,0.0,ม.3,เทป,new,0,4,1
uuid-2569-2065,2569,2026-03,92.85714285714286,92.85714285714286,,33.333333333333336,66.66666666666667,84.55,2,0,3,1,0.0,ม.1,เทป,new,0,3,1
uuid-2569-2067,2569,2026-03,92.3076923076923,92.3076923076923,,50.0,66.66666666666667,86.15,4,0,3,1,0.0,ม.3,สด,new,0,3,1
uuid-2569-2068,2569,2026-03,55.55555555555556,55.55555555555556,,25.0,100.0,79.5,4,0,2,1,0.0,ม.3,สด,new,0,4,1
uuid-2569-2070,2569,2026-03,58.82352941176471,58.82352941176471,,25.0,25.0,85.1,2,0,0,1,0.0,ม.3,สด,new,0,4,1
uuid-2569-2071,2569,2026-03,77.77777777777779,77.77777777777779,,25.0,50.0,69.53333333333333,3,0,4,1,0.0,ม.3,สด,old,0,4,1
uuid-2569-2072,2569,2026-03,77.77777777777779,77.77777777777779,,50.0,100.0,89.33333333333333,3,1,0,1,0.0,ม.2,สด,new,0,2,1
uuid-2569-2074,2569,2026-03,100.0,100.0,,50.0,50.0,75.2,2,0,5,1,0.0,ม.3,สด,new,0,2,1
uuid-2569-2075,2569,2026-03,87.5,87.5,,25.0,75.0,85.36666666666667,3,0,5,1,0.0,ม.2,สด,new,0,4,1
uuid-2569-2076,2569,2026-03,76.47058823529412,76.47058823529412,,50.0,50.0,64.24,5,0,4,1,0.0,ม.3,สด,new,0,4,1
uuid-2569-2077,2569,2026-03,100.0,100.0,,50.0,100.0,84.85999999999999,5,0,5,1,0.0,ม.3,สด,new,0,4,1
uuid-2569-2078,2569,2026-03,70.58823529411765,70.58823529411765,,37.5,25.0,83.02499999999999,4,0,1,1,0.0,ม.3,สด,new,0,4,1
uuid-2569-2079,2569,2026-03,93.75,93.75,,50.0,100.0,90.375,4,0,5,1,0.0,ม.1,สด,new,0,4,1
uuid-2569-2080,2569,2026-03,85.0,85.0,,37.5,100.0,86.26666666666667,3,0,3,1,0.0,ม.2,สด,new,0,4,1
uuid-2569-2081,2569,2026-03,77.77777777777779,77.77777777777779,,37.5,75.0,89.8,3,0,2,1,0.0,ม.3,สด,new,0,4,1
uuid-2569-2082,2569,2026-03,62.5,62.5,,25.0,100.0,55.95,2,0,1,1,0.0,ม.3,สด,new,0,2,1
uuid-2569-2083,2569,2026-03,56.25,56.25,,37.5,25.0,79.3,3,0,1,1,0.0,ม.3,เทป,new,0,4,1
uuid-2569-2084,2569,2026-03,94.44444444444444,94.44444444444444,,37.5,100.0,87.89999999999999,3,0,5,1,0.0,ม.2,สด,old,0,4,1
uuid-2569-2085,2569,2026-03,82.35294117647058,82.35294117647058,,37.5,75.0,91.43333333333334,3,0,5,1,0.0,ม.2,สด,new,0,4,1
uuid-2569-2086,2569,2026-03,75.0,75.0,,37.5,100.0,80.225,4,0,3,1,0.0,ม.2,เทป,new,0,4,1
uuid-2569-2087,2569,2026-03,100.0,100.0,,37.5,50.0,87.47500000000001,4,0,5,1,0.0,ม.2,สด,new,0,4,1
uuid-2569-2088,2569,2026-03,11.11111111111111,11.11111111111111,,0.0,0.0,,0,3,0,1,1.0,ม.1,สด,new,0,2,1
uuid-2569-2089,2569,2026-03,100.0,100.0,,0.0,0.0,,0,0,5,1,0.0,ม.1,สด,new,0,2,1
uuid-2569-2090,2569,2026-03,62.5,62.5,,37.5,75.0,74.04,5,0,1,1,0.0,ม.3,สด,new,0,4,1
uuid-2569-2091,2569,2026-03,100.0,100.0,,50.0,100.0,83.1,2,0,5,1,1.0,ม.3,สด,new,0,2,1
uuid-2569-2093,2569,2026-03,50.0,50.0,,33.333333333333336,0.0,71.45,2,0,0,1,0.0,ม.1,สด,new,0,3,1
uuid-2569-2095,2569,2026-03,87.5,87.5,,50.0,50.0,88.5,2,0,4,1,0.0,ม.2,เทป,old,0,2,1
uuid-2569-2096,2569,2026-03,77.77777777777779,77.77777777777779,,0.0,50.0,,0,0,0,1,0.0,ม.2,สด,new,0,2,1
uuid-2569-2097,2569,2026-03,60.0,60.0,,33.333333333333336,33.333333333333336,68.93333333333334,3,0,0,1,0.0,ม.3,สด,new,0,3,1
uuid-2569-2098,2569,2026-03,76.47058823529412,76.47058823529412,,25.0,75.0,74.6,2,0,4,1,0.0,ม.1,เทป,old,0,4,1
uuid-2569-2099,2569,2026-03,61.111111111111114,61.111111111111114,,0.0,0.0,,0,0,0,1,0.0,ม.2,สด,new,0,4,1
uuid-2569-2101,2569,2026-03,87.5,87.5,,0.0,100.0,,0,0,3,1,0.0,ม.3,สด,new,0,2,1
uuid-2569-2102,2569,2026-03,66.66666666666666,66.66666666666666,,50.0,50.0,68.75,2,0,0,1,0.0,ม.1,เทป,old,0,2,1
uuid-2569-2103,2569,2026-03,70.58823529411765,70.58823529411765,,25.0,75.0,82.93333333333334,3,0,0,1,0.0,ม.3,สด,new,0,4,1
uuid-2569-2104,2569,2026-03,58.82352941176471,58.82352941176471,,50.0,25.0,70.5,4,0,2,1,0.0,ม.2,สด,old,0,4,1
uuid-2569-2105,2569,2026-03,16.666666666666664,16.666666666666664,,25.0,0.0,66.2,2,1,0,1,1.0,ม.2,เทป,old,0,4,1
uuid-2569-2106,2569,2026-03,68.75,68.75,,25.0,50.0,75.93333333333334,3,0,0,1,0.0,ม.2,เทป,new,0,4,1
uuid-2569-2108,2569,2026-03,66.66666666666666,66.66666666666666,,50.0,75.0,86.41428571428571,7,0,2,1,0.0,ม.2,เทป,new,0,4,1
uuid-2569-2109,2569,2026-03,88.23529411764706,88.23529411764706,,37.5,75.0,86.82000000000001,5,0,0,1,0.0,ม.2,เทป,new,0,4,1
uuid-2569-2110,2569,2026-03,93.75,93.75,,50.0,100.0,93.0,5,0,5,1,0.0,ม.3,สด,new,0,4,1
uuid-2569-2111,2569,2026-03,76.47058823529412,76.47058823529412,,37.5,50.0,70.53333333333333,3,0,0,1,0.0,ม.2,สด,new,0,4,1
uuid-2569-2112,2569,2026-03,83.33333333333334,83.33333333333334,,25.0,75.0,80.30000000000001,2,0,1,1,0.0,ม.3,สด,new,0,4,1
uuid-2569-2113,2569,2026-03,85.71428571428571,85.71428571428571,,50.0,100.0,78.25,4,0,0,1,0.0,ม.2,เทป,new,0,3,1
uuid-2569-2114,2569,2026-03,72.22222222222221,72.22222222222221,,12.5,50.0,67.4,1,0,0,1,0.0,ม.2,สด,new,0,4,1
uuid-2569-2115,2569,2026-03,52.94117647058824,52.94117647058824,,50.0,75.0,60.88000000000001,5,0,0,1,1.0,ม.3,เทป,new,0,4,1
uuid-2569-2118,2569,2026-03,75.0,75.0,,16.666666666666668,100.0,90.75,2,0,0,1,1.0,ม.2,เทป,new,0,3,1
uuid-2569-2119,2569,2026-03,88.88888888888889,88.88888888888889,,37.5,75.0,88.63333333333333,3,0,1,1,0.0,ม.2,สด,new,0,4,1
uuid-2569-2120,2569,2026-03,76.47058823529412,76.47058823529412,,12.5,25.0,51.2,1,0,4,1,0.0,ม.3,สด,new,0,4,1
uuid-2569-2122,2569,2026-03,72.22222222222221,72.22222222222221,,25.0,75.0,80.35,2,0,3,1,0.0,ม.2,สด,old,0,4,1
uuid-2569-2123,2569,2026-03,83.33333333333334,83.33333333333334,,50.0,25.0,87.075,4,0,5,1,0.0,ม.1,สด,new,0,4,1
uuid-2569-2124,2569,2026-03,82.35294117647058,82.35294117647058,,25.0,25.0,75.56666666666666,3,0,5,1,0.0,ม.2,สด,new,0,4,1
uuid-2569-2125,2569,2026-03,75.0,75.0,,37.5,50.0,72.30000000000001,3,0,1,1,0.0,ม.2,สด,old,0,4,1
uuid-2569-2126,2569,2026-03,15.789473684210526,15.789473684210526,,25.0,50.0,50.4,2,1,0,1,0.0,ม.3,เทป,new,0,4,1
uuid-2569-2131,2569,2026-03,83.33333333333334,83.33333333333334,,50.0,100.0,61.26666666666667,3,0,0,1,0.0,ม.3,สด,new,0,3,1
uuid-2569-2132,2569,2026-03,62.5,62.5,,50.0,100.0,68.8,2,1,1,1,0.0,ม.1,สด,old,0,2,1
uuid-2569-2133,2569,2026-03,84.21052631578947,84.21052631578947,,37.5,100.0,93.06666666666666,3,0,5,1,0.0,ม.3,สด,new,0,4,1
uuid-2569-2134,2569,2026-03,37.5,37.5,,50.0,50.0,77.25,2,1,0,1,0.0,ม.2,สด,new,0,2,1
uuid-2569-2135,2569,2026-03,63.1578947368421,63.1578947368421,,25.0,50.0,62.75,2,0,2,1,0.0,ม.2,เทป,new,0,4,1
uuid-2569-2136,2569,2026-03,47.368421052631575,47.368421052631575,,37.5,100.0,77.33333333333333,3,0,0,1,0.0,ม.3,เทป,new,0,4,1
uuid-2569-2137,2569,2026-03,100.0,100.0,,50.0,75.0,84.96666666666667,6,0,5,1,0.0,ม.3,สด,new,0,4,1
uuid-2569-2138,2569,2026-03,52.94117647058824,52.94117647058824,,50.0,100.0,79.88,5,0,0,1,0.0,ม.3,เทป,new,0,4,1
uuid-2569-2140,2569,2026-03,75.0,75.0,,25.0,50.0,89.1,1,0,0,1,1.0,ม.3,สด,new,0,2,1
uuid-2569-2143,2569,2026-03,100.0,100.0,,25.0,50.0,63.8,1,0,5,1,1.0,ม.2,สด,new,0,2,1
uuid-2569-2145,2569,2026-03,87.5,87.5,,50.0,100.0,97.0,5,0,5,1,1.0,ม.1,เทป,new,0,4,1
uuid-2569-2146,2569,2026-03,92.3076923076923,92.3076923076923,,33.333333333333336,100.0,83.73333333333333,3,0,0,1,0.0,ม.2,สด,new,0,3,1
uuid-2569-2149,2569,2026-03,66.66666666666666,66.66666666666666,,0.0,50.0,,0,0,1,1,0.0,ม.3,สด,old,0,2,1
uuid-2569-2001,2569,2026-04,88.88888888888889,88.88888888888889,0.0,75.0,100.0,91.125,4,0,0,2,0.0,ม.2,สด,old,0,2,2
uuid-2569-2002,2569,2026-04,11.76470588235294,27.27272727272727,-31.985294117647058,12.5,25.0,53.650000000000006,1,2,0,2,0.0,ม.3,สด,new,0,4,2
uuid-2569-2003,2569,2026-04,64.70588235294117,61.76470588235294,5.882352941176464,31.25,75.0,67.62857142857142,6,0,0,2,0.0,ม.2,สด,new,0,4,2
uuid-2569-2004,2569,2026-04,72.22222222222221,70.58823529411765,3.4722222222222143,25.0,75.0,73.92857142857143,5,0,4,2,0.0,ม.2,สด,new,0,4,2
uuid-2569-2005,2569,2026-04,100.0,100.0,,50.0,0.0,94.21428571428571,7,0,4,2,0.0,ม.3,เทป,new,1,4,1
uuid-2569-2006,2569,2026-04,64.70588235294117,52.94117647058824,23.529411764705884,50.0,50.0,75.93333333333334,7,0,1,2,0.0,ม.3,สด,new,0,4,2
uuid-2569-2007,2569,2026-04,90.9090909090909,90.9090909090909,,41.666666666666664,0.0,73.75,4,0,0,2,0.0,ม.3,สด,new,1,3,1
uuid-2569-2008,2569,2026-04,76.92307692307693,76.92307692307693,,31.25,0.0,72.725,4,0,4,2,0.0,ม.2,สด,old,1,4,1
uuid-2569-2009,2569,2026-04,64.70588235294117,65.71428571428571,-1.9607843137254832,43.75,25.0,68.41666666666667,3,0,0,2,0.0,ม.3,เทป,new,0,4,2
uuid-2569-2010,2569,2026-04,100.0,97.05882352941177,5.555555555555557,68.75,100.0,89.19230769230771,9,0,9,2,0.0,ม.2,สด,new,0,4,2
uuid-2569-2011,2569,2026-04,62.5,62.5,0.0,37.5,50.0,76.625,1,0,0,2,1.0,ม.2,เทป,old,0,2,2
uuid-2569-2012,2569,2026-04,83.33333333333334,83.33333333333334,,41.666666666666664,0.0,85.55,4,0,2,2,0.0,ม.3,สด,new,1,3,1
uuid-2569-2014,2569,2026-04,77.77777777777779,71.42857142857143,13.071895424836612,43.75,100.0,64.1375,6,0,0,2,0.0,ม.2,สด,old,0,4,2
uuid-2569-2015,2569,2026-04,76.92307692307693,70.37037037037037,12.637362637362642,50.0,66.66666666666667,61.837500000000006,5,0,0,2,1.0,ม.2,สด,new,0,3,2
uuid-2569-2016,2569,2026-04,52.63157894736842,57.14285714285714,-9.868421052631582,50.0,100.0,88.90909090909089,6,0,0,2,0.0,ม.3,สด,new,0,4,2
uuid-2569-2017,2569,2026-04,42.10526315789473,45.714285714285715,-7.894736842105267,37.5,50.0,68.42857142857143,6,0,0,2,1.0,ม.3,สด,old,0,4,2
uuid-2569-2018,2569,2026-04,50.0,41.66666666666667,16.66666666666667,50.0,75.0,66.87,5,1,0,2,1.0,ม.3,สด,new,0,4,2
uuid-2569-2020,2569,2026-04,94.11764705882352,91.42857142857143,5.228758169934636,75.0,75.0,81.84666666666666,10,0,9,2,0.0,ม.2,สด,new,0,4,2
uuid-2569-2021,2569,2026-04,72.22222222222221,70.58823529411765,3.4722222222222143,56.25,50.0,78.85,5,0,2,2,0.0,ม.2,สด,new,0,4,2
uuid-2569-2023,2569,2026-04,58.82352941176471,52.94117647058824,11.76470588235295,75.0,75.0,75.17142857142858,7,0,0,2,0.0,ม.3,สด,new,0,4,2
uuid-2569-2024,2569,2026-04,100.0,82.35294117647058,33.33333333333334,50.0,50.0,80.44000000000001,2,0,4,2,0.0,ม.3,สด,new,0,2,2
uuid-2569-2025,2569,2026-04,60.0,59.25925925925925,1.6666666666666643,25.0,100.0,79.73333333333333,4,0,1,2,1.0,ม.3,เทป,new,0,3,2
uuid-2569-2026,2569,2026-04,95.0,97.22222222222221,-5.0,43.75,75.0,86.37142857142858,3,0,9,2,0.0,ม.3,สด,new,0,4,2
uuid-2569-2029,2569,2026-04,62.5,64.70588235294117,-4.166666666666657,62.5,50.0,81.39999999999999,4,0,0,2,0.0,ม.2,สด,new,0,2,2
uuid-2569-2030,2569,2026-04,100.0,100.0,,31.25,0.0,85.93333333333334,3,0,4,2,0.0,ม.3,สด,new,1,4,1
uuid-2569-2031,2569,2026-04,81.25,79.41176470588235,3.4722222222222143,56.25,100.0,90.50909090909092,7,0,0,2,0.0,ม.2,เทป,new,0,4,2
uuid-2569-2032,2569,2026-04,72.72727272727273,72.72727272727273,,50.0,0.0,78.25999999999999,5,0,0,2,0.0,ม.3,สด,new,1,3,1
uuid-2569-2033,2569,2026-04,80.0,83.33333333333334,-7.5,62.5,50.0,84.88,3,0,4,2,0.0,ม.2,เทป,new,0,2,2
uuid-2569-2034,2569,2026-04,86.66666666666667,86.66666666666667,,43.75,0.0,85.62,5,0,4,2,0.0,ม.3,เทป,new,1,4,1
uuid-2569-2035,2569,2026-04,91.66666666666666,91.66666666666666,,41.666666666666664,0.0,73.02499999999999,4,0,3,2,0.0,ม.3,สด,old,1,3,1
uuid-2569-2036,2569,2026-04,100.0,100.0,0.0,62.5,50.0,80.56666666666666,5,0,9,2,0.0,ม.2,สด,new,0,2,2
uuid-2569-2037,2569,2026-04,94.44444444444444,94.28571428571428,0.326797385620921,68.75,100.0,87.31428571428572,9,0,9,2,0.0,ม.2,สด,new,0,4,2
uuid-2569-2038,2569,2026-04,83.33333333333334,92.3076923076923,-16.666666666666657,41.666666666666664,66.66666666666667,83.41428571428571,5,0,1,2,0.0,ม.1,สด,new,0,3,2
uuid-2569-2039,2569,2026-04,33.33333333333333,47.22222222222222,-27.777777777777786,31.25,25.0,76.46,4,0,0,2,1.0,ม.2,เทป,new,0,4,2
uuid-2569-2041,2569,2026-04,75.0,67.64705882352942,13.888888888888886,56.25,75.0,71.30909090909091,8,0,0,2,0.0,ม.2,สด,old,0,4,2
uuid-2569-2042,2569,2026-04,60.0,60.0,,25.0,0.0,77.86666666666666,3,0,3,2,0.0,ม.2,สด,old,1,4,1
uuid-2569-2043,2569,2026-04,75.0,75.0,,31.25,0.0,78.46666666666665,3,0,1,2,0.0,ม.3,สด,old,1,4,1
uuid-2569-2044,2569,2026-04,77.77777777777779,67.64705882352942,21.527777777777786,37.5,50.0,72.10000000000001,5,0,1,2,0.0,ม.3,สด,old,0,4,2
uuid-2569-2045,2569,2026-04,100.0,100.0,,50.0,0.0,78.8375,8,0,4,2,0.0,ม.1,สด,new,1,4,1
uuid-2569-2046,2569,2026-04,62.5,62.5,,43.75,0.0,76.26666666666667,6,0,2,2,0.0,ม.3,เทป,old,1,4,1
uuid-2569-2047,2569,2026-04,94.44444444444444,94.11764705882352,0.6944444444444429,75.0,75.0,87.3,10,0,9,2,0.0,ม.2,สด,new,0,4,2
uuid-2569-2048,2569,2026-04,100.0,97.05882352941177,6.25,50.0,100.0,85.86999999999999,8,0,9,2,0.0,ม.2,สด,new,0,4,2
uuid-2569-2049,2569,2026-04,55.55555555555556,60.0,-9.150326797385617,31.25,25.0,66.75999999999999,3,0,0,2,1.0,ม.3,สด,new,0,4,2
uuid-2569-2050,2569,2026-04,93.33333333333333,93.33333333333333,,37.5,0.0,79.7,6,0,4,2,0.0,ม.2,สด,old,1,4,1
uuid-2569-2052,2569,2026-04,50.0,50.0,,37.5,0.0,69.15,2,0,0,2,1.0,ม.3,สด,new,1,2,1
uuid-2569-2053,2569,2026-04,77.77777777777779,79.41176470588235,-3.4722222222222143,62.5,75.0,83.19166666666668,8,0,6,2,0.0,ม.3,สด,old,0,4,2
uuid-2569-2054,2569,2026-04,11.76470588235294,28.57142857142857,-32.6797385620915,18.75,50.0,59.02,4,1,0,2,0.0,ม.2,สด,new,0,4,2
uuid-2569-2055,2569,2026-04,100.0,94.11764705882352,11.764705882352942,62.5,75.0,81.10909090909091,6,0,9,2,0.0,ม.2,สด,new,0,4,2
uuid-2569-2058,2569,2026-04,56.25,56.25,,25.0,0.0,69.36666666666667,3,0,0,2,0.0,ม.1,สด,new,1,4,1
uuid-2569-2059,2569,2026-04,75.0,88.23529411764706,-25.0,75.0,50.0,86.12857142857142,5,0,0,2,0.0,ม.2,สด,old,0,2,2
uuid-2569-2060,2569,2026-04,93.33333333333333,90.9090909090909,4.444444444444443,68.75,75.0,89.29230769230769,8,0,8,2,0.0,ม.2,เทป,new,0,4,2
uuid-2569-2062,2569,2026-04,100.0,100.0,0.0,66.66666666666667,33.333333333333336,88.575,5,0,9,2,0.0,ม.3,สด,old,0,3,2
uuid-2569-2063,2569,2026-04,43.75,55.88235294117647,-22.916666666666657,6.25,50.0,91.26666666666667,3,1,0,2,0.0,ม.3,เทป,new,0,4,2
uuid-2569-2064,2569,2026-04,78.57142857142857,78.57142857142857,,37.5,0.0,73.39999999999999,6,0,4,2,0.0,ม.2,สด,old,1,4,1
uuid-2569-2065,2569,2026-04,100.0,96.29629629629629,7.142857142857139,58.333333333333336,66.66666666666667,89.47777777777779,7,0,7,2,0.0,ม.1,เทป,new,0,3,2
uuid-2569-2067,2569,2026-04,100.0,96.29629629629629,7.692307692307693,66.66666666666667,66.66666666666667,87.3111111111111,5,0,7,2,0.0,ม.3,สด,new,0,3,2
uuid-2569-2068,2569,2026-04,61.111111111111114,58.333333333333336,5.555555555555557,43.75,100.0,73.57272727272728,7,0,1,2,0.0,ม.3,สด,new,0,4,2
uuid-2569-2070,2569,2026-04,66.66666666666666,62.857142857142854,7.843137254901947,50.0,25.0,78.77499999999999,6,0,2,2,0.0,ม.3,สด,new,0,4,2
uuid-2569-2071,2569,2026-04,88.88888888888889,83.33333333333334,11.1111111111111,43.75,50.0,77.07142857142857,4,0,8,2,1.0,ม.3,สด,old,0,4,2
uuid-2569-2072,2569,2026-04,77.77777777777779,77.77777777777779,0.0,50.0,100.0,82.28333333333333,3,0,3,2,0.0,ม.2,สด,new,0,2,2
uuid-2569-2073,2569,2026-04,60.0,60.0,,37.5,0.0,73.84,5,0,0,2,0.0,ม.2,สด,new,1,4,1
uuid-2569-2074,2569,2026-04,100.0,100.0,0.0,62.5,50.0,75.45,4,0,9,2,0.0,ม.3,สด,new,0,2,2
uuid-2569-2075,2569,2026-04,80.0,83.33333333333334,-7.5,62.5,75.0,81.70769230769231,10,0,3,2,0.0,ม.2,สด,new,0,4,2
uuid-2569-2076,2569,2026-04,61.111111111111114,68.57142857142857,-15.359477124183002,56.25,50.0,69.9375,3,0,0,2,0.0,ม.3,สด,new,0,4,2
uuid-2569-2077,2569,2026-04,100.0,100.0,0.0,75.0,100.0,89.44166666666666,7,0,9,2,0.0,ม.3,สด,new,0,4,2
uuid-2569-2078,2569,2026-04,83.33333333333334,77.14285714285715,12.74509803921569,56.25,25.0,73.84,6,0,3,2,0.0,ม.3,สด,new,0,4,2
uuid-2569-2079,2569,2026-04,100.0,97.22222222222221,6.25,56.25,100.0,88.44545454545454,7,0,9,2,0.0,ม.1,สด,new,0,4,2
uuid-2569-2080,2569,2026-04,75.0,80.55555555555556,-10.0,56.25,100.0,86.86923076923077,10,0,1,2,0.0,ม.2,สด,new,0,4,2
uuid-2569-2081,2569,2026-04,100.0,88.57142857142857,22.222222222222214,56.25,75.0,81.58000000000001,7,0,6,2,0.0,ม.3,สด,new,0,4,2
uuid-2569-2082,2569,2026-04,87.5,75.0,25.0,37.5,100.0,61.64,3,0,3,2,0.0,ม.3,สด,new,0,2,2
uuid-2569-2083,2569,2026-04,55.55555555555556,55.88235294117647,-0.6944444444444429,25.0,25.0,80.35999999999999,2,0,1,2,0.0,ม.3,เทป,new,0,4,2
uuid-2569-2084,2569,2026-04,100.0,96.96969696969697,5.555555555555557,56.25,100.0,86.30833333333334,9,0,9,2,0.0,ม.2,สด,old,0,4,2
uuid-2569-2085,2569,2026-04,82.35294117647058,82.35294117647058,0.0,56.25,75.0,83.65,7,0,9,2,0.0,ม.2,สด,new,0,4,2
uuid-2569-2086,2569,2026-04,84.21052631578947,80.0,9.210526315789465,62.5,100.0,80.47500000000001,8,0,1,2,0.0,ม.2,เทป,new,0,4,2
uuid-2569-2087,2569,2026-04,93.33333333333333,97.05882352941177,-6.666666666666671,43.75,50.0,86.98888888888888,5,0,9,2,1.0,ม.2,สด,new,0,4,2
uuid-2569-2089,2569,2026-04,37.5,72.22222222222221,-62.5,50.0,0.0,56.76666666666667,3,2,1,2,0.0,ม.1,สด,new,0,2,2
uuid-2569-2090,2569,2026-04,82.35294117647058,72.72727272727273,19.85294117647058,37.5,75.0,75.14999999999999,3,0,5,2,0.0,ม.3,สด,new,0,4,2
uuid-2569-2092,2569,2026-04,84.61538461538461,84.61538461538461,,31.25,0.0,77.0,4,0,4,2,0.0,ม.3,สด,new,1,4,1
uuid-2569-2093,2569,2026-04,66.66666666666666,57.692307692307686,16.666666666666657,50.0,0.0,70.88333333333333,4,0,1,2,0.0,ม.1,สด,new,0,3,2
uuid-2569-2094,2569,2026-04,93.33333333333333,93.33333333333333,,43.75,0.0,74.575,4,0,4,2,0.0,ม.2,สด,new,1,4,1
uuid-2569-2095,2569,2026-04,100.0,94.11764705882352,12.5,75.0,50.0,90.18333333333334,4,0,8,2,0.0,ม.2,เทป,old,0,2,2
uuid-2569-2096,2569,2026-04,75.0,76.47058823529412,-2.7777777777777857,37.5,50.0,88.25,2,0,2,2,0.0,ม.2,สด,new,0,2,2
uuid-2569-2097,2569,2026-04,41.66666666666667,51.85185185185185,-18.33333333333333,50.0,33.333333333333336,72.31666666666666,3,0,0,2,0.0,ม.3,สด,new,0,3,2
uuid-2569-2098,2569,2026-04,94.44444444444444,85.71428571428571,17.973856209150327,50.0,75.0,76.34545454545454,9,0,8,2,0.0,ม.1,เทป,old,0,4,2
uuid-2569-2099,2569,2026-04,33.33333333333333,48.484848484848484,-27.777777777777786,18.75,0.0,68.15,2,0,0,2,0.0,ม.2,สด,new,0,4,2
uuid-2569-2101,2569,2026-04,100.0,93.75,12.5,37.5,100.0,71.4,4,0,7,2,0.0,ม.3,สด,new,0,2,2
uuid-2569-2102,2569,2026-04,77.77777777777779,72.22222222222221,11.111111111111128,50.0,50.0,73.25,2,0,0,2,1.0,ม.1,เทป,old,0,2,2
uuid-2569-2103,2569,2026-04,73.68421052631578,72.22222222222221,3.0959752321981284,56.25,75.0,81.3,9,0,2,2,0.0,ม.3,สด,new,0,4,2
uuid-2569-2104,2569,2026-04,81.25,69.6969696969697,22.42647058823529,56.25,25.0,72.5625,4,0,2,2,0.0,ม.2,สด,old,0,4,2
uuid-2569-2106,2569,2026-04,50.0,58.333333333333336,-18.75,43.75,50.0,77.34,2,0,3,2,0.0,ม.2,เทป,new,0,4,2
uuid-2569-2108,2569,2026-04,66.66666666666666,66.66666666666666,0.0,62.5,75.0,84.62500000000001,5,0,2,2,0.0,ม.2,เทป,new,0,4,2
uuid-2569-2109,2569,2026-04,70.58823529411765,79.41176470588235,-17.647058823529406,56.25,75.0,85.34545454545456,6,0,3,2,0.0,ม.2,เทป,new,0,4,2
uuid-2569-2110,2569,2026-04,100.0,96.96969696969697,6.25,68.75,100.0,88.72666666666667,10,0,9,2,0.0,ม.3,สด,new,0,4,2
uuid-2569-2111,2569,2026-04,41.17647058823529,58.82352941176471,-35.294117647058826,37.5,50.0,60.800000000000004,4,0,0,2,0.0,ม.2,สด,new,0,4,2
uuid-2569-2112,2569,2026-04,76.47058823529412,80.0,-6.862745098039227,56.25,75.0,82.81,8,0,2,2,0.0,ม.3,สด,new,0,4,2
uuid-2569-2113,2569,2026-04,63.63636363636363,76.0,-22.077922077922075,58.333333333333336,100.0,76.8,6,0,1,2,0.0,ม.2,เทป,new,0,3,2
uuid-2569-2114,2569,2026-04,50.0,61.111111111111114,-22.222222222222214,37.5,50.0,61.6,7,0,0,2,0.0,ม.2,สด,new,0,4,2
uuid-2569-2116,2569,2026-04,80.0,80.0,,43.75,0.0,81.45,6,0,4,2,0.0,ม.2,สด,old,1,4,1
uuid-2569-2117,2569,2026-04,100.0,100.0,,41.666666666666664,0.0,97.26,5,0,4,2,0.0,ม.2,สด,new,1,3,1
uuid-2569-2119,2569,2026-04,94.44444444444444,91.66666666666666,5.555555555555557,56.25,75.0,89.04444444444444,6,0,5,2,0.0,ม.2,สด,new,0,4,2
uuid-2569-2120,2569,2026-04,88.23529411764706,82.35294117647058,11.764705882352942,37.5,25.0,74.94285714285715,6,0,8,2,0.0,ม.3,สด,new,0,4,2
uuid-2569-2121,2569,2026-04,93.33333333333333,93.33333333333333,,43.75,0.0,89.35999999999999,5,0,4,2,0.0,ม.3,สด,new,1,4,1
uuid-2569-2122,2569,2026-04,94.11764705882352,82.85714285714286,21.895424836601308,62.5,75.0,83.34545454545454,9,0,0,2,0.0,ม.2,สด,old,0,4,2
uuid-2569-2123,2569,2026-04,88.88888888888889,86.11111111111111,5.555555555555543,75.0,25.0,85.9846153846154,9,0,9,2,0.0,ม.1,สด,new,0,4,2
uuid-2569-2124,2569,2026-04,72.22222222222221,77.14285714285715,-10.130718954248366,43.75,25.0,66.7625,5,0,3,2,0.0,ม.2,สด,new,0,4,2
uuid-2569-2125,2569,2026-04,83.33333333333334,79.41176470588235,8.333333333333343,56.25,50.0,69.88888888888889,6,0,5,2,0.0,ม.2,สด,old,0,4,2
uuid-2569-2126,2569,2026-04,25.0,20.0,9.210526315789474,18.75,50.0,59.48,3,0,0,2,0.0,ม.3,เทป,new,0,4,2
uuid-2569-2129,2569,2026-04,100.0,100.0,,41.666666666666664,0.0,89.0,4,0,4,2,0.0,ม.1,สด,new,1,3,1
uuid-2569-2130,2569,2026-04,87.5,87.5,,43.75,0.0,83.425,4,0,4,2,0.0,ม.2,สด,new,1,4,1
uuid-2569-2131,2569,2026-04,71.42857142857143,76.92307692307693,-11.904761904761912,50.0,100.0,65.1125,5,0,0,2,0.0,ม.3,สด,new,0,3,2
uuid-2569-2132,2569,2026-04,90.0,77.77777777777779,27.5,37.5,100.0,72.14,3,0,3,2,0.0,ม.1,สด,old,0,2,2
uuid-2569-2133,2569,2026-04,87.5,85.71428571428571,3.2894736842105345,56.25,100.0,88.33,7,0,9,2,0.0,ม.3,สด,new,0,4,2
uuid-2569-2134,2569,2026-04,20.0,27.77777777777778,-17.5,37.5,50.0,72.55,2,1,0,2,1.0,ม.2,สด,new,0,2,2
uuid-2569-2135,2569,2026-04,85.71428571428571,72.72727272727273,22.556390977443606,50.0,50.0,75.0875,6,0,0,2,0.0,ม.2,เทป,new,0,4,2
uuid-2569-2136,2569,2026-04,64.70588235294117,55.55555555555556,17.3374613003096,43.75,100.0,73.83000000000001,7,0,2,2,0.0,ม.3,เทป,new,0,4,2
uuid-2569-2137,2569,2026-04,100.0,100.0,0.0,75.0,75.0,86.27857142857142,8,0,9,2,0.0,ม.3,สด,new,0,4,2
uuid-2569-2138,2569,2026-04,78.94736842105263,66.66666666666666,26.00619195046439,50.0,100.0,80.54166666666667,7,0,0,2,1.0,ม.3,เทป,new,0,4,2
uuid-2569-2139,2569,2026-04,81.81818181818183,81.81818181818183,,33.333333333333336,0.0,63.75,2,0,1,2,0.0,ม.1,เทป,new,1,3,1
uuid-2569-2141,2569,2026-04,80.0,80.0,,43.75,0.0,77.38000000000001,5,0,1,2,0.0,ม.2,สด,new,1,4,1
uuid-2569-2144,2569,2026-04,80.0,80.0,,25.0,0.0,67.1,2,0,0,2,0.0,ม.3,สด,new,1,3,1
uuid-2569-2146,2569,2026-04,90.9090909090909,91.66666666666666,-1.3986013986014,41.666666666666664,100.0,82.625,5,0,2,2,0.0,ม.2,สด,new,0,3,2
uuid-2569-2148,2569,2026-04,73.33333333333333,73.33333333333333,,37.5,0.0,78.9,4,0,1,2,0.0,ม.3,เทป,old,1,4,1
uuid-2569-2149,2569,2026-04,62.5,64.70588235294117,-4.166666666666657,37.5,50.0,66.05,4,0,2,2,0.0,ม.3,สด,old,0,2,2
uuid-2569-2150,2569,2026-04,100.0,100.0,,43.75,0.0,88.88333333333334,6,0,4,2,0.0,ม.3,สด,new,1,4,1
uuid-2569-2001,2569,2026-05,75.0,84.61538461538461,-13.888888888888886,80.0,100.0,90.54166666666667,4,0,0,3,0.0,ม.2,สด,old,0,2,3
uuid-2569-2002,2569,2026-05,47.368421052631575,34.61538461538461,35.60371517027863,20.0,25.0,53.01666666666666,4,0,0,3,0.0,ม.3,สด,new,0,4,3
uuid-2569-2003,2569,2026-05,77.77777777777779,67.3076923076923,13.071895424836612,35.0,50.0,66.18181818181819,4,0,4,3,0.0,ม.2,สด,new,0,4,3
uuid-2569-2004,2569,2026-05,72.22222222222221,71.15384615384616,0.0,35.0,62.5,74.63333333333333,5,0,3,3,0.0,ม.2,สด,new,0,4,3
uuid-2569-2005,2569,2026-05,94.11764705882352,96.875,-5.882352941176478,60.0,50.0,89.4125,9,0,8,3,0.0,ม.3,เทป,new,1,4,2
uuid-2569-2006,2569,2026-05,72.22222222222221,59.61538461538461,7.51633986928104,55.0,50.0,75.14000000000001,6,0,1,3,0.0,ม.3,สด,new,0,4,3
uuid-2569-2007,2569,2026-05,84.61538461538461,87.5,-6.293706293706293,53.333333333333336,33.333333333333336,71.19,6,0,2,3,0.0,ม.3,สด,new,1,3,2
uuid-2569-2008,2569,2026-05,89.47368421052632,84.375,12.550607287449381,45.0,25.0,76.73636363636363,7,0,8,3,0.0,ม.2,สด,old,1,4,2
uuid-2569-2009,2569,2026-05,64.70588235294117,65.38461538461539,0.0,50.0,25.0,71.48333333333333,6,0,0,3,1.0,ม.3,เทป,new,0,4,3
uuid-2569-2010,2569,2026-05,94.44444444444444,96.15384615384616,-5.555555555555557,70.0,75.0,89.97,7,0,13,3,0.0,ม.2,สด,new,0,4,3
uuid-2569-2012,2569,2026-05,91.66666666666666,87.5,8.333333333333314,46.666666666666664,50.0,86.34,6,0,3,3,0.0,ม.3,สด,new,1,3,2
uuid-2569-2014,2569,2026-05,35.294117647058826,59.61538461538461,-42.48366013071896,40.0,62.5,66.59230769230768,5,1,0,3,0.0,ม.2,สด,old,0,4,3
uuid-2569-2016,2569,2026-05,76.47058823529412,63.46153846153846,23.8390092879257,60.0,87.5,82.1421052631579,8,0,0,3,0.0,ม.3,สด,new,0,4,3
uuid-2569-2020,2569,2026-05,88.23529411764706,90.38461538461539,-5.882352941176464,75.0,87.5,80.66818181818182,7,0,13,3,0.0,ม.2,สด,new,0,4,3
uuid-2569-2021,2569,2026-05,66.66666666666666,69.23076923076923,-5.555555555555557,60.0,50.0,78.86875,8,0,0,3,0.0,ม.2,สด,new,0,4,3
uuid-2569-2023,2569,2026-05,72.22222222222221,59.61538461538461,13.398692810457504,75.0,75.0,73.77619047619048,7,0,4,3,0.0,ม.3,สด,new,0,4,3
uuid-2569-2024,2569,2026-05,88.88888888888889,84.61538461538461,-11.111111111111114,40.0,50.0,78.36666666666667,1,0,2,3,0.0,ม.3,สด,new,0,2,3
uuid-2569-2026,2569,2026-05,93.75,96.15384615384616,-1.25,55.0,87.5,85.75555555555555,11,0,13,3,0.0,ม.3,สด,new,0,4,3
uuid-2569-2029,2569,2026-05,88.88888888888889,73.07692307692307,26.388888888888886,70.0,50.0,81.24444444444445,3,0,0,3,0.0,ม.2,สด,new,0,2,3
uuid-2569-2030,2569,2026-05,100.0,100.0,0.0,35.0,50.0,84.35454545454546,8,0,8,3,0.0,ม.3,สด,new,1,4,2
uuid-2569-2031,2569,2026-05,77.77777777777779,78.84615384615384,-3.4722222222222143,55.0,87.5,87.38333333333334,7,0,4,3,0.0,ม.2,เทป,new,0,4,3
uuid-2569-2032,2569,2026-05,84.61538461538461,79.16666666666666,11.88811188811188,60.0,50.0,79.76666666666667,7,0,0,3,0.0,ม.3,สด,new,1,3,2
uuid-2569-2033,2569,2026-05,87.5,84.61538461538461,7.5,60.0,50.0,84.35,3,0,1,3,0.0,ม.2,เทป,new,0,2,3
uuid-2569-2034,2569,2026-05,70.58823529411765,78.125,-16.07843137254902,55.0,25.0,84.01538461538462,8,0,0,3,0.0,ม.3,เทป,new,1,4,2
uuid-2569-2035,2569,2026-05,75.0,83.33333333333334,-16.666666666666657,53.333333333333336,50.0,77.54545454545455,7,0,0,3,0.0,ม.3,สด,old,1,3,2
uuid-2569-2036,2569,2026-05,100.0,100.0,0.0,60.0,75.0,80.53333333333333,3,0,13,3,0.0,ม.2,สด,new,0,2,3
uuid-2569-2037,2569,2026-05,94.11764705882352,94.23076923076923,-0.326797385620921,70.0,62.5,89.55263157894736,5,0,13,3,0.0,ม.2,สด,new,0,4,3
uuid-2569-2038,2569,2026-05,92.3076923076923,92.3076923076923,8.974358974358964,53.333333333333336,83.33333333333333,80.19999999999999,6,0,0,3,0.0,ม.1,สด,new,0,3,3
uuid-2569-2041,2569,2026-05,61.111111111111114,65.38461538461539,-13.888888888888886,55.0,75.0,75.10588235294118,6,0,2,3,0.0,ม.2,สด,old,0,4,3
uuid-2569-2042,2569,2026-05,88.23529411764706,75.0,28.235294117647058,35.0,37.5,80.14,7,0,7,3,0.0,ม.2,สด,old,1,4,2
uuid-2569-2043,2569,2026-05,81.25,78.125,6.25,45.0,25.0,69.9090909090909,8,0,1,3,1.0,ม.3,สด,old,1,4,2
uuid-2569-2044,2569,2026-05,72.22222222222221,69.23076923076923,-5.555555555555571,45.0,50.0,72.5923076923077,6,0,0,3,0.0,ม.3,สด,old,0,4,3
uuid-2569-2045,2569,2026-05,88.88888888888889,93.75,-11.111111111111114,50.0,25.0,80.96666666666667,4,0,3,3,0.0,ม.1,สด,new,1,4,2
uuid-2569-2046,2569,2026-05,68.75,65.625,6.25,45.0,37.5,77.64166666666667,6,0,0,3,1.0,ม.3,เทป,old,1,4,2
uuid-2569-2047,2569,2026-05,100.0,96.15384615384616,5.555555555555557,75.0,87.5,87.97272727272727,8,0,13,3,0.0,ม.2,สด,new,0,4,3
uuid-2569-2048,2569,2026-05,100.0,98.07692307692307,0.0,60.0,100.0,87.91,10,0,13,3,0.0,ม.2,สด,new,0,4,3
uuid-2569-2050,2569,2026-05,76.47058823529412,84.375,-16.862745098039213,50.0,37.5,75.31538461538463,7,0,0,3,0.0,ม.2,สด,old,1,4,2
uuid-2569-2051,2569,2026-05,75.0,75.0,,15.0,25.0,89.38,5,0,4,3,0.0,ม.3,สด,old,2,4,1
uuid-2569-2053,2569,2026-05,83.33333333333334,80.76923076923077,5.555555555555557,70.0,75.0,82.77499999999999,8,0,10,3,0.0,ม.3,สด,old,0,4,3
uuid-2569-2054,2569,2026-05,47.05882352941176,34.61538461538461,35.29411764705882,20.0,50.0,64.6625,3,0,0,3,0.0,ม.2,สด,new,0,4,3
uuid-2569-2055,2569,2026-05,94.44444444444444,94.23076923076923,-5.555555555555557,70.0,75.0,83.735,9,0,13,3,1.0,ม.2,สด,new,0,4,3
uuid-2569-2057,2569,2026-05,56.25,56.25,,10.0,25.0,68.65,4,0,0,3,1.0,ม.3,สด,new,2,4,1
uuid-2569-2058,2569,2026-05,43.75,50.0,-12.5,30.0,0.0,64.01666666666667,3,1,0,3,1.0,ม.1,สด,new,1,4,2
uuid-2569-2059,2569,2026-05,100.0,92.3076923076923,25.0,80.0,75.0,88.13636363636364,4,0,4,3,0.0,ม.2,สด,old,0,2,3
uuid-2569-2060,2569,2026-05,84.21052631578947,88.46153846153845,-9.122807017543863,75.0,87.5,88.13636363636364,9,0,12,3,0.0,ม.2,เทป,new,0,4,3
uuid-2569-2062,2569,2026-05,92.3076923076923,97.43589743589743,-7.692307692307693,73.33333333333333,66.66666666666667,89.04666666666665,7,0,3,3,0.0,ม.3,สด,old,0,3,3
uuid-2569-2063,2569,2026-05,61.111111111111114,57.692307692307686,17.361111111111114,20.0,62.5,78.11111111111111,6,0,2,3,0.0,ม.3,เทป,new,0,4,3
uuid-2569-2064,2569,2026-05,61.111111111111114,68.75,-17.460317460317455,45.0,12.5,75.26,4,0,1,3,0.0,ม.2,สด,old,1,4,2
uuid-2569-2065,2569,2026-05,100.0,97.43589743589743,0.0,60.0,66.66666666666667,87.80000000000001,4,0,11,3,0.0,ม.1,เทป,new,0,3,3
uuid-2569-2066,2569,2026-05,62.5,62.5,,5.0,37.5,71.025,4,0,1,3,0.0,ม.1,เทป,old,2,4,1
uuid-2569-2067,2569,2026-05,100.0,97.43589743589743,0.0,73.33333333333333,66.66666666666667,88.40666666666665,6,0,11,3,0.0,ม.3,สด,new,0,3,3
uuid-2569-2068,2569,2026-05,50.0,55.769230769230774,-11.111111111111114,50.0,100.0,71.92222222222223,7,0,0,3,0.0,ม.3,สด,new,0,4,3
uuid-2569-2069,2569,2026-05,100.0,100.0,,10.0,25.0,67.3,2,0,4,3,0.0,ม.1,สด,new,2,2,1
uuid-2569-2070,2569,2026-05,64.70588235294117,63.46153846153846,-1.9607843137254832,50.0,50.0,78.97142857142856,6,0,2,3,0.0,ม.3,สด,new,0,4,3
uuid-2569-2072,2569,2026-05,87.5,80.76923076923077,9.722222222222214,60.0,75.0,84.76666666666667,3,0,2,3,0.0,ม.2,สด,new,0,2,3
uuid-2569-2073,2569,2026-05,88.23529411764706,75.0,28.235294117647058,50.0,37.5,77.08461538461539,8,0,4,3,1.0,ม.2,สด,new,1,4,2
uuid-2569-2074,2569,2026-05,87.5,96.15384615384616,-12.5,70.0,75.0,75.14,4,0,1,3,0.0,ม.3,สด,new,0,2,3
uuid-2569-2075,2569,2026-05,81.25,82.6923076923077,1.25,60.0,75.0,83.02222222222223,5,0,3,3,0.0,ม.2,สด,new,0,4,3
uuid-2569-2076,2569,2026-05,64.70588235294117,67.3076923076923,3.5947712418300597,55.0,50.0,74.16666666666667,7,0,1,3,0.0,ม.3,สด,new,0,4,3
uuid-2569-2077,2569,2026-05,100.0,100.0,0.0,80.0,100.0,88.93333333333334,12,0,13,3,0.0,ม.3,สด,new,0,4,3
uuid-2569-2078,2569,2026-05,64.70588235294117,73.07692307692307,-18.62745098039217,50.0,25.0,70.87500000000001,2,0,0,3,0.0,ม.3,สด,new,0,4,3
uuid-2569-2079,2569,2026-05,81.25,92.3076923076923,-18.75,60.0,100.0,87.17500000000001,9,0,13,3,0.0,ม.1,สด,new,0,4,3
uuid-2569-2080,2569,2026-05,93.75,84.61538461538461,18.75,60.0,75.0,89.65,5,0,5,3,0.0,ม.2,สด,new,0,4,3
uuid-2569-2081,2569,2026-05,88.23529411764706,88.46153846153845,-11.764705882352942,60.0,75.0,81.01666666666667,8,0,10,3,0.0,ม.3,สด,new,0,4,3
uuid-2569-2082,2569,2026-05,80.0,76.92307692307693,-7.5,40.0,100.0,65.45,3,0,0,3,0.0,ม.3,สด,new,0,2,3
uuid-2569-2083,2569,2026-05,44.44444444444444,51.92307692307693,-11.111111111111114,30.0,25.0,78.2875,3,0,0,3,1.0,ม.3,เทป,new,0,4,3
uuid-2569-2084,2569,2026-05,94.73684210526315,96.15384615384616,-5.26315789473685,65.0,100.0,86.04761904761905,9,0,13,3,0.0,ม.2,สด,old,0,4,3
uuid-2569-2085,2569,2026-05,77.77777777777779,80.76923076923077,-4.575163398692794,60.0,75.0,78.21666666666668,8,0,13,3,0.0,ม.2,สด,new,0,4,3
uuid-2569-2086,2569,2026-05,88.23529411764706,82.6923076923077,4.0247678018575925,70.0,87.5,79.69047619047619,9,0,5,3,0.0,ม.2,เทป,new,0,4,3
uuid-2569-2089,2569,2026-05,50.0,65.38461538461539,12.5,40.0,50.0,62.26666666666667,3,1,0,3,0.0,ม.1,สด,new,0,2,3
uuid-2569-2090,2569,2026-05,73.68421052631578,73.07692307692307,-8.6687306501548,40.0,87.5,76.22666666666666,7,0,0,3,0.0,ม.3,สด,new,0,4,3
uuid-2569-2092,2569,2026-05,84.21052631578947,84.375,-0.40485829959514774,45.0,37.5,79.93333333333332,8,0,8,3,0.0,ม.3,สด,new,1,4,2
uuid-2569-2093,2569,2026-05,46.15384615384615,53.84615384615385,-20.512820512820504,46.666666666666664,33.333333333333336,73.4888888888889,3,0,0,3,0.0,ม.1,สด,new,0,3,3
uuid-2569-2094,2569,2026-05,100.0,96.875,6.666666666666671,50.0,37.5,78.41538461538462,9,0,8,3,0.0,ม.2,สด,new,1,4,2
uuid-2569-2095,2569,2026-05,88.88888888888889,92.3076923076923,-11.111111111111114,80.0,75.0,88.86363636363636,5,0,1,3,0.0,ม.2,เทป,old,0,2,3
uuid-2569-2096,2569,2026-05,66.66666666666666,73.07692307692307,-8.333333333333343,50.0,75.0,81.88749999999999,6,0,1,3,0.0,ม.2,สด,new,0,2,3
uuid-2569-2097,2569,2026-05,100.0,66.66666666666666,58.33333333333333,46.666666666666664,50.0,74.50000000000001,4,0,4,3,0.0,ม.3,สด,new,0,3,3
uuid-2569-2098,2569,2026-05,58.82352941176471,76.92307692307693,-35.62091503267973,50.0,62.5,76.87333333333332,4,0,0,3,1.0,ม.1,เทป,old,0,4,3
uuid-2569-2099,2569,2026-05,36.84210526315789,44.230769230769226,3.5087719298245617,30.0,12.5,61.714285714285715,5,1,1,3,0.0,ม.2,สด,new,0,4,3
uuid-2569-2100,2569,2026-05,81.25,81.25,,15.0,37.5,70.83333333333333,6,0,4,3,0.0,ม.3,สด,old,2,4,1
uuid-2569-2101,2569,2026-05,40.0,73.07692307692307,-60.0,30.0,50.0,72.12,1,2,0,3,1.0,ม.3,สด,new,0,2,3
uuid-2569-2103,2569,2026-05,87.5,76.92307692307693,13.81578947368422,60.0,87.5,81.23684210526316,7,0,6,3,0.0,ม.3,สด,new,0,4,3
uuid-2569-2104,2569,2026-05,63.1578947368421,67.3076923076923,-18.092105263157897,65.0,62.5,74.8,10,0,0,3,0.0,ม.2,สด,old,0,4,3
uuid-2569-2106,2569,2026-05,75.0,63.46153846153846,25.0,40.0,50.0,76.65833333333333,7,0,1,3,0.0,ม.2,เทป,new,0,4,3
uuid-2569-2107,2569,2026-05,75.0,75.0,,20.0,0.0,79.675,4,0,2,3,0.0,ม.2,เทป,new,2,4,1
uuid-2569-2108,2569,2026-05,43.75,59.61538461538461,-22.916666666666657,60.0,62.5,84.68235294117646,5,1,0,3,0.0,ม.2,เทป,new,0,4,3
uuid-2569-2109,2569,2026-05,66.66666666666666,75.0,-3.921568627450995,65.0,62.5,83.65,7,0,0,3,0.0,ม.2,เทป,new,0,4,3
uuid-2569-2110,2569,2026-05,100.0,98.07692307692307,0.0,70.0,87.5,89.76190476190476,6,0,13,3,0.0,ม.3,สด,new,0,4,3
uuid-2569-2111,2569,2026-05,50.0,55.769230769230774,8.82352941176471,45.0,50.0,59.8,6,0,0,3,0.0,ม.2,สด,new,0,4,3
uuid-2569-2112,2569,2026-05,82.35294117647058,80.76923076923077,5.882352941176464,65.0,87.5,80.60999999999999,10,0,1,3,0.0,ม.3,สด,new,0,4,3
uuid-2569-2113,2569,2026-05,64.28571428571429,71.7948717948718,0.6493506493506587,60.0,66.66666666666667,79.18461538461537,3,1,1,3,0.0,ม.2,เทป,new,0,3,3
uuid-2569-2114,2569,2026-05,56.25,59.61538461538461,6.25,40.0,37.5,63.554545454545455,3,0,0,3,0.0,ม.2,สด,new,0,4,3
uuid-2569-2116,2569,2026-05,100.0,90.625,20.0,55.0,50.0,86.85999999999999,9,0,8,3,0.0,ม.2,สด,old,1,4,2
uuid-2569-2117,2569,2026-05,100.0,100.0,0.0,53.333333333333336,50.0,92.23636363636363,6,0,8,3,0.0,ม.2,สด,new,1,3,2
uuid-2569-2119,2569,2026-05,100.0,94.23076923076923,5.555555555555557,55.0,62.5,89.60624999999999,7,0,9,3,0.0,ม.2,สด,new,0,4,3
uuid-2569-2120,2569,2026-05,72.22222222222221,78.84615384615384,-16.013071895424844,45.0,50.0,82.24615384615385,6,0,3,3,0.0,ม.3,สด,new,0,4,3
uuid-2569-2121,2569,2026-05,100.0,96.875,6.666666666666671,55.0,25.0,88.00769230769232,8,0,8,3,0.0,ม.3,สด,new,1,4,2
uuid-2569-2122,2569,2026-05,88.23529411764706,84.61538461538461,-5.882352941176464,55.0,87.5,84.68333333333334,7,0,4,3,0.0,ม.2,สด,old,0,4,3
uuid-2569-2123,2569,2026-05,100.0,90.38461538461539,11.111111111111114,75.0,50.0,85.9421052631579,6,0,13,3,0.0,ม.1,สด,new,0,4,3
uuid-2569-2124,2569,2026-05,82.35294117647058,78.84615384615384,10.130718954248366,50.0,50.0,65.49285714285715,6,0,3,3,0.0,ม.2,สด,new,0,4,3
uuid-2569-2125,2569,2026-05,61.111111111111114,73.07692307692307,-22.22222222222223,60.0,75.0,66.17777777777778,9,0,0,3,0.0,ม.2,สด,old,0,4,3
uuid-2569-2126,2569,2026-05,41.17647058823529,26.923076923076923,16.17647058823529,30.0,25.0,57.662499999999994,3,0,0,3,0.0,ม.3,เทป,new,0,4,3
uuid-2569-2128,2569,2026-05,66.66666666666666,66.66666666666666,,6.666666666666667,33.333333333333336,74.89999999999999,3,0,1,3,1.0,ม.3,สด,new,2,3,1
uuid-2569-2129,2569,2026-05,92.85714285714286,95.83333333333334,-7.142857142857139,53.333333333333336,50.0,88.31818181818181,7,0,2,3,0.0,ม.1,สด,new,1,3,2
uuid-2569-2130,2569,2026-05,87.5,87.5,0.0,55.0,50.0,83.56666666666666,11,0,8,3,0.0,ม.2,สด,new,1,4,2
uuid-2569-2131,2569,2026-05,61.53846153846154,71.7948717948718,-9.89010989010989,60.0,83.33333333333333,67.75714285714285,6,0,0,3,0.0,ม.3,สด,new,0,3,3
uuid-2569-2132,2569,2026-05,75.0,76.92307692307693,-15.0,40.0,100.0,74.3,3,0,0,3,0.0,ม.1,สด,old,0,2,3
uuid-2569-2133,2569,2026-05,82.35294117647058,84.61538461538461,-5.14705882352942,65.0,100.0,85.04761904761905,11,0,13,3,0.0,ม.3,สด,new,0,4,3
uuid-2569-2135,2569,2026-05,63.1578947368421,69.23076923076923,-22.556390977443606,50.0,62.5,77.64666666666666,7,0,1,3,0.0,ม.2,เทป,new,0,4,3
uuid-2569-2136,2569,2026-05,87.5,65.38461538461539,22.794117647058826,40.0,100.0,74.71875,6,0,6,3,0.0,ม.3,เทป,new,0,4,3
uuid-2569-2137,2569,2026-05,100.0,100.0,0.0,80.0,87.5,86.43478260869566,9,0,13,3,0.0,ม.3,สด,new,0,4,3
uuid-2569-2139,2569,2026-05,46.15384615384615,62.5,-35.664335664335674,40.0,0.0,68.13333333333334,4,0,0,3,0.0,ม.1,เทป,new,1,3,2
uuid-2569-2141,2569,2026-05,70.58823529411765,75.0,-9.411764705882348,55.0,25.0,74.74615384615385,8,0,0,3,0.0,ม.2,สด,new,1,4,2
uuid-2569-2144,2569,2026-05,71.42857142857143,75.0,-8.57142857142857,33.333333333333336,33.333333333333336,71.02857142857142,5,0,0,3,0.0,ม.3,สด,new,1,3,2
uuid-2569-2146,2569,2026-05,93.33333333333333,92.3076923076923,2.424242424242422,53.333333333333336,100.0,83.03571428571429,6,0,3,3,0.0,ม.2,สด,new,0,3,3
uuid-2569-2147,2569,2026-05,62.5,62.5,,10.0,0.0,80.1,2,0,1,3,0.0,ม.2,เทป,new,2,4,1
uuid-2569-2148,2569,2026-05,76.47058823529412,75.0,3.1372549019607874,45.0,50.0,81.24615384615385,9,0,0,3,0.0,ม.3,เทป,old,1,4,2
uuid-2569-2149,2569,2026-05,77.77777777777779,69.23076923076923,15.277777777777786,50.0,75.0,66.13749999999999,4,0,1,3,0.0,ม.3,สด,old,0,2,3
uuid-2569-2150,2569,2026-05,94.73684210526315,96.875,-5.26315789473685,50.0,37.5,86.3076923076923,7,0,8,3,0.0,ม.3,สด,new,1,4,2
uuid-2569-2001,2569,2026-06,87.5,85.29411764705883,12.5,85.71428571428571,100.0,88.2235294117647,5,0,0,4,0.0,ม.2,สด,old,0,2,4
uuid-2569-2002,2569,2026-06,26.31578947368421,32.3943661971831,-21.052631578947366,25.0,41.666666666666664,55.46,4,0,0,4,1.0,ม.3,สด,new,0,4,4
uuid-2569-2003,2569,2026-06,64.70588235294117,66.66666666666666,-13.071895424836612,39.285714285714285,66.66666666666667,67.51176470588236,6,0,1,4,0.0,ม.2,สด,new,0,4,4
uuid-2569-2004,2569,2026-06,68.75,70.58823529411765,-3.4722222222222143,50.0,66.66666666666667,77.025,8,0,0,4,0.0,ม.2,สด,new,0,4,4
uuid-2569-2005,2569,2026-06,100.0,97.95918367346938,5.882352941176478,67.85714285714286,58.333333333333336,86.30869565217391,7,0,13,4,0.0,ม.3,เทป,new,1,4,3
uuid-2569-2006,2569,2026-06,52.94117647058824,57.971014492753625,-19.281045751633975,57.142857142857146,66.66666666666667,73.33181818181819,7,0,1,4,0.0,ม.3,สด,new,0,4,4
uuid-2569-2007,2569,2026-06,78.57142857142857,84.21052631578947,-6.043956043956044,52.38095238095238,33.333333333333336,77.47857142857141,4,0,0,4,0.0,ม.3,สด,new,1,3,3
uuid-2569-2008,2569,2026-06,94.44444444444444,88.0,4.970760233918128,60.714285714285715,50.0,75.67619047619048,10,0,0,4,0.0,ม.2,สด,old,1,4,3
uuid-2569-2010,2569,2026-06,100.0,97.14285714285714,5.555555555555557,67.85714285714286,83.33333333333333,90.8148148148148,7,0,18,4,0.0,ม.2,สด,new,0,4,4
uuid-2569-2012,2569,2026-06,92.3076923076923,89.1891891891892,0.6410256410256494,57.142857142857146,66.66666666666667,85.3625,6,0,4,4,0.0,ม.3,สด,new,1,3,3
uuid-2569-2014,2569,2026-06,56.25,58.82352941176471,20.955882352941174,39.285714285714285,66.66666666666667,67.36470588235295,4,0,2,4,0.0,ม.2,สด,old,0,4,4
uuid-2569-2016,2569,2026-06,70.58823529411765,65.21739130434783,-5.882352941176464,53.57142857142857,83.33333333333333,82.9375,5,0,1,4,0.0,ม.3,สด,new,0,4,4
uuid-2569-2020,2569,2026-06,83.33333333333334,88.57142857142857,-4.901960784313715,78.57142857142857,83.33333333333333,82.35333333333334,8,0,1,4,0.0,ม.2,สด,new,0,4,4
uuid-2569-2021,2569,2026-06,61.111111111111114,67.14285714285714,-5.555555555555543,60.714285714285715,41.666666666666664,78.39500000000001,4,0,2,4,0.0,ม.2,สด,new,0,4,4
uuid-2569-2023,2569,2026-06,37.5,54.41176470588235,-34.722222222222214,78.57142857142857,83.33333333333333,74.5655172413793,8,0,1,4,0.0,ม.3,สด,new,0,4,4
uuid-2569-2024,2569,2026-06,88.88888888888889,85.71428571428571,0.0,50.0,50.0,81.74444444444445,3,0,0,4,0.0,ม.3,สด,new,0,2,4
uuid-2569-2026,2569,2026-06,90.0,94.44444444444444,-3.75,67.85714285714286,91.66666666666669,86.48888888888888,9,0,18,4,0.0,ม.3,สด,new,0,4,4
uuid-2569-2027,2569,2026-06,68.75,68.75,,17.857142857142858,25.0,76.99999999999999,7,0,3,4,0.0,ม.2,เทป,old,3,4,1
uuid-2569-2029,2569,2026-06,44.44444444444444,65.71428571428571,-44.44444444444444,64.28571428571429,66.66666666666667,78.10000000000001,4,1,0,4,0.0,ม.2,สด,new,0,2,4
uuid-2569-2030,2569,2026-06,88.23529411764706,95.91836734693877,-11.764705882352942,53.57142857142857,66.66666666666667,85.58181818181818,11,0,2,4,0.0,ม.3,สด,new,1,4,3
uuid-2569-2031,2569,2026-06,94.11764705882352,82.6086956521739,16.339869281045736,57.142857142857146,83.33333333333333,87.52500000000002,6,0,0,4,0.0,ม.2,เทป,new,0,4,4
uuid-2569-2032,2569,2026-06,91.66666666666666,83.33333333333334,7.051282051282044,61.904761904761905,66.66666666666667,80.45882352941176,5,0,0,4,0.0,ม.3,สด,new,1,3,3
uuid-2569-2033,2569,2026-06,100.0,88.23529411764706,12.5,64.28571428571429,50.0,85.80909090909091,3,0,0,4,0.0,ม.2,เทป,new,0,2,4
uuid-2569-2034,2569,2026-06,76.47058823529412,77.55102040816327,5.882352941176464,60.714285714285715,33.333333333333336,84.01499999999999,7,0,1,4,0.0,ม.3,เทป,new,1,4,3
uuid-2569-2035,2569,2026-06,92.3076923076923,86.48648648648648,17.307692307692307,57.142857142857146,55.55555555555556,74.52,4,0,3,4,0.0,ม.3,สด,old,1,3,3
uuid-2569-2036,2569,2026-06,88.88888888888889,97.14285714285714,-11.111111111111114,71.42857142857143,66.66666666666667,81.54615384615384,4,0,1,4,0.0,ม.2,สด,new,0,2,4
uuid-2569-2037,2569,2026-06,88.23529411764706,92.7536231884058,-5.882352941176464,78.57142857142857,75.0,89.72068965517238,10,0,3,4,0.0,ม.2,สด,new,0,4,4
uuid-2569-2038,2569,2026-06,92.85714285714286,92.45283018867924,0.5494505494505546,57.142857142857146,77.77777777777777,80.32941176470588,4,0,4,4,0.0,ม.1,สด,new,0,3,4
uuid-2569-2040,2569,2026-06,82.35294117647058,82.35294117647058,,14.285714285714286,25.0,82.46000000000001,5,0,5,4,0.0,ม.2,สด,new,3,4,1
uuid-2569-2041,2569,2026-06,62.5,64.70588235294117,1.3888888888888857,50.0,66.66666666666667,74.28999999999999,3,0,2,4,0.0,ม.2,สด,old,0,4,4
uuid-2569-2042,2569,2026-06,63.1578947368421,70.58823529411765,-25.077399380804955,42.857142857142854,58.333333333333336,77.25000000000001,6,0,0,4,0.0,ม.2,สด,old,1,4,3
uuid-2569-2044,2569,2026-06,72.22222222222221,70.0,0.0,57.142857142857146,58.333333333333336,74.85000000000001,9,0,1,4,0.0,ม.3,สด,old,0,4,4
uuid-2569-2045,2569,2026-06,70.58823529411765,85.71428571428571,-18.300653594771234,57.142857142857146,33.333333333333336,80.03529411764706,5,0,2,4,0.0,ม.1,สด,new,1,4,3
uuid-2569-2047,2569,2026-06,94.44444444444444,95.71428571428572,-5.555555555555557,78.57142857142857,83.33333333333333,88.65161290322581,9,0,18,4,0.0,ม.2,สด,new,0,4,4
uuid-2569-2048,2569,2026-06,100.0,98.52941176470588,0.0,71.42857142857143,91.66666666666669,87.42857142857144,8,0,18,4,0.0,ม.2,สด,new,0,4,4
uuid-2569-2050,2569,2026-06,70.58823529411765,79.59183673469387,-5.882352941176464,46.42857142857143,50.0,75.38333333333334,5,0,0,4,0.0,ม.2,สด,old,1,4,3
uuid-2569-2051,2569,2026-06,72.22222222222221,73.52941176470588,-2.7777777777777857,32.142857142857146,41.666666666666664,85.43076923076923,8,0,2,4,0.0,ม.3,สด,old,2,4,2
uuid-2569-2053,2569,2026-06,81.25,80.88235294117648,-2.083333333333343,67.85714285714286,83.33333333333333,79.07037037037036,7,0,1,4,0.0,ม.3,สด,old,0,4,4
uuid-2569-2054,2569,2026-06,72.22222222222221,44.285714285714285,25.163398692810453,28.571428571428573,33.333333333333336,65.39090909090909,3,0,0,4,0.0,ม.2,สด,new,0,4,4
uuid-2569-2056,2569,2026-06,68.75,68.75,,21.428571428571427,33.333333333333336,67.4875,8,0,0,4,0.0,ม.2,สด,new,3,4,1
uuid-2569-2059,2569,2026-06,75.0,88.23529411764706,-25.0,71.42857142857143,83.33333333333333,89.42857142857143,3,0,3,4,0.0,ม.2,สด,old,0,2,4
uuid-2569-2060,2569,2026-06,87.5,88.23529411764706,3.2894736842105345,75.0,83.33333333333333,87.61333333333333,8,0,17,4,0.0,ม.2,เทป,new,0,4,4
uuid-2569-2062,2569,2026-06,91.66666666666666,96.07843137254902,-0.6410256410256494,80.95238095238095,66.66666666666667,89.80499999999999,5,0,1,4,0.0,ม.3,สด,old,0,3,4
uuid-2569-2063,2569,2026-06,44.44444444444444,54.285714285714285,-16.66666666666667,25.0,50.0,76.95833333333333,3,0,0,4,0.0,ม.3,เทป,new,0,4,4
uuid-2569-2064,2569,2026-06,70.58823529411765,69.38775510204081,9.477124183006538,46.42857142857143,33.333333333333336,71.39375000000001,6,0,1,4,0.0,ม.2,สด,old,1,4,3
uuid-2569-2065,2569,2026-06,100.0,98.11320754716981,0.0,66.66666666666667,77.77777777777777,85.64736842105265,6,0,16,4,0.0,ม.1,เทป,new,0,3,4
uuid-2569-2066,2569,2026-06,61.111111111111114,61.76470588235294,-1.3888888888888857,14.285714285714286,58.333333333333336,69.56666666666666,5,0,0,4,0.0,ม.1,เทป,old,2,4,2
uuid-2569-2067,2569,2026-06,92.3076923076923,96.15384615384616,-7.692307692307693,76.19047619047619,77.77777777777777,87.64761904761906,6,0,1,4,0.0,ม.3,สด,new,0,3,4
uuid-2569-2068,2569,2026-06,76.47058823529412,60.86956521739131,26.470588235294116,53.57142857142857,91.66666666666669,72.868,7,0,0,4,0.0,ม.3,สด,new,0,4,4
uuid-2569-2069,2569,2026-06,87.5,93.75,-12.5,35.714285714285715,33.333333333333336,66.6,3,0,1,4,1.0,ม.1,สด,new,2,2,2
uuid-2569-2070,2569,2026-06,52.94117647058824,60.86956521739131,-11.764705882352935,60.714285714285715,50.0,75.85499999999999,6,0,1,4,0.0,ม.3,สด,new,0,4,4
uuid-2569-2072,2569,2026-06,55.55555555555556,74.28571428571429,-31.944444444444443,57.142857142857146,83.33333333333333,79.04615384615386,4,0,0,4,0.0,ม.2,สด,new,0,2,4
uuid-2569-2074,2569,2026-06,100.0,97.05882352941177,12.5,78.57142857142857,66.66666666666667,77.77692307692308,3,0,6,4,0.0,ม.3,สด,new,0,2,4
uuid-2569-2075,2569,2026-06,77.77777777777779,81.42857142857143,-3.4722222222222143,64.28571428571429,75.0,82.53333333333335,6,0,1,4,0.0,ม.2,สด,new,0,4,4
uuid-2569-2076,2569,2026-06,70.58823529411765,68.11594202898551,5.882352941176478,57.142857142857146,58.333333333333336,72.31500000000001,5,0,1,4,0.0,ม.3,สด,new,0,4,4
uuid-2569-2077,2569,2026-06,100.0,100.0,0.0,82.14285714285714,100.0,89.63125,8,0,18,4,0.0,ม.3,สด,new,0,4,4
uuid-2569-2078,2569,2026-06,52.63157894736842,67.6056338028169,-12.074303405572756,57.142857142857146,41.666666666666664,70.21176470588236,5,0,0,4,0.0,ม.3,สด,new,0,4,4
uuid-2569-2079,2569,2026-06,100.0,94.20289855072464,18.75,60.714285714285715,91.66666666666669,87.8076923076923,6,0,18,4,0.0,ม.1,สด,new,0,4,4
uuid-2569-2080,2569,2026-06,94.44444444444444,87.14285714285714,0.6944444444444429,67.85714285714286,75.0,89.18148148148147,9,0,10,4,0.0,ม.2,สด,new,0,4,4
uuid-2569-2081,2569,2026-06,89.47368421052632,88.73239436619718,1.238390092879257,57.142857142857146,75.0,80.2,6,0,2,4,0.0,ม.3,สด,new,0,4,4
uuid-2569-2082,2569,2026-06,50.0,70.58823529411765,-30.0,50.0,83.33333333333333,70.35833333333333,4,1,0,4,0.0,ม.3,สด,new,0,2,4
uuid-2569-2084,2569,2026-06,100.0,97.1830985915493,5.26315789473685,71.42857142857143,100.0,87.6,10,0,18,4,0.0,ม.2,สด,old,0,4,4
uuid-2569-2085,2569,2026-06,75.0,79.41176470588235,-2.7777777777777857,57.142857142857146,66.66666666666667,76.44583333333334,6,0,0,4,0.0,ม.2,สด,new,0,4,4
uuid-2569-2086,2569,2026-06,88.88888888888889,84.28571428571429,0.6535947712418277,67.85714285714286,83.33333333333333,80.88148148148149,6,0,10,4,0.0,ม.2,เทป,new,0,4,4
uuid-2569-2089,2569,2026-06,60.0,63.888888888888886,10.0,50.0,66.66666666666667,65.19,4,0,1,4,0.0,ม.1,สด,new,0,2,4
uuid-2569-2090,2569,2026-06,62.5,70.58823529411765,-11.18421052631578,50.0,75.0,75.56086956521737,8,0,0,4,0.0,ม.3,สด,new,0,4,4
uuid-2569-2092,2569,2026-06,82.35294117647058,83.6734693877551,-1.8575851393188856,46.42857142857143,58.333333333333336,80.06842105263158,7,0,13,4,1.0,ม.3,สด,new,1,4,3
uuid-2569-2093,2569,2026-06,38.46153846153847,50.0,-7.692307692307686,47.61904761904762,44.44444444444444,70.04166666666667,3,1,1,4,0.0,ม.1,สด,new,0,3,4
uuid-2569-2094,2569,2026-06,82.35294117647058,91.83673469387756,-17.64705882352942,46.42857142857143,50.0,77.25882352941177,4,0,1,4,1.0,ม.2,สด,new,1,4,3
uuid-2569-2095,2569,2026-06,77.77777777777779,88.57142857142857,-11.1111111111111,78.57142857142857,83.33333333333333,88.79333333333332,4,0,1,4,0.0,ม.2,เทป,old,0,2,4
uuid-2569-2096,2569,2026-06,88.88888888888889,77.14285714285715,22.22222222222223,64.28571428571429,83.33333333333333,84.76666666666667,4,0,2,4,0.0,ม.2,สด,new,0,2,4
uuid-2569-2097,2569,2026-06,78.57142857142857,69.81132075471697,-21.42857142857143,52.38095238095238,55.55555555555556,74.42666666666668,5,0,3,4,0.0,ม.3,สด,new,0,3,4
uuid-2569-2099,2569,2026-06,68.42105263157895,50.70422535211267,31.578947368421055,21.428571428571427,16.666666666666668,61.475,1,0,1,4,1.0,ม.2,สด,new,0,4,4
uuid-2569-2100,2569,2026-06,55.00000000000001,66.66666666666666,-26.249999999999993,25.0,33.333333333333336,78.03,4,0,0,4,0.0,ม.3,สด,old,2,4,2
uuid-2569-2103,2569,2026-06,72.22222222222221,75.71428571428571,-15.277777777777786,60.714285714285715,83.33333333333333,78.724,6,0,1,4,0.0,ม.3,สด,new,0,4,4
uuid-2569-2104,2569,2026-06,58.82352941176471,65.21739130434783,-4.334365325077393,67.85714285714286,58.333333333333336,74.02916666666667,6,0,0,4,0.0,ม.2,สด,old,0,4,4
uuid-2569-2106,2569,2026-06,68.75,64.70588235294117,-6.25,53.57142857142857,58.333333333333336,78.31052631578946,7,0,0,4,0.0,ม.2,เทป,new,0,4,4
uuid-2569-2107,2569,2026-06,68.75,71.875,-6.25,32.142857142857146,25.0,74.67,6,0,1,4,0.0,ม.2,เทป,new,2,4,2
uuid-2569-2108,2569,2026-06,56.25,58.82352941176471,12.5,64.28571428571429,58.333333333333336,82.66363636363637,5,0,0,4,0.0,ม.2,เทป,new,0,4,4
uuid-2569-2109,2569,2026-06,80.0,76.38888888888889,13.333333333333343,57.142857142857146,66.66666666666667,80.42916666666666,6,0,0,4,0.0,ม.2,เทป,new,0,4,4
uuid-2569-2110,2569,2026-06,94.44444444444444,97.14285714285714,-5.555555555555557,71.42857142857143,83.33333333333333,90.93448275862067,8,0,18,4,0.0,ม.3,สด,new,0,4,4
uuid-2569-2111,2569,2026-06,47.05882352941176,53.62318840579711,-2.941176470588239,39.285714285714285,33.333333333333336,58.692857142857136,1,0,0,4,0.0,ม.2,สด,new,0,4,4
uuid-2569-2112,2569,2026-06,64.70588235294117,76.81159420289855,-17.647058823529406,64.28571428571429,75.0,80.544,5,0,2,4,0.0,ม.3,สด,new,0,4,4
uuid-2569-2113,2569,2026-06,84.61538461538461,75.0,20.32967032967032,66.66666666666667,77.77777777777777,76.78947368421052,6,0,1,4,0.0,ม.2,เทป,new,0,3,4
uuid-2569-2114,2569,2026-06,62.5,60.29411764705882,6.25,32.142857142857146,41.666666666666664,64.9,2,0,0,4,0.0,ม.2,สด,new,0,4,4
uuid-2569-2116,2569,2026-06,93.75,91.66666666666666,-6.25,67.85714285714286,58.333333333333336,86.51818181818182,7,0,13,4,0.0,ม.2,สด,old,1,4,3
uuid-2569-2117,2569,2026-06,100.0,100.0,0.0,61.904761904761905,55.55555555555556,88.15,5,0,13,4,0.0,ม.2,สด,new,1,3,3
uuid-2569-2119,2569,2026-06,88.88888888888889,92.85714285714286,-11.111111111111114,60.714285714285715,66.66666666666667,87.97391304347825,7,0,14,4,0.0,ม.2,สด,new,0,4,4
uuid-2569-2120,2569,2026-06,76.47058823529412,78.26086956521739,4.248366013071902,46.42857142857143,50.0,80.9888888888889,5,0,2,4,0.0,ม.3,สด,new,0,4,4
uuid-2569-2121,2569,2026-06,100.0,97.95918367346938,0.0,67.85714285714286,50.0,89.11739130434782,10,0,13,4,0.0,ม.3,สด,new,1,4,3
uuid-2569-2122,2569,2026-06,94.11764705882352,86.95652173913044,5.882352941176464,64.28571428571429,75.0,83.88799999999999,7,0,9,4,0.0,ม.2,สด,old,0,4,4
uuid-2569-2123,2569,2026-06,68.75,85.29411764705883,-31.25,71.42857142857143,58.333333333333336,84.34166666666665,5,0,2,4,0.0,ม.1,สด,new,0,4,4
uuid-2569-2124,2569,2026-06,43.75,70.58823529411765,-38.60294117647058,46.42857142857143,58.333333333333336,66.49411764705883,3,0,0,4,0.0,ม.2,สด,new,0,4,4
uuid-2569-2125,2569,2026-06,84.21052631578947,76.05633802816901,23.09941520467835,60.714285714285715,83.33333333333333,67.544,7,0,0,4,0.0,ม.2,สด,old,0,4,4
uuid-2569-2126,2569,2026-06,47.05882352941176,31.88405797101449,5.882352941176471,32.142857142857146,25.0,60.44,2,0,0,4,1.0,ม.3,เทป,new,0,4,4
uuid-2569-2127,2569,2026-06,87.5,87.5,,21.428571428571427,25.0,90.1,8,0,5,4,0.0,ม.2,สด,new,3,4,1
uuid-2569-2129,2569,2026-06,100.0,97.2972972972973,7.142857142857139,61.904761904761905,55.55555555555556,89.21764705882353,6,0,7,4,0.0,ม.1,สด,new,1,3,3
uuid-2569-2130,2569,2026-06,88.23529411764706,87.75510204081633,0.735294117647058,64.28571428571429,58.333333333333336,85.24090909090908,7,0,13,4,0.0,ม.2,สด,new,1,4,3
uuid-2569-2131,2569,2026-06,69.23076923076923,71.15384615384616,7.692307692307686,61.904761904761905,88.88888888888889,70.435,6,0,0,4,0.0,ม.3,สด,new,0,3,4
uuid-2569-2132,2569,2026-06,75.0,76.47058823529412,0.0,42.857142857142854,66.66666666666667,74.38888888888889,1,0,1,4,0.0,ม.1,สด,old,0,2,4
uuid-2569-2133,2569,2026-06,68.75,80.88235294117648,-13.60294117647058,67.85714285714286,100.0,85.80689655172411,8,0,2,4,0.0,ม.3,สด,new,0,4,4
uuid-2569-2135,2569,2026-06,93.75,75.0,30.592105263157897,57.142857142857146,66.66666666666667,81.75,7,0,6,4,0.0,ม.2,เทป,new,0,4,4
uuid-2569-2136,2569,2026-06,64.70588235294117,65.21739130434783,-22.794117647058826,50.0,91.66666666666669,74.77272727272728,6,0,0,4,0.0,ม.3,เทป,new,0,4,4
uuid-2569-2137,2569,2026-06,100.0,100.0,0.0,85.71428571428571,91.66666666666669,85.6258064516129,8,0,18,4,0.0,ม.3,สด,new,0,4,4
uuid-2569-2139,2569,2026-06,53.84615384615385,59.45945945945946,7.692307692307693,47.61904761904762,22.22222222222222,67.39090909090909,5,1,2,4,0.0,ม.1,เทป,new,1,3,3
uuid-2569-2141,2569,2026-06,70.58823529411765,73.46938775510205,0.0,57.142857142857146,25.0,76.21111111111112,5,0,2,4,0.0,ม.2,สด,new,1,4,3
uuid-2569-2142,2569,2026-06,94.44444444444444,94.44444444444444,,17.857142857142858,33.333333333333336,90.03333333333332,6,0,5,4,0.0,ม.2,เทป,new,3,4,1
uuid-2569-2144,2569,2026-06,50.0,66.66666666666666,-21.42857142857143,42.857142857142854,33.333333333333336,72.05,5,0,0,4,1.0,ม.3,สด,new,1,3,3
uuid-2569-2146,2569,2026-06,91.66666666666666,92.15686274509804,-1.6666666666666714,61.904761904761905,88.88888888888889,83.89473684210525,5,0,2,4,0.0,ม.2,สด,new,0,3,4
uuid-2569-2147,2569,2026-06,52.63157894736842,57.14285714285714,-9.868421052631582,25.0,8.333333333333334,72.72857142857141,5,0,0,4,0.0,ม.2,เทป,new,2,4,2
uuid-2569-2148,2569,2026-06,76.47058823529412,75.51020408163265,0.0,50.0,50.0,80.13529411764705,4,0,3,4,0.0,ม.3,เทป,old,1,4,3
uuid-2569-2149,2569,2026-06,75.0,70.58823529411765,-2.7777777777777857,42.857142857142854,50.0,64.94444444444443,1,1,0,4,0.0,ม.3,สด,old,0,2,4
uuid-2569-2150,2569,2026-06,100.0,98.0392156862745,5.26315789473685,64.28571428571429,58.333333333333336,84.92380952380952,8,0,13,4,0.0,ม.3,สด,new,1,4,3
uuid-2569-2001,2569,2026-07,77.77777777777779,83.72093023255815,-9.722222222222214,87.5,100.0,88.71,3,0,2,5,0.0,ม.2,สด,old,0,2,5
uuid-2569-2003,2569,2026-07,78.94736842105263,69.31818181818183,14.241486068111456,46.875,66.66666666666667,68.67391304347827,6,0,2,5,0.0,ม.2,สด,new,0,4,5
uuid-2569-2004,2569,2026-07,60.0,68.18181818181817,-8.75,46.875,66.66666666666667,76.91739130434782,3,0,0,5,0.0,ม.2,สด,new,0,4,5
uuid-2569-2005,2569,2026-07,94.44444444444444,97.01492537313433,-5.555555555555557,65.625,58.333333333333336,87.83571428571429,5,0,17,5,0.0,ม.3,เทป,new,1,4,4
uuid-2569-2006,2569,2026-07,57.89473684210527,57.95454545454546,4.953560371517028,53.125,66.66666666666667,72.25200000000001,3,0,0,5,0.0,ม.3,สด,new,0,4,5
uuid-2569-2007,2569,2026-07,92.3076923076923,86.27450980392157,13.736263736263737,54.166666666666664,33.333333333333336,78.33125,2,0,1,5,0.0,ม.3,สด,new,1,3,4
uuid-2569-2008,2569,2026-07,87.5,87.87878787878788,-6.944444444444443,62.5,50.0,75.85,5,0,4,5,0.0,ม.2,สด,old,1,4,4
uuid-2569-2010,2569,2026-07,100.0,97.72727272727273,0.0,68.75,83.33333333333333,90.465625,5,0,22,5,0.0,ม.2,สด,new,0,4,5
uuid-2569-2012,2569,2026-07,100.0,92.15686274509804,7.692307692307693,58.333333333333336,66.66666666666667,85.02000000000001,4,0,8,5,0.0,ม.3,สด,new,1,3,4
uuid-2569-2014,2569,2026-07,80.0,63.63636363636363,23.75,43.75,66.66666666666667,65.70454545454545,5,0,2,5,1.0,ม.2,สด,old,0,4,5
uuid-2569-2016,2569,2026-07,64.70588235294117,65.11627906976744,-5.882352941176478,53.125,83.33333333333333,82.03703703703704,3,0,0,5,0.0,ม.3,สด,new,0,4,5
uuid-2569-2020,2569,2026-07,100.0,90.69767441860465,16.666666666666657,78.125,83.33333333333333,81.39142857142858,5,0,5,5,0.0,ม.2,สด,new,0,4,5
uuid-2569-2021,2569,2026-07,50.0,63.95348837209303,-11.111111111111114,62.5,41.666666666666664,79.504,5,0,0,5,0.0,ม.2,สด,new,0,4,5
uuid-2569-2023,2569,2026-07,61.111111111111114,55.81395348837209,23.611111111111114,81.25,83.33333333333333,76.02777777777777,7,0,0,5,0.0,ม.3,สด,new,0,4,5
uuid-2569-2024,2569,2026-07,77.77777777777779,84.0909090909091,-11.1111111111111,43.75,50.0,80.85,1,0,3,5,0.0,ม.3,สด,new,0,2,5
uuid-2569-2026,2569,2026-07,100.0,95.40229885057471,10.0,68.75,91.66666666666669,87.50909090909092,6,0,22,5,0.0,ม.3,สด,new,0,4,5
uuid-2569-2027,2569,2026-07,80.0,75.0,11.25,25.0,25.0,81.39090909090909,4,0,1,5,0.0,ม.2,เทป,old,3,4,2
uuid-2569-2029,2569,2026-07,66.66666666666666,65.9090909090909,22.222222222222214,62.5,66.66666666666667,77.32857142857144,1,0,0,5,0.0,ม.2,สด,new,0,2,5
uuid-2569-2030,2569,2026-07,94.44444444444444,95.52238805970148,6.209150326797385,56.25,66.66666666666667,86.22307692307693,4,0,6,5,0.0,ม.3,สด,new,1,4,4
uuid-2569-2031,2569,2026-07,78.94736842105263,81.81818181818183,-15.170278637770892,59.375,83.33333333333333,87.82758620689657,5,0,3,5,0.0,ม.2,เทป,new,0,4,5
uuid-2569-2032,2569,2026-07,80.0,82.35294117647058,-11.666666666666657,66.66666666666667,66.66666666666667,81.05909090909091,5,0,3,5,0.0,ม.3,สด,new,1,3,4
uuid-2569-2033,2569,2026-07,77.77777777777779,86.04651162790698,-22.222222222222214,62.5,50.0,86.5076923076923,2,0,4,5,0.0,ม.2,เทป,new,0,2,5
uuid-2569-2034,2569,2026-07,83.33333333333334,79.1044776119403,6.862745098039227,59.375,33.333333333333336,83.49130434782609,3,0,1,5,1.0,ม.3,เทป,new,1,4,4
uuid-2569-2035,2569,2026-07,78.57142857142857,84.31372549019608,-13.736263736263737,58.333333333333336,55.55555555555556,77.35263157894737,4,0,0,5,0.0,ม.3,สด,old,1,3,4
uuid-2569-2036,2569,2026-07,77.77777777777779,93.18181818181817,-11.1111111111111,68.75,66.66666666666667,82.55333333333334,2,0,0,5,0.0,ม.2,สด,new,0,2,5
uuid-2569-2037,2569,2026-07,100.0,94.18604651162791,11.764705882352942,81.25,75.0,88.05142857142856,6,0,7,5,0.0,ม.2,สด,new,0,4,5
uuid-2569-2038,2569,2026-07,100.0,93.93939393939394,7.142857142857139,58.333333333333336,77.77777777777777,80.57619047619048,4,0,8,5,0.0,ม.1,สด,new,0,3,5
uuid-2569-2040,2569,2026-07,72.22222222222221,77.14285714285715,-10.130718954248366,18.75,25.0,76.77777777777777,4,0,2,5,0.0,ม.2,สด,new,3,4,2
uuid-2569-2041,2569,2026-07,55.00000000000001,62.5,-7.499999999999993,46.875,66.66666666666667,73.19565217391305,3,1,0,5,0.0,ม.2,สด,old,0,4,5
uuid-2569-2042,2569,2026-07,94.11764705882352,76.47058823529412,30.95975232198142,46.875,58.333333333333336,77.87272727272727,6,0,4,5,0.0,ม.2,สด,old,1,4,4
uuid-2569-2044,2569,2026-07,72.22222222222221,70.45454545454545,0.0,56.25,58.333333333333336,74.68400000000001,3,0,0,5,0.0,ม.3,สด,old,0,4,5
uuid-2569-2045,2569,2026-07,72.22222222222221,82.08955223880598,1.6339869281045623,59.375,33.333333333333336,81.0086956521739,6,0,3,5,0.0,ม.1,สด,new,1,4,4
uuid-2569-2047,2569,2026-07,88.88888888888889,94.31818181818183,-5.555555555555557,78.125,83.33333333333333,89.08857142857143,4,0,22,5,0.0,ม.2,สด,new,0,4,5
uuid-2569-2048,2569,2026-07,100.0,98.86363636363636,0.0,71.875,91.66666666666669,88.97058823529412,6,0,22,5,0.0,ม.2,สด,new,0,4,5
uuid-2569-2050,2569,2026-07,72.22222222222221,77.61194029850746,1.6339869281045623,50.0,50.0,72.15454545454546,4,0,2,5,0.0,ม.2,สด,old,1,4,4
uuid-2569-2051,2569,2026-07,94.11764705882352,80.3921568627451,21.895424836601308,37.5,41.666666666666664,85.72941176470589,4,0,6,5,0.0,ม.3,สด,old,2,4,3
uuid-2569-2053,2569,2026-07,80.0,80.68181818181817,-1.25,65.625,83.33333333333333,78.88387096774193,4,0,1,5,0.0,ม.3,สด,old,0,4,5
uuid-2569-2054,2569,2026-07,38.88888888888889,43.18181818181818,-33.33333333333332,31.25,33.333333333333336,62.35,3,0,0,5,0.0,ม.2,สด,new,0,4,5
uuid-2569-2056,2569,2026-07,65.0,66.66666666666666,-3.75,28.125,33.333333333333336,68.44615384615385,5,0,0,5,0.0,ม.2,สด,new,3,4,2
uuid-2569-2059,2569,2026-07,100.0,90.9090909090909,25.0,75.0,83.33333333333333,89.02941176470588,3,0,7,5,0.0,ม.2,สด,old,0,2,5
uuid-2569-2060,2569,2026-07,80.0,86.36363636363636,-7.5,75.0,83.33333333333333,86.99411764705883,4,0,1,5,0.0,ม.2,เทป,new,0,4,5
uuid-2569-2062,2569,2026-07,93.33333333333333,95.45454545454545,1.6666666666666714,83.33333333333333,66.66666666666667,87.60769230769232,6,0,3,5,0.0,ม.3,สด,old,0,3,5
uuid-2569-2063,2569,2026-07,38.88888888888889,51.13636363636363,-5.55555555555555,28.125,50.0,76.04666666666665,3,0,0,5,0.0,ม.3,เทป,new,0,4,5
uuid-2569-2064,2569,2026-07,78.94736842105263,72.05882352941177,8.359133126934978,43.75,33.333333333333336,72.69444444444444,2,0,2,5,0.0,ม.2,สด,old,1,4,4
uuid-2569-2065,2569,2026-07,92.3076923076923,96.96969696969697,-7.692307692307693,66.66666666666667,77.77777777777777,83.6304347826087,4,0,0,5,1.0,ม.1,เทป,new,0,3,5
uuid-2569-2066,2569,2026-07,44.44444444444444,55.769230769230774,-16.66666666666667,18.75,58.333333333333336,66.41538461538461,4,0,0,5,0.0,ม.1,เทป,old,2,4,3
uuid-2569-2067,2569,2026-07,100.0,96.92307692307692,7.692307692307693,75.0,77.77777777777777,88.22800000000001,4,0,5,5,0.0,ม.3,สด,new,0,3,5
uuid-2569-2068,2569,2026-07,47.368421052631575,57.95454545454546,-29.10216718266254,56.25,91.66666666666669,73.14137931034485,4,0,0,5,0.0,ม.3,สด,new,0,4,5
uuid-2569-2070,2569,2026-07,72.22222222222221,63.2183908045977,19.281045751633975,65.625,50.0,76.86666666666667,7,0,1,5,0.0,ม.3,สด,new,0,4,5
uuid-2569-2072,2569,2026-07,66.66666666666666,72.72727272727273,11.1111111111111,62.5,83.33333333333333,80.21333333333334,2,0,0,5,0.0,ม.2,สด,new,0,2,5
uuid-2569-2074,2569,2026-07,100.0,97.72727272727273,0.0,75.0,66.66666666666667,77.80625,3,0,10,5,0.0,ม.3,สด,new,0,2,5
uuid-2569-2075,2569,2026-07,64.70588235294117,78.16091954022988,-13.071895424836612,68.75,75.0,82.08387096774192,7,0,2,5,0.0,ม.2,สด,new,0,4,5
uuid-2569-2076,2569,2026-07,72.22222222222221,68.96551724137932,1.6339869281045623,56.25,58.333333333333336,72.072,5,0,1,5,0.0,ม.3,สด,new,0,4,5
uuid-2569-2077,2569,2026-07,100.0,100.0,0.0,84.375,100.0,88.35641025641024,7,0,22,5,0.0,ม.3,สด,new,0,4,5
uuid-2569-2078,2569,2026-07,64.70588235294117,67.04545454545455,12.074303405572756,59.375,41.666666666666664,69.19999999999999,7,0,1,5,0.0,ม.3,สด,new,0,4,5
uuid-2569-2079,2569,2026-07,89.47368421052632,93.18181818181817,-10.526315789473685,62.5,91.66666666666669,87.32903225806452,5,0,0,5,0.0,ม.1,สด,new,0,4,5
uuid-2569-2080,2569,2026-07,82.35294117647058,86.20689655172413,-12.091503267973863,68.75,75.0,88.58387096774193,4,0,14,5,0.0,ม.2,สด,new,0,4,5
uuid-2569-2081,2569,2026-07,76.47058823529412,86.36363636363636,-13.003095975232199,59.375,75.0,79.72857142857143,4,0,0,5,0.0,ม.3,สด,new,0,4,5
uuid-2569-2082,2569,2026-07,50.0,65.9090909090909,0.0,50.0,83.33333333333333,69.0923076923077,1,1,0,5,1.0,ม.3,สด,new,0,2,5
uuid-2569-2084,2569,2026-07,100.0,97.70114942528735,0.0,71.875,100.0,86.95428571428572,4,0,22,5,0.0,ม.2,สด,old,0,4,5
uuid-2569-2085,2569,2026-07,73.68421052631578,78.16091954022988,-1.3157894736842195,62.5,66.66666666666667,78.175,4,0,2,5,0.0,ม.2,สด,new,0,4,5
uuid-2569-2086,2569,2026-07,83.33333333333334,84.0909090909091,-5.555555555555543,71.875,83.33333333333333,82.1969696969697,6,0,2,5,0.0,ม.2,เทป,new,0,4,5
uuid-2569-2089,2569,2026-07,62.5,63.63636363636363,2.5,56.25,66.66666666666667,65.00769230769231,3,0,0,5,1.0,ม.1,สด,new,0,2,5
uuid-2569-2090,2569,2026-07,65.0,69.31818181818183,2.5,50.0,75.0,75.7,2,0,1,5,0.0,ม.3,สด,new,0,4,5
uuid-2569-2093,2569,2026-07,69.23076923076923,53.84615384615385,30.76923076923076,41.666666666666664,44.44444444444444,69.7357142857143,2,1,0,5,0.0,ม.1,สด,new,0,3,5
uuid-2569-2095,2569,2026-07,88.88888888888889,88.63636363636364,11.1111111111111,81.25,83.33333333333333,88.6388888888889,3,0,3,5,1.0,ม.2,เทป,old,0,2,5
uuid-2569-2096,2569,2026-07,100.0,81.81818181818183,11.111111111111114,68.75,83.33333333333333,83.05625,4,0,6,5,0.0,ม.2,สด,new,0,2,5
uuid-2569-2097,2569,2026-07,61.53846153846154,68.18181818181817,-17.03296703296703,58.333333333333336,55.55555555555556,74.98947368421054,4,0,0,5,0.0,ม.3,สด,new,0,3,5
uuid-2569-2100,2569,2026-07,68.75,67.3076923076923,13.749999999999993,34.375,33.333333333333336,74.82666666666667,5,0,2,5,1.0,ม.3,สด,old,2,4,3
uuid-2569-2103,2569,2026-07,58.82352941176471,72.41379310344827,-13.398692810457504,62.5,83.33333333333333,78.16,5,0,0,5,1.0,ม.3,สด,new,0,4,5
uuid-2569-2104,2569,2026-07,66.66666666666666,65.51724137931035,7.843137254901947,68.75,58.333333333333336,72.65172413793104,5,0,1,5,0.0,ม.2,สด,old,0,4,5
uuid-2569-2106,2569,2026-07,52.63157894736842,62.06896551724138,-16.118421052631582,53.125,58.333333333333336,78.89999999999999,5,0,1,5,1.0,ม.2,เทป,new,0,4,5
uuid-2569-2107,2569,2026-07,83.33333333333334,76.0,14.583333333333343,37.5,25.0,73.70666666666668,5,0,0,5,0.0,ม.2,เทป,new,2,4,3
uuid-2569-2108,2569,2026-07,66.66666666666666,60.46511627906976,10.416666666666657,56.25,58.333333333333336,82.148,3,0,0,5,1.0,ม.2,เทป,new,0,4,5
uuid-2569-2109,2569,2026-07,73.33333333333333,75.86206896551724,-6.666666666666671,59.375,66.66666666666667,80.44074074074072,3,0,0,5,0.0,ม.2,เทป,new,0,4,5
uuid-2569-2110,2569,2026-07,100.0,97.70114942528735,5.555555555555557,71.875,83.33333333333333,90.51515151515152,4,0,22,5,0.0,ม.3,สด,new,0,4,5
uuid-2569-2111,2569,2026-07,47.368421052631575,52.27272727272727,0.30959752321981426,37.5,33.333333333333336,59.83125,2,0,0,5,0.0,ม.2,สด,new,0,4,5
uuid-2569-2112,2569,2026-07,44.44444444444444,70.11494252873564,-20.26143790849673,68.75,75.0,80.40645161290323,6,0,1,5,0.0,ม.3,สด,new,0,4,5
uuid-2569-2113,2569,2026-07,85.71428571428571,77.27272727272727,1.098901098901095,62.5,77.77777777777777,76.6590909090909,3,0,1,5,0.0,ม.2,เทป,new,0,3,5
uuid-2569-2114,2569,2026-07,70.0,62.5,7.5,31.25,41.666666666666664,65.39333333333335,2,0,1,5,0.0,ม.2,สด,new,0,4,5
uuid-2569-2116,2569,2026-07,89.47368421052632,91.04477611940298,-4.276315789473685,71.875,58.333333333333336,85.73333333333333,8,0,17,5,0.0,ม.2,สด,old,1,4,4
uuid-2569-2117,2569,2026-07,100.0,100.0,0.0,66.66666666666667,55.55555555555556,88.06190476190476,5,0,17,5,0.0,ม.2,สด,new,1,3,4
uuid-2569-2119,2569,2026-07,100.0,94.25287356321839,11.111111111111114,65.625,66.66666666666667,89.13793103448275,6,0,18,5,0.0,ม.2,สด,new,0,4,5
uuid-2569-2120,2569,2026-07,77.77777777777779,78.16091954022988,1.3071895424836697,50.0,50.0,80.87272727272727,4,0,3,5,0.0,ม.3,สด,new,0,4,5
uuid-2569-2121,2569,2026-07,89.47368421052632,95.58823529411765,-10.526315789473685,71.875,50.0,86.77586206896552,6,0,17,5,0.0,ม.3,สด,new,1,4,4
uuid-2569-2122,2569,2026-07,83.33333333333334,86.20689655172413,-10.784313725490179,68.75,75.0,83.99032258064517,6,0,13,5,0.0,ม.2,สด,old,0,4,5
uuid-2569-2123,2569,2026-07,85.0,85.22727272727273,16.25,71.875,58.333333333333336,83.57333333333332,6,0,0,5,0.0,ม.1,สด,new,0,4,5
uuid-2569-2124,2569,2026-07,63.1578947368421,68.96551724137932,19.407894736842103,53.125,58.333333333333336,66.50416666666666,7,0,2,5,0.0,ม.2,สด,new,0,4,5
uuid-2569-2125,2569,2026-07,52.94117647058824,71.5909090909091,-31.269349845201226,53.125,83.33333333333333,67.58888888888889,2,1,0,5,0.0,ม.2,สด,old,0,4,5
uuid-2569-2127,2569,2026-07,72.22222222222221,79.41176470588235,-15.277777777777786,31.25,25.0,85.10000000000001,5,0,1,5,1.0,ม.2,สด,new,3,4,2
uuid-2569-2129,2569,2026-07,92.85714285714286,96.07843137254902,-7.142857142857139,66.66666666666667,55.55555555555556,88.87619047619049,4,0,2,5,0.0,ม.1,สด,new,1,3,4
uuid-2569-2130,2569,2026-07,94.73684210526315,89.70588235294117,6.501547987616092,65.625,58.333333333333336,86.08214285714287,6,0,17,5,0.0,ม.2,สด,new,1,4,4
uuid-2569-2131,2569,2026-07,42.857142857142854,65.15151515151516,-26.373626373626372,62.5,88.88888888888889,70.4608695652174,3,1,0,5,0.0,ม.3,สด,new,0,3,5
uuid-2569-2132,2569,2026-07,90.0,79.54545454545455,15.0,50.0,66.66666666666667,76.8,3,0,0,5,0.0,ม.1,สด,old,0,2,5
uuid-2569-2133,2569,2026-07,72.22222222222221,79.06976744186046,3.4722222222222143,68.75,100.0,84.85,5,0,3,5,0.0,ม.3,สด,new,0,4,5
uuid-2569-2135,2569,2026-07,85.0,77.27272727272727,-8.75,62.5,66.66666666666667,79.90714285714286,6,0,10,5,0.0,ม.2,เทป,new,0,4,5
uuid-2569-2136,2569,2026-07,47.368421052631575,61.36363636363637,-17.3374613003096,53.125,91.66666666666669,74.74285714285715,6,0,1,5,0.0,ม.3,เทป,new,0,4,5
uuid-2569-2137,2569,2026-07,100.0,100.0,0.0,87.5,91.66666666666669,86.3025641025641,8,0,22,5,0.0,ม.3,สด,new,0,4,5
uuid-2569-2139,2569,2026-07,35.714285714285715,52.94117647058824,-18.13186813186813,54.166666666666664,22.22222222222222,68.24666666666667,4,0,0,5,0.0,ม.1,เทป,new,1,3,4
uuid-2569-2141,2569,2026-07,78.94736842105263,75.0,8.359133126934978,53.125,25.0,75.81500000000001,2,0,3,5,0.0,ม.2,สด,new,1,4,4
uuid-2569-2142,2569,2026-07,87.5,91.17647058823529,-6.944444444444443,28.125,33.333333333333336,88.96923076923076,7,0,9,5,1.0,ม.2,เทป,new,3,4,2
uuid-2569-2146,2569,2026-07,93.33333333333333,92.42424242424242,1.6666666666666714,58.333333333333336,88.88888888888889,85.23181818181817,3,0,2,5,0.0,ม.2,สด,new,0,3,5
uuid-2569-2147,2569,2026-07,43.75,52.94117647058824,-8.881578947368418,28.125,8.333333333333334,74.78999999999999,3,0,0,5,0.0,ม.2,เทป,new,2,4,3
uuid-2569-2148,2569,2026-07,78.94736842105263,76.47058823529412,2.476780185758514,50.0,50.0,78.4681818181818,5,0,0,5,1.0,ม.3,เทป,old,1,4,4
uuid-2569-2149,2569,2026-07,40.0,63.63636363636363,-35.0,37.5,50.0,64.94444444444443,0,2,1,5,0.0,ม.3,สด,old,0,2,5
uuid-2569-2150,2569,2026-07,100.0,98.52941176470588,0.0,62.5,58.333333333333336,86.37407407407409,6,0,17,5,0.0,ม.3,สด,new,1,4,4
uuid-2569-2001,2569,2026-08,100.0,84.0909090909091,22.222222222222214,,,88.71,0,0,0,6,,ม.2,สด,old,0,2,6
uuid-2569-2003,2569,2026-08,,69.31818181818183,,,,68.67391304347827,0,0,0,6,,ม.2,สด,new,0,4,6
uuid-2569-2004,2569,2026-08,,68.18181818181817,,,,76.91739130434782,0,0,0,6,,ม.2,สด,new,0,4,6
uuid-2569-2005,2569,2026-08,100.0,97.05882352941177,5.555555555555557,,,87.83571428571429,0,0,0,6,,ม.3,เทป,new,1,4,5
uuid-2569-2006,2569,2026-08,,57.95454545454546,,,,72.25200000000001,0,0,0,6,,ม.3,สด,new,0,4,6
uuid-2569-2007,2569,2026-08,,86.27450980392157,,,,78.33125,0,0,0,6,,ม.3,สด,new,1,3,5
uuid-2569-2008,2569,2026-08,100.0,88.23529411764706,12.5,,,75.85,0,0,0,6,,ม.2,สด,old,1,4,5
uuid-2569-2010,2569,2026-08,,97.72727272727273,,,,90.465625,0,0,0,6,,ม.2,สด,new,0,4,6
uuid-2569-2012,2569,2026-08,,92.15686274509804,,,,85.02000000000001,0,0,0,6,,ม.3,สด,new,1,3,5
uuid-2569-2016,2569,2026-08,50.0,64.77272727272727,-14.705882352941174,,,82.03703703703704,0,0,0,6,,ม.3,สด,new,0,4,6
uuid-2569-2020,2569,2026-08,100.0,90.9090909090909,0.0,,,81.39142857142858,0,0,0,6,,ม.2,สด,new,0,4,6
uuid-2569-2021,2569,2026-08,50.0,63.63636363636363,0.0,,,79.504,0,0,0,6,,ม.2,สด,new,0,4,6
uuid-2569-2023,2569,2026-08,50.0,55.68181818181818,-11.111111111111114,,,76.02777777777777,0,0,0,6,,ม.3,สด,new,0,4,6
uuid-2569-2024,2569,2026-08,,84.0909090909091,,,,80.85,0,0,0,6,,ม.3,สด,new,0,2,6
uuid-2569-2026,2569,2026-08,100.0,95.45454545454545,0.0,,,87.50909090909092,0,0,0,6,,ม.3,สด,new,0,4,6
uuid-2569-2027,2569,2026-08,,75.0,,,,81.39090909090909,0,0,0,6,,ม.2,เทป,old,3,4,3
uuid-2569-2029,2569,2026-08,,65.9090909090909,,,,77.32857142857144,0,0,0,6,,ม.2,สด,new,0,2,6
uuid-2569-2030,2569,2026-08,100.0,95.58823529411765,5.555555555555557,,,86.22307692307693,0,0,0,6,,ม.3,สด,new,1,4,5
uuid-2569-2031,2569,2026-08,,81.81818181818183,,,,87.82758620689657,0,0,0,6,,ม.2,เทป,new,0,4,6
uuid-2569-2032,2569,2026-08,,82.35294117647058,,,,81.05909090909091,0,0,0,6,,ม.3,สด,new,1,3,5
uuid-2569-2033,2569,2026-08,100.0,86.36363636363636,22.222222222222214,,,86.5076923076923,0,0,0,6,,ม.2,เทป,new,0,2,6
uuid-2569-2035,2569,2026-08,,84.31372549019608,,,,77.35263157894737,0,0,0,6,,ม.3,สด,old,1,3,5
uuid-2569-2036,2569,2026-08,,93.18181818181817,,,,82.55333333333334,0,0,0,6,,ม.2,สด,new,0,2,6
uuid-2569-2037,2569,2026-08,100.0,94.31818181818183,0.0,,,88.05142857142856,0,0,0,6,,ม.2,สด,new,0,4,6
uuid-2569-2038,2569,2026-08,,93.93939393939394,,,,80.57619047619048,0,0,0,6,,ม.1,สด,new,0,3,6
uuid-2569-2040,2569,2026-08,0.0,75.0,-72.22222222222221,,,76.77777777777777,0,0,0,6,,ม.2,สด,new,3,4,3
uuid-2569-2041,2569,2026-08,,62.5,,,,73.19565217391305,0,0,0,6,,ม.2,สด,old,0,4,6
uuid-2569-2042,2569,2026-08,,76.47058823529412,,,,77.87272727272727,0,0,0,6,,ม.2,สด,old,1,4,5
uuid-2569-2044,2569,2026-08,,70.45454545454545,,,,74.68400000000001,0,0,0,6,,ม.3,สด,old,0,4,6
uuid-2569-2045,2569,2026-08,100.0,82.35294117647058,27.777777777777786,,,81.0086956521739,0,0,0,6,,ม.1,สด,new,1,4,5
uuid-2569-2047,2569,2026-08,,94.31818181818183,,,,89.08857142857143,0,0,0,6,,ม.2,สด,new,0,4,6
uuid-2569-2048,2569,2026-08,,98.86363636363636,,,,88.97058823529412,0,0,0,6,,ม.2,สด,new,0,4,6
uuid-2569-2050,2569,2026-08,100.0,77.94117647058823,27.777777777777786,,,72.15454545454546,0,0,0,6,,ม.2,สด,old,1,4,5
uuid-2569-2051,2569,2026-08,100.0,80.76923076923077,5.882352941176478,,,85.72941176470589,0,0,0,6,,ม.3,สด,old,2,4,4
uuid-2569-2053,2569,2026-08,,80.68181818181817,,,,78.88387096774193,0,0,0,6,,ม.3,สด,old,0,4,6
uuid-2569-2054,2569,2026-08,,43.18181818181818,,,,62.35,0,0,0,6,,ม.2,สด,new,0,4,6
uuid-2569-2056,2569,2026-08,,66.66666666666666,,,,68.44615384615385,0,0,0,6,,ม.2,สด,new,3,4,3
uuid-2569-2059,2569,2026-08,,90.9090909090909,,,,89.02941176470588,0,0,0,6,,ม.2,สด,old,0,2,6
uuid-2569-2060,2569,2026-08,,86.36363636363636,,,,86.99411764705883,0,0,0,6,,ม.2,เทป,new,0,4,6
uuid-2569-2062,2569,2026-08,,95.45454545454545,,,,87.60769230769232,0,0,0,6,,ม.3,สด,old,0,3,6
uuid-2569-2063,2569,2026-08,,51.13636363636363,,,,76.04666666666665,0,0,0,6,,ม.3,เทป,new,0,4,6
uuid-2569-2064,2569,2026-08,,72.05882352941177,,,,72.69444444444444,0,0,0,6,,ม.2,สด,old,1,4,5
uuid-2569-2066,2569,2026-08,,55.769230769230774,,,,66.41538461538461,0,0,0,6,,ม.1,เทป,old,2,4,4
uuid-2569-2067,2569,2026-08,100.0,96.96969696969697,0.0,,,88.22800000000001,0,0,0,6,,ม.3,สด,new,0,3,6
uuid-2569-2068,2569,2026-08,,57.95454545454546,,,,73.14137931034485,0,0,0,6,,ม.3,สด,new,0,4,6
uuid-2569-2070,2569,2026-08,100.0,63.63636363636363,27.777777777777786,,,76.86666666666667,0,0,0,6,,ม.3,สด,new,0,4,6
uuid-2569-2072,2569,2026-08,,72.72727272727273,,,,80.21333333333334,0,0,0,6,,ม.2,สด,new,0,2,6
uuid-2569-2074,2569,2026-08,,97.72727272727273,,,,77.80625,0,0,0,6,,ม.3,สด,new,0,2,6
uuid-2569-2075,2569,2026-08,100.0,78.4090909090909,35.294117647058826,,,82.08387096774192,0,0,0,6,,ม.2,สด,new,0,4,6
uuid-2569-2076,2569,2026-08,0.0,68.18181818181817,-72.22222222222221,,,72.072,0,0,0,6,,ม.3,สด,new,0,4,6
uuid-2569-2077,2569,2026-08,100.0,100.0,0.0,,,88.35641025641024,0,0,0,6,,ม.3,สด,new,0,4,6
uuid-2569-2078,2569,2026-08,,67.04545454545455,,,,69.19999999999999,0,0,0,6,,ม.3,สด,new,0,4,6
uuid-2569-2079,2569,2026-08,,93.18181818181817,,,,87.32903225806452,0,0,0,6,,ม.1,สด,new,0,4,6
uuid-2569-2080,2569,2026-08,100.0,86.36363636363636,17.64705882352942,,,88.58387096774193,0,0,0,6,,ม.2,สด,new,0,4,6
uuid-2569-2081,2569,2026-08,,86.36363636363636,,,,79.72857142857143,0,0,0,6,,ม.3,สด,new,0,4,6
uuid-2569-2084,2569,2026-08,100.0,97.72727272727273,0.0,,,86.95428571428572,0,0,0,6,,ม.2,สด,old,0,4,6
uuid-2569-2085,2569,2026-08,100.0,78.4090909090909,26.31578947368422,,,78.175,0,0,0,6,,ม.2,สด,new,0,4,6
uuid-2569-2086,2569,2026-08,,84.0909090909091,,,,82.1969696969697,0,0,0,6,,ม.2,เทป,new,0,4,6
uuid-2569-2090,2569,2026-08,,69.31818181818183,,,,75.7,0,0,0,6,,ม.3,สด,new,0,4,6
uuid-2569-2093,2569,2026-08,0.0,53.03030303030303,-69.23076923076923,,,69.7357142857143,0,0,0,6,,ม.1,สด,new,0,3,6
uuid-2569-2096,2569,2026-08,,81.81818181818183,,,,83.05625,0,0,0,6,,ม.2,สด,new,0,2,6
uuid-2569-2097,2569,2026-08,,68.18181818181817,,,,74.98947368421054,0,0,0,6,,ม.3,สด,new,0,3,6
uuid-2569-2104,2569,2026-08,100.0,65.9090909090909,33.33333333333334,,,72.65172413793104,0,0,0,6,,ม.2,สด,old,0,4,6
uuid-2569-2107,2569,2026-08,50.0,75.0,-33.33333333333334,,,73.70666666666668,0,0,0,6,,ม.2,เทป,new,2,4,4
uuid-2569-2109,2569,2026-08,100.0,76.13636363636364,26.66666666666667,,,80.44074074074072,0,0,0,6,,ม.2,เทป,new,0,4,6
uuid-2569-2110,2569,2026-08,100.0,97.72727272727273,0.0,,,90.51515151515152,0,0,0,6,,ม.3,สด,new,0,4,6
uuid-2569-2111,2569,2026-08,,52.27272727272727,,,,59.83125,0,0,0,6,,ม.2,สด,new,0,4,6
uuid-2569-2112,2569,2026-08,100.0,70.45454545454545,55.55555555555556,,,80.40645161290323,0,0,0,6,,ม.3,สด,new,0,4,6
uuid-2569-2113,2569,2026-08,,77.27272727272727,,,,76.6590909090909,0,0,0,6,,ม.2,เทป,new,0,3,6
uuid-2569-2114,2569,2026-08,,62.5,,,,65.39333333333335,0,0,0,6,,ม.2,สด,new,0,4,6
uuid-2569-2116,2569,2026-08,100.0,91.17647058823529,10.526315789473685,,,85.73333333333333,0,0,0,6,,ม.2,สด,old,1,4,5
uuid-2569-2117,2569,2026-08,,100.0,,,,88.06190476190476,0,0,0,6,,ม.2,สด,new,1,3,5
uuid-2569-2119,2569,2026-08,100.0,94.31818181818183,0.0,,,89.13793103448275,0,0,0,6,,ม.2,สด,new,0,4,6
uuid-2569-2120,2569,2026-08,100.0,78.4090909090909,22.222222222222214,,,80.87272727272727,0,0,0,6,,ม.3,สด,new,0,4,6
uuid-2569-2121,2569,2026-08,,95.58823529411765,,,,86.77586206896552,0,0,0,6,,ม.3,สด,new,1,4,5
uuid-2569-2122,2569,2026-08,100.0,86.36363636363636,16.666666666666657,,,83.99032258064517,0,0,0,6,,ม.2,สด,old,0,4,6
uuid-2569-2123,2569,2026-08,,85.22727272727273,,,,83.57333333333332,0,0,0,6,,ม.1,สด,new,0,4,6
uuid-2569-2124,2569,2026-08,100.0,69.31818181818183,36.8421052631579,,,66.50416666666666,0,0,0,6,,ม.2,สด,new,0,4,6
uuid-2569-2125,2569,2026-08,,71.5909090909091,,,,67.58888888888889,0,0,0,6,,ม.2,สด,old,0,4,6
uuid-2569-2129,2569,2026-08,,96.07843137254902,,,,88.87619047619049,0,0,0,6,,ม.1,สด,new,1,3,5
uuid-2569-2130,2569,2026-08,,89.70588235294117,,,,86.08214285714287,0,0,0,6,,ม.2,สด,new,1,4,5
uuid-2569-2131,2569,2026-08,,65.15151515151516,,,,70.4608695652174,0,0,0,6,,ม.3,สด,new,0,3,6
uuid-2569-2132,2569,2026-08,,79.54545454545455,,,,76.8,0,0,0,6,,ม.1,สด,old,0,2,6
uuid-2569-2133,2569,2026-08,100.0,79.54545454545455,27.777777777777786,,,84.85,0,0,0,6,,ม.3,สด,new,0,4,6
uuid-2569-2135,2569,2026-08,,77.27272727272727,,,,79.90714285714286,0,0,0,6,,ม.2,เทป,new,0,4,6
uuid-2569-2136,2569,2026-08,,61.36363636363637,,,,74.74285714285715,0,0,0,6,,ม.3,เทป,new,0,4,6
uuid-2569-2137,2569,2026-08,,100.0,,,,86.3025641025641,0,0,0,6,,ม.3,สด,new,0,4,6
uuid-2569-2139,2569,2026-08,,52.94117647058824,,,,68.24666666666667,0,0,0,6,,ม.1,เทป,new,1,3,5
uuid-2569-2141,2569,2026-08,,75.0,,,,75.81500000000001,0,0,0,6,,ม.2,สด,new,1,4,5
uuid-2569-2146,2569,2026-08,,92.42424242424242,,,,85.23181818181817,0,0,0,6,,ม.2,สด,new,0,3,6
uuid-2569-2147,2569,2026-08,100.0,53.84615384615385,56.25,,,74.78999999999999,0,0,0,6,,ม.2,เทป,new,2,4,4
uuid-2569-2149,2569,2026-08,,63.63636363636363,,,,64.94444444444443,0,0,0,6,,ม.3,สด,old,0,2,6
uuid-2569-2150,2569,2026-08,,98.52941176470588,,,,86.37407407407409,0,0,0,6,,ม.3,สด,new,1,4,5
uuid-2569-2001,2569,2026-09,,84.0909090909091,,,,88.71,0,0,0,7,,ม.2,สด,old,0,2,7
uuid-2569-2003,2569,2026-09,,69.31818181818183,,,,68.67391304347827,0,0,0,7,,ม.2,สด,new,0,4,7
uuid-2569-2004,2569,2026-09,,68.18181818181817,,,,76.91739130434782,0,0,0,7,,ม.2,สด,new,0,4,7
uuid-2569-2005,2569,2026-09,,97.05882352941177,,,,87.83571428571429,0,0,0,7,,ม.3,เทป,new,1,4,6
uuid-2569-2006,2569,2026-09,,57.95454545454546,,,,72.25200000000001,0,0,0,7,,ม.3,สด,new,0,4,7
uuid-2569-2007,2569,2026-09,,86.27450980392157,,,,78.33125,0,0,0,7,,ม.3,สด,new,1,3,6
uuid-2569-2008,2569,2026-09,,88.23529411764706,,,,75.85,0,0,0,7,,ม.2,สด,old,1,4,6
uuid-2569-2010,2569,2026-09,,97.72727272727273,,,,90.465625,0,0,0,7,,ม.2,สด,new,0,4,7
uuid-2569-2012,2569,2026-09,,92.15686274509804,,,,85.02000000000001,0,0,0,7,,ม.3,สด,new,1,3,6
uuid-2569-2016,2569,2026-09,,64.77272727272727,,,,82.03703703703704,0,0,0,7,,ม.3,สด,new,0,4,7
uuid-2569-2020,2569,2026-09,,90.9090909090909,,,,81.39142857142858,0,0,0,7,,ม.2,สด,new,0,4,7
uuid-2569-2021,2569,2026-09,,63.63636363636363,,,,79.504,0,0,0,7,,ม.2,สด,new,0,4,7
uuid-2569-2023,2569,2026-09,,55.68181818181818,,,,76.02777777777777,0,0,0,7,,ม.3,สด,new,0,4,7
uuid-2569-2024,2569,2026-09,,84.0909090909091,,,,80.85,0,0,0,7,,ม.3,สด,new,0,2,7
uuid-2569-2026,2569,2026-09,,95.45454545454545,,,,87.50909090909092,0,0,0,7,,ม.3,สด,new,0,4,7
uuid-2569-2027,2569,2026-09,,75.0,,,,81.39090909090909,0,0,0,7,,ม.2,เทป,old,3,4,4
uuid-2569-2030,2569,2026-09,,95.58823529411765,,,,86.22307692307693,0,0,0,7,,ม.3,สด,new,1,4,6
uuid-2569-2031,2569,2026-09,,81.81818181818183,,,,87.82758620689657,0,0,0,7,,ม.2,เทป,new,0,4,7
uuid-2569-2032,2569,2026-09,,82.35294117647058,,,,81.05909090909091,0,0,0,7,,ม.3,สด,new,1,3,6
uuid-2569-2033,2569,2026-09,,86.36363636363636,,,,86.5076923076923,0,0,0,7,,ม.2,เทป,new,0,2,7
uuid-2569-2035,2569,2026-09,,84.31372549019608,,,,77.35263157894737,0,0,0,7,,ม.3,สด,old,1,3,6
uuid-2569-2036,2569,2026-09,,93.18181818181817,,,,82.55333333333334,0,0,0,7,,ม.2,สด,new,0,2,7
uuid-2569-2037,2569,2026-09,,94.31818181818183,,,,88.05142857142856,0,0,0,7,,ม.2,สด,new,0,4,7
uuid-2569-2038,2569,2026-09,,93.93939393939394,,,,80.57619047619048,0,0,0,7,,ม.1,สด,new,0,3,7
uuid-2569-2041,2569,2026-09,,62.5,,,,73.19565217391305,0,0,0,7,,ม.2,สด,old,0,4,7
uuid-2569-2044,2569,2026-09,,70.45454545454545,,,,74.68400000000001,0,0,0,7,,ม.3,สด,old,0,4,7
uuid-2569-2045,2569,2026-09,,82.35294117647058,,,,81.0086956521739,0,0,0,7,,ม.1,สด,new,1,4,6
uuid-2569-2047,2569,2026-09,,94.31818181818183,,,,89.08857142857143,0,0,0,7,,ม.2,สด,new,0,4,7
uuid-2569-2048,2569,2026-09,,98.86363636363636,,,,88.97058823529412,0,0,0,7,,ม.2,สด,new,0,4,7
uuid-2569-2050,2569,2026-09,,77.94117647058823,,,,72.15454545454546,0,0,0,7,,ม.2,สด,old,1,4,6
uuid-2569-2051,2569,2026-09,,80.76923076923077,,,,85.72941176470589,0,0,0,7,,ม.3,สด,old,2,4,5
uuid-2569-2053,2569,2026-09,,80.68181818181817,,,,78.88387096774193,0,0,0,7,,ม.3,สด,old,0,4,7
uuid-2569-2056,2569,2026-09,,66.66666666666666,,,,68.44615384615385,0,0,0,7,,ม.2,สด,new,3,4,4
uuid-2569-2059,2569,2026-09,,90.9090909090909,,,,89.02941176470588,0,0,0,7,,ม.2,สด,old,0,2,7
uuid-2569-2060,2569,2026-09,,86.36363636363636,,,,86.99411764705883,0,0,0,7,,ม.2,เทป,new,0,4,7
uuid-2569-2062,2569,2026-09,,95.45454545454545,,,,87.60769230769232,0,0,0,7,,ม.3,สด,old,0,3,7
uuid-2569-2063,2569,2026-09,,51.13636363636363,,,,76.04666666666665,0,0,0,7,,ม.3,เทป,new,0,4,7
uuid-2569-2064,2569,2026-09,,72.05882352941177,,,,72.69444444444444,0,0,0,7,,ม.2,สด,old,1,4,6
uuid-2569-2067,2569,2026-09,,96.96969696969697,,,,88.22800000000001,0,0,0,7,,ม.3,สด,new,0,3,7
uuid-2569-2070,2569,2026-09,,63.63636363636363,,,,76.86666666666667,0,0,0,7,,ม.3,สด,new,0,4,7
uuid-2569-2072,2569,2026-09,,72.72727272727273,,,,80.21333333333334,0,0,0,7,,ม.2,สด,new,0,2,7
uuid-2569-2074,2569,2026-09,,97.72727272727273,,,,77.80625,0,0,0,7,,ม.3,สด,new,0,2,7
uuid-2569-2075,2569,2026-09,,78.4090909090909,,,,82.08387096774192,0,0,0,7,,ม.2,สด,new,0,4,7
uuid-2569-2076,2569,2026-09,,68.18181818181817,,,,72.072,0,0,0,7,,ม.3,สด,new,0,4,7
uuid-2569-2077,2569,2026-09,,100.0,,,,88.35641025641024,0,0,0,7,,ม.3,สด,new,0,4,7
uuid-2569-2078,2569,2026-09,,67.04545454545455,,,,69.19999999999999,0,0,0,7,,ม.3,สด,new,0,4,7
uuid-2569-2079,2569,2026-09,,93.18181818181817,,,,87.32903225806452,0,0,0,7,,ม.1,สด,new,0,4,7
uuid-2569-2080,2569,2026-09,,86.36363636363636,,,,88.58387096774193,0,0,0,7,,ม.2,สด,new,0,4,7
uuid-2569-2081,2569,2026-09,,86.36363636363636,,,,79.72857142857143,0,0,0,7,,ม.3,สด,new,0,4,7
uuid-2569-2084,2569,2026-09,,97.72727272727273,,,,86.95428571428572,0,0,0,7,,ม.2,สด,old,0,4,7
uuid-2569-2085,2569,2026-09,,78.4090909090909,,,,78.175,0,0,0,7,,ม.2,สด,new,0,4,7
uuid-2569-2086,2569,2026-09,,84.0909090909091,,,,82.1969696969697,0,0,0,7,,ม.2,เทป,new,0,4,7
uuid-2569-2090,2569,2026-09,,69.31818181818183,,,,75.7,0,0,0,7,,ม.3,สด,new,0,4,7
uuid-2569-2093,2569,2026-09,,53.03030303030303,,,,69.7357142857143,0,0,0,7,,ม.1,สด,new,0,3,7
uuid-2569-2097,2569,2026-09,,68.18181818181817,,,,74.98947368421054,0,0,0,7,,ม.3,สด,new,0,3,7
uuid-2569-2104,2569,2026-09,,65.9090909090909,,,,72.65172413793104,0,0,0,7,,ม.2,สด,old,0,4,7
uuid-2569-2107,2569,2026-09,,75.0,,,,73.70666666666668,0,0,0,7,,ม.2,เทป,new,2,4,5
uuid-2569-2109,2569,2026-09,,76.13636363636364,,,,80.44074074074072,0,0,0,7,,ม.2,เทป,new,0,4,7
uuid-2569-2110,2569,2026-09,,97.72727272727273,,,,90.51515151515152,0,0,0,7,,ม.3,สด,new,0,4,7
uuid-2569-2111,2569,2026-09,,52.27272727272727,,,,59.83125,0,0,0,7,,ม.2,สด,new,0,4,7
uuid-2569-2112,2569,2026-09,,70.45454545454545,,,,80.40645161290323,0,0,0,7,,ม.3,สด,new,0,4,7
uuid-2569-2113,2569,2026-09,,77.27272727272727,,,,76.6590909090909,0,0,0,7,,ม.2,เทป,new,0,3,7
uuid-2569-2114,2569,2026-09,,62.5,,,,65.39333333333335,0,0,0,7,,ม.2,สด,new,0,4,7
uuid-2569-2116,2569,2026-09,,91.17647058823529,,,,85.73333333333333,0,0,0,7,,ม.2,สด,old,1,4,6
uuid-2569-2117,2569,2026-09,,100.0,,,,88.06190476190476,0,0,0,7,,ม.2,สด,new,1,3,6
uuid-2569-2119,2569,2026-09,,94.31818181818183,,,,89.13793103448275,0,0,0,7,,ม.2,สด,new,0,4,7
uuid-2569-2120,2569,2026-09,,78.4090909090909,,,,80.87272727272727,0,0,0,7,,ม.3,สด,new,0,4,7
uuid-2569-2121,2569,2026-09,,95.58823529411765,,,,86.77586206896552,0,0,0,7,,ม.3,สด,new,1,4,6
uuid-2569-2122,2569,2026-09,,86.36363636363636,,,,83.99032258064517,0,0,0,7,,ม.2,สด,old,0,4,7
uuid-2569-2123,2569,2026-09,,85.22727272727273,,,,83.57333333333332,0,0,0,7,,ม.1,สด,new,0,4,7
uuid-2569-2124,2569,2026-09,,69.31818181818183,,,,66.50416666666666,0,0,0,7,,ม.2,สด,new,0,4,7
uuid-2569-2125,2569,2026-09,,71.5909090909091,,,,67.58888888888889,0,0,0,7,,ม.2,สด,old,0,4,7
uuid-2569-2129,2569,2026-09,,96.07843137254902,,,,88.87619047619049,0,0,0,7,,ม.1,สด,new,1,3,6
uuid-2569-2130,2569,2026-09,,89.70588235294117,,,,86.08214285714287,0,0,0,7,,ม.2,สด,new,1,4,6
uuid-2569-2131,2569,2026-09,,65.15151515151516,,,,70.4608695652174,0,0,0,7,,ม.3,สด,new,0,3,7
uuid-2569-2132,2569,2026-09,,79.54545454545455,,,,76.8,0,0,0,7,,ม.1,สด,old,0,2,7
uuid-2569-2133,2569,2026-09,,79.54545454545455,,,,84.85,0,0,0,7,,ม.3,สด,new,0,4,7
uuid-2569-2135,2569,2026-09,,77.27272727272727,,,,79.90714285714286,0,0,0,7,,ม.2,เทป,new,0,4,7
uuid-2569-2136,2569,2026-09,,61.36363636363637,,,,74.74285714285715,0,0,0,7,,ม.3,เทป,new,0,4,7
uuid-2569-2137,2569,2026-09,,100.0,,,,86.3025641025641,0,0,0,7,,ม.3,สด,new,0,4,7
uuid-2569-2141,2569,2026-09,,75.0,,,,75.81500000000001,0,0,0,7,,ม.2,สด,new,1,4,6
uuid-2569-2146,2569,2026-09,,92.42424242424242,,,,85.23181818181817,0,0,0,7,,ม.2,สด,new,0,3,7
uuid-2569-2149,2569,2026-09,,63.63636363636363,,,,64.94444444444443,0,0,0,7,,ม.3,สด,old,0,2,7
uuid-2569-2150,2569,2026-09,,98.52941176470588,,,,86.37407407407409,0,0,0,7,,ม.3,สด,new,1,4,6
