student_key,year,week_start,week_end,att_week_pct,att_cum_pct,silent_weeks,streak_weeks,practice_done,practice_total,practice_pct,practice_avg_score,checkpoint_done,checkpoint_total,checkpoint_pct,checkpoint_avg_score,tier
2568-1001,2568,2025-03-03,2025-03-09,,,0,0,0,4,0.0,,0,0,,,green
2568-1002,2568,2025-03-03,2025-03-09,75.0,75.0,0,1,0,4,0.0,,0,0,,,green
2568-1003,2568,2025-03-03,2025-03-09,100.0,100.0,0,1,0,4,0.0,,0,0,,,green
2568-1004,2568,2025-03-03,2025-03-09,75.0,75.0,0,1,0,4,0.0,,0,0,,,green
2568-1005,2568,2025-03-03,2025-03-09,75.0,75.0,0,1,0,4,0.0,,0,0,,,green
2568-1006,2568,2025-03-03,2025-03-09,100.0,100.0,0,1,0,3,0.0,,0,0,,,green
2568-1007,2568,2025-03-03,2025-03-09,,,0,0,0,4,0.0,,0,0,,,green
2568-1008,2568,2025-03-03,2025-03-09,,,0,0,0,4,0.0,,0,0,,,green
2568-1009,2568,2025-03-03,2025-03-09,,,0,0,0,4,0.0,,0,0,,,green
2568-1010,2568,2025-03-03,2025-03-09,,,0,0,0,4,0.0,,0,0,,,green
2568-1011,2568,2025-03-03,2025-03-09,,,0,0,0,4,0.0,,0,0,,,green
2568-1012,2568,2025-03-03,2025-03-09,100.0,100.0,0,1,0,2,0.0,,0,0,,,green
2568-1013,2568,2025-03-03,2025-03-09,,,0,0,0,4,0.0,,0,0,,,green
2568-1014,2568,2025-03-03,2025-03-09,75.0,75.0,0,1,0,4,0.0,,0,0,,,green
2568-1015,2568,2025-03-03,2025-03-09,0.0,0.0,1,0,0,2,0.0,,0,0,,,red
2568-1016,2568,2025-03-03,2025-03-09,75.0,75.0,0,1,0,4,0.0,,0,0,,,green
2568-1017,2568,2025-03-03,2025-03-09,75.0,75.0,0,1,0,4,0.0,,0,0,,,green
2568-1018,2568,2025-03-03,2025-03-09,,,0,0,0,3,0.0,,0,0,,,green
2568-1019,2568,2025-03-03,2025-03-09,,,0,0,0,4,0.0,,0,0,,,green
2568-1020,2568,2025-03-03,2025-03-09,,,0,0,0,4,0.0,,0,0,,,green
2568-1021,2568,2025-03-03,2025-03-09,75.0,75.0,0,1,0,4,0.0,,0,0,,,green
2568-1022,2568,2025-03-03,2025-03-09,33.333333333333336,33.333333333333336,0,0,0,3,0.0,,0,0,,,orange
2568-1023,2568,2025-03-03,2025-03-09,,,0,0,0,2,0.0,,0,0,,,green
2568-1024,2568,2025-03-03,2025-03-09,,,0,0,0,2,0.0,,0,0,,,green
2568-1025,2568,2025-03-03,2025-03-09,0.0,0.0,1,0,0,2,0.0,,0,0,,,red
2568-1026,2568,2025-03-03,2025-03-09,75.0,75.0,0,1,0,4,0.0,,0,0,,,green
2568-1027,2568,2025-03-03,2025-03-09,100.0,100.0,0,1,0,4,0.0,,0,0,,,green
2568-1028,2568,2025-03-03,2025-03-09,100.0,100.0,0,1,0,4,0.0,,0,0,,,green
2568-1029,2568,2025-03-03,2025-03-09,100.0,100.0,0,1,0,4,0.0,,0,0,,,green
2568-1030,2568,2025-03-03,2025-03-09,100.0,100.0,0,1,0,4,0.0,,0,0,,,green
2568-1031,2568,2025-03-03,2025-03-09,50.0,50.0,0,0,0,4,0.0,,0,0,,,yellow
2568-1032,2568,2025-03-03,2025-03-09,100.0,100.0,0,1,0,4,0.0,,0,0,,,green
2568-1033,2568,2025-03-03,2025-03-09,100.0,100.0,0,1,0,2,0.0,,0,0,,,green
2568-1034,2568,2025-03-03,2025-03-09,,,0,0,0,3,0.0,,0,0,,,green
2568-1035,2568,2025-03-03,2025-03-09,,,0,0,0,2,0.0,,0,0,,,green
2568-1036,2568,2025-03-03,2025-03-09,75.0,75.0,0,1,0,4,0.0,,0,0,,,green
2568-1037,2568,2025-03-03,2025-03-09,100.0,100.0,0,1,0,3,0.0,,0,0,,,green
2568-1038,2568,2025-03-03,2025-03-09,33.333333333333336,33.333333333333336,0,0,0,3,0.0,,0,0,,,orange
2568-1039,2568,2025-03-03,2025-03-09,,,0,0,0,3,0.0,,0,0,,,green
2568-1040,2568,2025-03-03,2025-03-09,0.0,0.0,1,0,0,3,0.0,,0,0,,,red
2568-1041,2568,2025-03-03,2025-03-09,100.0,100.0,0,1,0,4,0.0,,0,0,,,green
2568-1042,2568,2025-03-03,2025-03-09,,,0,0,0,4,0.0,,0,0,,,green
2568-1043,2568,2025-03-03,2025-03-09,100.0,100.0,0,1,0,4,0.0,,0,0,,,green
2568-1044,2568,2025-03-03,2025-03-09,0.0,0.0,1,0,0,2,0.0,,0,0,,,red
2568-1045,2568,2025-03-03,2025-03-09,100.0,100.0,0,1,0,4,0.0,,0,0,,,green
2568-1046,2568,2025-03-03,2025-03-09,100.0,100.0,0,1,0,4,0.0,,0,0,,,green
2568-1047,2568,2025-03-03,2025-03-09,75.0,75.0,0,1,0,4,0.0,,0,0,,,green
2568-1048,2568,2025-03-03,2025-03-09,100.0,100.0,0,1,0,3,0.0,,0,0,,,green
2568-1049,2568,2025-03-03,2025-03-09,66.66666666666667,66.66666666666667,0,0,0,3,0.0,,0,0,,,yellow
2568-1050,2568,2025-03-03,2025-03-09,75.0,75.0,0,1,0,4,0.0,,0,0,,,green
2568-1051,2568,2025-03-03,2025-03-09,50.0,50.0,0,0,0,2,0.0,,0,0,,,yellow
2568-1052,2568,2025-03-03,2025-03-09,100.0,100.0,0,1,0,4,0.0,,0,0,,,green
2568-1053,2568,2025-03-03,2025-03-09,50.0,50.0,0,0,0,2,0.0,,0,0,,,yellow
2568-1054,2568,2025-03-03,2025-03-09,,,0,0,0,3,0.0,,0,0,,,green
2568-1055,2568,2025-03-03,2025-03-09,50.0,50.0,0,0,0,4,0.0,,0,0,,,yellow
2568-1056,2568,2025-03-03,2025-03-09,50.0,50.0,0,0,0,4,0.0,,0,0,,,yellow
2568-1057,2568,2025-03-03,2025-03-09,100.0,100.0,0,1,0,4,0.0,,0,0,,,green
2568-1058,2568,2025-03-03,2025-03-09,100.0,100.0,0,1,0,2,0.0,,0,0,,,green
2568-1059,2568,2025-03-03,2025-03-09,,,0,0,0,3,0.0,,0,0,,,green
2568-1060,2568,2025-03-03,2025-03-09,,,0,0,0,2,0.0,,0,0,,,green
2568-1061,2568,2025-03-03,2025-03-09,25.0,25.0,0,0,0,4,0.0,,0,0,,,orange
2568-1062,2568,2025-03-03,2025-03-09,,,0,0,0,3,0.0,,0,0,,,green
2568-1063,2568,2025-03-03,2025-03-09,,,0,0,0,4,0.0,,0,0,,,green
2568-1064,2568,2025-03-03,2025-03-09,50.0,50.0,0,0,0,2,0.0,,0,0,,,yellow
2568-1065,2568,2025-03-03,2025-03-09,,,0,0,0,2,0.0,,0,0,,,green
2568-1066,2568,2025-03-03,2025-03-09,75.0,75.0,0,1,0,4,0.0,,0,0,,,green
2568-1067,2568,2025-03-03,2025-03-09,,,0,0,0,4,0.0,,0,0,,,green
2568-1068,2568,2025-03-03,2025-03-09,100.0,100.0,0,1,0,3,0.0,,0,0,,,green
2568-1069,2568,2025-03-03,2025-03-09,100.0,100.0,0,1,0,4,0.0,,0,0,,,green
2568-1070,2568,2025-03-03,2025-03-09,100.0,100.0,0,1,0,3,0.0,,0,0,,,green
2568-1071,2568,2025-03-03,2025-03-09,100.0,100.0,0,1,0,3,0.0,,0,0,,,green
2568-1072,2568,2025-03-03,2025-03-09,100.0,100.0,0,1,0,2,0.0,,0,0,,,green
2568-1073,2568,2025-03-03,2025-03-09,,,0,0,0,4,0.0,,0,0,,,green
2568-1074,2568,2025-03-03,2025-03-09,25.0,25.0,0,0,0,4,0.0,,0,0,,,orange
2568-1075,2568,2025-03-03,2025-03-09,100.0,100.0,0,1,0,2,0.0,,0,0,,,green
2568-1076,2568,2025-03-03,2025-03-09,50.0,50.0,0,0,0,4,0.0,,0,0,,,yellow
2568-1077,2568,2025-03-03,2025-03-09,,,0,0,0,4,0.0,,0,0,,,green
2568-1078,2568,2025-03-03,2025-03-09,,,0,0,0,4,0.0,,0,0,,,green
2568-1079,2568,2025-03-03,2025-03-09,,,0,0,0,4,0.0,,0,0,,,green
2568-1080,2568,2025-03-03,2025-03-09,,,0,0,0,4,0.0,,0,0,,,green
2568-1081,2568,2025-03-03,2025-03-09,,,0,0,0,4,0.0,,0,0,,,green
2568-1082,2568,2025-03-03,2025-03-09,,,0,0,0,4,0.0,,0,0,,,green
2568-1083,2568,2025-03-03,2025-03-09,,,0,0,0,2,0.0,,0,0,,,green
2568-1084,2568,2025-03-03,2025-03-09,100.0,100.0,0,1,0,4,0.0,,0,0,,,green
2568-1085,2568,2025-03-03,2025-03-09,,,0,0,0,4,0.0,,0,0,,,green
2568-1086,2568,2025-03-03,2025-03-09,0.0,0.0,1,0,0,2,0.0,,0,0,,,red
2568-1087,2568,2025-03-03,2025-03-09,75.0,75.0,0,1,0,4,0.0,,0,0,,,green
2568-1088,2568,2025-03-03,2025-03-09,,,0,0,0,4,0.0,,0,0,,,green
2568-1089,2568,2025-03-03,2025-03-09,,,0,0,0,2,0.0,,0,0,,,green
2568-1090,2568,2025-03-03,2025-03-09,25.0,25.0,0,0,0,4,0.0,,0,0,,,orange
2568-1091,2568,2025-03-03,2025-03-09,,,0,0,0,2,0.0,,0,0,,,green
2568-1092,2568,2025-03-03,2025-03-09,50.0,50.0,0,0,0,2,0.0,,0,0,,,yellow
2568-1093,2568,2025-03-03,2025-03-09,100.0,100.0,0,1,0,3,0.0,,0,0,,,green
2568-1094,2568,2025-03-03,2025-03-09,100.0,100.0,0,1,0,3,0.0,,0,0,,,green
2568-1095,2568,2025-03-03,2025-03-09,75.0,75.0,0,1,0,4,0.0,,0,0,,,green
2568-1096,2568,2025-03-03,2025-03-09,75.0,75.0,0,1,0,4,0.0,,0,0,,,green
2568-1097,2568,2025-03-03,2025-03-09,100.0,100.0,0,1,0,2,0.0,,0,0,,,green
2568-1098,2568,2025-03-03,2025-03-09,100.0,100.0,0,1,0,2,0.0,,0,0,,,green
2568-1099,2568,2025-03-03,2025-03-09,100.0,100.0,0,1,0,4,0.0,,0,0,,,green
2568-1100,2568,2025-03-03,2025-03-09,,,0,0,0,3,0.0,,0,0,,,green
2568-1101,2568,2025-03-03,2025-03-09,50.0,50.0,0,0,0,2,0.0,,0,0,,,yellow
2568-1102,2568,2025-03-03,2025-03-09,100.0,100.0,0,1,0,3,0.0,,0,0,,,green
2568-1103,2568,2025-03-03,2025-03-09,,,0,0,0,4,0.0,,0,0,,,green
2568-1104,2568,2025-03-03,2025-03-09,25.0,25.0,0,0,0,4,0.0,,0,0,,,orange
2568-1105,2568,2025-03-03,2025-03-09,100.0,100.0,0,1,0,3,0.0,,0,0,,,green
2568-1106,2568,2025-03-03,2025-03-09,25.0,25.0,0,0,0,4,0.0,,0,0,,,orange
2568-1107,2568,2025-03-03,2025-03-09,,,0,0,0,4,0.0,,0,0,,,green
2568-1108,2568,2025-03-03,2025-03-09,66.66666666666667,66.66666666666667,0,0,0,3,0.0,,0,0,,,yellow
2568-1109,2568,2025-03-03,2025-03-09,100.0,100.0,0,1,0,3,0.0,,0,0,,,green
2568-1110,2568,2025-03-03,2025-03-09,,,0,0,0,3,0.0,,0,0,,,green
2568-1111,2568,2025-03-03,2025-03-09,75.0,75.0,0,1,0,4,0.0,,0,0,,,green
2568-1112,2568,2025-03-03,2025-03-09,75.0,75.0,0,1,0,4,0.0,,0,0,,,green
2568-1113,2568,2025-03-03,2025-03-09,,,0,0,0,4,0.0,,0,0,,,green
2568-1114,2568,2025-03-03,2025-03-09,,,0,0,0,4,0.0,,0,0,,,green
2568-1115,2568,2025-03-03,2025-03-09,,,0,0,0,4,0.0,,0,0,,,green
2568-1116,2568,2025-03-03,2025-03-09,,,0,0,0,2,0.0,,0,0,,,green
2568-1117,2568,2025-03-03,2025-03-09,50.0,50.0,0,0,0,4,0.0,,0,0,,,yellow
2568-1118,2568,2025-03-03,2025-03-09,50.0,50.0,0,0,0,4,0.0,,0,0,,,yellow
2568-1119,2568,2025-03-03,2025-03-09,,,0,0,0,4,0.0,,0,0,,,green
2568-1120,2568,2025-03-03,2025-03-09,,,0,0,0,3,0.0,,0,0,,,green
2568-1121,2568,2025-03-03,2025-03-09,,,0,0,0,4,0.0,,0,0,,,green
2568-1122,2568,2025-03-03,2025-03-09,100.0,100.0,0,1,0,4,0.0,,0,0,,,green
2568-1123,2568,2025-03-03,2025-03-09,75.0,75.0,0,1,0,4,0.0,,0,0,,,green
2568-1124,2568,2025-03-03,2025-03-09,100.0,100.0,0,1,0,4,0.0,,0,0,,,green
2568-1125,2568,2025-03-03,2025-03-09,100.0,100.0,0,1,0,4,0.0,,0,0,,,green
2568-1126,2568,2025-03-03,2025-03-09,,,0,0,0,4,0.0,,0,0,,,green
2568-1127,2568,2025-03-03,2025-03-09,,,0,0,0,4,0.0,,0,0,,,green
2568-1128,2568,2025-03-03,2025-03-09,,,0,0,0,2,0.0,,0,0,,,green
2568-1129,2568,2025-03-03,2025-03-09,,,0,0,0,4,0.0,,0,0,,,green
2568-1130,2568,2025-03-03,2025-03-09,66.66666666666667,66.66666666666667,0,0,0,3,0.0,,0,0,,,yellow
2568-1131,2568,2025-03-03,2025-03-09,75.0,75.0,0,1,0,4,0.0,,0,0,,,green
2568-1132,2568,2025-03-03,2025-03-09,75.0,75.0,0,1,0,4,0.0,,0,0,,,green
2568-1133,2568,2025-03-03,2025-03-09,100.0,100.0,0,1,0,4,0.0,,0,0,,,green
2568-1134,2568,2025-03-03,2025-03-09,,,0,0,0,4,0.0,,0,0,,,green
2568-1135,2568,2025-03-03,2025-03-09,100.0,100.0,0,1,0,4,0.0,,0,0,,,green
2568-1136,2568,2025-03-03,2025-03-09,,,0,0,0,3,0.0,,0,0,,,green
2568-1137,2568,2025-03-03,2025-03-09,75.0,75.0,0,1,0,4,0.0,,0,0,,,green
2568-1138,2568,2025-03-03,2025-03-09,,,0,0,0,4,0.0,,0,0,,,green
2568-1139,2568,2025-03-03,2025-03-09,50.0,50.0,0,0,0,4,0.0,,0,0,,,yellow
2568-1140,2568,2025-03-03,2025-03-09,100.0,100.0,0,1,0,3,0.0,,0,0,,,green
2568-1141,2568,2025-03-03,2025-03-09,66.66666666666667,66.66666666666667,0,0,0,3,0.0,,0,0,,,yellow
2568-1142,2568,2025-03-03,2025-03-09,75.0,75.0,0,1,0,4,0.0,,0,0,,,green
2568-1143,2568,2025-03-03,2025-03-09,100.0,100.0,0,1,0,3,0.0,,0,0,,,green
2568-1144,2568,2025-03-03,2025-03-09,50.0,50.0,0,0,0,2,0.0,,0,0,,,yellow
2568-1145,2568,2025-03-03,2025-03-09,100.0,100.0,0,1,0,4,0.0,,0,0,,,green
2568-1146,2568,2025-03-03,2025-03-09,33.333333333333336,33.333333333333336,0,0,0,3,0.0,,0,0,,,orange
2568-1147,2568,2025-03-03,2025-03-09,50.0,50.0,0,0,0,4,0.0,,0,0,,,yellow
2568-1148,2568,2025-03-03,2025-03-09,100.0,100.0,0,1,0,3,0.0,,0,0,,,green
2568-1149,2568,2025-03-03,2025-03-09,,,0,0,0,3,0.0,,0,0,,,green
2568-1150,2568,2025-03-03,2025-03-09,100.0,100.0,0,1,0,3,0.0,,0,0,,,green
2568-1151,2568,2025-03-03,2025-03-09,33.333333333333336,33.333333333333336,0,0,0,3,0.0,,0,0,,,orange
2568-1152,2568,2025-03-03,2025-03-09,75.0,75.0,0,1,0,4,0.0,,0,0,,,green
2568-1153,2568,2025-03-03,2025-03-09,,,0,0,0,4,0.0,,0,0,,,green
2568-1154,2568,2025-03-03,2025-03-09,,,0,0,0,2,0.0,,0,0,,,green
2568-1155,2568,2025-03-03,2025-03-09,66.66666666666667,66.66666666666667,0,0,0,3,0.0,,0,0,,,yellow
2568-1156,2568,2025-03-03,2025-03-09,50.0,50.0,0,0,0,4,0.0,,0,0,,,yellow
2568-1157,2568,2025-03-03,2025-03-09,100.0,100.0,0,1,0,4,0.0,,0,0,,,green
2568-1158,2568,2025-03-03,2025-03-09,100.0,100.0,0,1,0,4,0.0,,0,0,,,green
2568-1159,2568,2025-03-03,2025-03-09,,,0,0,0,3,0.0,,0,0,,,green
2568-1160,2568,2025-03-03,2025-03-09,,,0,0,0,4,0.0,,0,0,,,green
2568-1001,2568,2025-03-10,2025-03-16,,,0,0,0,4,0.0,,0,0,,,green
2568-1002,2568,2025-03-10,2025-03-16,75.0,75.0,0,2,0,4,0.0,,0,0,,,green
2568-1003,2568,2025-03-10,2025-03-16,75.0,87.5,0,2,0,4,0.0,,0,0,,,green
2568-1004,2568,2025-03-10,2025-03-16,25.0,50.0,0,0,0,4,0.0,,0,0,,,orange
2568-1005,2568,2025-03-10,2025-03-16,25.0,50.0,0,0,0,4,0.0,,0,0,,,orange
2568-1006,2568,2025-03-10,2025-03-16,100.0,100.0,0,2,0,3,0.0,,0,0,,,green
2568-1007,2568,2025-03-10,2025-03-16,,,0,0,0,4,0.0,,0,0,,,green
2568-1008,2568,2025-03-10,2025-03-16,,,0,0,0,4,0.0,,0,0,,,green
2568-1009,2568,2025-03-10,2025-03-16,,,0,0,0,4,0.0,,0,0,,,green
2568-1010,2568,2025-03-10,2025-03-16,,,0,0,0,4,0.0,,0,0,,,green
2568-1011,2568,2025-03-10,2025-03-16,,,0,0,0,4,0.0,,0,0,,,green
2568-1012,2568,2025-03-10,2025-03-16,100.0,100.0,0,2,0,2,0.0,,0,0,,,green
2568-1013,2568,2025-03-10,2025-03-16,,,0,0,0,4,0.0,,0,0,,,green
2568-1014,2568,2025-03-10,2025-03-16,50.0,62.5,0,0,0,4,0.0,,0,0,,,yellow
2568-1015,2568,2025-03-10,2025-03-16,50.0,25.0,0,0,0,2,0.0,,0,0,,,yellow
2568-1016,2568,2025-03-10,2025-03-16,75.0,75.0,0,2,0,4,0.0,,0,0,,,green
2568-1017,2568,2025-03-10,2025-03-16,100.0,87.5,0,2,0,4,0.0,,0,0,,,green
2568-1018,2568,2025-03-10,2025-03-16,,,0,0,0,3,0.0,,0,0,,,green
2568-1019,2568,2025-03-10,2025-03-16,,,0,0,0,4,0.0,,0,0,,,green
2568-1020,2568,2025-03-10,2025-03-16,,,0,0,0,4,0.0,,0,0,,,green
2568-1021,2568,2025-03-10,2025-03-16,50.0,62.5,0,0,0,4,0.0,,0,0,,,yellow
2568-1022,2568,2025-03-10,2025-03-16,33.333333333333336,33.333333333333336,0,0,0,3,0.0,,0,0,,,orange
2568-1023,2568,2025-03-10,2025-03-16,,,0,0,0,2,0.0,,0,0,,,green
2568-1024,2568,2025-03-10,2025-03-16,,,0,0,0,2,0.0,,0,0,,,green
2568-1025,2568,2025-03-10,2025-03-16,50.0,25.0,0,0,0,2,0.0,,0,0,,,yellow
2568-1026,2568,2025-03-10,2025-03-16,75.0,75.0,0,2,0,4,0.0,,0,0,,,green
2568-1027,2568,2025-03-10,2025-03-16,100.0,100.0,0,2,0,4,0.0,,0,0,,,green
2568-1028,2568,2025-03-10,2025-03-16,100.0,100.0,0,2,0,4,0.0,,0,0,,,green
2568-1029,2568,2025-03-10,2025-03-16,100.0,100.0,0,2,0,4,0.0,,0,0,,,green
2568-1030,2568,2025-03-10,2025-03-16,75.0,87.5,0,2,0,4,0.0,,0,0,,,green
2568-1031,2568,2025-03-10,2025-03-16,75.0,62.5,0,1,0,4,0.0,,0,0,,,green
2568-1032,2568,2025-03-10,2025-03-16,100.0,100.0,0,2,0,4,0.0,,0,0,,,green
2568-1033,2568,2025-03-10,2025-03-16,0.0,50.0,1,0,0,2,0.0,,0,0,,,red
2568-1034,2568,2025-03-10,2025-03-16,,,0,0,0,3,0.0,,0,0,,,green
2568-1035,2568,2025-03-10,2025-03-16,,,0,0,0,2,0.0,,0,0,,,green
2568-1036,2568,2025-03-10,2025-03-16,100.0,87.5,0,2,0,4,0.0,,0,0,,,green
2568-1037,2568,2025-03-10,2025-03-16,100.0,100.0,0,2,0,3,0.0,,0,0,,,green
2568-1038,2568,2025-03-10,2025-03-16,33.333333333333336,33.333333333333336,0,0,0,3,0.0,,0,0,,,orange
2568-1039,2568,2025-03-10,2025-03-16,,,0,0,0,3,0.0,,0,0,,,green
2568-1040,2568,2025-03-10,2025-03-16,33.333333333333336,16.666666666666668,0,0,0,3,0.0,,0,0,,,orange
2568-1041,2568,2025-03-10,2025-03-16,75.0,87.5,0,2,0,4,0.0,,0,0,,,green
2568-1042,2568,2025-03-10,2025-03-16,,,0,0,0,4,0.0,,0,0,,,green
2568-1043,2568,2025-03-10,2025-03-16,75.0,87.5,0,2,0,4,0.0,,0,0,,,green
2568-1044,2568,2025-03-10,2025-03-16,50.0,25.0,0,0,0,2,0.0,,0,0,,,yellow
2568-1045,2568,2025-03-10,2025-03-16,100.0,100.0,0,2,0,4,0.0,,0,0,,,green
2568-1046,2568,2025-03-10,2025-03-16,100.0,100.0,0,2,0,4,0.0,,0,0,,,green
2568-1047,2568,2025-03-10,2025-03-16,25.0,50.0,0,0,0,4,0.0,,0,0,,,orange
2568-1048,2568,2025-03-10,2025-03-16,100.0,100.0,0,2,0,3,0.0,,0,0,,,green
2568-1049,2568,2025-03-10,2025-03-16,33.333333333333336,50.0,0,0,0,3,0.0,,0,0,,,orange
2568-1050,2568,2025-03-10,2025-03-16,100.0,87.5,0,2,0,4,0.0,,0,0,,,green
2568-1051,2568,2025-03-10,2025-03-16,50.0,50.0,0,0,0,2,0.0,,0,0,,,yellow
2568-1052,2568,2025-03-10,2025-03-16,50.0,75.0,0,0,0,4,0.0,,0,0,,,yellow
2568-1053,2568,2025-03-10,2025-03-16,100.0,75.0,0,1,0,2,0.0,,0,0,,,green
2568-1054,2568,2025-03-10,2025-03-16,,,0,0,0,3,0.0,,0,0,,,green
2568-1055,2568,2025-03-10,2025-03-16,50.0,50.0,0,0,0,4,0.0,,0,0,,,yellow
2568-1056,2568,2025-03-10,2025-03-16,75.0,62.5,0,1,0,4,0.0,,0,0,,,green
2568-1057,2568,2025-03-10,2025-03-16,100.0,100.0,0,2,0,4,0.0,,0,0,,,green
2568-1058,2568,2025-03-10,2025-03-16,100.0,100.0,0,2,0,2,0.0,,0,0,,,green
2568-1059,2568,2025-03-10,2025-03-16,,,0,0,0,3,0.0,,0,0,,,green
2568-1060,2568,2025-03-10,2025-03-16,,,0,0,0,2,0.0,,0,0,,,green
2568-1061,2568,2025-03-10,2025-03-16,75.0,50.0,0,1,0,4,0.0,,0,0,,,green
2568-1062,2568,2025-03-10,2025-03-16,,,0,0,0,3,0.0,,0,0,,,green
2568-1063,2568,2025-03-10,2025-03-16,,,0,0,0,4,0.0,,0,0,,,green
2568-1064,2568,2025-03-10,2025-03-16,100.0,75.0,0,1,0,2,0.0,,0,0,,,green
2568-1065,2568,2025-03-10,2025-03-16,,,0,0,0,2,0.0,,0,0,,,green
2568-1066,2568,2025-03-10,2025-03-16,75.0,75.0,0,2,0,4,0.0,,0,0,,,green
2568-1067,2568,2025-03-10,2025-03-16,,,0,0,0,4,0.0,,0,0,,,green
2568-1068,2568,2025-03-10,2025-03-16,100.0,100.0,0,2,0,3,0.0,,0,0,,,green
2568-1069,2568,2025-03-10,2025-03-16,100.0,100.0,0,2,0,4,0.0,,0,0,,,green
2568-1070,2568,2025-03-10,2025-03-16,33.333333333333336,66.66666666666667,0,0,0,3,0.0,,0,0,,,orange
2568-1071,2568,2025-03-10,2025-03-16,66.66666666666667,83.33333333333333,0,0,0,3,0.0,,0,0,,,yellow
2568-1072,2568,2025-03-10,2025-03-16,50.0,75.0,0,0,0,2,0.0,,0,0,,,yellow
2568-1073,2568,2025-03-10,2025-03-16,,,0,0,0,4,0.0,,0,0,,,green
2568-1074,2568,2025-03-10,2025-03-16,75.0,50.0,0,1,0,4,0.0,,0,0,,,green
2568-1075,2568,2025-03-10,2025-03-16,50.0,75.0,0,0,0,2,0.0,,0,0,,,yellow
2568-1076,2568,2025-03-10,2025-03-16,75.0,62.5,0,1,0,4,0.0,,0,0,,,green
2568-1077,2568,2025-03-10,2025-03-16,,,0,0,0,4,0.0,,0,0,,,green
2568-1078,2568,2025-03-10,2025-03-16,,,0,0,0,4,0.0,,0,0,,,green
2568-1079,2568,2025-03-10,2025-03-16,,,0,0,0,4,0.0,,0,0,,,green
2568-1080,2568,2025-03-10,2025-03-16,,,0,0,0,4,0.0,,0,0,,,green
2568-1081,2568,2025-03-10,2025-03-16,,,0,0,0,4,0.0,,0,0,,,green
2568-1082,2568,2025-03-10,2025-03-16,,,0,0,0,4,0.0,,0,0,,,green
2568-1083,2568,2025-03-10,2025-03-16,,,0,0,0,2,0.0,,0,0,,,green
2568-1084,2568,2025-03-10,2025-03-16,75.0,87.5,0,2,0,4,0.0,,0,0,,,green
2568-1085,2568,2025-03-10,2025-03-16,,,0,0,0,4,0.0,,0,0,,,green
2568-1086,2568,2025-03-10,2025-03-16,50.0,25.0,0,0,0,2,0.0,,0,0,,,yellow
2568-1087,2568,2025-03-10,2025-03-16,100.0,87.5,0,2,0,4,0.0,,0,0,,,green
2568-1088,2568,2025-03-10,2025-03-16,,,0,0,0,4,0.0,,0,0,,,green
2568-1089,2568,2025-03-10,2025-03-16,,,0,0,0,2,0.0,,0,0,,,green
2568-1090,2568,2025-03-10,2025-03-16,25.0,25.0,0,0,0,4,0.0,,0,0,,,orange
2568-1091,2568,2025-03-10,2025-03-16,,,0,0,0,2,0.0,,0,0,,,green
2568-1092,2568,2025-03-10,2025-03-16,100.0,75.0,0,1,0,2,0.0,,0,0,,,green
2568-1093,2568,2025-03-10,2025-03-16,100.0,100.0,0,2,0,3,0.0,,0,0,,,green
2568-1094,2568,2025-03-10,2025-03-16,66.66666666666667,83.33333333333333,0,0,0,3,0.0,,0,0,,,yellow
2568-1095,2568,2025-03-10,2025-03-16,25.0,50.0,0,0,0,4,0.0,,0,0,,,orange
2568-1096,2568,2025-03-10,2025-03-16,75.0,75.0,0,2,0,4,0.0,,0,0,,,green
2568-1097,2568,2025-03-10,2025-03-16,100.0,100.0,0,2,0,2,0.0,,0,0,,,green
2568-1098,2568,2025-03-10,2025-03-16,0.0,50.0,1,0,0,2,0.0,,0,0,,,red
2568-1099,2568,2025-03-10,2025-03-16,0.0,50.0,1,0,0,4,0.0,,0,0,,,red
2568-1100,2568,2025-03-10,2025-03-16,,,0,0,0,3,0.0,,0,0,,,green
2568-1101,2568,2025-03-10,2025-03-16,100.0,75.0,0,1,0,2,0.0,,0,0,,,green
2568-1102,2568,2025-03-10,2025-03-16,100.0,100.0,0,2,0,3,0.0,,0,0,,,green
2568-1103,2568,2025-03-10,2025-03-16,,,0,0,0,4,0.0,,0,0,,,green
2568-1104,2568,2025-03-10,2025-03-16,50.0,37.5,0,0,0,4,0.0,,0,0,,,yellow
2568-1105,2568,2025-03-10,2025-03-16,66.66666666666667,83.33333333333333,0,0,0,3,0.0,,0,0,,,yellow
2568-1106,2568,2025-03-10,2025-03-16,50.0,37.5,0,0,0,4,0.0,,0,0,,,yellow
2568-1107,2568,2025-03-10,2025-03-16,,,0,0,0,4,0.0,,0,0,,,green
2568-1108,2568,2025-03-10,2025-03-16,66.66666666666667,66.66666666666667,0,0,0,3,0.0,,0,0,,,yellow
2568-1109,2568,2025-03-10,2025-03-16,33.333333333333336,66.66666666666667,0,0,0,3,0.0,,0,0,,,orange
2568-1110,2568,2025-03-10,2025-03-16,,,0,0,0,3,0.0,,0,0,,,green
2568-1111,2568,2025-03-10,2025-03-16,50.0,62.5,0,0,0,4,0.0,,0,0,,,yellow
2568-1112,2568,2025-03-10,2025-03-16,75.0,75.0,0,2,0,4,0.0,,0,0,,,green
2568-1113,2568,2025-03-10,2025-03-16,,,0,0,0,4,0.0,,0,0,,,green
2568-1114,2568,2025-03-10,2025-03-16,,,0,0,0,4,0.0,,0,0,,,green
2568-1115,2568,2025-03-10,2025-03-16,,,0,0,0,4,0.0,,0,0,,,green
2568-1116,2568,2025-03-10,2025-03-16,,,0,0,0,2,0.0,,0,0,,,green
2568-1117,2568,2025-03-10,2025-03-16,100.0,75.0,0,1,0,4,0.0,,0,0,,,green
2568-1118,2568,2025-03-10,2025-03-16,50.0,50.0,0,0,0,4,0.0,,0,0,,,yellow
2568-1119,2568,2025-03-10,2025-03-16,,,0,0,0,4,0.0,,0,0,,,green
2568-1120,2568,2025-03-10,2025-03-16,,,0,0,0,3,0.0,,0,0,,,green
2568-1121,2568,2025-03-10,2025-03-16,,,0,0,0,4,0.0,,0,0,,,green
2568-1122,2568,2025-03-10,2025-03-16,75.0,87.5,0,2,0,4,0.0,,0,0,,,green
2568-1123,2568,2025-03-10,2025-03-16,75.0,75.0,0,2,0,4,0.0,,0,0,,,green
2568-1124,2568,2025-03-10,2025-03-16,50.0,75.0,0,0,0,4,0.0,,0,0,,,yellow
2568-1125,2568,2025-03-10,2025-03-16,100.0,100.0,0,2,0,4,0.0,,0,0,,,green
2568-1126,2568,2025-03-10,2025-03-16,,,0,0,0,4,0.0,,0,0,,,green
2568-1127,2568,2025-03-10,2025-03-16,,,0,0,0,4,0.0,,0,0,,,green
2568-1128,2568,2025-03-10,2025-03-16,,,0,0,0,2,0.0,,0,0,,,green
2568-1129,2568,2025-03-10,2025-03-16,,,0,0,0,4,0.0,,0,0,,,green
2568-1130,2568,2025-03-10,2025-03-16,33.333333333333336,50.0,0,0,0,3,0.0,,0,0,,,orange
2568-1131,2568,2025-03-10,2025-03-16,50.0,62.5,0,0,0,4,0.0,,0,0,,,yellow
2568-1132,2568,2025-03-10,2025-03-16,75.0,75.0,0,2,0,4,0.0,,0,0,,,green
2568-1133,2568,2025-03-10,2025-03-16,100.0,100.0,0,2,0,4,0.0,,0,0,,,green
2568-1134,2568,2025-03-10,2025-03-16,,,0,0,0,4,0.0,,0,0,,,green
2568-1135,2568,2025-03-10,2025-03-16,50.0,75.0,0,0,0,4,0.0,,0,0,,,yellow
2568-1136,2568,2025-03-10,2025-03-16,,,0,0,0,3,0.0,,0,0,,,green
2568-1137,2568,2025-03-10,2025-03-16,100.0,87.5,0,2,0,4,0.0,,0,0,,,green
2568-1138,2568,2025-03-10,2025-03-16,,,0,0,0,4,0.0,,0,0,,,green
2568-1139,2568,2025-03-10,2025-03-16,75.0,62.5,0,1,0,4,0.0,,0,0,,,green
2568-1140,2568,2025-03-10,2025-03-16,100.0,100.0,0,2,0,3,0.0,,0,0,,,green
2568-1141,2568,2025-03-10,2025-03-16,66.66666666666667,66.66666666666667,0,0,0,3,0.0,,0,0,,,yellow
2568-1142,2568,2025-03-10,2025-03-16,75.0,75.0,0,2,0,4,0.0,,0,0,,,green
2568-1143,2568,2025-03-10,2025-03-16,100.0,100.0,0,2,0,3,0.0,,0,0,,,green
2568-1144,2568,2025-03-10,2025-03-16,100.0,75.0,0,1,0,2,0.0,,0,0,,,green
2568-1145,2568,2025-03-10,2025-03-16,50.0,75.0,0,0,0,4,0.0,,0,0,,,yellow
2568-1146,2568,2025-03-10,2025-03-16,100.0,66.66666666666667,0,1,0,3,0.0,,0,0,,,green
2568-1147,2568,2025-03-10,2025-03-16,50.0,50.0,0,0,0,4,0.0,,0,0,,,yellow
2568-1148,2568,2025-03-10,2025-03-16,100.0,100.0,0,2,0,3,0.0,,0,0,,,green
2568-1149,2568,2025-03-10,2025-03-16,,,0,0,0,3,0.0,,0,0,,,green
2568-1150,2568,2025-03-10,2025-03-16,100.0,100.0,0,2,0,3,0.0,,0,0,,,green
2568-1151,2568,2025-03-10,2025-03-16,100.0,66.66666666666667,0,1,0,3,0.0,,0,0,,,green
2568-1152,2568,2025-03-10,2025-03-16,50.0,62.5,0,0,0,4,0.0,,0,0,,,yellow
2568-1153,2568,2025-03-10,2025-03-16,,,0,0,0,4,0.0,,0,0,,,green
2568-1154,2568,2025-03-10,2025-03-16,,,0,0,0,2,0.0,,0,0,,,green
2568-1155,2568,2025-03-10,2025-03-16,66.66666666666667,66.66666666666667,0,0,0,3,0.0,,0,0,,,yellow
2568-1156,2568,2025-03-10,2025-03-16,50.0,50.0,0,0,0,4,0.0,,0,0,,,yellow
2568-1157,2568,2025-03-10,2025-03-16,100.0,100.0,0,2,0,4,0.0,,0,0,,,green
2568-1158,2568,2025-03-10,2025-03-16,50.0,75.0,0,0,0,4,0.0,,0,0,,,yellow
2568-1159,2568,2025-03-10,2025-03-16,,,0,0,0,3,0.0,,0,0,,,green
2568-1160,2568,2025-03-10,2025-03-16,,,0,0,0,4,0.0,,0,0,,,green
2568-1001,2568,2025-03-17,2025-03-23,,,0,0,0,8,0.0,,0,0,,,green
2568-1002,2568,2025-03-17,2025-03-23,50.0,66.66666666666667,0,0,4,8,50.0,90.475,0,0,,,yellow
2568-1003,2568,2025-03-17,2025-03-23,75.0,83.33333333333333,0,3,2,8,25.0,65.55,0,0,,,green
2568-1004,2568,2025-03-17,2025-03-23,25.0,41.666666666666664,0,0,2,8,25.0,62.2,0,0,,,orange
2568-1005,2568,2025-03-17,2025-03-23,75.0,58.333333333333336,0,1,1,8,12.5,73.1,0,0,,,green
2568-1006,2568,2025-03-17,2025-03-23,33.333333333333336,77.77777777777777,0,0,2,6,33.333333333333336,78.0,0,0,,,orange
2568-1007,2568,2025-03-17,2025-03-23,,,0,0,0,8,0.0,,0,0,,,green
2568-1008,2568,2025-03-17,2025-03-23,,,0,0,0,8,0.0,,0,0,,,green
2568-1009,2568,2025-03-17,2025-03-23,,,0,0,0,8,0.0,,0,0,,,green
2568-1010,2568,2025-03-17,2025-03-23,,,0,0,0,8,0.0,,0,0,,,green
2568-1011,2568,2025-03-17,2025-03-23,,,0,0,0,8,0.0,,0,0,,,green
2568-1012,2568,2025-03-17,2025-03-23,100.0,100.0,0,3,1,4,25.0,100.0,0,0,,,green
2568-1013,2568,2025-03-17,2025-03-23,,,0,0,0,8,0.0,,0,0,,,green
2568-1014,2568,2025-03-17,2025-03-23,100.0,75.0,0,1,1,8,12.5,68.5,0,0,,,green
2568-1015,2568,2025-03-17,2025-03-23,50.0,33.333333333333336,0,0,2,4,50.0,72.4,0,0,,,yellow
2568-1016,2568,2025-03-17,2025-03-23,75.0,75.0,0,3,4,8,50.0,97.025,0,0,,,green
2568-1017,2568,2025-03-17,2025-03-23,75.0,83.33333333333333,0,3,1,8,12.5,88.6,0,0,,,green
2568-1018,2568,2025-03-17,2025-03-23,,,0,0,0,6,0.0,,0,0,,,green
2568-1019,2568,2025-03-17,2025-03-23,,,0,0,0,8,0.0,,0,0,,,green
2568-1020,2568,2025-03-17,2025-03-23,,,0,0,0,8,0.0,,0,0,,,green
2568-1021,2568,2025-03-17,2025-03-23,100.0,75.0,0,1,3,8,37.5,86.13333333333333,0,0,,,green
2568-1022,2568,2025-03-17,2025-03-23,66.66666666666667,44.44444444444444,0,0,2,6,33.333333333333336,70.05,0,0,,,yellow
2568-1023,2568,2025-03-17,2025-03-23,,,0,0,0,4,0.0,,0,0,,,green
2568-1024,2568,2025-03-17,2025-03-23,,,0,0,0,4,0.0,,0,0,,,green
2568-1025,2568,2025-03-17,2025-03-23,100.0,50.0,0,1,0,4,0.0,,0,0,,,green
2568-1026,2568,2025-03-17,2025-03-23,75.0,75.0,0,3,3,8,37.5,74.86666666666666,0,0,,,green
2568-1027,2568,2025-03-17,2025-03-23,100.0,100.0,0,3,4,8,50.0,78.1,0,0,,,green
2568-1028,2568,2025-03-17,2025-03-23,75.0,91.66666666666667,0,3,3,8,37.5,85.16666666666667,0,0,,,green
2568-1029,2568,2025-03-17,2025-03-23,100.0,100.0,0,3,3,8,37.5,83.63333333333334,0,0,,,green
2568-1030,2568,2025-03-17,2025-03-23,100.0,91.66666666666667,0,3,3,8,37.5,89.46666666666665,0,0,,,green
2568-1031,2568,2025-03-17,2025-03-23,75.0,66.66666666666667,0,2,1,8,12.5,63.6,0,0,,,green
2568-1032,2568,2025-03-17,2025-03-23,100.0,100.0,0,3,4,8,50.0,86.325,0,0,,,green
2568-1033,2568,2025-03-17,2025-03-23,50.0,50.0,0,0,1,4,25.0,71.0,0,0,,,yellow
2568-1034,2568,2025-03-17,2025-03-23,,,0,0,0,6,0.0,,0,0,,,green
2568-1035,2568,2025-03-17,2025-03-23,,,0,0,0,4,0.0,,0,0,,,green
2568-1036,2568,2025-03-17,2025-03-23,75.0,83.33333333333333,0,3,4,8,50.0,78.9,0,0,,,green
2568-1037,2568,2025-03-17,2025-03-23,100.0,100.0,0,3,2,6,33.333333333333336,100.0,0,0,,,green
2568-1038,2568,2025-03-17,2025-03-23,33.333333333333336,33.333333333333336,0,0,1,6,16.666666666666668,89.7,0,0,,,orange
2568-1039,2568,2025-03-17,2025-03-23,,,0,0,0,6,0.0,,0,0,,,green
2568-1040,2568,2025-03-17,2025-03-23,66.66666666666667,33.333333333333336,0,0,0,6,0.0,,0,0,,,yellow
2568-1041,2568,2025-03-17,2025-03-23,25.0,66.66666666666667,0,0,3,8,37.5,68.06666666666668,0,0,,,orange
2568-1042,2568,2025-03-17,2025-03-23,,,0,0,0,8,0.0,,0,0,,,green
2568-1043,2568,2025-03-17,2025-03-23,50.0,75.0,0,0,2,8,25.0,71.95,0,0,,,yellow
2568-1044,2568,2025-03-17,2025-03-23,50.0,33.333333333333336,0,0,1,4,25.0,56.9,0,0,,,yellow
2568-1045,2568,2025-03-17,2025-03-23,100.0,100.0,0,3,4,8,50.0,89.175,0,0,,,green
2568-1046,2568,2025-03-17,2025-03-23,75.0,91.66666666666667,0,3,4,8,50.0,84.9,0,0,,,green
2568-1047,2568,2025-03-17,2025-03-23,25.0,41.666666666666664,0,0,2,8,25.0,70.0,0,0,,,orange
2568-1048,2568,2025-03-17,2025-03-23,100.0,100.0,0,3,2,6,33.333333333333336,85.75,0,0,,,green
2568-1049,2568,2025-03-17,2025-03-23,100.0,66.66666666666667,0,1,3,6,50.0,74.39999999999999,0,0,,,green
2568-1050,2568,2025-03-17,2025-03-23,50.0,75.0,0,0,2,8,25.0,77.25,0,0,,,yellow
2568-1051,2568,2025-03-17,2025-03-23,50.0,50.0,0,0,1,4,25.0,67.0,0,0,,,yellow
2568-1052,2568,2025-03-17,2025-03-23,100.0,83.33333333333333,0,1,4,8,50.0,91.2,0,0,,,green
2568-1053,2568,2025-03-17,2025-03-23,50.0,66.66666666666667,0,0,1,4,25.0,75.5,0,0,,,yellow
2568-1054,2568,2025-03-17,2025-03-23,,,0,0,0,6,0.0,,0,0,,,green
2568-1055,2568,2025-03-17,2025-03-23,75.0,58.333333333333336,0,1,3,8,37.5,77.00000000000001,0,0,,,green
2568-1056,2568,2025-03-17,2025-03-23,75.0,66.66666666666667,0,2,3,8,37.5,70.03333333333333,0,0,,,green
2568-1057,2568,2025-03-17,2025-03-23,100.0,100.0,0,3,3,8,37.5,96.86666666666667,0,0,,,green
2568-1058,2568,2025-03-17,2025-03-23,100.0,100.0,0,3,1,4,25.0,99.1,0,0,,,green
2568-1059,2568,2025-03-17,2025-03-23,,,0,0,0,6,0.0,,0,0,,,green
2568-1060,2568,2025-03-17,2025-03-23,,,0,0,0,4,0.0,,0,0,,,green
2568-1061,2568,2025-03-17,2025-03-23,100.0,66.66666666666667,0,2,4,8,50.0,68.10000000000001,0,0,,,green
2568-1062,2568,2025-03-17,2025-03-23,,,0,0,0,6,0.0,,0,0,,,green
2568-1063,2568,2025-03-17,2025-03-23,,,0,0,0,8,0.0,,0,0,,,green
2568-1064,2568,2025-03-17,2025-03-23,0.0,50.0,0,0,2,4,50.0,94.35,0,0,,,red
2568-1065,2568,2025-03-17,2025-03-23,,,0,0,0,4,0.0,,0,0,,,green
2568-1066,2568,2025-03-17,2025-03-23,25.0,58.333333333333336,0,0,3,8,37.5,69.73333333333333,0,0,,,orange
2568-1067,2568,2025-03-17,2025-03-23,,,0,0,0,8,0.0,,0,0,,,green
2568-1068,2568,2025-03-17,2025-03-23,100.0,100.0,0,3,3,6,50.0,87.73333333333333,0,0,,,green
2568-1069,2568,2025-03-17,2025-03-23,100.0,100.0,0,3,4,8,50.0,75.45,0,0,,,green
2568-1070,2568,2025-03-17,2025-03-23,100.0,77.77777777777777,0,1,3,6,50.0,87.16666666666667,0,0,,,green
2568-1071,2568,2025-03-17,2025-03-23,100.0,88.88888888888889,0,1,2,6,33.333333333333336,92.6,0,0,,,green
2568-1072,2568,2025-03-17,2025-03-23,50.0,66.66666666666667,0,0,1,4,25.0,75.4,0,0,,,yellow
2568-1073,2568,2025-03-17,2025-03-23,,,0,0,0,8,0.0,,0,0,,,green
2568-1074,2568,2025-03-17,2025-03-23,25.0,41.666666666666664,0,0,1,8,12.5,39.3,0,0,,,orange
2568-1075,2568,2025-03-17,2025-03-23,0.0,50.0,0,0,1,4,25.0,55.5,0,0,,,red
2568-1076,2568,2025-03-17,2025-03-23,75.0,66.66666666666667,0,2,3,8,37.5,83.03333333333335,0,0,,,green
2568-1077,2568,2025-03-17,2025-03-23,,,0,0,0,8,0.0,,0,0,,,green
2568-1078,2568,2025-03-17,2025-03-23,,,0,0,0,8,0.0,,0,0,,,green
2568-1079,2568,2025-03-17,2025-03-23,,,0,0,0,8,0.0,,0,0,,,green
2568-1080,2568,2025-03-17,2025-03-23,,,0,0,0,8,0.0,,0,0,,,green
2568-1081,2568,2025-03-17,2025-03-23,,,0,0,0,8,0.0,,0,0,,,green
2568-1082,2568,2025-03-17,2025-03-23,,,0,0,0,8,0.0,,0,0,,,green
2568-1083,2568,2025-03-17,2025-03-23,,,0,0,0,4,0.0,,0,0,,,green
2568-1084,2568,2025-03-17,2025-03-23,100.0,91.66666666666667,0,3,4,8,50.0,87.975,0,0,,,green
2568-1085,2568,2025-03-17,2025-03-23,,,0,0,0,8,0.0,,0,0,,,green
2568-1086,2568,2025-03-17,2025-03-23,100.0,50.0,0,1,2,4,50.0,75.75,0,0,,,green
2568-1087,2568,2025-03-17,2025-03-23,75.0,83.33333333333333,0,3,3,8,37.5,79.99999999999999,0,0,,,green
2568-1088,2568,2025-03-17,2025-03-23,,,0,0,0,8,0.0,,0,0,,,green
2568-1089,2568,2025-03-17,2025-03-23,,,0,0,0,4,0.0,,0,0,,,green
2568-1090,2568,2025-03-17,2025-03-23,50.0,33.333333333333336,0,0,0,8,0.0,,0,0,,,yellow
2568-1091,2568,2025-03-17,2025-03-23,,,0,0,0,4,0.0,,0,0,,,green
2568-1092,2568,2025-03-17,2025-03-23,100.0,83.33333333333333,0,2,2,4,50.0,67.25,0,0,,,green
2568-1093,2568,2025-03-17,2025-03-23,100.0,100.0,0,3,3,6,50.0,90.13333333333333,0,0,,,green
2568-1094,2568,2025-03-17,2025-03-23,100.0,88.88888888888889,0,1,2,6,33.333333333333336,94.3,0,0,,,green
2568-1095,2568,2025-03-17,2025-03-23,50.0,50.0,0,0,2,8,25.0,64.05,0,0,,,yellow
2568-1096,2568,2025-03-17,2025-03-23,100.0,83.33333333333333,0,3,4,8,50.0,84.375,0,0,,,green
2568-1097,2568,2025-03-17,2025-03-23,100.0,100.0,0,3,1,4,25.0,97.0,0,0,,,green
2568-1098,2568,2025-03-17,2025-03-23,0.0,33.333333333333336,0,0,2,4,50.0,73.85,0,0,,,red
2568-1099,2568,2025-03-17,2025-03-23,100.0,66.66666666666667,0,1,2,8,25.0,84.30000000000001,0,0,,,green
2568-1100,2568,2025-03-17,2025-03-23,,,0,0,0,6,0.0,,0,0,,,green
2568-1101,2568,2025-03-17,2025-03-23,100.0,83.33333333333333,0,2,2,4,50.0,94.85,0,0,,,green
2568-1102,2568,2025-03-17,2025-03-23,100.0,100.0,0,3,3,6,50.0,83.03333333333333,0,0,,,green
2568-1103,2568,2025-03-17,2025-03-23,,,0,0,0,8,0.0,,0,0,,,green
2568-1104,2568,2025-03-17,2025-03-23,25.0,33.333333333333336,0,0,3,8,37.5,61.5,0,0,,,orange
2568-1105,2568,2025-03-17,2025-03-23,33.333333333333336,66.66666666666667,0,0,2,6,33.333333333333336,85.1,0,0,,,orange
2568-1106,2568,2025-03-17,2025-03-23,100.0,58.333333333333336,0,1,3,8,37.5,66.03333333333333,0,0,,,green
2568-1107,2568,2025-03-17,2025-03-23,,,0,0,0,8,0.0,,0,0,,,green
2568-1108,2568,2025-03-17,2025-03-23,66.66666666666667,66.66666666666667,0,0,1,6,16.666666666666668,75.9,0,0,,,yellow
2568-1109,2568,2025-03-17,2025-03-23,100.0,77.77777777777777,0,1,1,6,16.666666666666668,68.5,0,0,,,green
2568-1110,2568,2025-03-17,2025-03-23,,,0,0,0,6,0.0,,0,0,,,green
2568-1111,2568,2025-03-17,2025-03-23,75.0,66.66666666666667,0,1,2,8,25.0,76.35,0,0,,,green
2568-1112,2568,2025-03-17,2025-03-23,75.0,75.0,0,3,3,8,37.5,67.66666666666667,0,0,,,green
2568-1113,2568,2025-03-17,2025-03-23,,,0,0,0,8,0.0,,0,0,,,green
2568-1114,2568,2025-03-17,2025-03-23,,,0,0,0,8,0.0,,0,0,,,green
2568-1115,2568,2025-03-17,2025-03-23,,,0,0,0,8,0.0,,0,0,,,green
2568-1116,2568,2025-03-17,2025-03-23,,,0,0,0,4,0.0,,0,0,,,green
2568-1117,2568,2025-03-17,2025-03-23,75.0,75.0,0,2,3,8,37.5,72.66666666666667,0,0,,,green
2568-1118,2568,2025-03-17,2025-03-23,50.0,50.0,0,0,3,8,37.5,71.73333333333333,0,0,,,yellow
2568-1119,2568,2025-03-17,2025-03-23,,,0,0,0,8,0.0,,0,0,,,green
2568-1120,2568,2025-03-17,2025-03-23,,,0,0,0,6,0.0,,0,0,,,green
2568-1121,2568,2025-03-17,2025-03-23,,,0,0,0,8,0.0,,0,0,,,green
2568-1122,2568,2025-03-17,2025-03-23,50.0,75.0,0,0,3,8,37.5,73.73333333333333,0,0,,,yellow
2568-1123,2568,2025-03-17,2025-03-23,75.0,75.0,0,3,1,8,12.5,60.8,0,0,,,green
2568-1124,2568,2025-03-17,2025-03-23,75.0,75.0,0,1,2,8,25.0,73.75,0,0,,,green
2568-1125,2568,2025-03-17,2025-03-23,100.0,100.0,0,3,4,8,50.0,81.32499999999999,0,0,,,green
2568-1126,2568,2025-03-17,2025-03-23,,,0,0,0,8,0.0,,0,0,,,green
2568-1127,2568,2025-03-17,2025-03-23,,,0,0,0,8,0.0,,0,0,,,green
2568-1128,2568,2025-03-17,2025-03-23,,,0,0,0,4,0.0,,0,0,,,green
2568-1129,2568,2025-03-17,2025-03-23,,,0,0,0,8,0.0,,0,0,,,green
2568-1130,2568,2025-03-17,2025-03-23,100.0,66.66666666666667,0,1,2,6,33.333333333333336,85.3,0,0,,,green
2568-1131,2568,2025-03-17,2025-03-23,75.0,66.66666666666667,0,1,2,8,25.0,93.15,0,0,,,green
2568-1132,2568,2025-03-17,2025-03-23,100.0,83.33333333333333,0,3,4,8,50.0,87.25,0,0,,,green
2568-1133,2568,2025-03-17,2025-03-23,100.0,100.0,0,3,3,8,37.5,86.93333333333334,0,0,,,green
2568-1134,2568,2025-03-17,2025-03-23,,,0,0,0,8,0.0,,0,0,,,green
2568-1135,2568,2025-03-17,2025-03-23,100.0,83.33333333333333,0,1,3,8,37.5,75.7,0,0,,,green
2568-1136,2568,2025-03-17,2025-03-23,,,0,0,0,6,0.0,,0,0,,,green
2568-1137,2568,2025-03-17,2025-03-23,100.0,91.66666666666667,0,3,4,8,50.0,80.05,0,0,,,green
2568-1138,2568,2025-03-17,2025-03-23,,,0,0,0,8,0.0,,0,0,,,green
2568-1139,2568,2025-03-17,2025-03-23,75.0,66.66666666666667,0,2,2,8,25.0,71.0,0,0,,,green
2568-1140,2568,2025-03-17,2025-03-23,100.0,100.0,0,3,3,6,50.0,90.0,0,0,,,green
2568-1141,2568,2025-03-17,2025-03-23,100.0,77.77777777777777,0,1,2,6,33.333333333333336,79.95,0,0,,,green
2568-1142,2568,2025-03-17,2025-03-23,50.0,66.66666666666667,0,0,2,8,25.0,82.35,0,0,,,yellow
2568-1143,2568,2025-03-17,2025-03-23,100.0,100.0,0,3,3,6,50.0,85.60000000000001,0,0,,,green
2568-1144,2568,2025-03-17,2025-03-23,50.0,66.66666666666667,0,0,2,4,50.0,77.95,0,0,,,yellow
2568-1145,2568,2025-03-17,2025-03-23,75.0,75.0,0,1,3,8,37.5,92.7,0,0,,,green
2568-1146,2568,2025-03-17,2025-03-23,100.0,77.77777777777777,0,2,1,6,16.666666666666668,69.2,0,0,,,green
2568-1147,2568,2025-03-17,2025-03-23,25.0,41.666666666666664,0,0,1,8,12.5,66.4,0,0,,,orange
2568-1148,2568,2025-03-17,2025-03-23,100.0,100.0,0,3,2,6,33.333333333333336,65.95,0,0,,,green
2568-1149,2568,2025-03-17,2025-03-23,,,0,0,0,6,0.0,,0,0,,,green
2568-1150,2568,2025-03-17,2025-03-23,100.0,100.0,0,3,1,6,16.666666666666668,56.7,0,0,,,green
2568-1151,2568,2025-03-17,2025-03-23,100.0,77.77777777777777,0,2,2,6,33.333333333333336,84.0,0,0,,,green
2568-1152,2568,2025-03-17,2025-03-23,100.0,75.0,0,1,3,8,37.5,79.43333333333332,0,0,,,green
2568-1153,2568,2025-03-17,2025-03-23,,,0,0,0,8,0.0,,0,0,,,green
2568-1154,2568,2025-03-17,2025-03-23,,,0,0,0,4,0.0,,0,0,,,green
2568-1155,2568,2025-03-17,2025-03-23,66.66666666666667,66.66666666666667,0,0,0,6,0.0,,0,0,,,yellow
2568-1156,2568,2025-03-17,2025-03-23,50.0,50.0,0,0,2,8,25.0,76.6,0,0,,,yellow
2568-1157,2568,2025-03-17,2025-03-23,100.0,100.0,0,3,3,8,37.5,67.43333333333334,0,0,,,green
2568-1158,2568,2025-03-17,2025-03-23,100.0,83.33333333333333,0,1,4,8,50.0,92.875,0,0,,,green
2568-1159,2568,2025-03-17,2025-03-23,,,0,0,0,6,0.0,,0,0,,,green
2568-1160,2568,2025-03-17,2025-03-23,,,0,0,0,8,0.0,,0,0,,,green
2568-1001,2568,2025-03-24,2025-03-30,,,0,0,0,8,0.0,,0,0,,,green
2568-1002,2568,2025-03-24,2025-03-30,75.0,68.75,0,1,4,8,50.0,90.475,0,0,,,green
2568-1003,2568,2025-03-24,2025-03-30,25.0,68.75,0,0,2,8,25.0,65.55,0,0,,,orange
2568-1004,2568,2025-03-24,2025-03-30,50.0,43.75,0,0,2,8,25.0,62.2,0,0,,,yellow
2568-1005,2568,2025-03-24,2025-03-30,50.0,56.25,0,0,1,8,12.5,73.1,0,0,,,yellow
2568-1006,2568,2025-03-24,2025-03-30,66.66666666666667,75.0,0,0,2,6,33.333333333333336,78.0,0,0,,,yellow
2568-1007,2568,2025-03-24,2025-03-30,,,0,0,0,8,0.0,,0,0,,,green
2568-1008,2568,2025-03-24,2025-03-30,,,0,0,0,8,0.0,,0,0,,,green
2568-1009,2568,2025-03-24,2025-03-30,,,0,0,0,8,0.0,,0,0,,,green
2568-1010,2568,2025-03-24,2025-03-30,,,0,0,0,8,0.0,,0,0,,,green
2568-1011,2568,2025-03-24,2025-03-30,,,0,0,0,8,0.0,,0,0,,,green
2568-1012,2568,2025-03-24,2025-03-30,100.0,100.0,0,4,1,4,25.0,100.0,0,0,,,green
2568-1013,2568,2025-03-24,2025-03-30,,,0,0,0,8,0.0,,0,0,,,green
2568-1014,2568,2025-03-24,2025-03-30,100.0,81.25,0,2,1,8,12.5,68.5,0,0,,,green
2568-1015,2568,2025-03-24,2025-03-30,50.0,37.5,0,0,2,4,50.0,72.4,0,0,,,yellow
2568-1016,2568,2025-03-24,2025-03-30,75.0,75.0,0,4,4,8,50.0,97.025,0,0,,,green
2568-1017,2568,2025-03-24,2025-03-30,75.0,81.25,0,4,1,8,12.5,88.6,0,0,,,green
2568-1018,2568,2025-03-24,2025-03-30,,,0,0,0,6,0.0,,0,0,,,green
2568-1019,2568,2025-03-24,2025-03-30,,,0,0,0,8,0.0,,0,0,,,green
2568-1020,2568,2025-03-24,2025-03-30,,,0,0,0,8,0.0,,0,0,,,green
2568-1021,2568,2025-03-24,2025-03-30,100.0,81.25,0,2,3,8,37.5,86.13333333333333,0,0,,,green
2568-1022,2568,2025-03-24,2025-03-30,33.333333333333336,41.666666666666664,0,0,2,6,33.333333333333336,70.05,0,0,,,orange
2568-1023,2568,2025-03-24,2025-03-30,,,0,0,0,4,0.0,,0,0,,,green
2568-1024,2568,2025-03-24,2025-03-30,,,0,0,0,4,0.0,,0,0,,,green
2568-1025,2568,2025-03-24,2025-03-30,100.0,62.5,0,2,0,4,0.0,,0,0,,,green
2568-1026,2568,2025-03-24,2025-03-30,75.0,75.0,0,4,3,8,37.5,74.86666666666666,0,0,,,green
2568-1027,2568,2025-03-24,2025-03-30,100.0,100.0,0,4,4,8,50.0,78.1,0,0,,,green
2568-1028,2568,2025-03-24,2025-03-30,100.0,93.75,0,4,3,8,37.5,85.16666666666667,0,0,,,green
2568-1029,2568,2025-03-24,2025-03-30,100.0,100.0,0,4,3,8,37.5,83.63333333333334,0,0,,,green
2568-1030,2568,2025-03-24,2025-03-30,100.0,93.75,0,4,3,8,37.5,89.46666666666665,0,0,,,green
2568-1031,2568,2025-03-24,2025-03-30,50.0,62.5,0,0,1,8,12.5,63.6,0,0,,,yellow
2568-1032,2568,2025-03-24,2025-03-30,100.0,100.0,0,4,4,8,50.0,86.325,0,0,,,green
2568-1033,2568,2025-03-24,2025-03-30,100.0,62.5,0,1,1,4,25.0,71.0,0,0,,,green
2568-1034,2568,2025-03-24,2025-03-30,,,0,0,0,6,0.0,,0,0,,,green
2568-1035,2568,2025-03-24,2025-03-30,,,0,0,0,4,0.0,,0,0,,,green
2568-1036,2568,2025-03-24,2025-03-30,50.0,75.0,0,0,4,8,50.0,78.9,0,0,,,yellow
2568-1037,2568,2025-03-24,2025-03-30,100.0,100.0,0,4,2,6,33.333333333333336,100.0,0,0,,,green
2568-1038,2568,2025-03-24,2025-03-30,33.333333333333336,33.333333333333336,0,0,1,6,16.666666666666668,89.7,0,0,,,orange
2568-1039,2568,2025-03-24,2025-03-30,,,0,0,0,6,0.0,,0,0,,,green
2568-1040,2568,2025-03-24,2025-03-30,66.66666666666667,41.666666666666664,0,0,0,6,0.0,,0,0,,,yellow
2568-1041,2568,2025-03-24,2025-03-30,100.0,75.0,0,1,3,8,37.5,68.06666666666668,0,0,,,green
2568-1042,2568,2025-03-24,2025-03-30,,,0,0,0,8,0.0,,0,0,,,green
2568-1043,2568,2025-03-24,2025-03-30,25.0,62.5,0,0,2,8,25.0,71.95,0,0,,,orange
2568-1044,2568,2025-03-24,2025-03-30,0.0,25.0,1,0,1,4,25.0,56.9,0,0,,,red
2568-1045,2568,2025-03-24,2025-03-30,100.0,100.0,0,4,4,8,50.0,89.175,0,0,,,green
2568-1046,2568,2025-03-24,2025-03-30,75.0,87.5,0,4,4,8,50.0,84.9,0,0,,,green
2568-1047,2568,2025-03-24,2025-03-30,100.0,56.25,0,1,2,8,25.0,70.0,0,0,,,green
2568-1048,2568,2025-03-24,2025-03-30,100.0,100.0,0,4,2,6,33.333333333333336,85.75,0,0,,,green
2568-1049,2568,2025-03-24,2025-03-30,33.333333333333336,58.333333333333336,0,0,3,6,50.0,74.39999999999999,0,0,,,orange
2568-1050,2568,2025-03-24,2025-03-30,50.0,68.75,0,0,2,8,25.0,77.25,0,0,,,yellow
2568-1051,2568,2025-03-24,2025-03-30,50.0,50.0,0,0,1,4,25.0,67.0,0,0,,,yellow
2568-1052,2568,2025-03-24,2025-03-30,100.0,87.5,0,2,4,8,50.0,91.2,0,0,,,green
2568-1053,2568,2025-03-24,2025-03-30,50.0,62.5,0,0,1,4,25.0,75.5,0,0,,,yellow
2568-1054,2568,2025-03-24,2025-03-30,,,0,0,0,6,0.0,,0,0,,,green
2568-1055,2568,2025-03-24,2025-03-30,75.0,62.5,0,2,3,8,37.5,77.00000000000001,0,0,,,green
2568-1056,2568,2025-03-24,2025-03-30,100.0,75.0,0,3,3,8,37.5,70.03333333333333,0,0,,,green
2568-1057,2568,2025-03-24,2025-03-30,100.0,100.0,0,4,3,8,37.5,96.86666666666667,0,0,,,green
2568-1058,2568,2025-03-24,2025-03-30,100.0,100.0,0,4,1,4,25.0,99.1,0,0,,,green
2568-1059,2568,2025-03-24,2025-03-30,,,0,0,0,6,0.0,,0,0,,,green
2568-1060,2568,2025-03-24,2025-03-30,,,0,0,0,4,0.0,,0,0,,,green
2568-1061,2568,2025-03-24,2025-03-30,100.0,75.0,0,3,4,8,50.0,68.10000000000001,0,0,,,green
2568-1062,2568,2025-03-24,2025-03-30,,,0,0,0,6,0.0,,0,0,,,green
2568-1063,2568,2025-03-24,2025-03-30,,,0,0,0,8,0.0,,0,0,,,green
2568-1064,2568,2025-03-24,2025-03-30,100.0,62.5,0,1,2,4,50.0,94.35,0,0,,,green
2568-1065,2568,2025-03-24,2025-03-30,,,0,0,0,4,0.0,,0,0,,,green
2568-1066,2568,2025-03-24,2025-03-30,75.0,62.5,0,1,3,8,37.5,69.73333333333333,0,0,,,green
2568-1067,2568,2025-03-24,2025-03-30,,,0,0,0,8,0.0,,0,0,,,green
2568-1068,2568,2025-03-24,2025-03-30,100.0,100.0,0,4,3,6,50.0,87.73333333333333,0,0,,,green
2568-1069,2568,2025-03-24,2025-03-30,75.0,93.75,0,4,4,8,50.0,75.45,0,0,,,green
2568-1070,2568,2025-03-24,2025-03-30,100.0,83.33333333333333,0,2,3,6,50.0,87.16666666666667,0,0,,,green
2568-1071,2568,2025-03-24,2025-03-30,100.0,91.66666666666667,0,2,2,6,33.333333333333336,92.6,0,0,,,green
2568-1072,2568,2025-03-24,2025-03-30,50.0,62.5,0,0,1,4,25.0,75.4,0,0,,,yellow
2568-1073,2568,2025-03-24,2025-03-30,,,0,0,0,8,0.0,,0,0,,,green
2568-1074,2568,2025-03-24,2025-03-30,50.0,43.75,0,0,1,8,12.5,39.3,0,0,,,yellow
2568-1075,2568,2025-03-24,2025-03-30,0.0,37.5,1,0,1,4,25.0,55.5,0,0,,,red
2568-1076,2568,2025-03-24,2025-03-30,25.0,56.25,0,0,3,8,37.5,83.03333333333335,0,0,,,orange
2568-1077,2568,2025-03-24,2025-03-30,,,0,0,0,8,0.0,,0,0,,,green
2568-1078,2568,2025-03-24,2025-03-30,,,0,0,0,8,0.0,,0,0,,,green
2568-1079,2568,2025-03-24,2025-03-30,,,0,0,0,8,0.0,,0,0,,,green
2568-1080,2568,2025-03-24,2025-03-30,,,0,0,0,8,0.0,,0,0,,,green
2568-1081,2568,2025-03-24,2025-03-30,,,0,0,0,8,0.0,,0,0,,,green
2568-1082,2568,2025-03-24,2025-03-30,,,0,0,0,8,0.0,,0,0,,,green
2568-1083,2568,2025-03-24,2025-03-30,,,0,0,0,4,0.0,,0,0,,,green
2568-1084,2568,2025-03-24,2025-03-30,100.0,93.75,0,4,4,8,50.0,87.975,0,0,,,green
2568-1085,2568,2025-03-24,2025-03-30,,,0,0,0,8,0.0,,0,0,,,green
2568-1086,2568,2025-03-24,2025-03-30,100.0,62.5,0,2,2,4,50.0,75.75,0,0,,,green
2568-1087,2568,2025-03-24,2025-03-30,100.0,87.5,0,4,3,8,37.5,79.99999999999999,0,0,,,green
2568-1088,2568,2025-03-24,2025-03-30,,,0,0,0,8,0.0,,0,0,,,green
2568-1089,2568,2025-03-24,2025-03-30,,,0,0,0,4,0.0,,0,0,,,green
2568-1090,2568,2025-03-24,2025-03-30,50.0,37.5,0,0,0,8,0.0,,0,0,,,yellow
2568-1091,2568,2025-03-24,2025-03-30,,,0,0,0,4,0.0,,0,0,,,green
2568-1092,2568,2025-03-24,2025-03-30,100.0,87.5,0,3,2,4,50.0,67.25,0,0,,,green
2568-1093,2568,2025-03-24,2025-03-30,100.0,100.0,0,4,3,6,50.0,90.13333333333333,0,0,,,green
2568-1094,2568,2025-03-24,2025-03-30,66.66666666666667,83.33333333333333,0,0,2,6,33.333333333333336,94.3,0,0,,,yellow
2568-1095,2568,2025-03-24,2025-03-30,50.0,50.0,0,0,2,8,25.0,64.05,0,0,,,yellow
2568-1096,2568,2025-03-24,2025-03-30,100.0,87.5,0,4,4,8,50.0,84.375,0,0,,,green
2568-1097,2568,2025-03-24,2025-03-30,100.0,100.0,0,4,1,4,25.0,97.0,0,0,,,green
2568-1098,2568,2025-03-24,2025-03-30,100.0,50.0,0,1,2,4,50.0,73.85,0,0,,,green
2568-1099,2568,2025-03-24,2025-03-30,100.0,75.0,0,2,2,8,25.0,84.30000000000001,0,0,,,green
2568-1100,2568,2025-03-24,2025-03-30,,,0,0,0,6,0.0,,0,0,,,green
2568-1101,2568,2025-03-24,2025-03-30,50.0,75.0,0,0,2,4,50.0,94.85,0,0,,,yellow
2568-1102,2568,2025-03-24,2025-03-30,100.0,100.0,0,4,3,6,50.0,83.03333333333333,0,0,,,green
2568-1103,2568,2025-03-24,2025-03-30,,,0,0,0,8,0.0,,0,0,,,green
2568-1104,2568,2025-03-24,2025-03-30,50.0,37.5,0,0,3,8,37.5,61.5,0,0,,,yellow
2568-1105,2568,2025-03-24,2025-03-30,100.0,75.0,0,1,2,6,33.333333333333336,85.1,0,0,,,green
2568-1106,2568,2025-03-24,2025-03-30,100.0,68.75,0,2,3,8,37.5,66.03333333333333,0,0,,,green
2568-1107,2568,2025-03-24,2025-03-30,,,0,0,0,8,0.0,,0,0,,,green
2568-1108,2568,2025-03-24,2025-03-30,66.66666666666667,66.66666666666667,0,0,1,6,16.666666666666668,75.9,0,0,,,yellow
2568-1109,2568,2025-03-24,2025-03-30,66.66666666666667,75.0,0,0,1,6,16.666666666666668,68.5,0,0,,,yellow
2568-1110,2568,2025-03-24,2025-03-30,,,0,0,0,6,0.0,,0,0,,,green
2568-1111,2568,2025-03-24,2025-03-30,75.0,68.75,0,2,2,8,25.0,76.35,0,0,,,green
2568-1112,2568,2025-03-24,2025-03-30,100.0,81.25,0,4,3,8,37.5,67.66666666666667,0,0,,,green
2568-1113,2568,2025-03-24,2025-03-30,,,0,0,0,8,0.0,,0,0,,,green
2568-1114,2568,2025-03-24,2025-03-30,,,0,0,0,8,0.0,,0,0,,,green
2568-1115,2568,2025-03-24,2025-03-30,,,0,0,0,8,0.0,,0,0,,,green
2568-1116,2568,2025-03-24,2025-03-30,,,0,0,0,4,0.0,,0,0,,,green
2568-1117,2568,2025-03-24,2025-03-30,100.0,81.25,0,3,3,8,37.5,72.66666666666667,0,0,,,green
2568-1118,2568,2025-03-24,2025-03-30,50.0,50.0,0,0,3,8,37.5,71.73333333333333,0,0,,,yellow
2568-1119,2568,2025-03-24,2025-03-30,,,0,0,0,8,0.0,,0,0,,,green
2568-1120,2568,2025-03-24,2025-03-30,,,0,0,0,6,0.0,,0,0,,,green
2568-1121,2568,2025-03-24,2025-03-30,,,0,0,0,8,0.0,,0,0,,,green
2568-1122,2568,2025-03-24,2025-03-30,100.0,81.25,0,1,3,8,37.5,73.73333333333333,0,0,,,green
2568-1123,2568,2025-03-24,2025-03-30,100.0,81.25,0,4,1,8,12.5,60.8,0,0,,,green
2568-1124,2568,2025-03-24,2025-03-30,100.0,81.25,0,2,2,8,25.0,73.75,0,0,,,green
2568-1125,2568,2025-03-24,2025-03-30,100.0,100.0,0,4,4,8,50.0,81.32499999999999,0,0,,,green
2568-1126,2568,2025-03-24,2025-03-30,,,0,0,0,8,0.0,,0,0,,,green
2568-1127,2568,2025-03-24,2025-03-30,,,0,0,0,8,0.0,,0,0,,,green
2568-1128,2568,2025-03-24,2025-03-30,,,0,0,0,4,0.0,,0,0,,,green
2568-1129,2568,2025-03-24,2025-03-30,,,0,0,0,8,0.0,,0,0,,,green
2568-1130,2568,2025-03-24,2025-03-30,100.0,75.0,0,2,2,6,33.333333333333336,85.3,0,0,,,green
2568-1131,2568,2025-03-24,2025-03-30,100.0,75.0,0,2,2,8,25.0,93.15,0,0,,,green
2568-1132,2568,2025-03-24,2025-03-30,100.0,87.5,0,4,4,8,50.0,87.25,0,0,,,green
2568-1133,2568,2025-03-24,2025-03-30,100.0,100.0,0,4,3,8,37.5,86.93333333333334,0,0,,,green
2568-1134,2568,2025-03-24,2025-03-30,,,0,0,0,8,0.0,,0,0,,,green
2568-1135,2568,2025-03-24,2025-03-30,50.0,75.0,0,0,3,8,37.5,75.7,0,0,,,yellow
2568-1136,2568,2025-03-24,2025-03-30,,,0,0,0,6,0.0,,0,0,,,green
2568-1137,2568,2025-03-24,2025-03-30,100.0,93.75,0,4,4,8,50.0,80.05,0,0,,,green
2568-1138,2568,2025-03-24,2025-03-30,,,0,0,0,8,0.0,,0,0,,,green
2568-1139,2568,2025-03-24,2025-03-30,75.0,68.75,0,3,2,8,25.0,71.0,0,0,,,green
2568-1140,2568,2025-03-24,2025-03-30,66.66666666666667,91.66666666666667,0,0,3,6,50.0,90.0,0,0,,,yellow
2568-1141,2568,2025-03-24,2025-03-30,100.0,83.33333333333333,0,2,2,6,33.333333333333336,79.95,0,0,,,green
2568-1142,2568,2025-03-24,2025-03-30,75.0,68.75,0,1,2,8,25.0,82.35,0,0,,,green
2568-1143,2568,2025-03-24,2025-03-30,100.0,100.0,0,4,3,6,50.0,85.60000000000001,0,0,,,green
2568-1144,2568,2025-03-24,2025-03-30,50.0,62.5,0,0,2,4,50.0,77.95,0,0,,,yellow
2568-1145,2568,2025-03-24,2025-03-30,100.0,81.25,0,2,3,8,37.5,92.7,0,0,,,green
2568-1146,2568,2025-03-24,2025-03-30,33.333333333333336,66.66666666666667,0,0,1,6,16.666666666666668,69.2,0,0,,,orange
2568-1147,2568,2025-03-24,2025-03-30,25.0,37.5,0,0,1,8,12.5,66.4,0,0,,,orange
2568-1148,2568,2025-03-24,2025-03-30,33.333333333333336,83.33333333333333,0,0,2,6,33.333333333333336,65.95,0,0,,,orange
2568-1149,2568,2025-03-24,2025-03-30,,,0,0,0,6,0.0,,0,0,,,green
2568-1150,2568,2025-03-24,2025-03-30,66.66666666666667,91.66666666666667,0,0,1,6,16.666666666666668,56.7,0,0,,,yellow
2568-1151,2568,2025-03-24,2025-03-30,100.0,83.33333333333333,0,3,2,6,33.333333333333336,84.0,0,0,,,green
2568-1152,2568,2025-03-24,2025-03-30,25.0,62.5,0,0,3,8,37.5,79.43333333333332,0,0,,,orange
2568-1153,2568,2025-03-24,2025-03-30,,,0,0,0,8,0.0,,0,0,,,green
2568-1154,2568,2025-03-24,2025-03-30,,,0,0,0,4,0.0,,0,0,,,green
2568-1155,2568,2025-03-24,2025-03-30,0.0,50.0,1,0,0,6,0.0,,0,0,,,red
2568-1156,2568,2025-03-24,2025-03-30,75.0,56.25,0,1,2,8,25.0,76.6,0,0,,,green
2568-1157,2568,2025-03-24,2025-03-30,100.0,100.0,0,4,3,8,37.5,67.43333333333334,0,0,,,green
2568-1158,2568,2025-03-24,2025-03-30,100.0,87.5,0,2,4,8,50.0,92.875,0,0,,,green
2568-1159,2568,2025-03-24,2025-03-30,,,0,0,0,6,0.0,,0,0,,,green
2568-1160,2568,2025-03-24,2025-03-30,,,0,0,0,8,0.0,,0,0,,,green
2568-1001,2568,2025-03-31,2025-04-06,,,0,0,0,8,0.0,,0,4,0.0,,green
2568-1002,2568,2025-03-31,2025-04-06,75.0,70.0,0,2,4,8,50.0,90.475,3,4,75.0,68.10000000000001,green
2568-1003,2568,2025-03-31,2025-04-06,75.0,70.0,0,1,2,8,25.0,65.55,3,4,75.0,67.33333333333333,green
2568-1004,2568,2025-03-31,2025-04-06,100.0,55.0,0,1,2,8,25.0,62.2,4,4,100.0,79.4,green
2568-1005,2568,2025-03-31,2025-04-06,50.0,55.0,0,0,1,8,12.5,73.1,2,4,50.0,84.4,yellow
2568-1006,2568,2025-03-31,2025-04-06,33.333333333333336,66.66666666666667,0,0,2,6,33.333333333333336,78.0,2,3,66.66666666666667,76.19999999999999,orange
2568-1007,2568,2025-03-31,2025-04-06,,,0,0,0,8,0.0,,0,4,0.0,,green
2568-1008,2568,2025-03-31,2025-04-06,,,0,0,0,8,0.0,,0,4,0.0,,green
2568-1009,2568,2025-03-31,2025-04-06,,,0,0,0,8,0.0,,0,4,0.0,,green
2568-1010,2568,2025-03-31,2025-04-06,,,0,0,0,8,0.0,,0,4,0.0,,green
2568-1011,2568,2025-03-31,2025-04-06,,,0,0,0,8,0.0,,0,4,0.0,,green
2568-1012,2568,2025-03-31,2025-04-06,100.0,100.0,0,5,1,4,25.0,100.0,1,2,50.0,81.6,green
2568-1013,2568,2025-03-31,2025-04-06,,,0,0,0,8,0.0,,0,4,0.0,,green
2568-1014,2568,2025-03-31,2025-04-06,75.0,80.0,0,3,1,8,12.5,68.5,3,4,75.0,74.7,green
2568-1015,2568,2025-03-31,2025-04-06,50.0,40.0,0,0,2,4,50.0,72.4,0,2,0.0,,yellow
2568-1016,2568,2025-03-31,2025-04-06,75.0,75.0,0,5,4,8,50.0,97.025,2,4,50.0,82.0,green
2568-1017,2568,2025-03-31,2025-04-06,75.0,80.0,0,5,1,8,12.5,88.6,3,4,75.0,75.16666666666667,green
2568-1018,2568,2025-03-31,2025-04-06,,,0,0,0,6,0.0,,0,3,0.0,,green
2568-1019,2568,2025-03-31,2025-04-06,,,0,0,0,8,0.0,,0,4,0.0,,green
2568-1020,2568,2025-03-31,2025-04-06,,,0,0,0,8,0.0,,0,4,0.0,,green
2568-1021,2568,2025-03-31,2025-04-06,75.0,80.0,0,3,3,8,37.5,86.13333333333333,4,4,100.0,87.875,green
2568-1022,2568,2025-03-31,2025-04-06,33.333333333333336,40.0,0,0,2,6,33.333333333333336,70.05,2,3,66.66666666666667,80.7,orange
2568-1023,2568,2025-03-31,2025-04-06,,,0,0,0,4,0.0,,0,2,0.0,,green
2568-1024,2568,2025-03-31,2025-04-06,,,0,0,0,4,0.0,,0,2,0.0,,green
2568-1025,2568,2025-03-31,2025-04-06,50.0,60.0,0,0,0,4,0.0,,1,2,50.0,87.2,yellow
2568-1026,2568,2025-03-31,2025-04-06,75.0,75.0,0,5,3,8,37.5,74.86666666666666,4,4,100.0,66.75,green
2568-1027,2568,2025-03-31,2025-04-06,75.0,95.0,0,5,4,8,50.0,78.1,4,4,100.0,69.85,green
2568-1028,2568,2025-03-31,2025-04-06,75.0,90.0,0,5,3,8,37.5,85.16666666666667,3,4,75.0,90.13333333333333,green
2568-1029,2568,2025-03-31,2025-04-06,100.0,100.0,0,5,3,8,37.5,83.63333333333334,4,4,100.0,91.45000000000002,green
2568-1030,2568,2025-03-31,2025-04-06,100.0,95.0,0,5,3,8,37.5,89.46666666666665,3,4,75.0,86.03333333333335,green
2568-1031,2568,2025-03-31,2025-04-06,50.0,60.0,0,0,1,8,12.5,63.6,1,4,25.0,72.2,yellow
2568-1032,2568,2025-03-31,2025-04-06,100.0,100.0,0,5,4,8,50.0,86.325,2,4,50.0,83.6,green
2568-1033,2568,2025-03-31,2025-04-06,100.0,70.0,0,2,1,4,25.0,71.0,1,2,50.0,72.8,green
2568-1034,2568,2025-03-31,2025-04-06,,,0,0,0,6,0.0,,0,3,0.0,,green
2568-1035,2568,2025-03-31,2025-04-06,,,0,0,0,4,0.0,,0,2,0.0,,green
2568-1036,2568,2025-03-31,2025-04-06,75.0,75.0,0,1,4,8,50.0,78.9,3,4,75.0,80.9,green
2568-1037,2568,2025-03-31,2025-04-06,100.0,100.0,0,5,2,6,33.333333333333336,100.0,3,3,100.0,85.3,green
2568-1038,2568,2025-03-31,2025-04-06,66.66666666666667,40.0,0,0,1,6,16.666666666666668,89.7,2,3,66.66666666666667,79.25,yellow
2568-1039,2568,2025-03-31,2025-04-06,,,0,0,0,6,0.0,,0,3,0.0,,green
2568-1040,2568,2025-03-31,2025-04-06,0.0,33.333333333333336,0,0,0,6,0.0,,2,3,66.66666666666667,84.3,red
2568-1041,2568,2025-03-31,2025-04-06,50.0,70.0,0,0,3,8,37.5,68.06666666666668,1,4,25.0,81.7,yellow
2568-1042,2568,2025-03-31,2025-04-06,,,0,0,0,8,0.0,,0,4,0.0,,green
2568-1043,2568,2025-03-31,2025-04-06,25.0,55.0,0,0,2,8,25.0,71.95,2,4,50.0,72.5,orange
2568-1044,2568,2025-03-31,2025-04-06,0.0,20.0,2,0,1,4,25.0,56.9,0,2,0.0,,red
2568-1045,2568,2025-03-31,2025-04-06,100.0,100.0,0,5,4,8,50.0,89.175,4,4,100.0,91.6,green
2568-1046,2568,2025-03-31,2025-04-06,100.0,90.0,0,5,4,8,50.0,84.9,4,4,100.0,87.42500000000001,green
2568-1047,2568,2025-03-31,2025-04-06,100.0,65.0,0,2,2,8,25.0,70.0,3,4,75.0,68.7,green
2568-1048,2568,2025-03-31,2025-04-06,100.0,100.0,0,5,2,6,33.333333333333336,85.75,3,3,100.0,93.53333333333335,green
2568-1049,2568,2025-03-31,2025-04-06,66.66666666666667,60.0,0,0,3,6,50.0,74.39999999999999,1,3,33.333333333333336,78.9,yellow
2568-1050,2568,2025-03-31,2025-04-06,100.0,75.0,0,1,2,8,25.0,77.25,3,4,75.0,83.73333333333333,green
2568-1051,2568,2025-03-31,2025-04-06,100.0,60.0,0,1,1,4,25.0,67.0,2,2,100.0,63.550000000000004,green
2568-1052,2568,2025-03-31,2025-04-06,100.0,90.0,0,3,4,8,50.0,91.2,3,4,75.0,85.53333333333335,green
2568-1053,2568,2025-03-31,2025-04-06,100.0,70.0,0,1,1,4,25.0,75.5,2,2,100.0,73.1,green
2568-1054,2568,2025-03-31,2025-04-06,,,0,0,0,6,0.0,,0,3,0.0,,green
2568-1055,2568,2025-03-31,2025-04-06,75.0,65.0,0,3,3,8,37.5,77.00000000000001,2,4,50.0,80.1,green
2568-1056,2568,2025-03-31,2025-04-06,75.0,75.0,0,4,3,8,37.5,70.03333333333333,1,4,25.0,92.7,green
2568-1057,2568,2025-03-31,2025-04-06,100.0,100.0,0,5,3,8,37.5,96.86666666666667,3,4,75.0,87.53333333333335,green
2568-1058,2568,2025-03-31,2025-04-06,100.0,100.0,0,5,1,4,25.0,99.1,2,2,100.0,84.3,green
2568-1059,2568,2025-03-31,2025-04-06,,,0,0,0,6,0.0,,0,3,0.0,,green
2568-1060,2568,2025-03-31,2025-04-06,,,0,0,0,4,0.0,,0,2,0.0,,green
2568-1061,2568,2025-03-31,2025-04-06,50.0,70.0,0,0,4,8,50.0,68.10000000000001,4,4,100.0,77.9,yellow
2568-1062,2568,2025-03-31,2025-04-06,,,0,0,0,6,0.0,,0,3,0.0,,green
2568-1063,2568,2025-03-31,2025-04-06,,,0,0,0,8,0.0,,0,4,0.0,,green
2568-1064,2568,2025-03-31,2025-04-06,0.0,50.0,0,0,2,4,50.0,94.35,2,2,100.0,78.1,red
2568-1065,2568,2025-03-31,2025-04-06,,,0,0,0,4,0.0,,0,2,0.0,,green
2568-1066,2568,2025-03-31,2025-04-06,75.0,65.0,0,2,3,8,37.5,69.73333333333333,1,4,25.0,60.2,green
2568-1067,2568,2025-03-31,2025-04-06,,,0,0,0,8,0.0,,0,4,0.0,,green
2568-1068,2568,2025-03-31,2025-04-06,100.0,100.0,0,5,3,6,50.0,87.73333333333333,3,3,100.0,98.06666666666666,green
2568-1069,2568,2025-03-31,2025-04-06,100.0,95.0,0,5,4,8,50.0,75.45,2,4,50.0,67.95,green
2568-1070,2568,2025-03-31,2025-04-06,66.66666666666667,80.0,0,0,3,6,50.0,87.16666666666667,2,3,66.66666666666667,79.4,yellow
2568-1071,2568,2025-03-31,2025-04-06,66.66666666666667,86.66666666666667,0,0,2,6,33.333333333333336,92.6,3,3,100.0,86.76666666666665,yellow
2568-1072,2568,2025-03-31,2025-04-06,0.0,50.0,0,0,1,4,25.0,75.4,2,2,100.0,63.05,red
2568-1073,2568,2025-03-31,2025-04-06,,,0,0,0,8,0.0,,0,4,0.0,,green
2568-1074,2568,2025-03-31,2025-04-06,50.0,45.0,0,0,1,8,12.5,39.3,2,4,50.0,63.599999999999994,yellow
2568-1075,2568,2025-03-31,2025-04-06,0.0,30.0,2,0,1,4,25.0,55.5,0,2,0.0,,red
2568-1076,2568,2025-03-31,2025-04-06,75.0,60.0,0,1,3,8,37.5,83.03333333333335,4,4,100.0,80.5,green
2568-1077,2568,2025-03-31,2025-04-06,,,0,0,0,8,0.0,,0,4,0.0,,green
2568-1078,2568,2025-03-31,2025-04-06,,,0,0,0,8,0.0,,0,4,0.0,,green
2568-1079,2568,2025-03-31,2025-04-06,,,0,0,0,8,0.0,,0,4,0.0,,green
2568-1080,2568,2025-03-31,2025-04-06,,,0,0,0,8,0.0,,0,4,0.0,,green
2568-1081,2568,2025-03-31,2025-04-06,,,0,0,0,8,0.0,,0,4,0.0,,green
2568-1082,2568,2025-03-31,2025-04-06,,,0,0,0,8,0.0,,0,4,0.0,,green
2568-1083,2568,2025-03-31,2025-04-06,,,0,0,0,4,0.0,,0,2,0.0,,green
2568-1084,2568,2025-03-31,2025-04-06,100.0,95.0,0,5,4,8,50.0,87.975,3,4,75.0,83.3,green
2568-1085,2568,2025-03-31,2025-04-06,,,0,0,0,8,0.0,,0,4,0.0,,green
2568-1086,2568,2025-03-31,2025-04-06,0.0,50.0,0,0,2,4,50.0,75.75,1,2,50.0,61.5,red
2568-1087,2568,2025-03-31,2025-04-06,100.0,90.0,0,5,3,8,37.5,79.99999999999999,2,4,50.0,86.25,green
2568-1088,2568,2025-03-31,2025-04-06,,,0,0,0,8,0.0,,0,4,0.0,,green
2568-1089,2568,2025-03-31,2025-04-06,,,0,0,0,4,0.0,,0,2,0.0,,green
2568-1090,2568,2025-03-31,2025-04-06,75.0,45.0,0,1,0,8,0.0,,0,4,0.0,,green
2568-1091,2568,2025-03-31,2025-04-06,,,0,0,0,4,0.0,,0,2,0.0,,green
2568-1092,2568,2025-03-31,2025-04-06,50.0,80.0,0,0,2,4,50.0,67.25,1,2,50.0,70.9,yellow
2568-1093,2568,2025-03-31,2025-04-06,100.0,100.0,0,5,3,6,50.0,90.13333333333333,0,3,0.0,,green
2568-1094,2568,2025-03-31,2025-04-06,100.0,86.66666666666667,0,1,2,6,33.333333333333336,94.3,3,3,100.0,84.26666666666667,green
2568-1095,2568,2025-03-31,2025-04-06,75.0,55.0,0,1,2,8,25.0,64.05,2,4,50.0,70.95,green
2568-1096,2568,2025-03-31,2025-04-06,100.0,90.0,0,5,4,8,50.0,84.375,3,4,75.0,90.46666666666665,green
2568-1097,2568,2025-03-31,2025-04-06,100.0,100.0,0,5,1,4,25.0,97.0,2,2,100.0,94.19999999999999,green
2568-1098,2568,2025-03-31,2025-04-06,100.0,60.0,0,2,2,4,50.0,73.85,1,2,50.0,55.4,green
2568-1099,2568,2025-03-31,2025-04-06,100.0,80.0,0,3,2,8,25.0,84.30000000000001,4,4,100.0,81.025,green
2568-1100,2568,2025-03-31,2025-04-06,,,0,0,0,6,0.0,,0,3,0.0,,green
2568-1101,2568,2025-03-31,2025-04-06,50.0,70.0,0,0,2,4,50.0,94.85,1,2,50.0,94.3,yellow
2568-1102,2568,2025-03-31,2025-04-06,66.66666666666667,93.33333333333333,0,0,3,6,50.0,83.03333333333333,3,3,100.0,82.56666666666666,yellow
2568-1103,2568,2025-03-31,2025-04-06,,,0,0,0,8,0.0,,0,4,0.0,,green
2568-1104,2568,2025-03-31,2025-04-06,75.0,45.0,0,1,3,8,37.5,61.5,4,4,100.0,66.025,green
2568-1105,2568,2025-03-31,2025-04-06,66.66666666666667,73.33333333333333,0,0,2,6,33.333333333333336,85.1,3,3,100.0,73.03333333333333,yellow
2568-1106,2568,2025-03-31,2025-04-06,100.0,75.0,0,3,3,8,37.5,66.03333333333333,1,4,25.0,60.4,green
2568-1107,2568,2025-03-31,2025-04-06,,,0,0,0,8,0.0,,0,4,0.0,,green
2568-1108,2568,2025-03-31,2025-04-06,100.0,73.33333333333333,0,1,1,6,16.666666666666668,75.9,2,3,66.66666666666667,70.1,green
2568-1109,2568,2025-03-31,2025-04-06,66.66666666666667,73.33333333333333,0,0,1,6,16.666666666666668,68.5,2,3,66.66666666666667,70.55,yellow
2568-1110,2568,2025-03-31,2025-04-06,,,0,0,0,6,0.0,,0,3,0.0,,green
2568-1111,2568,2025-03-31,2025-04-06,50.0,65.0,0,0,2,8,25.0,76.35,2,4,50.0,79.69999999999999,yellow
2568-1112,2568,2025-03-31,2025-04-06,25.0,70.0,0,0,3,8,37.5,67.66666666666667,2,4,50.0,77.19999999999999,orange
2568-1113,2568,2025-03-31,2025-04-06,,,0,0,0,8,0.0,,0,4,0.0,,green
2568-1114,2568,2025-03-31,2025-04-06,,,0,0,0,8,0.0,,0,4,0.0,,green
2568-1115,2568,2025-03-31,2025-04-06,,,0,0,0,8,0.0,,0,4,0.0,,green
2568-1116,2568,2025-03-31,2025-04-06,,,0,0,0,4,0.0,,0,2,0.0,,green
2568-1117,2568,2025-03-31,2025-04-06,100.0,85.0,0,4,3,8,37.5,72.66666666666667,2,4,50.0,74.6,green
2568-1118,2568,2025-03-31,2025-04-06,50.0,50.0,0,0,3,8,37.5,71.73333333333333,2,4,50.0,72.55000000000001,yellow
2568-1119,2568,2025-03-31,2025-04-06,,,0,0,0,8,0.0,,0,4,0.0,,green
2568-1120,2568,2025-03-31,2025-04-06,,,0,0,0,6,0.0,,0,3,0.0,,green
2568-1121,2568,2025-03-31,2025-04-06,,,0,0,0,8,0.0,,0,4,0.0,,green
2568-1122,2568,2025-03-31,2025-04-06,75.0,80.0,0,2,3,8,37.5,73.73333333333333,3,4,75.0,65.73333333333333,green
2568-1123,2568,2025-03-31,2025-04-06,50.0,75.0,0,0,1,8,12.5,60.8,1,4,25.0,58.6,yellow
2568-1124,2568,2025-03-31,2025-04-06,75.0,80.0,0,3,2,8,25.0,73.75,2,4,50.0,72.4,green
2568-1125,2568,2025-03-31,2025-04-06,100.0,100.0,0,5,4,8,50.0,81.32499999999999,1,4,25.0,87.7,green
2568-1126,2568,2025-03-31,2025-04-06,,,0,0,0,8,0.0,,0,4,0.0,,green
2568-1127,2568,2025-03-31,2025-04-06,,,0,0,0,8,0.0,,0,4,0.0,,green
2568-1128,2568,2025-03-31,2025-04-06,,,0,0,0,4,0.0,,0,2,0.0,,green
2568-1129,2568,2025-03-31,2025-04-06,,,0,0,0,8,0.0,,0,4,0.0,,green
2568-1130,2568,2025-03-31,2025-04-06,100.0,80.0,0,3,2,6,33.333333333333336,85.3,1,3,33.333333333333336,84.6,green
2568-1131,2568,2025-03-31,2025-04-06,50.0,70.0,0,0,2,8,25.0,93.15,3,4,75.0,85.86666666666667,yellow
2568-1132,2568,2025-03-31,2025-04-06,100.0,90.0,0,5,4,8,50.0,87.25,4,4,100.0,93.975,green
2568-1133,2568,2025-03-31,2025-04-06,100.0,100.0,0,5,3,8,37.5,86.93333333333334,3,4,75.0,87.23333333333333,green
2568-1134,2568,2025-03-31,2025-04-06,,,0,0,0,8,0.0,,0,4,0.0,,green
2568-1135,2568,2025-03-31,2025-04-06,100.0,80.0,0,1,3,8,37.5,75.7,3,4,75.0,77.2,green
2568-1136,2568,2025-03-31,2025-04-06,,,0,0,0,6,0.0,,0,3,0.0,,green
2568-1137,2568,2025-03-31,2025-04-06,75.0,90.0,0,5,4,8,50.0,80.05,3,4,75.0,81.73333333333333,green
2568-1138,2568,2025-03-31,2025-04-06,,,0,0,0,8,0.0,,0,4,0.0,,green
2568-1139,2568,2025-03-31,2025-04-06,50.0,65.0,0,0,2,8,25.0,71.0,4,4,100.0,67.27499999999999,yellow
2568-1140,2568,2025-03-31,2025-04-06,33.333333333333336,80.0,0,0,3,6,50.0,90.0,3,3,100.0,85.89999999999999,orange
2568-1141,2568,2025-03-31,2025-04-06,66.66666666666667,80.0,0,0,2,6,33.333333333333336,79.95,3,3,100.0,88.0,yellow
2568-1142,2568,2025-03-31,2025-04-06,75.0,70.0,0,2,2,8,25.0,82.35,1,4,25.0,60.3,green
2568-1143,2568,2025-03-31,2025-04-06,100.0,100.0,0,5,3,6,50.0,85.60000000000001,2,3,66.66666666666667,87.35,green
2568-1144,2568,2025-03-31,2025-04-06,50.0,60.0,0,0,2,4,50.0,77.95,2,2,100.0,57.55,yellow
2568-1145,2568,2025-03-31,2025-04-06,100.0,85.0,0,3,3,8,37.5,92.7,3,4,75.0,85.83333333333333,green
2568-1146,2568,2025-03-31,2025-04-06,33.333333333333336,60.0,0,0,1,6,16.666666666666668,69.2,0,3,0.0,,orange
2568-1147,2568,2025-03-31,2025-04-06,0.0,30.0,0,0,1,8,12.5,66.4,2,4,50.0,58.25,red
2568-1148,2568,2025-03-31,2025-04-06,100.0,86.66666666666667,0,1,2,6,33.333333333333336,65.95,2,3,66.66666666666667,81.05,green
2568-1149,2568,2025-03-31,2025-04-06,,,0,0,0,6,0.0,,0,3,0.0,,green
2568-1150,2568,2025-03-31,2025-04-06,66.66666666666667,86.66666666666667,0,0,1,6,16.666666666666668,56.7,3,3,100.0,73.96666666666665,yellow
2568-1151,2568,2025-03-31,2025-04-06,66.66666666666667,80.0,0,0,2,6,33.333333333333336,84.0,2,3,66.66666666666667,77.25,yellow
2568-1152,2568,2025-03-31,2025-04-06,75.0,65.0,0,1,3,8,37.5,79.43333333333332,2,4,50.0,77.80000000000001,green
2568-1153,2568,2025-03-31,2025-04-06,,,0,0,0,8,0.0,,0,4,0.0,,green
2568-1154,2568,2025-03-31,2025-04-06,,,0,0,0,4,0.0,,0,2,0.0,,green
2568-1155,2568,2025-03-31,2025-04-06,0.0,40.0,0,0,0,6,0.0,,1,3,33.333333333333336,63.8,red
2568-1156,2568,2025-03-31,2025-04-06,75.0,60.0,0,2,2,8,25.0,76.6,2,4,50.0,70.75,green
2568-1157,2568,2025-03-31,2025-04-06,100.0,100.0,0,5,3,8,37.5,67.43333333333334,4,4,100.0,80.5,green
2568-1158,2568,2025-03-31,2025-04-06,75.0,85.0,0,3,4,8,50.0,92.875,4,4,100.0,84.675,green
2568-1159,2568,2025-03-31,2025-04-06,,,0,0,0,6,0.0,,0,3,0.0,,green
2568-1160,2568,2025-03-31,2025-04-06,,,0,0,0,8,0.0,,0,4,0.0,,green
2568-1001,2568,2025-04-07,2025-04-13,,,0,0,0,12,0.0,,0,4,0.0,,green
2568-1002,2568,2025-04-07,2025-04-13,75.0,70.83333333333333,0,3,6,12,50.0,84.03333333333333,3,4,75.0,68.10000000000001,green
2568-1003,2568,2025-04-07,2025-04-13,75.0,70.83333333333333,0,2,3,12,25.0,63.06666666666666,3,4,75.0,67.33333333333333,green
2568-1004,2568,2025-04-07,2025-04-13,75.0,58.333333333333336,0,2,4,12,33.333333333333336,70.55000000000001,4,4,100.0,79.4,green
2568-1005,2568,2025-04-07,2025-04-13,100.0,62.5,0,1,3,12,25.0,72.2,2,4,50.0,84.4,green
2568-1006,2568,2025-04-07,2025-04-13,100.0,72.22222222222223,0,1,3,9,33.333333333333336,82.3,2,3,66.66666666666667,76.19999999999999,green
2568-1007,2568,2025-04-07,2025-04-13,75.0,75.0,0,1,2,12,16.666666666666668,66.95,0,4,0.0,,green
2568-1008,2568,2025-04-07,2025-04-13,50.0,50.0,0,0,3,12,25.0,70.5,0,4,0.0,,yellow
2568-1009,2568,2025-04-07,2025-04-13,,,0,0,0,12,0.0,,0,4,0.0,,green
2568-1010,2568,2025-04-07,2025-04-13,100.0,100.0,0,1,3,12,25.0,80.5,0,4,0.0,,green
2568-1011,2568,2025-04-07,2025-04-13,,,0,0,0,12,0.0,,0,4,0.0,,green
2568-1012,2568,2025-04-07,2025-04-13,100.0,100.0,0,6,3,6,50.0,91.10000000000001,1,2,50.0,81.6,green
2568-1013,2568,2025-04-07,2025-04-13,50.0,50.0,0,0,3,12,25.0,91.96666666666665,0,4,0.0,,yellow
2568-1014,2568,2025-04-07,2025-04-13,75.0,79.16666666666667,0,4,4,12,33.333333333333336,77.32499999999999,3,4,75.0,74.7,green
2568-1015,2568,2025-04-07,2025-04-13,,40.0,0,0,2,6,33.333333333333336,72.4,0,2,0.0,,green
2568-1016,2568,2025-04-07,2025-04-13,100.0,79.16666666666667,0,6,5,12,41.666666666666664,96.58000000000001,2,4,50.0,82.0,green
2568-1017,2568,2025-04-07,2025-04-13,50.0,75.0,0,0,4,12,33.333333333333336,83.44999999999999,3,4,75.0,75.16666666666667,yellow
2568-1018,2568,2025-04-07,2025-04-13,66.66666666666667,66.66666666666667,0,0,1,9,11.11111111111111,82.9,0,3,0.0,,yellow
2568-1019,2568,2025-04-07,2025-04-13,,,0,0,0,12,0.0,,0,4,0.0,,green
2568-1020,2568,2025-04-07,2025-04-13,100.0,100.0,0,1,2,12,16.666666666666668,80.25,0,4,0.0,,green
2568-1021,2568,2025-04-07,2025-04-13,100.0,83.33333333333333,0,4,5,12,41.666666666666664,90.6,4,4,100.0,87.875,green
2568-1022,2568,2025-04-07,2025-04-13,33.333333333333336,38.888888888888886,0,0,5,9,55.55555555555556,70.16,2,3,66.66666666666667,80.7,orange
2568-1023,2568,2025-04-07,2025-04-13,50.0,50.0,0,0,2,6,33.333333333333336,94.85,0,2,0.0,,yellow
2568-1024,2568,2025-04-07,2025-04-13,100.0,100.0,0,1,1,6,16.666666666666668,66.1,0,2,0.0,,green
2568-1025,2568,2025-04-07,2025-04-13,50.0,58.333333333333336,0,0,1,6,16.666666666666668,81.4,1,2,50.0,87.2,yellow
2568-1026,2568,2025-04-07,2025-04-13,25.0,66.66666666666667,0,0,4,12,33.333333333333336,74.375,4,4,100.0,66.75,orange
2568-1027,2568,2025-04-07,2025-04-13,100.0,95.83333333333333,0,6,8,12,66.66666666666667,85.6875,4,4,100.0,69.85,green
2568-1028,2568,2025-04-07,2025-04-13,100.0,91.66666666666667,0,6,6,12,50.0,81.26666666666667,3,4,75.0,90.13333333333333,green
2568-1029,2568,2025-04-07,2025-04-13,75.0,95.83333333333333,0,6,5,12,41.666666666666664,88.22,4,4,100.0,91.45000000000002,green
2568-1030,2568,2025-04-07,2025-04-13,100.0,95.83333333333333,0,6,6,12,50.0,87.51666666666667,3,4,75.0,86.03333333333335,green
2568-1031,2568,2025-04-07,2025-04-13,75.0,62.5,0,1,4,12,33.333333333333336,66.05,1,4,25.0,72.2,green
2568-1032,2568,2025-04-07,2025-04-13,100.0,100.0,0,6,8,12,66.66666666666667,83.975,2,4,50.0,83.6,green
2568-1033,2568,2025-04-07,2025-04-13,100.0,75.0,0,3,3,6,50.0,69.2,1,2,50.0,72.8,green
2568-1034,2568,2025-04-07,2025-04-13,100.0,100.0,0,1,3,9,33.333333333333336,77.43333333333334,0,3,0.0,,green
2568-1035,2568,2025-04-07,2025-04-13,100.0,100.0,0,1,1,6,16.666666666666668,51.3,0,2,0.0,,green
2568-1036,2568,2025-04-07,2025-04-13,75.0,75.0,0,2,7,12,58.333333333333336,77.97142857142856,3,4,75.0,80.9,green
2568-1037,2568,2025-04-07,2025-04-13,100.0,100.0,0,6,5,9,55.55555555555556,98.7,3,3,100.0,85.3,green
2568-1038,2568,2025-04-07,2025-04-13,33.333333333333336,38.888888888888886,0,0,2,9,22.22222222222222,81.4,2,3,66.66666666666667,79.25,orange
2568-1039,2568,2025-04-07,2025-04-13,,,0,0,0,9,0.0,,0,3,0.0,,green
2568-1040,2568,2025-04-07,2025-04-13,66.66666666666667,38.888888888888886,0,0,3,9,33.333333333333336,65.03333333333335,2,3,66.66666666666667,84.3,yellow
2568-1041,2568,2025-04-07,2025-04-13,100.0,75.0,0,1,6,12,50.0,67.81666666666666,1,4,25.0,81.7,green
2568-1042,2568,2025-04-07,2025-04-13,100.0,100.0,0,1,2,12,16.666666666666668,86.4,0,4,0.0,,green
2568-1043,2568,2025-04-07,2025-04-13,50.0,54.166666666666664,0,0,2,12,16.666666666666668,71.95,2,4,50.0,72.5,yellow
2568-1044,2568,2025-04-07,2025-04-13,100.0,33.333333333333336,0,1,2,6,33.333333333333336,73.05,0,2,0.0,,green
2568-1045,2568,2025-04-07,2025-04-13,100.0,100.0,0,6,7,12,58.333333333333336,89.84285714285714,4,4,100.0,91.6,green
2568-1046,2568,2025-04-07,2025-04-13,100.0,91.66666666666667,0,6,8,12,66.66666666666667,84.025,4,4,100.0,87.42500000000001,green
2568-1047,2568,2025-04-07,2025-04-13,75.0,66.66666666666667,0,3,5,12,41.666666666666664,71.55999999999999,3,4,75.0,68.7,green
2568-1048,2568,2025-04-07,2025-04-13,100.0,100.0,0,6,4,9,44.44444444444444,83.15,3,3,100.0,93.53333333333335,green
2568-1049,2568,2025-04-07,2025-04-13,66.66666666666667,61.111111111111114,0,0,5,9,55.55555555555556,72.44,1,3,33.333333333333336,78.9,yellow
2568-1050,2568,2025-04-07,2025-04-13,50.0,70.83333333333333,0,0,3,12,25.0,80.0,3,4,75.0,83.73333333333333,yellow
2568-1051,2568,2025-04-07,2025-04-13,50.0,58.333333333333336,0,0,2,6,33.333333333333336,73.2,2,2,100.0,63.550000000000004,yellow
2568-1052,2568,2025-04-07,2025-04-13,100.0,91.66666666666667,0,4,8,12,66.66666666666667,91.9875,3,4,75.0,85.53333333333335,green
2568-1053,2568,2025-04-07,2025-04-13,100.0,75.0,0,2,3,6,50.0,71.73333333333333,2,2,100.0,73.1,green
2568-1054,2568,2025-04-07,2025-04-13,100.0,100.0,0,1,2,9,22.22222222222222,86.9,0,3,0.0,,green
2568-1055,2568,2025-04-07,2025-04-13,100.0,70.83333333333333,0,4,6,12,50.0,73.95,2,4,50.0,80.1,green
2568-1056,2568,2025-04-07,2025-04-13,75.0,75.0,0,5,6,12,50.0,72.01666666666667,1,4,25.0,92.7,green
2568-1057,2568,2025-04-07,2025-04-13,100.0,100.0,0,6,6,12,50.0,89.96666666666668,3,4,75.0,87.53333333333335,green
2568-1058,2568,2025-04-07,2025-04-13,100.0,100.0,0,6,3,6,50.0,88.53333333333335,2,2,100.0,84.3,green
2568-1059,2568,2025-04-07,2025-04-13,100.0,100.0,0,1,2,9,22.22222222222222,76.9,0,3,0.0,,green
2568-1060,2568,2025-04-07,2025-04-13,,,0,0,0,6,0.0,,0,2,0.0,,green
2568-1061,2568,2025-04-07,2025-04-13,100.0,75.0,0,1,5,12,41.666666666666664,68.28,4,4,100.0,77.9,green
2568-1062,2568,2025-04-07,2025-04-13,,,0,0,0,9,0.0,,0,3,0.0,,green
2568-1063,2568,2025-04-07,2025-04-13,,,0,0,0,12,0.0,,0,4,0.0,,green
2568-1064,2568,2025-04-07,2025-04-13,,50.0,0,0,2,6,33.333333333333336,94.35,2,2,100.0,78.1,green
2568-1065,2568,2025-04-07,2025-04-13,,,0,0,0,6,0.0,,0,2,0.0,,green
2568-1066,2568,2025-04-07,2025-04-13,50.0,62.5,0,0,7,12,58.333333333333336,65.19999999999999,1,4,25.0,60.2,yellow
2568-1067,2568,2025-04-07,2025-04-13,,,0,0,0,12,0.0,,0,4,0.0,,green
2568-1068,2568,2025-04-07,2025-04-13,100.0,100.0,0,6,5,9,55.55555555555556,82.4,3,3,100.0,98.06666666666666,green
2568-1069,2568,2025-04-07,2025-04-13,75.0,91.66666666666667,0,6,6,12,50.0,82.55000000000001,2,4,50.0,67.95,green
2568-1070,2568,2025-04-07,2025-04-13,66.66666666666667,77.77777777777777,0,0,6,9,66.66666666666667,78.60000000000001,2,3,66.66666666666667,79.4,yellow
2568-1071,2568,2025-04-07,2025-04-13,66.66666666666667,83.33333333333333,0,0,4,9,44.44444444444444,93.275,3,3,100.0,86.76666666666665,yellow
2568-1072,2568,2025-04-07,2025-04-13,100.0,58.333333333333336,0,1,2,6,33.333333333333336,75.7,2,2,100.0,63.05,green
2568-1073,2568,2025-04-07,2025-04-13,100.0,100.0,0,1,3,12,25.0,74.6,0,4,0.0,,green
2568-1074,2568,2025-04-07,2025-04-13,25.0,41.666666666666664,0,0,1,12,8.333333333333334,39.3,2,4,50.0,63.599999999999994,orange
2568-1075,2568,2025-04-07,2025-04-13,,30.0,2,0,1,6,16.666666666666668,55.5,0,2,0.0,,red
2568-1076,2568,2025-04-07,2025-04-13,50.0,58.333333333333336,0,0,7,12,58.333333333333336,80.39999999999999,4,4,100.0,80.5,yellow
2568-1077,2568,2025-04-07,2025-04-13,100.0,100.0,0,1,4,12,33.333333333333336,83.82499999999999,0,4,0.0,,green
2568-1078,2568,2025-04-07,2025-04-13,,,0,0,0,12,0.0,,0,4,0.0,,green
2568-1079,2568,2025-04-07,2025-04-13,100.0,100.0,0,1,2,12,16.666666666666668,82.45,0,4,0.0,,green
2568-1080,2568,2025-04-07,2025-04-13,50.0,50.0,0,0,2,12,16.666666666666668,78.85,0,4,0.0,,yellow
2568-1081,2568,2025-04-07,2025-04-13,75.0,75.0,0,1,4,12,33.333333333333336,75.02499999999999,0,4,0.0,,green
2568-1082,2568,2025-04-07,2025-04-13,,,0,0,0,12,0.0,,0,4,0.0,,green
2568-1083,2568,2025-04-07,2025-04-13,,,0,0,0,6,0.0,,0,2,0.0,,green
2568-1084,2568,2025-04-07,2025-04-13,100.0,95.83333333333333,0,6,8,12,66.66666666666667,88.1875,3,4,75.0,83.3,green
2568-1085,2568,2025-04-07,2025-04-13,,,0,0,0,12,0.0,,0,4,0.0,,green
2568-1086,2568,2025-04-07,2025-04-13,50.0,50.0,0,0,2,6,33.333333333333336,75.75,1,2,50.0,61.5,yellow
2568-1087,2568,2025-04-07,2025-04-13,75.0,87.5,0,6,7,12,58.333333333333336,74.88571428571427,2,4,50.0,86.25,green
2568-1088,2568,2025-04-07,2025-04-13,25.0,25.0,0,0,2,12,16.666666666666668,86.3,0,4,0.0,,orange
2568-1089,2568,2025-04-07,2025-04-13,,,0,0,0,6,0.0,,0,2,0.0,,green
2568-1090,2568,2025-04-07,2025-04-13,,45.0,0,1,0,12,0.0,,0,4,0.0,,green
2568-1091,2568,2025-04-07,2025-04-13,100.0,100.0,0,1,2,6,33.333333333333336,87.5,0,2,0.0,,green
2568-1092,2568,2025-04-07,2025-04-13,,80.0,0,0,2,6,33.333333333333336,67.25,1,2,50.0,70.9,green
2568-1093,2568,2025-04-07,2025-04-13,100.0,100.0,0,6,5,9,55.55555555555556,87.66,0,3,0.0,,green
2568-1094,2568,2025-04-07,2025-04-13,66.66666666666667,83.33333333333333,0,0,4,9,44.44444444444444,88.30000000000001,3,3,100.0,84.26666666666667,yellow
2568-1095,2568,2025-04-07,2025-04-13,50.0,54.166666666666664,0,0,4,12,33.333333333333336,64.425,2,4,50.0,70.95,yellow
2568-1096,2568,2025-04-07,2025-04-13,75.0,87.5,0,6,6,12,50.0,82.83333333333333,3,4,75.0,90.46666666666665,green
2568-1097,2568,2025-04-07,2025-04-13,100.0,100.0,0,6,3,6,50.0,88.89999999999999,2,2,100.0,94.19999999999999,green
2568-1098,2568,2025-04-07,2025-04-13,100.0,66.66666666666667,0,3,3,6,50.0,67.16666666666667,1,2,50.0,55.4,green
2568-1099,2568,2025-04-07,2025-04-13,75.0,79.16666666666667,0,4,6,12,50.0,85.56666666666666,4,4,100.0,81.025,green
2568-1100,2568,2025-04-07,2025-04-13,33.333333333333336,33.333333333333336,0,0,1,9,11.11111111111111,75.0,0,3,0.0,,orange
2568-1101,2568,2025-04-07,2025-04-13,100.0,75.0,0,1,4,6,66.66666666666667,84.25,1,2,50.0,94.3,green
2568-1102,2568,2025-04-07,2025-04-13,100.0,94.44444444444444,0,1,6,9,66.66666666666667,86.35000000000001,3,3,100.0,82.56666666666666,green
2568-1103,2568,2025-04-07,2025-04-13,50.0,50.0,0,0,1,12,8.333333333333334,74.3,0,4,0.0,,yellow
2568-1104,2568,2025-04-07,2025-04-13,75.0,50.0,0,2,5,12,41.666666666666664,65.17999999999999,4,4,100.0,66.025,green
2568-1105,2568,2025-04-07,2025-04-13,100.0,77.77777777777777,0,1,5,9,55.55555555555556,82.46,3,3,100.0,73.03333333333333,green
2568-1106,2568,2025-04-07,2025-04-13,75.0,75.0,0,4,4,12,33.333333333333336,66.025,1,4,25.0,60.4,green
2568-1107,2568,2025-04-07,2025-04-13,,,0,0,0,12,0.0,,0,4,0.0,,green
2568-1108,2568,2025-04-07,2025-04-13,100.0,77.77777777777777,0,2,4,9,44.44444444444444,83.3,2,3,66.66666666666667,70.1,green
2568-1109,2568,2025-04-07,2025-04-13,66.66666666666667,72.22222222222223,0,0,2,9,22.22222222222222,68.45,2,3,66.66666666666667,70.55,yellow
2568-1110,2568,2025-04-07,2025-04-13,100.0,100.0,0,1,3,9,33.333333333333336,79.93333333333334,0,3,0.0,,green
2568-1111,2568,2025-04-07,2025-04-13,100.0,70.83333333333333,0,1,4,12,33.333333333333336,87.5,2,4,50.0,79.69999999999999,green
2568-1112,2568,2025-04-07,2025-04-13,100.0,75.0,0,1,5,12,41.666666666666664,72.74,2,4,50.0,77.19999999999999,green
2568-1113,2568,2025-04-07,2025-04-13,,,0,0,0,12,0.0,,0,4,0.0,,green
2568-1114,2568,2025-04-07,2025-04-13,75.0,75.0,0,1,4,12,33.333333333333336,76.075,0,4,0.0,,green
2568-1115,2568,2025-04-07,2025-04-13,,,0,0,0,12,0.0,,0,4,0.0,,green
2568-1116,2568,2025-04-07,2025-04-13,,,0,0,0,6,0.0,,0,2,0.0,,green
2568-1117,2568,2025-04-07,2025-04-13,75.0,83.33333333333333,0,5,5,12,41.666666666666664,74.14,2,4,50.0,74.6,green
2568-1118,2568,2025-04-07,2025-04-13,75.0,54.166666666666664,0,1,6,12,50.0,72.01666666666667,2,4,50.0,72.55000000000001,green
2568-1119,2568,2025-04-07,2025-04-13,50.0,50.0,0,0,3,12,25.0,76.56666666666666,0,4,0.0,,yellow
2568-1120,2568,2025-04-07,2025-04-13,,,0,0,0,9,0.0,,0,3,0.0,,green
2568-1121,2568,2025-04-07,2025-04-13,75.0,75.0,0,1,2,12,16.666666666666668,85.3,0,4,0.0,,green
2568-1122,2568,2025-04-07,2025-04-13,75.0,79.16666666666667,0,3,7,12,58.333333333333336,68.81428571428572,3,4,75.0,65.73333333333333,green
2568-1123,2568,2025-04-07,2025-04-13,75.0,75.0,0,1,3,12,25.0,64.76666666666667,1,4,25.0,58.6,green
2568-1124,2568,2025-04-07,2025-04-13,75.0,79.16666666666667,0,4,4,12,33.333333333333336,75.375,2,4,50.0,72.4,green
2568-1125,2568,2025-04-07,2025-04-13,100.0,100.0,0,6,6,12,50.0,79.39999999999999,1,4,25.0,87.7,green
2568-1126,2568,2025-04-07,2025-04-13,75.0,75.0,0,1,4,12,33.333333333333336,83.35,0,4,0.0,,green
2568-1127,2568,2025-04-07,2025-04-13,,,0,0,0,12,0.0,,0,4,0.0,,green
2568-1128,2568,2025-04-07,2025-04-13,100.0,100.0,0,1,2,6,33.333333333333336,79.25,0,2,0.0,,green
2568-1129,2568,2025-04-07,2025-04-13,100.0,100.0,0,1,4,12,33.333333333333336,84.05,0,4,0.0,,green
2568-1130,2568,2025-04-07,2025-04-13,66.66666666666667,77.77777777777777,0,0,4,9,44.44444444444444,72.1,1,3,33.333333333333336,84.6,yellow
2568-1131,2568,2025-04-07,2025-04-13,75.0,70.83333333333333,0,1,6,12,50.0,86.48333333333333,3,4,75.0,85.86666666666667,green
2568-1132,2568,2025-04-07,2025-04-13,100.0,91.66666666666667,0,6,7,12,58.333333333333336,85.74285714285715,4,4,100.0,93.975,green
2568-1133,2568,2025-04-07,2025-04-13,100.0,100.0,0,6,7,12,58.333333333333336,86.54285714285713,3,4,75.0,87.23333333333333,green
2568-1134,2568,2025-04-07,2025-04-13,100.0,100.0,0,1,3,12,25.0,95.06666666666666,0,4,0.0,,green
2568-1135,2568,2025-04-07,2025-04-13,100.0,83.33333333333333,0,2,6,12,50.0,74.61666666666666,3,4,75.0,77.2,green
2568-1136,2568,2025-04-07,2025-04-13,,,0,0,0,9,0.0,,0,3,0.0,,green
2568-1137,2568,2025-04-07,2025-04-13,100.0,91.66666666666667,0,6,6,12,50.0,80.35,3,4,75.0,81.73333333333333,green
2568-1138,2568,2025-04-07,2025-04-13,50.0,50.0,0,0,3,12,25.0,84.26666666666667,0,4,0.0,,yellow
2568-1139,2568,2025-04-07,2025-04-13,50.0,62.5,0,0,5,12,41.666666666666664,70.74,4,4,100.0,67.27499999999999,yellow
2568-1140,2568,2025-04-07,2025-04-13,100.0,83.33333333333333,0,1,6,9,66.66666666666667,81.35000000000001,3,3,100.0,85.89999999999999,green
2568-1141,2568,2025-04-07,2025-04-13,100.0,83.33333333333333,0,1,4,9,44.44444444444444,79.525,3,3,100.0,88.0,green
2568-1142,2568,2025-04-07,2025-04-13,75.0,70.83333333333333,0,3,3,12,25.0,81.23333333333333,1,4,25.0,60.3,green
2568-1143,2568,2025-04-07,2025-04-13,100.0,100.0,0,6,5,9,55.55555555555556,77.42,2,3,66.66666666666667,87.35,green
2568-1144,2568,2025-04-07,2025-04-13,50.0,58.333333333333336,0,0,3,6,50.0,78.5,2,2,100.0,57.55,yellow
2568-1145,2568,2025-04-07,2025-04-13,75.0,83.33333333333333,0,4,7,12,58.333333333333336,85.2,3,4,75.0,85.83333333333333,green
2568-1146,2568,2025-04-07,2025-04-13,0.0,50.0,0,0,3,9,33.333333333333336,63.333333333333336,0,3,0.0,,red
2568-1147,2568,2025-04-07,2025-04-13,75.0,37.5,0,1,2,12,16.666666666666668,69.55000000000001,2,4,50.0,58.25,green
2568-1148,2568,2025-04-07,2025-04-13,100.0,88.88888888888889,0,2,4,9,44.44444444444444,75.975,2,3,66.66666666666667,81.05,green
2568-1149,2568,2025-04-07,2025-04-13,,,0,0,0,9,0.0,,0,3,0.0,,green
2568-1150,2568,2025-04-07,2025-04-13,33.333333333333336,77.77777777777777,0,0,2,9,22.22222222222222,70.7,3,3,100.0,73.96666666666665,orange
2568-1151,2568,2025-04-07,2025-04-13,100.0,83.33333333333333,0,1,4,9,44.44444444444444,80.275,2,3,66.66666666666667,77.25,green
2568-1152,2568,2025-04-07,2025-04-13,100.0,70.83333333333333,0,2,4,12,33.333333333333336,80.32499999999999,2,4,50.0,77.80000000000001,green
2568-1153,2568,2025-04-07,2025-04-13,50.0,50.0,0,0,4,12,33.333333333333336,91.65,0,4,0.0,,yellow
2568-1154,2568,2025-04-07,2025-04-13,50.0,50.0,0,0,0,6,0.0,,0,2,0.0,,yellow
2568-1155,2568,2025-04-07,2025-04-13,0.0,33.333333333333336,0,0,3,9,33.333333333333336,66.76666666666667,1,3,33.333333333333336,63.8,red
2568-1156,2568,2025-04-07,2025-04-13,25.0,54.166666666666664,0,0,4,12,33.333333333333336,71.25,2,4,50.0,70.75,orange
2568-1157,2568,2025-04-07,2025-04-13,75.0,95.83333333333333,0,6,6,12,50.0,66.33333333333333,4,4,100.0,80.5,green
2568-1158,2568,2025-04-07,2025-04-13,100.0,87.5,0,4,7,12,58.333333333333336,88.81428571428572,4,4,100.0,84.675,green
2568-1159,2568,2025-04-07,2025-04-13,100.0,100.0,0,1,3,9,33.333333333333336,93.03333333333335,0,3,0.0,,green
2568-1160,2568,2025-04-07,2025-04-13,75.0,75.0,0,1,3,12,25.0,88.16666666666667,0,4,0.0,,green
2568-1001,2568,2025-04-14,2025-04-20,,,0,0,0,12,0.0,,0,4,0.0,,green
2568-1002,2568,2025-04-14,2025-04-20,50.0,67.85714285714286,0,0,6,12,50.0,84.03333333333333,3,4,75.0,68.10000000000001,yellow
2568-1003,2568,2025-04-14,2025-04-20,50.0,67.85714285714286,0,0,3,12,25.0,63.06666666666666,3,4,75.0,67.33333333333333,yellow
2568-1004,2568,2025-04-14,2025-04-20,50.0,57.142857142857146,0,0,4,12,33.333333333333336,70.55000000000001,4,4,100.0,79.4,yellow
2568-1005,2568,2025-04-14,2025-04-20,75.0,64.28571428571429,0,2,3,12,25.0,72.2,2,4,50.0,84.4,green
2568-1006,2568,2025-04-14,2025-04-20,66.66666666666667,71.42857142857143,0,0,3,9,33.333333333333336,82.3,2,3,66.66666666666667,76.19999999999999,yellow
2568-1007,2568,2025-04-14,2025-04-20,50.0,62.5,0,0,2,12,16.666666666666668,66.95,0,4,0.0,,yellow
2568-1008,2568,2025-04-14,2025-04-20,50.0,50.0,0,0,3,12,25.0,70.5,0,4,0.0,,yellow
2568-1009,2568,2025-04-14,2025-04-20,,,0,0,0,12,0.0,,0,4,0.0,,green
2568-1010,2568,2025-04-14,2025-04-20,75.0,87.5,0,2,3,12,25.0,80.5,0,4,0.0,,green
2568-1011,2568,2025-04-14,2025-04-20,,,0,0,0,12,0.0,,0,4,0.0,,green
2568-1012,2568,2025-04-14,2025-04-20,100.0,100.0,0,7,3,6,50.0,91.10000000000001,1,2,50.0,81.6,green
2568-1013,2568,2025-04-14,2025-04-20,100.0,75.0,0,1,3,12,25.0,91.96666666666665,0,4,0.0,,green
2568-1014,2568,2025-04-14,2025-04-20,75.0,78.57142857142857,0,5,4,12,33.333333333333336,77.32499999999999,3,4,75.0,74.7,green
2568-1015,2568,2025-04-14,2025-04-20,,40.0,0,0,2,6,33.333333333333336,72.4,0,2,0.0,,green
2568-1016,2568,2025-04-14,2025-04-20,75.0,78.57142857142857,0,7,5,12,41.666666666666664,96.58000000000001,2,4,50.0,82.0,green
2568-1017,2568,2025-04-14,2025-04-20,75.0,75.0,0,1,4,12,33.333333333333336,83.44999999999999,3,4,75.0,75.16666666666667,green
2568-1018,2568,2025-04-14,2025-04-20,66.66666666666667,66.66666666666667,0,0,1,9,11.11111111111111,82.9,0,3,0.0,,yellow
2568-1019,2568,2025-04-14,2025-04-20,,,0,0,0,12,0.0,,0,4,0.0,,green
2568-1020,2568,2025-04-14,2025-04-20,75.0,87.5,0,2,2,12,16.666666666666668,80.25,0,4,0.0,,green
2568-1021,2568,2025-04-14,2025-04-20,100.0,85.71428571428571,0,5,5,12,41.666666666666664,90.6,4,4,100.0,87.875,green
2568-1022,2568,2025-04-14,2025-04-20,33.333333333333336,38.095238095238095,0,0,5,9,55.55555555555556,70.16,2,3,66.66666666666667,80.7,orange
2568-1023,2568,2025-04-14,2025-04-20,100.0,75.0,0,1,2,6,33.333333333333336,94.85,0,2,0.0,,green
2568-1024,2568,2025-04-14,2025-04-20,50.0,75.0,0,0,1,6,16.666666666666668,66.1,0,2,0.0,,yellow
2568-1025,2568,2025-04-14,2025-04-20,100.0,64.28571428571429,0,1,1,6,16.666666666666668,81.4,1,2,50.0,87.2,green
2568-1026,2568,2025-04-14,2025-04-20,75.0,67.85714285714286,0,1,4,12,33.333333333333336,74.375,4,4,100.0,66.75,green
2568-1027,2568,2025-04-14,2025-04-20,75.0,92.85714285714286,0,7,8,12,66.66666666666667,85.6875,4,4,100.0,69.85,green
2568-1028,2568,2025-04-14,2025-04-20,100.0,92.85714285714286,0,7,6,12,50.0,81.26666666666667,3,4,75.0,90.13333333333333,green
2568-1029,2568,2025-04-14,2025-04-20,100.0,96.42857142857143,0,7,5,12,41.666666666666664,88.22,4,4,100.0,91.45000000000002,green
2568-1030,2568,2025-04-14,2025-04-20,100.0,96.42857142857143,0,7,6,12,50.0,87.51666666666667,3,4,75.0,86.03333333333335,green
2568-1031,2568,2025-04-14,2025-04-20,75.0,64.28571428571429,0,2,4,12,33.333333333333336,66.05,1,4,25.0,72.2,green
2568-1032,2568,2025-04-14,2025-04-20,100.0,100.0,0,7,8,12,66.66666666666667,83.975,2,4,50.0,83.6,green
2568-1033,2568,2025-04-14,2025-04-20,100.0,78.57142857142857,0,4,3,6,50.0,69.2,1,2,50.0,72.8,green
2568-1034,2568,2025-04-14,2025-04-20,66.66666666666667,83.33333333333333,0,0,3,9,33.333333333333336,77.43333333333334,0,3,0.0,,yellow
2568-1035,2568,2025-04-14,2025-04-20,0.0,50.0,1,0,1,6,16.666666666666668,51.3,0,2,0.0,,red
2568-1036,2568,2025-04-14,2025-04-20,50.0,71.42857142857143,0,0,7,12,58.333333333333336,77.97142857142856,3,4,75.0,80.9,yellow
2568-1037,2568,2025-04-14,2025-04-20,100.0,100.0,0,7,5,9,55.55555555555556,98.7,3,3,100.0,85.3,green
2568-1038,2568,2025-04-14,2025-04-20,33.333333333333336,38.095238095238095,0,0,2,9,22.22222222222222,81.4,2,3,66.66666666666667,79.25,orange
2568-1039,2568,2025-04-14,2025-04-20,,,0,0,0,9,0.0,,0,3,0.0,,green
2568-1040,2568,2025-04-14,2025-04-20,100.0,47.61904761904762,0,1,3,9,33.333333333333336,65.03333333333335,2,3,66.66666666666667,84.3,green
2568-1041,2568,2025-04-14,2025-04-20,75.0,75.0,0,2,6,12,50.0,67.81666666666666,1,4,25.0,81.7,green
2568-1042,2568,2025-04-14,2025-04-20,75.0,87.5,0,2,2,12,16.666666666666668,86.4,0,4,0.0,,green
2568-1043,2568,2025-04-14,2025-04-20,50.0,53.57142857142857,0,0,2,12,16.666666666666668,71.95,2,4,50.0,72.5,yellow
2568-1044,2568,2025-04-14,2025-04-20,50.0,35.714285714285715,0,0,2,6,33.333333333333336,73.05,0,2,0.0,,yellow
2568-1045,2568,2025-04-14,2025-04-20,100.0,100.0,0,7,7,12,58.333333333333336,89.84285714285714,4,4,100.0,91.6,green
2568-1046,2568,2025-04-14,2025-04-20,100.0,92.85714285714286,0,7,8,12,66.66666666666667,84.025,4,4,100.0,87.42500000000001,green
2568-1047,2568,2025-04-14,2025-04-20,75.0,67.85714285714286,0,4,5,12,41.666666666666664,71.55999999999999,3,4,75.0,68.7,green
2568-1048,2568,2025-04-14,2025-04-20,100.0,100.0,0,7,4,9,44.44444444444444,83.15,3,3,100.0,93.53333333333335,green
2568-1049,2568,2025-04-14,2025-04-20,66.66666666666667,61.904761904761905,0,0,5,9,55.55555555555556,72.44,1,3,33.333333333333336,78.9,yellow
2568-1050,2568,2025-04-14,2025-04-20,100.0,75.0,0,1,3,12,25.0,80.0,3,4,75.0,83.73333333333333,green
2568-1051,2568,2025-04-14,2025-04-20,0.0,50.0,1,0,2,6,33.333333333333336,73.2,2,2,100.0,63.550000000000004,red
2568-1052,2568,2025-04-14,2025-04-20,75.0,89.28571428571429,0,5,8,12,66.66666666666667,91.9875,3,4,75.0,85.53333333333335,green
2568-1053,2568,2025-04-14,2025-04-20,50.0,71.42857142857143,0,0,3,6,50.0,71.73333333333333,2,2,100.0,73.1,yellow
2568-1054,2568,2025-04-14,2025-04-20,100.0,100.0,0,2,2,9,22.22222222222222,86.9,0,3,0.0,,green
2568-1055,2568,2025-04-14,2025-04-20,75.0,71.42857142857143,0,5,6,12,50.0,73.95,2,4,50.0,80.1,green
2568-1056,2568,2025-04-14,2025-04-20,50.0,71.42857142857143,0,0,6,12,50.0,72.01666666666667,1,4,25.0,92.7,yellow
2568-1057,2568,2025-04-14,2025-04-20,100.0,100.0,0,7,6,12,50.0,89.96666666666668,3,4,75.0,87.53333333333335,green
2568-1058,2568,2025-04-14,2025-04-20,100.0,100.0,0,7,3,6,50.0,88.53333333333335,2,2,100.0,84.3,green
2568-1059,2568,2025-04-14,2025-04-20,100.0,100.0,0,2,2,9,22.22222222222222,76.9,0,3,0.0,,green
2568-1060,2568,2025-04-14,2025-04-20,,,0,0,0,6,0.0,,0,2,0.0,,green
2568-1061,2568,2025-04-14,2025-04-20,100.0,78.57142857142857,0,2,5,12,41.666666666666664,68.28,4,4,100.0,77.9,green
2568-1062,2568,2025-04-14,2025-04-20,,,0,0,0,9,0.0,,0,3,0.0,,green
2568-1063,2568,2025-04-14,2025-04-20,,,0,0,0,12,0.0,,0,4,0.0,,green
2568-1064,2568,2025-04-14,2025-04-20,,50.0,0,0,2,6,33.333333333333336,94.35,2,2,100.0,78.1,green
2568-1065,2568,2025-04-14,2025-04-20,,,0,0,0,6,0.0,,0,2,0.0,,green
2568-1066,2568,2025-04-14,2025-04-20,75.0,64.28571428571429,0,1,7,12,58.333333333333336,65.19999999999999,1,4,25.0,60.2,green
2568-1067,2568,2025-04-14,2025-04-20,,,0,0,0,12,0.0,,0,4,0.0,,green
2568-1068,2568,2025-04-14,2025-04-20,100.0,100.0,0,7,5,9,55.55555555555556,82.4,3,3,100.0,98.06666666666666,green
2568-1069,2568,2025-04-14,2025-04-20,100.0,92.85714285714286,0,7,6,12,50.0,82.55000000000001,2,4,50.0,67.95,green
2568-1070,2568,2025-04-14,2025-04-20,100.0,80.95238095238095,0,1,6,9,66.66666666666667,78.60000000000001,2,3,66.66666666666667,79.4,green
2568-1071,2568,2025-04-14,2025-04-20,66.66666666666667,80.95238095238095,0,0,4,9,44.44444444444444,93.275,3,3,100.0,86.76666666666665,yellow
2568-1072,2568,2025-04-14,2025-04-20,0.0,50.0,1,0,2,6,33.333333333333336,75.7,2,2,100.0,63.05,red
2568-1073,2568,2025-04-14,2025-04-20,25.0,62.5,0,0,3,12,25.0,74.6,0,4,0.0,,orange
2568-1074,2568,2025-04-14,2025-04-20,0.0,35.714285714285715,1,0,1,12,8.333333333333334,39.3,2,4,50.0,63.599999999999994,red
2568-1075,2568,2025-04-14,2025-04-20,,30.0,2,0,1,6,16.666666666666668,55.5,0,2,0.0,,red
2568-1076,2568,2025-04-14,2025-04-20,100.0,64.28571428571429,0,1,7,12,58.333333333333336,80.39999999999999,4,4,100.0,80.5,green
2568-1077,2568,2025-04-14,2025-04-20,50.0,75.0,0,0,4,12,33.333333333333336,83.82499999999999,0,4,0.0,,yellow
2568-1078,2568,2025-04-14,2025-04-20,,,0,0,0,12,0.0,,0,4,0.0,,green
2568-1079,2568,2025-04-14,2025-04-20,75.0,87.5,0,2,2,12,16.666666666666668,82.45,0,4,0.0,,green
2568-1080,2568,2025-04-14,2025-04-20,75.0,62.5,0,1,2,12,16.666666666666668,78.85,0,4,0.0,,green
2568-1081,2568,2025-04-14,2025-04-20,75.0,75.0,0,2,4,12,33.333333333333336,75.02499999999999,0,4,0.0,,green
2568-1082,2568,2025-04-14,2025-04-20,,,0,0,0,12,0.0,,0,4,0.0,,green
2568-1083,2568,2025-04-14,2025-04-20,,,0,0,0,6,0.0,,0,2,0.0,,green
2568-1084,2568,2025-04-14,2025-04-20,100.0,96.42857142857143,0,7,8,12,66.66666666666667,88.1875,3,4,75.0,83.3,green
2568-1085,2568,2025-04-14,2025-04-20,,,0,0,0,12,0.0,,0,4,0.0,,green
2568-1086,2568,2025-04-14,2025-04-20,50.0,50.0,0,0,2,6,33.333333333333336,75.75,1,2,50.0,61.5,yellow
2568-1087,2568,2025-04-14,2025-04-20,50.0,82.14285714285714,0,0,7,12,58.333333333333336,74.88571428571427,2,4,50.0,86.25,yellow
2568-1088,2568,2025-04-14,2025-04-20,100.0,62.5,0,1,2,12,16.666666666666668,86.3,0,4,0.0,,green
2568-1089,2568,2025-04-14,2025-04-20,,,0,0,0,6,0.0,,0,2,0.0,,green
2568-1090,2568,2025-04-14,2025-04-20,,45.0,0,1,0,12,0.0,,0,4,0.0,,green
2568-1091,2568,2025-04-14,2025-04-20,100.0,100.0,0,2,2,6,33.333333333333336,87.5,0,2,0.0,,green
2568-1092,2568,2025-04-14,2025-04-20,,80.0,0,0,2,6,33.333333333333336,67.25,1,2,50.0,70.9,green
2568-1093,2568,2025-04-14,2025-04-20,100.0,100.0,0,7,5,9,55.55555555555556,87.66,0,3,0.0,,green
2568-1094,2568,2025-04-14,2025-04-20,100.0,85.71428571428571,0,1,4,9,44.44444444444444,88.30000000000001,3,3,100.0,84.26666666666667,green
2568-1095,2568,2025-04-14,2025-04-20,75.0,57.142857142857146,0,1,4,12,33.333333333333336,64.425,2,4,50.0,70.95,green
2568-1096,2568,2025-04-14,2025-04-20,100.0,89.28571428571429,0,7,6,12,50.0,82.83333333333333,3,4,75.0,90.46666666666665,green
2568-1097,2568,2025-04-14,2025-04-20,100.0,100.0,0,7,3,6,50.0,88.89999999999999,2,2,100.0,94.19999999999999,green
2568-1098,2568,2025-04-14,2025-04-20,0.0,57.142857142857146,1,0,3,6,50.0,67.16666666666667,1,2,50.0,55.4,red
2568-1099,2568,2025-04-14,2025-04-20,100.0,82.14285714285714,0,5,6,12,50.0,85.56666666666666,4,4,100.0,81.025,green
2568-1100,2568,2025-04-14,2025-04-20,33.333333333333336,33.333333333333336,0,0,1,9,11.11111111111111,75.0,0,3,0.0,,orange
2568-1101,2568,2025-04-14,2025-04-20,50.0,71.42857142857143,0,0,4,6,66.66666666666667,84.25,1,2,50.0,94.3,yellow
2568-1102,2568,2025-04-14,2025-04-20,100.0,95.23809523809524,0,2,6,9,66.66666666666667,86.35000000000001,3,3,100.0,82.56666666666666,green
2568-1103,2568,2025-04-14,2025-04-20,25.0,37.5,0,0,1,12,8.333333333333334,74.3,0,4,0.0,,orange
2568-1104,2568,2025-04-14,2025-04-20,50.0,50.0,0,0,5,12,41.666666666666664,65.17999999999999,4,4,100.0,66.025,yellow
2568-1105,2568,2025-04-14,2025-04-20,100.0,80.95238095238095,0,2,5,9,55.55555555555556,82.46,3,3,100.0,73.03333333333333,green
2568-1106,2568,2025-04-14,2025-04-20,75.0,75.0,0,5,4,12,33.333333333333336,66.025,1,4,25.0,60.4,green
2568-1107,2568,2025-04-14,2025-04-20,,,0,0,0,12,0.0,,0,4,0.0,,green
2568-1108,2568,2025-04-14,2025-04-20,66.66666666666667,76.19047619047619,0,0,4,9,44.44444444444444,83.3,2,3,66.66666666666667,70.1,yellow
2568-1109,2568,2025-04-14,2025-04-20,66.66666666666667,71.42857142857143,0,0,2,9,22.22222222222222,68.45,2,3,66.66666666666667,70.55,yellow
2568-1110,2568,2025-04-14,2025-04-20,100.0,100.0,0,2,3,9,33.333333333333336,79.93333333333334,0,3,0.0,,green
2568-1111,2568,2025-04-14,2025-04-20,100.0,75.0,0,2,4,12,33.333333333333336,87.5,2,4,50.0,79.69999999999999,green
2568-1112,2568,2025-04-14,2025-04-20,50.0,71.42857142857143,0,0,5,12,41.666666666666664,72.74,2,4,50.0,77.19999999999999,yellow
2568-1113,2568,2025-04-14,2025-04-20,,,0,0,0,12,0.0,,0,4,0.0,,green
2568-1114,2568,2025-04-14,2025-04-20,75.0,75.0,0,2,4,12,33.333333333333336,76.075,0,4,0.0,,green
2568-1115,2568,2025-04-14,2025-04-20,,,0,0,0,12,0.0,,0,4,0.0,,green
2568-1116,2568,2025-04-14,2025-04-20,,,0,0,0,6,0.0,,0,2,0.0,,green
2568-1117,2568,2025-04-14,2025-04-20,100.0,85.71428571428571,0,6,5,12,41.666666666666664,74.14,2,4,50.0,74.6,green
2568-1118,2568,2025-04-14,2025-04-20,50.0,53.57142857142857,0,0,6,12,50.0,72.01666666666667,2,4,50.0,72.55000000000001,yellow
2568-1119,2568,2025-04-14,2025-04-20,75.0,62.5,0,1,3,12,25.0,76.56666666666666,0,4,0.0,,green
2568-1120,2568,2025-04-14,2025-04-20,,,0,0,0,9,0.0,,0,3,0.0,,green
2568-1121,2568,2025-04-14,2025-04-20,50.0,62.5,0,0,2,12,16.666666666666668,85.3,0,4,0.0,,yellow
2568-1122,2568,2025-04-14,2025-04-20,75.0,78.57142857142857,0,4,7,12,58.333333333333336,68.81428571428572,3,4,75.0,65.73333333333333,green
2568-1123,2568,2025-04-14,2025-04-20,50.0,71.42857142857143,0,0,3,12,25.0,64.76666666666667,1,4,25.0,58.6,yellow
2568-1124,2568,2025-04-14,2025-04-20,100.0,82.14285714285714,0,5,4,12,33.333333333333336,75.375,2,4,50.0,72.4,green
2568-1125,2568,2025-04-14,2025-04-20,75.0,96.42857142857143,0,7,6,12,50.0,79.39999999999999,1,4,25.0,87.7,green
2568-1126,2568,2025-04-14,2025-04-20,75.0,75.0,0,2,4,12,33.333333333333336,83.35,0,4,0.0,,green
2568-1127,2568,2025-04-14,2025-04-20,,,0,0,0,12,0.0,,0,4,0.0,,green
2568-1128,2568,2025-04-14,2025-04-20,50.0,75.0,0,0,2,6,33.333333333333336,79.25,0,2,0.0,,yellow
2568-1129,2568,2025-04-14,2025-04-20,100.0,100.0,0,2,4,12,33.333333333333336,84.05,0,4,0.0,,green
2568-1130,2568,2025-04-14,2025-04-20,33.333333333333336,71.42857142857143,0,0,4,9,44.44444444444444,72.1,1,3,33.333333333333336,84.6,orange
2568-1131,2568,2025-04-14,2025-04-20,75.0,71.42857142857143,0,2,6,12,50.0,86.48333333333333,3,4,75.0,85.86666666666667,green
2568-1132,2568,2025-04-14,2025-04-20,100.0,92.85714285714286,0,7,7,12,58.333333333333336,85.74285714285715,4,4,100.0,93.975,green
2568-1133,2568,2025-04-14,2025-04-20,75.0,96.42857142857143,0,7,7,12,58.333333333333336,86.54285714285713,3,4,75.0,87.23333333333333,green
2568-1134,2568,2025-04-14,2025-04-20,100.0,100.0,0,2,3,12,25.0,95.06666666666666,0,4,0.0,,green
2568-1135,2568,2025-04-14,2025-04-20,75.0,82.14285714285714,0,3,6,12,50.0,74.61666666666666,3,4,75.0,77.2,green
2568-1136,2568,2025-04-14,2025-04-20,,,0,0,0,9,0.0,,0,3,0.0,,green
2568-1137,2568,2025-04-14,2025-04-20,100.0,92.85714285714286,0,7,6,12,50.0,80.35,3,4,75.0,81.73333333333333,green
2568-1138,2568,2025-04-14,2025-04-20,50.0,50.0,0,0,3,12,25.0,84.26666666666667,0,4,0.0,,yellow
2568-1139,2568,2025-04-14,2025-04-20,25.0,57.142857142857146,0,0,5,12,41.666666666666664,70.74,4,4,100.0,67.27499999999999,orange
2568-1140,2568,2025-04-14,2025-04-20,66.66666666666667,80.95238095238095,0,0,6,9,66.66666666666667,81.35000000000001,3,3,100.0,85.89999999999999,yellow
2568-1141,2568,2025-04-14,2025-04-20,33.333333333333336,76.19047619047619,0,0,4,9,44.44444444444444,79.525,3,3,100.0,88.0,orange
2568-1142,2568,2025-04-14,2025-04-20,50.0,67.85714285714286,0,0,3,12,25.0,81.23333333333333,1,4,25.0,60.3,yellow
2568-1143,2568,2025-04-14,2025-04-20,100.0,100.0,0,7,5,9,55.55555555555556,77.42,2,3,66.66666666666667,87.35,green
2568-1144,2568,2025-04-14,2025-04-20,50.0,57.142857142857146,0,0,3,6,50.0,78.5,2,2,100.0,57.55,yellow
2568-1145,2568,2025-04-14,2025-04-20,75.0,82.14285714285714,0,5,7,12,58.333333333333336,85.2,3,4,75.0,85.83333333333333,green
2568-1146,2568,2025-04-14,2025-04-20,100.0,57.142857142857146,0,1,3,9,33.333333333333336,63.333333333333336,0,3,0.0,,green
2568-1147,2568,2025-04-14,2025-04-20,25.0,35.714285714285715,0,0,2,12,16.666666666666668,69.55000000000001,2,4,50.0,58.25,orange
2568-1148,2568,2025-04-14,2025-04-20,100.0,90.47619047619048,0,3,4,9,44.44444444444444,75.975,2,3,66.66666666666667,81.05,green
2568-1149,2568,2025-04-14,2025-04-20,,,0,0,0,9,0.0,,0,3,0.0,,green
2568-1150,2568,2025-04-14,2025-04-20,66.66666666666667,76.19047619047619,0,0,2,9,22.22222222222222,70.7,3,3,100.0,73.96666666666665,yellow
2568-1151,2568,2025-04-14,2025-04-20,100.0,85.71428571428571,0,2,4,9,44.44444444444444,80.275,2,3,66.66666666666667,77.25,green
2568-1152,2568,2025-04-14,2025-04-20,100.0,75.0,0,3,4,12,33.333333333333336,80.32499999999999,2,4,50.0,77.80000000000001,green
2568-1153,2568,2025-04-14,2025-04-20,75.0,62.5,0,1,4,12,33.333333333333336,91.65,0,4,0.0,,green
2568-1154,2568,2025-04-14,2025-04-20,0.0,25.0,1,0,0,6,0.0,,0,2,0.0,,red
2568-1155,2568,2025-04-14,2025-04-20,33.333333333333336,33.333333333333336,0,0,3,9,33.333333333333336,66.76666666666667,1,3,33.333333333333336,63.8,orange
2568-1156,2568,2025-04-14,2025-04-20,75.0,57.142857142857146,0,1,4,12,33.333333333333336,71.25,2,4,50.0,70.75,green
2568-1157,2568,2025-04-14,2025-04-20,75.0,92.85714285714286,0,7,6,12,50.0,66.33333333333333,4,4,100.0,80.5,green
2568-1158,2568,2025-04-14,2025-04-20,75.0,85.71428571428571,0,5,7,12,58.333333333333336,88.81428571428572,4,4,100.0,84.675,green
2568-1159,2568,2025-04-14,2025-04-20,100.0,100.0,0,2,3,9,33.333333333333336,93.03333333333335,0,3,0.0,,green
2568-1160,2568,2025-04-14,2025-04-20,75.0,75.0,0,2,3,12,25.0,88.16666666666667,0,4,0.0,,green
2568-1001,2568,2025-04-21,2025-04-27,,,0,0,0,12,0.0,,0,4,0.0,,green
2568-1002,2568,2025-04-21,2025-04-27,75.0,68.75,0,1,6,12,50.0,84.03333333333333,3,4,75.0,68.10000000000001,green
2568-1003,2568,2025-04-21,2025-04-27,50.0,65.625,0,0,3,12,25.0,63.06666666666666,3,4,75.0,67.33333333333333,yellow
2568-1004,2568,2025-04-21,2025-04-27,75.0,59.375,0,1,4,12,33.333333333333336,70.55000000000001,4,4,100.0,79.4,green
2568-1005,2568,2025-04-21,2025-04-27,75.0,65.625,0,3,3,12,25.0,72.2,2,4,50.0,84.4,green
2568-1006,2568,2025-04-21,2025-04-27,66.66666666666667,70.83333333333333,0,0,3,9,33.333333333333336,82.3,2,3,66.66666666666667,76.19999999999999,yellow
2568-1007,2568,2025-04-21,2025-04-27,50.0,58.333333333333336,0,0,2,12,16.666666666666668,66.95,0,4,0.0,,yellow
2568-1008,2568,2025-04-21,2025-04-27,100.0,66.66666666666667,0,1,3,12,25.0,70.5,0,4,0.0,,green
2568-1009,2568,2025-04-21,2025-04-27,,,0,0,0,12,0.0,,0,4,0.0,,green
2568-1010,2568,2025-04-21,2025-04-27,75.0,83.33333333333333,0,3,3,12,25.0,80.5,0,4,0.0,,green
2568-1011,2568,2025-04-21,2025-04-27,,,0,0,0,12,0.0,,0,4,0.0,,green
2568-1012,2568,2025-04-21,2025-04-27,100.0,100.0,0,8,3,6,50.0,91.10000000000001,1,2,50.0,81.6,green
2568-1013,2568,2025-04-21,2025-04-27,50.0,66.66666666666667,0,0,3,12,25.0,91.96666666666665,0,4,0.0,,yellow
2568-1014,2568,2025-04-21,2025-04-27,75.0,78.125,0,6,4,12,33.333333333333336,77.32499999999999,3,4,75.0,74.7,green
2568-1015,2568,2025-04-21,2025-04-27,,40.0,0,0,2,6,33.333333333333336,72.4,0,2,0.0,,green
2568-1016,2568,2025-04-21,2025-04-27,100.0,81.25,0,8,5,12,41.666666666666664,96.58000000000001,2,4,50.0,82.0,green
2568-1017,2568,2025-04-21,2025-04-27,75.0,75.0,0,2,4,12,33.333333333333336,83.44999999999999,3,4,75.0,75.16666666666667,green
2568-1018,2568,2025-04-21,2025-04-27,66.66666666666667,66.66666666666667,0,0,1,9,11.11111111111111,82.9,0,3,0.0,,yellow
2568-1019,2568,2025-04-21,2025-04-27,,,0,0,0,12,0.0,,0,4,0.0,,green
2568-1020,2568,2025-04-21,2025-04-27,75.0,83.33333333333333,0,3,2,12,16.666666666666668,80.25,0,4,0.0,,green
2568-1021,2568,2025-04-21,2025-04-27,100.0,87.5,0,6,5,12,41.666666666666664,90.6,4,4,100.0,87.875,green
2568-1022,2568,2025-04-21,2025-04-27,100.0,45.833333333333336,0,1,5,9,55.55555555555556,70.16,2,3,66.66666666666667,80.7,green
2568-1023,2568,2025-04-21,2025-04-27,0.0,50.0,1,0,2,6,33.333333333333336,94.85,0,2,0.0,,red
2568-1024,2568,2025-04-21,2025-04-27,100.0,83.33333333333333,0,1,1,6,16.666666666666668,66.1,0,2,0.0,,green
2568-1025,2568,2025-04-21,2025-04-27,100.0,68.75,0,2,1,6,16.666666666666668,81.4,1,2,50.0,87.2,green
2568-1026,2568,2025-04-21,2025-04-27,75.0,68.75,0,2,4,12,33.333333333333336,74.375,4,4,100.0,66.75,green
2568-1027,2568,2025-04-21,2025-04-27,100.0,93.75,0,8,8,12,66.66666666666667,85.6875,4,4,100.0,69.85,green
2568-1028,2568,2025-04-21,2025-04-27,100.0,93.75,0,8,6,12,50.0,81.26666666666667,3,4,75.0,90.13333333333333,green
2568-1029,2568,2025-04-21,2025-04-27,100.0,96.875,0,8,5,12,41.666666666666664,88.22,4,4,100.0,91.45000000000002,green
2568-1030,2568,2025-04-21,2025-04-27,100.0,96.875,0,8,6,12,50.0,87.51666666666667,3,4,75.0,86.03333333333335,green
2568-1031,2568,2025-04-21,2025-04-27,50.0,62.5,0,0,4,12,33.333333333333336,66.05,1,4,25.0,72.2,yellow
2568-1032,2568,2025-04-21,2025-04-27,100.0,100.0,0,8,8,12,66.66666666666667,83.975,2,4,50.0,83.6,green
2568-1033,2568,2025-04-21,2025-04-27,100.0,81.25,0,5,3,6,50.0,69.2,1,2,50.0,72.8,green
2568-1034,2568,2025-04-21,2025-04-27,100.0,88.88888888888889,0,1,3,9,33.333333333333336,77.43333333333334,0,3,0.0,,green
2568-1035,2568,2025-04-21,2025-04-27,50.0,50.0,0,0,1,6,16.666666666666668,51.3,0,2,0.0,,yellow
2568-1036,2568,2025-04-21,2025-04-27,50.0,68.75,0,0,7,12,58.333333333333336,77.97142857142856,3,4,75.0,80.9,yellow
2568-1037,2568,2025-04-21,2025-04-27,100.0,100.0,0,8,5,9,55.55555555555556,98.7,3,3,100.0,85.3,green
2568-1038,2568,2025-04-21,2025-04-27,100.0,45.833333333333336,0,1,2,9,22.22222222222222,81.4,2,3,66.66666666666667,79.25,green
2568-1039,2568,2025-04-21,2025-04-27,,,0,0,0,9,0.0,,0,3,0.0,,green
2568-1040,2568,2025-04-21,2025-04-27,33.333333333333336,45.833333333333336,0,0,3,9,33.333333333333336,65.03333333333335,2,3,66.66666666666667,84.3,orange
2568-1041,2568,2025-04-21,2025-04-27,75.0,75.0,0,3,6,12,50.0,67.81666666666666,1,4,25.0,81.7,green
2568-1042,2568,2025-04-21,2025-04-27,100.0,91.66666666666667,0,3,2,12,16.666666666666668,86.4,0,4,0.0,,green
2568-1043,2568,2025-04-21,2025-04-27,50.0,53.125,0,0,2,12,16.666666666666668,71.95,2,4,50.0,72.5,yellow
2568-1044,2568,2025-04-21,2025-04-27,0.0,31.25,1,0,2,6,33.333333333333336,73.05,0,2,0.0,,red
2568-1045,2568,2025-04-21,2025-04-27,100.0,100.0,0,8,7,12,58.333333333333336,89.84285714285714,4,4,100.0,91.6,green
2568-1046,2568,2025-04-21,2025-04-27,75.0,90.625,0,8,8,12,66.66666666666667,84.025,4,4,100.0,87.42500000000001,green
2568-1047,2568,2025-04-21,2025-04-27,100.0,71.875,0,5,5,12,41.666666666666664,71.55999999999999,3,4,75.0,68.7,green
2568-1048,2568,2025-04-21,2025-04-27,100.0,100.0,0,8,4,9,44.44444444444444,83.15,3,3,100.0,93.53333333333335,green
2568-1049,2568,2025-04-21,2025-04-27,33.333333333333336,58.333333333333336,0,0,5,9,55.55555555555556,72.44,1,3,33.333333333333336,78.9,orange
2568-1050,2568,2025-04-21,2025-04-27,50.0,71.875,0,0,3,12,25.0,80.0,3,4,75.0,83.73333333333333,yellow
2568-1051,2568,2025-04-21,2025-04-27,50.0,50.0,0,0,2,6,33.333333333333336,73.2,2,2,100.0,63.550000000000004,yellow
2568-1052,2568,2025-04-21,2025-04-27,100.0,90.625,0,6,8,12,66.66666666666667,91.9875,3,4,75.0,85.53333333333335,green
2568-1053,2568,2025-04-21,2025-04-27,100.0,75.0,0,1,3,6,50.0,71.73333333333333,2,2,100.0,73.1,green
2568-1054,2568,2025-04-21,2025-04-27,100.0,100.0,0,3,2,9,22.22222222222222,86.9,0,3,0.0,,green
2568-1055,2568,2025-04-21,2025-04-27,50.0,68.75,0,0,6,12,50.0,73.95,2,4,50.0,80.1,yellow
2568-1056,2568,2025-04-21,2025-04-27,50.0,68.75,0,0,6,12,50.0,72.01666666666667,1,4,25.0,92.7,yellow
2568-1057,2568,2025-04-21,2025-04-27,100.0,100.0,0,8,6,12,50.0,89.96666666666668,3,4,75.0,87.53333333333335,green
2568-1058,2568,2025-04-21,2025-04-27,100.0,100.0,0,8,3,6,50.0,88.53333333333335,2,2,100.0,84.3,green
2568-1059,2568,2025-04-21,2025-04-27,100.0,100.0,0,3,2,9,22.22222222222222,76.9,0,3,0.0,,green
2568-1060,2568,2025-04-21,2025-04-27,,,0,0,0,6,0.0,,0,2,0.0,,green
2568-1061,2568,2025-04-21,2025-04-27,25.0,71.875,0,0,5,12,41.666666666666664,68.28,4,4,100.0,77.9,orange
2568-1062,2568,2025-04-21,2025-04-27,,,0,0,0,9,0.0,,0,3,0.0,,green
2568-1063,2568,2025-04-21,2025-04-27,,,0,0,0,12,0.0,,0,4,0.0,,green
2568-1064,2568,2025-04-21,2025-04-27,,50.0,0,0,2,6,33.333333333333336,94.35,2,2,100.0,78.1,green
2568-1065,2568,2025-04-21,2025-04-27,,,0,0,0,6,0.0,,0,2,0.0,,green
2568-1066,2568,2025-04-21,2025-04-27,100.0,68.75,0,2,7,12,58.333333333333336,65.19999999999999,1,4,25.0,60.2,green
2568-1067,2568,2025-04-21,2025-04-27,,,0,0,0,12,0.0,,0,4,0.0,,green
2568-1068,2568,2025-04-21,2025-04-27,100.0,100.0,0,8,5,9,55.55555555555556,82.4,3,3,100.0,98.06666666666666,green
2568-1069,2568,2025-04-21,2025-04-27,100.0,93.75,0,8,6,12,50.0,82.55000000000001,2,4,50.0,67.95,green
2568-1070,2568,2025-04-21,2025-04-27,66.66666666666667,79.16666666666667,0,0,6,9,66.66666666666667,78.60000000000001,2,3,66.66666666666667,79.4,yellow
2568-1071,2568,2025-04-21,2025-04-27,100.0,83.33333333333333,0,1,4,9,44.44444444444444,93.275,3,3,100.0,86.76666666666665,green
2568-1072,2568,2025-04-21,2025-04-27,50.0,50.0,0,0,2,6,33.333333333333336,75.7,2,2,100.0,63.05,yellow
2568-1073,2568,2025-04-21,2025-04-27,50.0,58.333333333333336,0,0,3,12,25.0,74.6,0,4,0.0,,yellow
2568-1074,2568,2025-04-21,2025-04-27,25.0,34.375,0,0,1,12,8.333333333333334,39.3,2,4,50.0,63.599999999999994,orange
2568-1075,2568,2025-04-21,2025-04-27,,30.0,2,0,1,6,16.666666666666668,55.5,0,2,0.0,,red
2568-1076,2568,2025-04-21,2025-04-27,100.0,68.75,0,2,7,12,58.333333333333336,80.39999999999999,4,4,100.0,80.5,green
2568-1077,2568,2025-04-21,2025-04-27,75.0,75.0,0,1,4,12,33.333333333333336,83.82499999999999,0,4,0.0,,green
2568-1078,2568,2025-04-21,2025-04-27,,,0,0,0,12,0.0,,0,4,0.0,,green
2568-1079,2568,2025-04-21,2025-04-27,75.0,83.33333333333333,0,3,2,12,16.666666666666668,82.45,0,4,0.0,,green
2568-1080,2568,2025-04-21,2025-04-27,75.0,66.66666666666667,0,2,2,12,16.666666666666668,78.85,0,4,0.0,,green
2568-1081,2568,2025-04-21,2025-04-27,75.0,75.0,0,3,4,12,33.333333333333336,75.02499999999999,0,4,0.0,,green
2568-1082,2568,2025-04-21,2025-04-27,,,0,0,0,12,0.0,,0,4,0.0,,green
2568-1083,2568,2025-04-21,2025-04-27,,,0,0,0,6,0.0,,0,2,0.0,,green
2568-1084,2568,2025-04-21,2025-04-27,100.0,96.875,0,8,8,12,66.66666666666667,88.1875,3,4,75.0,83.3,green
2568-1085,2568,2025-04-21,2025-04-27,,,0,0,0,12,0.0,,0,4,0.0,,green
2568-1086,2568,2025-04-21,2025-04-27,100.0,56.25,0,1,2,6,33.333333333333336,75.75,1,2,50.0,61.5,green
2568-1087,2568,2025-04-21,2025-04-27,75.0,81.25,0,1,7,12,58.333333333333336,74.88571428571427,2,4,50.0,86.25,green
2568-1088,2568,2025-04-21,2025-04-27,75.0,66.66666666666667,0,2,2,12,16.666666666666668,86.3,0,4,0.0,,green
2568-1089,2568,2025-04-21,2025-04-27,,,0,0,0,6,0.0,,0,2,0.0,,green
2568-1090,2568,2025-04-21,2025-04-27,,45.0,0,1,0,12,0.0,,0,4,0.0,,green
2568-1091,2568,2025-04-21,2025-04-27,100.0,100.0,0,3,2,6,33.333333333333336,87.5,0,2,0.0,,green
2568-1092,2568,2025-04-21,2025-04-27,,80.0,0,0,2,6,33.333333333333336,67.25,1,2,50.0,70.9,green
2568-1093,2568,2025-04-21,2025-04-27,100.0,100.0,0,8,5,9,55.55555555555556,87.66,0,3,0.0,,green
2568-1094,2568,2025-04-21,2025-04-27,66.66666666666667,83.33333333333333,0,0,4,9,44.44444444444444,88.30000000000001,3,3,100.0,84.26666666666667,yellow
2568-1095,2568,2025-04-21,2025-04-27,75.0,59.375,0,2,4,12,33.333333333333336,64.425,2,4,50.0,70.95,green
2568-1096,2568,2025-04-21,2025-04-27,100.0,90.625,0,8,6,12,50.0,82.83333333333333,3,4,75.0,90.46666666666665,green
2568-1097,2568,2025-04-21,2025-04-27,100.0,100.0,0,8,3,6,50.0,88.89999999999999,2,2,100.0,94.19999999999999,green
2568-1098,2568,2025-04-21,2025-04-27,50.0,56.25,0,0,3,6,50.0,67.16666666666667,1,2,50.0,55.4,yellow
2568-1099,2568,2025-04-21,2025-04-27,75.0,81.25,0,6,6,12,50.0,85.56666666666666,4,4,100.0,81.025,green
2568-1100,2568,2025-04-21,2025-04-27,100.0,55.55555555555556,0,1,1,9,11.11111111111111,75.0,0,3,0.0,,green
2568-1101,2568,2025-04-21,2025-04-27,100.0,75.0,0,1,4,6,66.66666666666667,84.25,1,2,50.0,94.3,green
2568-1102,2568,2025-04-21,2025-04-27,100.0,95.83333333333333,0,3,6,9,66.66666666666667,86.35000000000001,3,3,100.0,82.56666666666666,green
2568-1103,2568,2025-04-21,2025-04-27,75.0,50.0,0,1,1,12,8.333333333333334,74.3,0,4,0.0,,green
2568-1104,2568,2025-04-21,2025-04-27,25.0,46.875,0,0,5,12,41.666666666666664,65.17999999999999,4,4,100.0,66.025,orange
2568-1105,2568,2025-04-21,2025-04-27,66.66666666666667,79.16666666666667,0,0,5,9,55.55555555555556,82.46,3,3,100.0,73.03333333333333,yellow
2568-1106,2568,2025-04-21,2025-04-27,75.0,75.0,0,6,4,12,33.333333333333336,66.025,1,4,25.0,60.4,green
2568-1107,2568,2025-04-21,2025-04-27,,,0,0,0,12,0.0,,0,4,0.0,,green
2568-1108,2568,2025-04-21,2025-04-27,66.66666666666667,75.0,0,0,4,9,44.44444444444444,83.3,2,3,66.66666666666667,70.1,yellow
2568-1109,2568,2025-04-21,2025-04-27,33.333333333333336,66.66666666666667,0,0,2,9,22.22222222222222,68.45,2,3,66.66666666666667,70.55,orange
2568-1110,2568,2025-04-21,2025-04-27,100.0,100.0,0,3,3,9,33.333333333333336,79.93333333333334,0,3,0.0,,green
2568-1111,2568,2025-04-21,2025-04-27,100.0,78.125,0,3,4,12,33.333333333333336,87.5,2,4,50.0,79.69999999999999,green
2568-1112,2568,2025-04-21,2025-04-27,100.0,75.0,0,1,5,12,41.666666666666664,72.74,2,4,50.0,77.19999999999999,green
2568-1113,2568,2025-04-21,2025-04-27,,,0,0,0,12,0.0,,0,4,0.0,,green
2568-1114,2568,2025-04-21,2025-04-27,100.0,83.33333333333333,0,3,4,12,33.333333333333336,76.075,0,4,0.0,,green
2568-1115,2568,2025-04-21,2025-04-27,,,0,0,0,12,0.0,,0,4,0.0,,green
2568-1116,2568,2025-04-21,2025-04-27,,,0,0,0,6,0.0,,0,2,0.0,,green
2568-1117,2568,2025-04-21,2025-04-27,75.0,84.375,0,7,5,12,41.666666666666664,74.14,2,4,50.0,74.6,green
2568-1118,2568,2025-04-21,2025-04-27,75.0,56.25,0,1,6,12,50.0,72.01666666666667,2,4,50.0,72.55000000000001,green
2568-1119,2568,2025-04-21,2025-04-27,50.0,58.333333333333336,0,0,3,12,25.0,76.56666666666666,0,4,0.0,,yellow
2568-1120,2568,2025-04-21,2025-04-27,,,0,0,0,9,0.0,,0,3,0.0,,green
2568-1121,2568,2025-04-21,2025-04-27,50.0,58.333333333333336,0,0,2,12,16.666666666666668,85.3,0,4,0.0,,yellow
2568-1122,2568,2025-04-21,2025-04-27,50.0,75.0,0,0,7,12,58.333333333333336,68.81428571428572,3,4,75.0,65.73333333333333,yellow
2568-1123,2568,2025-04-21,2025-04-27,100.0,75.0,0,1,3,12,25.0,64.76666666666667,1,4,25.0,58.6,green
2568-1124,2568,2025-04-21,2025-04-27,50.0,78.125,0,0,4,12,33.333333333333336,75.375,2,4,50.0,72.4,yellow
2568-1125,2568,2025-04-21,2025-04-27,75.0,93.75,0,8,6,12,50.0,79.39999999999999,1,4,25.0,87.7,green
2568-1126,2568,2025-04-21,2025-04-27,100.0,83.33333333333333,0,3,4,12,33.333333333333336,83.35,0,4,0.0,,green
2568-1127,2568,2025-04-21,2025-04-27,,,0,0,0,12,0.0,,0,4,0.0,,green
2568-1128,2568,2025-04-21,2025-04-27,100.0,83.33333333333333,0,1,2,6,33.333333333333336,79.25,0,2,0.0,,green
2568-1129,2568,2025-04-21,2025-04-27,75.0,91.66666666666667,0,3,4,12,33.333333333333336,84.05,0,4,0.0,,green
2568-1130,2568,2025-04-21,2025-04-27,33.333333333333336,66.66666666666667,0,0,4,9,44.44444444444444,72.1,1,3,33.333333333333336,84.6,orange
2568-1131,2568,2025-04-21,2025-04-27,100.0,75.0,0,3,6,12,50.0,86.48333333333333,3,4,75.0,85.86666666666667,green
2568-1132,2568,2025-04-21,2025-04-27,100.0,93.75,0,8,7,12,58.333333333333336,85.74285714285715,4,4,100.0,93.975,green
2568-1133,2568,2025-04-21,2025-04-27,75.0,93.75,0,8,7,12,58.333333333333336,86.54285714285713,3,4,75.0,87.23333333333333,green
2568-1134,2568,2025-04-21,2025-04-27,100.0,100.0,0,3,3,12,25.0,95.06666666666666,0,4,0.0,,green
2568-1135,2568,2025-04-21,2025-04-27,75.0,81.25,0,4,6,12,50.0,74.61666666666666,3,4,75.0,77.2,green
2568-1136,2568,2025-04-21,2025-04-27,,,0,0,0,9,0.0,,0,3,0.0,,green
2568-1137,2568,2025-04-21,2025-04-27,100.0,93.75,0,8,6,12,50.0,80.35,3,4,75.0,81.73333333333333,green
2568-1138,2568,2025-04-21,2025-04-27,100.0,66.66666666666667,0,1,3,12,25.0,84.26666666666667,0,4,0.0,,green
2568-1139,2568,2025-04-21,2025-04-27,75.0,59.375,0,1,5,12,41.666666666666664,70.74,4,4,100.0,67.27499999999999,green
2568-1140,2568,2025-04-21,2025-04-27,100.0,83.33333333333333,0,1,6,9,66.66666666666667,81.35000000000001,3,3,100.0,85.89999999999999,green
2568-1141,2568,2025-04-21,2025-04-27,66.66666666666667,75.0,0,0,4,9,44.44444444444444,79.525,3,3,100.0,88.0,yellow
2568-1142,2568,2025-04-21,2025-04-27,50.0,65.625,0,0,3,12,25.0,81.23333333333333,1,4,25.0,60.3,yellow
2568-1143,2568,2025-04-21,2025-04-27,100.0,100.0,0,8,5,9,55.55555555555556,77.42,2,3,66.66666666666667,87.35,green
2568-1144,2568,2025-04-21,2025-04-27,0.0,50.0,1,0,3,6,50.0,78.5,2,2,100.0,57.55,red
2568-1145,2568,2025-04-21,2025-04-27,75.0,81.25,0,6,7,12,58.333333333333336,85.2,3,4,75.0,85.83333333333333,green
2568-1146,2568,2025-04-21,2025-04-27,33.333333333333336,54.166666666666664,0,0,3,9,33.333333333333336,63.333333333333336,0,3,0.0,,orange
2568-1147,2568,2025-04-21,2025-04-27,50.0,37.5,0,0,2,12,16.666666666666668,69.55000000000001,2,4,50.0,58.25,yellow
2568-1148,2568,2025-04-21,2025-04-27,100.0,91.66666666666667,0,4,4,9,44.44444444444444,75.975,2,3,66.66666666666667,81.05,green
2568-1149,2568,2025-04-21,2025-04-27,,,0,0,0,9,0.0,,0,3,0.0,,green
2568-1150,2568,2025-04-21,2025-04-27,66.66666666666667,75.0,0,0,2,9,22.22222222222222,70.7,3,3,100.0,73.96666666666665,yellow
2568-1151,2568,2025-04-21,2025-04-27,66.66666666666667,83.33333333333333,0,0,4,9,44.44444444444444,80.275,2,3,66.66666666666667,77.25,yellow
2568-1152,2568,2025-04-21,2025-04-27,50.0,71.875,0,0,4,12,33.333333333333336,80.32499999999999,2,4,50.0,77.80000000000001,yellow
2568-1153,2568,2025-04-21,2025-04-27,75.0,66.66666666666667,0,2,4,12,33.333333333333336,91.65,0,4,0.0,,green
2568-1154,2568,2025-04-21,2025-04-27,100.0,50.0,0,1,0,6,0.0,,0,2,0.0,,green
2568-1155,2568,2025-04-21,2025-04-27,0.0,29.166666666666668,1,0,3,9,33.333333333333336,66.76666666666667,1,3,33.333333333333336,63.8,red
2568-1156,2568,2025-04-21,2025-04-27,75.0,59.375,0,2,4,12,33.333333333333336,71.25,2,4,50.0,70.75,green
2568-1157,2568,2025-04-21,2025-04-27,100.0,93.75,0,8,6,12,50.0,66.33333333333333,4,4,100.0,80.5,green
2568-1158,2568,2025-04-21,2025-04-27,75.0,84.375,0,6,7,12,58.333333333333336,88.81428571428572,4,4,100.0,84.675,green
2568-1159,2568,2025-04-21,2025-04-27,100.0,100.0,0,3,3,9,33.333333333333336,93.03333333333335,0,3,0.0,,green
2568-1160,2568,2025-04-21,2025-04-27,100.0,83.33333333333333,0,3,3,12,25.0,88.16666666666667,0,4,0.0,,green
2568-1001,2568,2025-04-28,2025-05-04,,,0,0,0,16,0.0,,0,4,0.0,,green
2568-1002,2568,2025-04-28,2025-05-04,100.0,72.22222222222223,0,2,9,16,56.25,79.98888888888888,3,4,75.0,68.10000000000001,green
2568-1003,2568,2025-04-28,2025-05-04,0.0,58.333333333333336,0,0,4,16,25.0,65.975,3,4,75.0,67.33333333333333,red
2568-1004,2568,2025-04-28,2025-05-04,100.0,63.888888888888886,0,2,8,16,50.0,74.4375,4,4,100.0,79.4,green
2568-1005,2568,2025-04-28,2025-05-04,75.0,66.66666666666667,0,4,5,16,31.25,75.76,2,4,50.0,84.4,green
2568-1006,2568,2025-04-28,2025-05-04,33.333333333333336,66.66666666666667,0,0,6,12,50.0,81.8,2,3,66.66666666666667,76.19999999999999,orange
2568-1007,2568,2025-04-28,2025-05-04,25.0,50.0,0,0,6,16,37.5,72.89999999999999,0,4,0.0,,orange
2568-1008,2568,2025-04-28,2025-05-04,25.0,56.25,0,0,4,16,25.0,67.775,0,4,0.0,,orange
2568-1009,2568,2025-04-28,2025-05-04,,,0,0,0,16,0.0,,0,4,0.0,,green
2568-1010,2568,2025-04-28,2025-05-04,75.0,81.25,0,4,7,16,43.75,69.22857142857141,0,4,0.0,,green
2568-1011,2568,2025-04-28,2025-05-04,,,0,0,0,16,0.0,,0,4,0.0,,green
2568-1012,2568,2025-04-28,2025-05-04,100.0,100.0,0,9,5,8,62.5,89.3,1,2,50.0,81.6,green
2568-1013,2568,2025-04-28,2025-05-04,75.0,68.75,0,1,5,16,31.25,87.28,0,4,0.0,,green
2568-1014,2568,2025-04-28,2025-05-04,100.0,80.55555555555556,0,7,6,16,37.5,80.39999999999999,3,4,75.0,74.7,green
2568-1015,2568,2025-04-28,2025-05-04,,40.0,0,0,2,8,25.0,72.4,0,2,0.0,,green
2568-1016,2568,2025-04-28,2025-05-04,75.0,80.55555555555556,0,9,9,16,56.25,94.66666666666667,2,4,50.0,82.0,green
2568-1017,2568,2025-04-28,2025-05-04,50.0,72.22222222222223,0,0,8,16,50.0,80.46249999999999,3,4,75.0,75.16666666666667,yellow
2568-1018,2568,2025-04-28,2025-05-04,33.333333333333336,58.333333333333336,0,0,3,12,25.0,76.2,0,3,0.0,,orange
2568-1019,2568,2025-04-28,2025-05-04,,,0,0,0,16,0.0,,0,4,0.0,,green
2568-1020,2568,2025-04-28,2025-05-04,75.0,81.25,0,4,6,16,37.5,81.63333333333333,0,4,0.0,,green
2568-1021,2568,2025-04-28,2025-05-04,100.0,88.88888888888889,0,7,9,16,56.25,85.68888888888888,4,4,100.0,87.875,green
2568-1022,2568,2025-04-28,2025-05-04,33.333333333333336,44.44444444444444,0,0,7,12,58.333333333333336,76.48571428571428,2,3,66.66666666666667,80.7,orange
2568-1023,2568,2025-04-28,2025-05-04,100.0,62.5,0,1,4,8,50.0,83.79999999999998,0,2,0.0,,green
2568-1024,2568,2025-04-28,2025-05-04,100.0,87.5,0,2,2,8,25.0,66.55,0,2,0.0,,green
2568-1025,2568,2025-04-28,2025-05-04,100.0,72.22222222222223,0,3,1,8,12.5,81.4,1,2,50.0,87.2,green
2568-1026,2568,2025-04-28,2025-05-04,100.0,72.22222222222223,0,3,7,16,43.75,75.81428571428572,4,4,100.0,66.75,green
2568-1027,2568,2025-04-28,2025-05-04,75.0,91.66666666666667,0,9,12,16,75.0,81.75833333333333,4,4,100.0,69.85,green
2568-1028,2568,2025-04-28,2025-05-04,100.0,94.44444444444444,0,9,10,16,62.5,82.61000000000001,3,4,75.0,90.13333333333333,green
2568-1029,2568,2025-04-28,2025-05-04,100.0,97.22222222222223,0,9,9,16,56.25,90.69999999999999,4,4,100.0,91.45000000000002,green
2568-1030,2568,2025-04-28,2025-05-04,100.0,97.22222222222223,0,9,10,16,62.5,84.93999999999998,3,4,75.0,86.03333333333335,green
2568-1031,2568,2025-04-28,2025-05-04,50.0,61.111111111111114,0,0,6,16,37.5,71.11666666666666,1,4,25.0,72.2,yellow
2568-1032,2568,2025-04-28,2025-05-04,100.0,100.0,0,9,12,16,75.0,87.24166666666666,2,4,50.0,83.6,green
2568-1033,2568,2025-04-28,2025-05-04,0.0,72.22222222222223,0,0,4,8,50.0,67.92500000000001,1,2,50.0,72.8,red
2568-1034,2568,2025-04-28,2025-05-04,66.66666666666667,83.33333333333333,0,0,6,12,50.0,73.63333333333334,0,3,0.0,,yellow
2568-1035,2568,2025-04-28,2025-05-04,100.0,62.5,0,1,3,8,37.5,68.76666666666667,0,2,0.0,,green
2568-1036,2568,2025-04-28,2025-05-04,75.0,69.44444444444444,0,1,9,16,56.25,76.3111111111111,3,4,75.0,80.9,green
2568-1037,2568,2025-04-28,2025-05-04,100.0,100.0,0,9,8,12,66.66666666666667,97.0375,3,3,100.0,85.3,green
2568-1038,2568,2025-04-28,2025-05-04,66.66666666666667,48.148148148148145,0,0,3,12,25.0,79.33333333333333,2,3,66.66666666666667,79.25,yellow
2568-1039,2568,2025-04-28,2025-05-04,,,0,0,0,12,0.0,,0,3,0.0,,green
2568-1040,2568,2025-04-28,2025-05-04,100.0,51.851851851851855,0,1,4,12,33.333333333333336,65.375,2,3,66.66666666666667,84.3,green
2568-1041,2568,2025-04-28,2025-05-04,50.0,72.22222222222223,0,0,9,16,56.25,70.93333333333334,1,4,25.0,81.7,yellow
2568-1042,2568,2025-04-28,2025-05-04,100.0,93.75,0,4,6,16,37.5,87.23333333333333,0,4,0.0,,green
2568-1043,2568,2025-04-28,2025-05-04,50.0,52.77777777777778,0,0,5,16,31.25,66.96,2,4,50.0,72.5,yellow
2568-1044,2568,2025-04-28,2025-05-04,100.0,38.888888888888886,0,1,2,8,25.0,73.05,0,2,0.0,,green
2568-1045,2568,2025-04-28,2025-05-04,100.0,100.0,0,9,11,16,68.75,86.3090909090909,4,4,100.0,91.6,green
2568-1046,2568,2025-04-28,2025-05-04,100.0,91.66666666666667,0,9,12,16,75.0,86.99166666666667,4,4,100.0,87.42500000000001,green
2568-1047,2568,2025-04-28,2025-05-04,75.0,72.22222222222223,0,6,8,16,50.0,74.5625,3,4,75.0,68.7,green
2568-1048,2568,2025-04-28,2025-05-04,100.0,100.0,0,9,7,12,58.333333333333336,82.37142857142858,3,3,100.0,93.53333333333335,green
2568-1049,2568,2025-04-28,2025-05-04,66.66666666666667,59.25925925925926,0,0,7,12,58.333333333333336,74.15714285714286,1,3,33.333333333333336,78.9,yellow
2568-1050,2568,2025-04-28,2025-05-04,100.0,75.0,0,1,6,16,37.5,78.25,3,4,75.0,83.73333333333333,green
2568-1051,2568,2025-04-28,2025-05-04,0.0,44.44444444444444,0,0,3,8,37.5,66.06666666666666,2,2,100.0,63.550000000000004,red
2568-1052,2568,2025-04-28,2025-05-04,100.0,91.66666666666667,0,7,12,16,75.0,88.875,3,4,75.0,85.53333333333335,green
2568-1053,2568,2025-04-28,2025-05-04,100.0,77.77777777777777,0,2,5,8,62.5,72.25999999999999,2,2,100.0,73.1,green
2568-1054,2568,2025-04-28,2025-05-04,100.0,100.0,0,4,5,12,41.666666666666664,86.38000000000002,0,3,0.0,,green
2568-1055,2568,2025-04-28,2025-05-04,25.0,63.888888888888886,0,0,9,16,56.25,76.62222222222222,2,4,50.0,80.1,orange
2568-1056,2568,2025-04-28,2025-05-04,50.0,66.66666666666667,0,0,10,16,62.5,70.77000000000001,1,4,25.0,92.7,yellow
2568-1057,2568,2025-04-28,2025-05-04,100.0,100.0,0,9,10,16,62.5,89.50000000000001,3,4,75.0,87.53333333333335,green
2568-1058,2568,2025-04-28,2025-05-04,100.0,100.0,0,9,5,8,62.5,88.30000000000001,2,2,100.0,84.3,green
2568-1059,2568,2025-04-28,2025-05-04,100.0,100.0,0,4,5,12,41.666666666666664,82.58,0,3,0.0,,green
2568-1060,2568,2025-04-28,2025-05-04,,,0,0,0,8,0.0,,0,2,0.0,,green
2568-1061,2568,2025-04-28,2025-05-04,75.0,72.22222222222223,0,1,8,16,50.0,73.9875,4,4,100.0,77.9,green
2568-1062,2568,2025-04-28,2025-05-04,,,0,0,0,12,0.0,,0,3,0.0,,green
2568-1063,2568,2025-04-28,2025-05-04,,,0,0,0,16,0.0,,0,4,0.0,,green
2568-1064,2568,2025-04-28,2025-05-04,,50.0,0,0,2,8,25.0,94.35,2,2,100.0,78.1,green
2568-1065,2568,2025-04-28,2025-05-04,,,0,0,0,8,0.0,,0,2,0.0,,green
2568-1066,2568,2025-04-28,2025-05-04,25.0,63.888888888888886,0,0,9,16,56.25,64.28888888888888,1,4,25.0,60.2,orange
2568-1067,2568,2025-04-28,2025-05-04,,,0,0,0,16,0.0,,0,4,0.0,,green
2568-1068,2568,2025-04-28,2025-05-04,100.0,100.0,0,9,8,12,66.66666666666667,82.2625,3,3,100.0,98.06666666666666,green
2568-1069,2568,2025-04-28,2025-05-04,75.0,91.66666666666667,0,9,9,16,56.25,82.76666666666667,2,4,50.0,67.95,green
2568-1070,2568,2025-04-28,2025-05-04,33.333333333333336,74.07407407407408,0,0,9,12,75.0,77.98888888888888,2,3,66.66666666666667,79.4,orange
2568-1071,2568,2025-04-28,2025-05-04,100.0,85.18518518518519,0,2,6,12,50.0,92.05000000000001,3,3,100.0,86.76666666666665,green
2568-1072,2568,2025-04-28,2025-05-04,100.0,55.55555555555556,0,1,2,8,25.0,75.7,2,2,100.0,63.05,green
2568-1073,2568,2025-04-28,2025-05-04,25.0,50.0,0,0,5,16,31.25,81.35999999999999,0,4,0.0,,orange
2568-1074,2568,2025-04-28,2025-05-04,0.0,30.555555555555557,0,0,2,16,12.5,42.2,2,4,50.0,63.599999999999994,red
2568-1075,2568,2025-04-28,2025-05-04,,30.0,2,0,1,8,12.5,55.5,0,2,0.0,,red
2568-1076,2568,2025-04-28,2025-05-04,100.0,72.22222222222223,0,3,10,16,62.5,82.52000000000001,4,4,100.0,80.5,green
2568-1077,2568,2025-04-28,2025-05-04,100.0,81.25,0,2,7,16,43.75,80.89999999999999,0,4,0.0,,green
2568-1078,2568,2025-04-28,2025-05-04,,,0,0,0,16,0.0,,0,4,0.0,,green
2568-1079,2568,2025-04-28,2025-05-04,50.0,75.0,0,0,4,16,25.0,79.875,0,4,0.0,,yellow
2568-1080,2568,2025-04-28,2025-05-04,100.0,75.0,0,3,2,16,12.5,78.85,0,4,0.0,,green
2568-1081,2568,2025-04-28,2025-05-04,100.0,81.25,0,4,7,16,43.75,83.47142857142856,0,4,0.0,,green
2568-1082,2568,2025-04-28,2025-05-04,,,0,0,0,16,0.0,,0,4,0.0,,green
2568-1083,2568,2025-04-28,2025-05-04,,,0,0,0,8,0.0,,0,2,0.0,,green
2568-1084,2568,2025-04-28,2025-05-04,100.0,97.22222222222223,0,9,11,16,68.75,89.10000000000001,3,4,75.0,83.3,green
2568-1085,2568,2025-04-28,2025-05-04,,,0,0,0,16,0.0,,0,4,0.0,,green
2568-1086,2568,2025-04-28,2025-05-04,100.0,61.111111111111114,0,2,3,8,37.5,75.86666666666666,1,2,50.0,61.5,green
2568-1087,2568,2025-04-28,2025-05-04,75.0,80.55555555555556,0,2,10,16,62.5,73.07999999999998,2,4,50.0,86.25,green
2568-1088,2568,2025-04-28,2025-05-04,100.0,75.0,0,3,3,16,18.75,88.93333333333334,0,4,0.0,,green
2568-1089,2568,2025-04-28,2025-05-04,,,0,0,0,8,0.0,,0,2,0.0,,green
2568-1090,2568,2025-04-28,2025-05-04,,45.0,0,1,0,16,0.0,,0,4,0.0,,green
2568-1091,2568,2025-04-28,2025-05-04,100.0,100.0,0,4,4,8,50.0,87.575,0,2,0.0,,green
2568-1092,2568,2025-04-28,2025-05-04,,80.0,0,0,2,8,25.0,67.25,1,2,50.0,70.9,green
2568-1093,2568,2025-04-28,2025-05-04,100.0,100.0,0,9,6,12,50.0,89.71666666666665,0,3,0.0,,green
2568-1094,2568,2025-04-28,2025-05-04,100.0,85.18518518518519,0,1,6,12,50.0,88.35000000000001,3,3,100.0,84.26666666666667,green
2568-1095,2568,2025-04-28,2025-05-04,50.0,58.333333333333336,0,0,6,16,37.5,65.31666666666666,2,4,50.0,70.95,yellow
2568-1096,2568,2025-04-28,2025-05-04,100.0,91.66666666666667,0,9,10,16,62.5,83.63,3,4,75.0,90.46666666666665,green
2568-1097,2568,2025-04-28,2025-05-04,100.0,100.0,0,9,4,8,50.0,88.0,2,2,100.0,94.19999999999999,green
2568-1098,2568,2025-04-28,2025-05-04,0.0,50.0,1,0,3,8,37.5,67.16666666666667,1,2,50.0,55.4,red
2568-1099,2568,2025-04-28,2025-05-04,75.0,80.55555555555556,0,7,9,16,56.25,84.21111111111112,4,4,100.0,81.025,green
2568-1100,2568,2025-04-28,2025-05-04,33.333333333333336,50.0,0,0,3,12,25.0,70.46666666666665,0,3,0.0,,orange
2568-1101,2568,2025-04-28,2025-05-04,100.0,77.77777777777777,0,2,6,8,75.0,79.68333333333334,1,2,50.0,94.3,green
2568-1102,2568,2025-04-28,2025-05-04,100.0,96.29629629629629,0,4,8,12,66.66666666666667,88.875,3,3,100.0,82.56666666666666,green
2568-1103,2568,2025-04-28,2025-05-04,75.0,56.25,0,2,3,16,18.75,75.56666666666666,0,4,0.0,,green
2568-1104,2568,2025-04-28,2025-05-04,50.0,47.22222222222222,0,0,8,16,50.0,65.9,4,4,100.0,66.025,yellow
2568-1105,2568,2025-04-28,2025-05-04,66.66666666666667,77.77777777777777,0,0,6,12,50.0,82.1,3,3,100.0,73.03333333333333,yellow
2568-1106,2568,2025-04-28,2025-05-04,75.0,75.0,0,7,6,16,37.5,68.78333333333333,1,4,25.0,60.4,green
2568-1107,2568,2025-04-28,2025-05-04,,,0,0,0,16,0.0,,0,4,0.0,,green
2568-1108,2568,2025-04-28,2025-05-04,66.66666666666667,74.07407407407408,0,0,5,12,41.666666666666664,82.46,2,3,66.66666666666667,70.1,yellow
2568-1109,2568,2025-04-28,2025-05-04,100.0,70.37037037037037,0,1,5,12,41.666666666666664,77.04,2,3,66.66666666666667,70.55,green
2568-1110,2568,2025-04-28,2025-05-04,100.0,100.0,0,4,6,12,50.0,83.93333333333334,0,3,0.0,,green
2568-1111,2568,2025-04-28,2025-05-04,75.0,77.77777777777777,0,4,8,16,50.0,85.8125,2,4,50.0,79.69999999999999,green
2568-1112,2568,2025-04-28,2025-05-04,50.0,72.22222222222223,0,0,9,16,56.25,80.05555555555556,2,4,50.0,77.19999999999999,yellow
2568-1113,2568,2025-04-28,2025-05-04,,,0,0,0,16,0.0,,0,4,0.0,,green
2568-1114,2568,2025-04-28,2025-05-04,75.0,81.25,0,4,6,16,37.5,77.89999999999999,0,4,0.0,,green
2568-1115,2568,2025-04-28,2025-05-04,,,0,0,0,16,0.0,,0,4,0.0,,green
2568-1116,2568,2025-04-28,2025-05-04,,,0,0,0,8,0.0,,0,2,0.0,,green
2568-1117,2568,2025-04-28,2025-05-04,100.0,86.11111111111111,0,8,8,16,50.0,79.6375,2,4,50.0,74.6,green
2568-1118,2568,2025-04-28,2025-05-04,50.0,55.55555555555556,0,0,9,16,56.25,72.69999999999999,2,4,50.0,72.55000000000001,yellow
2568-1119,2568,2025-04-28,2025-05-04,75.0,62.5,0,1,7,16,43.75,77.04285714285713,0,4,0.0,,green
2568-1120,2568,2025-04-28,2025-05-04,,,0,0,0,12,0.0,,0,3,0.0,,green
2568-1121,2568,2025-04-28,2025-05-04,100.0,68.75,0,1,5,16,31.25,78.82,0,4,0.0,,green
2568-1122,2568,2025-04-28,2025-05-04,50.0,72.22222222222223,0,0,10,16,62.5,67.14000000000001,3,4,75.0,65.73333333333333,yellow
2568-1123,2568,2025-04-28,2025-05-04,50.0,72.22222222222223,0,0,5,16,31.25,67.0,1,4,25.0,58.6,yellow
2568-1124,2568,2025-04-28,2025-05-04,100.0,80.55555555555556,0,1,6,16,37.5,76.91666666666667,2,4,50.0,72.4,green
2568-1125,2568,2025-04-28,2025-05-04,75.0,91.66666666666667,0,9,8,16,50.0,76.15,1,4,25.0,87.7,green
2568-1126,2568,2025-04-28,2025-05-04,100.0,87.5,0,4,5,16,31.25,84.08,0,4,0.0,,green
2568-1127,2568,2025-04-28,2025-05-04,,,0,0,0,16,0.0,,0,4,0.0,,green
2568-1128,2568,2025-04-28,2025-05-04,100.0,87.5,0,2,4,8,50.0,71.8,0,2,0.0,,green
2568-1129,2568,2025-04-28,2025-05-04,100.0,93.75,0,4,8,16,50.0,84.25,0,4,0.0,,green
2568-1130,2568,2025-04-28,2025-05-04,100.0,70.37037037037037,0,1,6,12,50.0,76.94999999999999,1,3,33.333333333333336,84.6,green
2568-1131,2568,2025-04-28,2025-05-04,75.0,75.0,0,4,10,16,62.5,84.47999999999999,3,4,75.0,85.86666666666667,green
2568-1132,2568,2025-04-28,2025-05-04,100.0,94.44444444444444,0,9,10,16,62.5,87.77000000000001,4,4,100.0,93.975,green
2568-1133,2568,2025-04-28,2025-05-04,100.0,94.44444444444444,0,9,11,16,68.75,88.37272727272727,3,4,75.0,87.23333333333333,green
2568-1134,2568,2025-04-28,2025-05-04,50.0,87.5,0,0,7,16,43.75,85.79999999999998,0,4,0.0,,yellow
2568-1135,2568,2025-04-28,2025-05-04,100.0,83.33333333333333,0,5,9,16,56.25,76.54444444444444,3,4,75.0,77.2,green
2568-1136,2568,2025-04-28,2025-05-04,,,0,0,0,12,0.0,,0,3,0.0,,green
2568-1137,2568,2025-04-28,2025-05-04,50.0,88.88888888888889,0,0,8,16,50.0,84.69999999999999,3,4,75.0,81.73333333333333,yellow
2568-1138,2568,2025-04-28,2025-05-04,100.0,75.0,0,2,7,16,43.75,80.89999999999999,0,4,0.0,,green
2568-1139,2568,2025-04-28,2025-05-04,50.0,58.333333333333336,0,0,9,16,56.25,75.35555555555555,4,4,100.0,67.27499999999999,yellow
2568-1140,2568,2025-04-28,2025-05-04,33.333333333333336,77.77777777777777,0,0,8,12,66.66666666666667,84.275,3,3,100.0,85.89999999999999,orange
2568-1141,2568,2025-04-28,2025-05-04,100.0,77.77777777777777,0,1,6,12,50.0,79.83333333333333,3,3,100.0,88.0,green
2568-1142,2568,2025-04-28,2025-05-04,100.0,69.44444444444444,0,1,5,16,31.25,80.9,1,4,25.0,60.3,green
2568-1143,2568,2025-04-28,2025-05-04,66.66666666666667,96.29629629629629,0,0,8,12,66.66666666666667,79.25,2,3,66.66666666666667,87.35,yellow
2568-1144,2568,2025-04-28,2025-05-04,100.0,55.55555555555556,0,1,4,8,50.0,75.625,2,2,100.0,57.55,green
2568-1145,2568,2025-04-28,2025-05-04,100.0,83.33333333333333,0,7,11,16,68.75,85.79090909090908,3,4,75.0,85.83333333333333,green
2568-1146,2568,2025-04-28,2025-05-04,66.66666666666667,55.55555555555556,0,0,5,12,41.666666666666664,61.35999999999999,0,3,0.0,,yellow
2568-1147,2568,2025-04-28,2025-05-04,50.0,38.888888888888886,0,0,5,16,31.25,72.06000000000002,2,4,50.0,58.25,yellow
2568-1148,2568,2025-04-28,2025-05-04,66.66666666666667,88.88888888888889,0,0,6,12,50.0,78.93333333333334,2,3,66.66666666666667,81.05,yellow
2568-1149,2568,2025-04-28,2025-05-04,,,0,0,0,12,0.0,,0,3,0.0,,green
2568-1150,2568,2025-04-28,2025-05-04,33.333333333333336,70.37037037037037,0,0,5,12,41.666666666666664,71.22,3,3,100.0,73.96666666666665,orange
2568-1151,2568,2025-04-28,2025-05-04,100.0,85.18518518518519,0,1,6,12,50.0,82.7,2,3,66.66666666666667,77.25,green
2568-1152,2568,2025-04-28,2025-05-04,75.0,72.22222222222223,0,1,8,16,50.0,81.375,2,4,50.0,77.80000000000001,green
2568-1153,2568,2025-04-28,2025-05-04,100.0,75.0,0,3,8,16,50.0,84.73750000000001,0,4,0.0,,green
2568-1154,2568,2025-04-28,2025-05-04,50.0,50.0,0,0,2,8,25.0,87.2,0,2,0.0,,yellow
2568-1155,2568,2025-04-28,2025-05-04,33.333333333333336,29.62962962962963,0,0,3,12,25.0,66.76666666666667,1,3,33.333333333333336,63.8,orange
2568-1156,2568,2025-04-28,2025-05-04,100.0,63.888888888888886,0,3,7,16,43.75,68.91428571428573,2,4,50.0,70.75,green
2568-1157,2568,2025-04-28,2025-05-04,100.0,94.44444444444444,0,9,9,16,56.25,69.28888888888888,4,4,100.0,80.5,green
2568-1158,2568,2025-04-28,2025-05-04,75.0,83.33333333333333,0,7,11,16,68.75,89.37272727272726,4,4,100.0,84.675,green
2568-1159,2568,2025-04-28,2025-05-04,100.0,100.0,0,4,5,12,41.666666666666664,91.5,0,3,0.0,,green
2568-1160,2568,2025-04-28,2025-05-04,100.0,87.5,0,4,6,16,37.5,91.76666666666667,0,4,0.0,,green
2568-1001,2568,2025-05-05,2025-05-11,,,0,0,0,16,0.0,,0,4,0.0,,green
2568-1002,2568,2025-05-05,2025-05-11,50.0,70.0,0,0,9,16,56.25,79.98888888888888,3,4,75.0,68.10000000000001,yellow
2568-1003,2568,2025-05-05,2025-05-11,50.0,57.5,0,0,4,16,25.0,65.975,3,4,75.0,67.33333333333333,yellow
2568-1004,2568,2025-05-05,2025-05-11,75.0,65.0,0,3,8,16,50.0,74.4375,4,4,100.0,79.4,green
2568-1005,2568,2025-05-05,2025-05-11,75.0,67.5,0,5,5,16,31.25,75.76,2,4,50.0,84.4,green
2568-1006,2568,2025-05-05,2025-05-11,66.66666666666667,66.66666666666667,0,0,6,12,50.0,81.8,2,3,66.66666666666667,76.19999999999999,yellow
2568-1007,2568,2025-05-05,2025-05-11,25.0,45.0,0,0,6,16,37.5,72.89999999999999,0,4,0.0,,orange
2568-1008,2568,2025-05-05,2025-05-11,50.0,55.0,0,0,4,16,25.0,67.775,0,4,0.0,,yellow
2568-1009,2568,2025-05-05,2025-05-11,,,0,0,0,16,0.0,,0,4,0.0,,green
2568-1010,2568,2025-05-05,2025-05-11,100.0,85.0,0,5,7,16,43.75,69.22857142857141,0,4,0.0,,green
2568-1011,2568,2025-05-05,2025-05-11,,,0,0,0,16,0.0,,0,4,0.0,,green
2568-1012,2568,2025-05-05,2025-05-11,100.0,100.0,0,10,5,8,62.5,89.3,1,2,50.0,81.6,green
2568-1013,2568,2025-05-05,2025-05-11,100.0,75.0,0,2,5,16,31.25,87.28,0,4,0.0,,green
2568-1014,2568,2025-05-05,2025-05-11,100.0,82.5,0,8,6,16,37.5,80.39999999999999,3,4,75.0,74.7,green
2568-1015,2568,2025-05-05,2025-05-11,,40.0,0,0,2,8,25.0,72.4,0,2,0.0,,green
2568-1016,2568,2025-05-05,2025-05-11,75.0,80.0,0,10,9,16,56.25,94.66666666666667,2,4,50.0,82.0,green
2568-1017,2568,2025-05-05,2025-05-11,50.0,70.0,0,0,8,16,50.0,80.46249999999999,3,4,75.0,75.16666666666667,yellow
2568-1018,2568,2025-05-05,2025-05-11,66.66666666666667,60.0,0,0,3,12,25.0,76.2,0,3,0.0,,yellow
2568-1019,2568,2025-05-05,2025-05-11,75.0,75.0,0,1,0,16,0.0,,0,4,0.0,,green
2568-1020,2568,2025-05-05,2025-05-11,75.0,80.0,0,5,6,16,37.5,81.63333333333333,0,4,0.0,,green
2568-1021,2568,2025-05-05,2025-05-11,75.0,87.5,0,8,9,16,56.25,85.68888888888888,4,4,100.0,87.875,green
2568-1022,2568,2025-05-05,2025-05-11,33.333333333333336,43.333333333333336,0,0,7,12,58.333333333333336,76.48571428571428,2,3,66.66666666666667,80.7,orange
2568-1023,2568,2025-05-05,2025-05-11,50.0,60.0,0,0,4,8,50.0,83.79999999999998,0,2,0.0,,yellow
2568-1024,2568,2025-05-05,2025-05-11,100.0,90.0,0,3,2,8,25.0,66.55,0,2,0.0,,green
2568-1025,2568,2025-05-05,2025-05-11,100.0,75.0,0,4,1,8,12.5,81.4,1,2,50.0,87.2,green
2568-1026,2568,2025-05-05,2025-05-11,100.0,75.0,0,4,7,16,43.75,75.81428571428572,4,4,100.0,66.75,green
2568-1027,2568,2025-05-05,2025-05-11,100.0,92.5,0,10,12,16,75.0,81.75833333333333,4,4,100.0,69.85,green
2568-1028,2568,2025-05-05,2025-05-11,75.0,92.5,0,10,10,16,62.5,82.61000000000001,3,4,75.0,90.13333333333333,green
2568-1029,2568,2025-05-05,2025-05-11,100.0,97.5,0,10,9,16,56.25,90.69999999999999,4,4,100.0,91.45000000000002,green
2568-1030,2568,2025-05-05,2025-05-11,75.0,95.0,0,10,10,16,62.5,84.93999999999998,3,4,75.0,86.03333333333335,green
2568-1031,2568,2025-05-05,2025-05-11,75.0,62.5,0,1,6,16,37.5,71.11666666666666,1,4,25.0,72.2,green
2568-1032,2568,2025-05-05,2025-05-11,75.0,97.5,0,10,12,16,75.0,87.24166666666666,2,4,50.0,83.6,green
2568-1033,2568,2025-05-05,2025-05-11,50.0,70.0,0,0,4,8,50.0,67.92500000000001,1,2,50.0,72.8,yellow
2568-1034,2568,2025-05-05,2025-05-11,100.0,86.66666666666667,0,1,6,12,50.0,73.63333333333334,0,3,0.0,,green
2568-1035,2568,2025-05-05,2025-05-11,100.0,70.0,0,2,3,8,37.5,68.76666666666667,0,2,0.0,,green
2568-1036,2568,2025-05-05,2025-05-11,75.0,70.0,0,2,9,16,56.25,76.3111111111111,3,4,75.0,80.9,green
2568-1037,2568,2025-05-05,2025-05-11,100.0,100.0,0,10,8,12,66.66666666666667,97.0375,3,3,100.0,85.3,green
2568-1038,2568,2025-05-05,2025-05-11,66.66666666666667,50.0,0,0,3,12,25.0,79.33333333333333,2,3,66.66666666666667,79.25,yellow
2568-1039,2568,2025-05-05,2025-05-11,100.0,100.0,0,1,0,12,0.0,,0,3,0.0,,green
2568-1040,2568,2025-05-05,2025-05-11,33.333333333333336,50.0,0,0,4,12,33.333333333333336,65.375,2,3,66.66666666666667,84.3,orange
2568-1041,2568,2025-05-05,2025-05-11,75.0,72.5,0,1,9,16,56.25,70.93333333333334,1,4,25.0,81.7,green
2568-1042,2568,2025-05-05,2025-05-11,100.0,95.0,0,5,6,16,37.5,87.23333333333333,0,4,0.0,,green
2568-1043,2568,2025-05-05,2025-05-11,50.0,52.5,0,0,5,16,31.25,66.96,2,4,50.0,72.5,yellow
2568-1044,2568,2025-05-05,2025-05-11,50.0,40.0,0,0,2,8,25.0,73.05,0,2,0.0,,yellow
2568-1045,2568,2025-05-05,2025-05-11,100.0,100.0,0,10,11,16,68.75,86.3090909090909,4,4,100.0,91.6,green
2568-1046,2568,2025-05-05,2025-05-11,100.0,92.5,0,10,12,16,75.0,86.99166666666667,4,4,100.0,87.42500000000001,green
2568-1047,2568,2025-05-05,2025-05-11,75.0,72.5,0,7,8,16,50.0,74.5625,3,4,75.0,68.7,green
2568-1048,2568,2025-05-05,2025-05-11,100.0,100.0,0,10,7,12,58.333333333333336,82.37142857142858,3,3,100.0,93.53333333333335,green
2568-1049,2568,2025-05-05,2025-05-11,66.66666666666667,60.0,0,0,7,12,58.333333333333336,74.15714285714286,1,3,33.333333333333336,78.9,yellow
2568-1050,2568,2025-05-05,2025-05-11,100.0,77.5,0,2,6,16,37.5,78.25,3,4,75.0,83.73333333333333,green
2568-1051,2568,2025-05-05,2025-05-11,0.0,40.0,1,0,3,8,37.5,66.06666666666666,2,2,100.0,63.550000000000004,red
2568-1052,2568,2025-05-05,2025-05-11,100.0,92.5,0,8,12,16,75.0,88.875,3,4,75.0,85.53333333333335,green
2568-1053,2568,2025-05-05,2025-05-11,0.0,70.0,1,0,5,8,62.5,72.25999999999999,2,2,100.0,73.1,red
2568-1054,2568,2025-05-05,2025-05-11,100.0,100.0,0,5,5,12,41.666666666666664,86.38000000000002,0,3,0.0,,green
2568-1055,2568,2025-05-05,2025-05-11,75.0,65.0,0,1,9,16,56.25,76.62222222222222,2,4,50.0,80.1,green
2568-1056,2568,2025-05-05,2025-05-11,25.0,62.5,0,0,10,16,62.5,70.77000000000001,1,4,25.0,92.7,orange
2568-1057,2568,2025-05-05,2025-05-11,100.0,100.0,0,10,10,16,62.5,89.50000000000001,3,4,75.0,87.53333333333335,green
2568-1058,2568,2025-05-05,2025-05-11,100.0,100.0,0,10,5,8,62.5,88.30000000000001,2,2,100.0,84.3,green
2568-1059,2568,2025-05-05,2025-05-11,100.0,100.0,0,5,5,12,41.666666666666664,82.58,0,3,0.0,,green
2568-1060,2568,2025-05-05,2025-05-11,100.0,100.0,0,1,0,8,0.0,,0,2,0.0,,green
2568-1061,2568,2025-05-05,2025-05-11,50.0,70.0,0,0,8,16,50.0,73.9875,4,4,100.0,77.9,yellow
2568-1062,2568,2025-05-05,2025-05-11,66.66666666666667,66.66666666666667,0,0,0,12,0.0,,0,3,0.0,,yellow
2568-1063,2568,2025-05-05,2025-05-11,100.0,100.0,0,1,0,16,0.0,,0,4,0.0,,green
2568-1064,2568,2025-05-05,2025-05-11,,50.0,0,0,2,8,25.0,94.35,2,2,100.0,78.1,green
2568-1065,2568,2025-05-05,2025-05-11,100.0,100.0,0,1,0,8,0.0,,0,2,0.0,,green
2568-1066,2568,2025-05-05,2025-05-11,25.0,60.0,0,0,9,16,56.25,64.28888888888888,1,4,25.0,60.2,orange
2568-1067,2568,2025-05-05,2025-05-11,25.0,25.0,0,0,0,16,0.0,,0,4,0.0,,orange
2568-1068,2568,2025-05-05,2025-05-11,100.0,100.0,0,10,8,12,66.66666666666667,82.2625,3,3,100.0,98.06666666666666,green
2568-1069,2568,2025-05-05,2025-05-11,75.0,90.0,0,10,9,16,56.25,82.76666666666667,2,4,50.0,67.95,green
2568-1070,2568,2025-05-05,2025-05-11,66.66666666666667,73.33333333333333,0,0,9,12,75.0,77.98888888888888,2,3,66.66666666666667,79.4,yellow
2568-1071,2568,2025-05-05,2025-05-11,100.0,86.66666666666667,0,3,6,12,50.0,92.05000000000001,3,3,100.0,86.76666666666665,green
2568-1072,2568,2025-05-05,2025-05-11,50.0,55.0,0,0,2,8,25.0,75.7,2,2,100.0,63.05,yellow
2568-1073,2568,2025-05-05,2025-05-11,75.0,55.0,0,1,5,16,31.25,81.35999999999999,0,4,0.0,,green
2568-1074,2568,2025-05-05,2025-05-11,0.0,27.5,1,0,2,16,12.5,42.2,2,4,50.0,63.599999999999994,red
2568-1075,2568,2025-05-05,2025-05-11,,30.0,2,0,1,8,12.5,55.5,0,2,0.0,,red
2568-1076,2568,2025-05-05,2025-05-11,100.0,75.0,0,4,10,16,62.5,82.52000000000001,4,4,100.0,80.5,green
2568-1077,2568,2025-05-05,2025-05-11,25.0,70.0,0,0,7,16,43.75,80.89999999999999,0,4,0.0,,orange
2568-1078,2568,2025-05-05,2025-05-11,100.0,100.0,0,1,0,16,0.0,,0,4,0.0,,green
2568-1079,2568,2025-05-05,2025-05-11,100.0,80.0,0,1,4,16,25.0,79.875,0,4,0.0,,green
2568-1080,2568,2025-05-05,2025-05-11,50.0,70.0,0,0,2,16,12.5,78.85,0,4,0.0,,yellow
2568-1081,2568,2025-05-05,2025-05-11,100.0,85.0,0,5,7,16,43.75,83.47142857142856,0,4,0.0,,green
2568-1082,2568,2025-05-05,2025-05-11,100.0,100.0,0,1,0,16,0.0,,0,4,0.0,,green
2568-1083,2568,2025-05-05,2025-05-11,,,0,0,0,8,0.0,,0,2,0.0,,green
2568-1084,2568,2025-05-05,2025-05-11,50.0,92.5,0,0,11,16,68.75,89.10000000000001,3,4,75.0,83.3,yellow
2568-1085,2568,2025-05-05,2025-05-11,50.0,50.0,0,0,0,16,0.0,,0,4,0.0,,yellow
2568-1086,2568,2025-05-05,2025-05-11,50.0,60.0,0,0,3,8,37.5,75.86666666666666,1,2,50.0,61.5,yellow
2568-1087,2568,2025-05-05,2025-05-11,75.0,80.0,0,3,10,16,62.5,73.07999999999998,2,4,50.0,86.25,green
2568-1088,2568,2025-05-05,2025-05-11,100.0,80.0,0,4,3,16,18.75,88.93333333333334,0,4,0.0,,green
2568-1089,2568,2025-05-05,2025-05-11,50.0,50.0,0,0,0,8,0.0,,0,2,0.0,,yellow
2568-1090,2568,2025-05-05,2025-05-11,,45.0,0,1,0,16,0.0,,0,4,0.0,,green
2568-1091,2568,2025-05-05,2025-05-11,100.0,100.0,0,5,4,8,50.0,87.575,0,2,0.0,,green
2568-1092,2568,2025-05-05,2025-05-11,,80.0,0,0,2,8,25.0,67.25,1,2,50.0,70.9,green
2568-1093,2568,2025-05-05,2025-05-11,100.0,100.0,0,10,6,12,50.0,89.71666666666665,0,3,0.0,,green
2568-1094,2568,2025-05-05,2025-05-11,66.66666666666667,83.33333333333333,0,0,6,12,50.0,88.35000000000001,3,3,100.0,84.26666666666667,yellow
2568-1095,2568,2025-05-05,2025-05-11,50.0,57.5,0,0,6,16,37.5,65.31666666666666,2,4,50.0,70.95,yellow
2568-1096,2568,2025-05-05,2025-05-11,100.0,92.5,0,10,10,16,62.5,83.63,3,4,75.0,90.46666666666665,green
2568-1097,2568,2025-05-05,2025-05-11,100.0,100.0,0,10,4,8,50.0,88.0,2,2,100.0,94.19999999999999,green
2568-1098,2568,2025-05-05,2025-05-11,0.0,45.0,2,0,3,8,37.5,67.16666666666667,1,2,50.0,55.4,red
2568-1099,2568,2025-05-05,2025-05-11,100.0,82.5,0,8,9,16,56.25,84.21111111111112,4,4,100.0,81.025,green
2568-1100,2568,2025-05-05,2025-05-11,,50.0,0,0,3,12,25.0,70.46666666666665,0,3,0.0,,green
2568-1101,2568,2025-05-05,2025-05-11,100.0,80.0,0,3,6,8,75.0,79.68333333333334,1,2,50.0,94.3,green
2568-1102,2568,2025-05-05,2025-05-11,100.0,96.66666666666667,0,5,8,12,66.66666666666667,88.875,3,3,100.0,82.56666666666666,green
2568-1103,2568,2025-05-05,2025-05-11,,56.25,0,2,3,16,18.75,75.56666666666666,0,4,0.0,,green
2568-1104,2568,2025-05-05,2025-05-11,25.0,45.0,0,0,8,16,50.0,65.9,4,4,100.0,66.025,orange
2568-1105,2568,2025-05-05,2025-05-11,100.0,80.0,0,1,6,12,50.0,82.1,3,3,100.0,73.03333333333333,green
2568-1106,2568,2025-05-05,2025-05-11,100.0,77.5,0,8,6,16,37.5,68.78333333333333,1,4,25.0,60.4,green
2568-1107,2568,2025-05-05,2025-05-11,,,0,0,0,16,0.0,,0,4,0.0,,green
2568-1108,2568,2025-05-05,2025-05-11,33.333333333333336,70.0,0,0,5,12,41.666666666666664,82.46,2,3,66.66666666666667,70.1,orange
2568-1109,2568,2025-05-05,2025-05-11,33.333333333333336,66.66666666666667,0,0,5,12,41.666666666666664,77.04,2,3,66.66666666666667,70.55,orange
2568-1110,2568,2025-05-05,2025-05-11,33.333333333333336,86.66666666666667,0,0,6,12,50.0,83.93333333333334,0,3,0.0,,orange
2568-1111,2568,2025-05-05,2025-05-11,50.0,75.0,0,0,8,16,50.0,85.8125,2,4,50.0,79.69999999999999,yellow
2568-1112,2568,2025-05-05,2025-05-11,75.0,72.5,0,1,9,16,56.25,80.05555555555556,2,4,50.0,77.19999999999999,green
2568-1113,2568,2025-05-05,2025-05-11,,,0,0,0,16,0.0,,0,4,0.0,,green
2568-1114,2568,2025-05-05,2025-05-11,75.0,80.0,0,5,6,16,37.5,77.89999999999999,0,4,0.0,,green
2568-1115,2568,2025-05-05,2025-05-11,,,0,0,0,16,0.0,,0,4,0.0,,green
2568-1116,2568,2025-05-05,2025-05-11,50.0,50.0,0,0,0,8,0.0,,0,2,0.0,,yellow
2568-1117,2568,2025-05-05,2025-05-11,75.0,85.0,0,9,8,16,50.0,79.6375,2,4,50.0,74.6,green
2568-1118,2568,2025-05-05,2025-05-11,75.0,57.5,0,1,9,16,56.25,72.69999999999999,2,4,50.0,72.55000000000001,green
2568-1119,2568,2025-05-05,2025-05-11,25.0,55.0,0,0,7,16,43.75,77.04285714285713,0,4,0.0,,orange
2568-1120,2568,2025-05-05,2025-05-11,,,0,0,0,12,0.0,,0,3,0.0,,green
2568-1121,2568,2025-05-05,2025-05-11,,68.75,0,1,5,16,31.25,78.82,0,4,0.0,,green
2568-1122,2568,2025-05-05,2025-05-11,75.0,72.5,0,1,10,16,62.5,67.14000000000001,3,4,75.0,65.73333333333333,green
2568-1123,2568,2025-05-05,2025-05-11,100.0,75.0,0,1,5,16,31.25,67.0,1,4,25.0,58.6,green
2568-1124,2568,2025-05-05,2025-05-11,100.0,82.5,0,2,6,16,37.5,76.91666666666667,2,4,50.0,72.4,green
2568-1125,2568,2025-05-05,2025-05-11,50.0,87.5,0,0,8,16,50.0,76.15,1,4,25.0,87.7,yellow
2568-1126,2568,2025-05-05,2025-05-11,75.0,85.0,0,5,5,16,31.25,84.08,0,4,0.0,,green
2568-1127,2568,2025-05-05,2025-05-11,50.0,50.0,0,0,0,16,0.0,,0,4,0.0,,yellow
2568-1128,2568,2025-05-05,2025-05-11,100.0,90.0,0,3,4,8,50.0,71.8,0,2,0.0,,green
2568-1129,2568,2025-05-05,2025-05-11,100.0,95.0,0,5,8,16,50.0,84.25,0,4,0.0,,green
2568-1130,2568,2025-05-05,2025-05-11,66.66666666666667,70.0,0,0,6,12,50.0,76.94999999999999,1,3,33.333333333333336,84.6,yellow
2568-1131,2568,2025-05-05,2025-05-11,100.0,77.5,0,5,10,16,62.5,84.47999999999999,3,4,75.0,85.86666666666667,green
2568-1132,2568,2025-05-05,2025-05-11,100.0,95.0,0,10,10,16,62.5,87.77000000000001,4,4,100.0,93.975,green
2568-1133,2568,2025-05-05,2025-05-11,75.0,92.5,0,10,11,16,68.75,88.37272727272727,3,4,75.0,87.23333333333333,green
2568-1134,2568,2025-05-05,2025-05-11,100.0,90.0,0,1,7,16,43.75,85.79999999999998,0,4,0.0,,green
2568-1135,2568,2025-05-05,2025-05-11,,83.33333333333333,0,5,9,16,56.25,76.54444444444444,3,4,75.0,77.2,green
2568-1136,2568,2025-05-05,2025-05-11,100.0,100.0,0,1,0,12,0.0,,0,3,0.0,,green
2568-1137,2568,2025-05-05,2025-05-11,100.0,90.0,0,1,8,16,50.0,84.69999999999999,3,4,75.0,81.73333333333333,green
2568-1138,2568,2025-05-05,2025-05-11,100.0,80.0,0,3,7,16,43.75,80.89999999999999,0,4,0.0,,green
2568-1139,2568,2025-05-05,2025-05-11,100.0,62.5,0,1,9,16,56.25,75.35555555555555,4,4,100.0,67.27499999999999,green
2568-1140,2568,2025-05-05,2025-05-11,66.66666666666667,76.66666666666667,0,0,8,12,66.66666666666667,84.275,3,3,100.0,85.89999999999999,yellow
2568-1141,2568,2025-05-05,2025-05-11,66.66666666666667,76.66666666666667,0,0,6,12,50.0,79.83333333333333,3,3,100.0,88.0,yellow
2568-1142,2568,2025-05-05,2025-05-11,75.0,70.0,0,2,5,16,31.25,80.9,1,4,25.0,60.3,green
2568-1143,2568,2025-05-05,2025-05-11,100.0,96.66666666666667,0,1,8,12,66.66666666666667,79.25,2,3,66.66666666666667,87.35,green
2568-1144,2568,2025-05-05,2025-05-11,,55.55555555555556,0,1,4,8,50.0,75.625,2,2,100.0,57.55,green
2568-1145,2568,2025-05-05,2025-05-11,75.0,82.5,0,8,11,16,68.75,85.79090909090908,3,4,75.0,85.83333333333333,green
2568-1146,2568,2025-05-05,2025-05-11,66.66666666666667,56.666666666666664,0,0,5,12,41.666666666666664,61.35999999999999,0,3,0.0,,yellow
2568-1147,2568,2025-05-05,2025-05-11,,38.888888888888886,0,0,5,16,31.25,72.06000000000002,2,4,50.0,58.25,green
2568-1148,2568,2025-05-05,2025-05-11,66.66666666666667,86.66666666666667,0,0,6,12,50.0,78.93333333333334,2,3,66.66666666666667,81.05,yellow
2568-1149,2568,2025-05-05,2025-05-11,,,0,0,0,12,0.0,,0,3,0.0,,green
2568-1150,2568,2025-05-05,2025-05-11,33.333333333333336,66.66666666666667,0,0,5,12,41.666666666666664,71.22,3,3,100.0,73.96666666666665,orange
2568-1151,2568,2025-05-05,2025-05-11,66.66666666666667,83.33333333333333,0,0,6,12,50.0,82.7,2,3,66.66666666666667,77.25,yellow
2568-1152,2568,2025-05-05,2025-05-11,75.0,72.5,0,2,8,16,50.0,81.375,2,4,50.0,77.80000000000001,green
2568-1153,2568,2025-05-05,2025-05-11,100.0,80.0,0,4,8,16,50.0,84.73750000000001,0,4,0.0,,green
2568-1154,2568,2025-05-05,2025-05-11,100.0,60.0,0,1,2,8,25.0,87.2,0,2,0.0,,green
2568-1155,2568,2025-05-05,2025-05-11,33.333333333333336,30.0,0,0,3,12,25.0,66.76666666666667,1,3,33.333333333333336,63.8,orange
2568-1156,2568,2025-05-05,2025-05-11,50.0,62.5,0,0,7,16,43.75,68.91428571428573,2,4,50.0,70.75,yellow
2568-1157,2568,2025-05-05,2025-05-11,75.0,92.5,0,10,9,16,56.25,69.28888888888888,4,4,100.0,80.5,green
2568-1158,2568,2025-05-05,2025-05-11,100.0,85.0,0,8,11,16,68.75,89.37272727272726,4,4,100.0,84.675,green
2568-1159,2568,2025-05-05,2025-05-11,100.0,100.0,0,5,5,12,41.666666666666664,91.5,0,3,0.0,,green
2568-1160,2568,2025-05-05,2025-05-11,75.0,85.0,0,5,6,16,37.5,91.76666666666667,0,4,0.0,,green
2568-1001,2568,2025-05-12,2025-05-18,,,0,0,0,16,0.0,,0,8,0.0,,green
2568-1002,2568,2025-05-12,2025-05-18,75.0,70.45454545454545,0,1,9,16,56.25,79.98888888888888,5,8,62.5,70.32000000000001,green
2568-1003,2568,2025-05-12,2025-05-18,50.0,56.81818181818182,0,0,4,16,25.0,65.975,5,8,62.5,67.6,yellow
2568-1004,2568,2025-05-12,2025-05-18,50.0,63.63636363636363,0,0,8,16,50.0,74.4375,6,8,75.0,79.05000000000001,yellow
2568-1005,2568,2025-05-12,2025-05-18,50.0,65.9090909090909,0,0,5,16,31.25,75.76,2,8,25.0,84.4,yellow
2568-1006,2568,2025-05-12,2025-05-18,33.333333333333336,63.63636363636363,0,0,6,12,50.0,81.8,3,6,50.0,81.49999999999999,orange
2568-1007,2568,2025-05-12,2025-05-18,50.0,45.833333333333336,0,0,6,16,37.5,72.89999999999999,3,8,37.5,77.7,yellow
2568-1008,2568,2025-05-12,2025-05-18,75.0,58.333333333333336,0,1,4,16,25.0,67.775,2,8,25.0,69.1,green
2568-1009,2568,2025-05-12,2025-05-18,,,0,0,0,16,0.0,,0,8,0.0,,green
2568-1010,2568,2025-05-12,2025-05-18,100.0,87.5,0,6,7,16,43.75,69.22857142857141,4,8,50.0,84.2,green
2568-1011,2568,2025-05-12,2025-05-18,,,0,0,0,16,0.0,,0,8,0.0,,green
2568-1012,2568,2025-05-12,2025-05-18,100.0,100.0,0,11,5,8,62.5,89.3,2,4,50.0,89.69999999999999,green
2568-1013,2568,2025-05-12,2025-05-18,50.0,70.83333333333333,0,0,5,16,31.25,87.28,3,8,37.5,75.3,yellow
2568-1014,2568,2025-05-12,2025-05-18,50.0,79.54545454545455,0,0,6,16,37.5,80.39999999999999,7,8,87.5,76.77142857142859,yellow
2568-1015,2568,2025-05-12,2025-05-18,,40.0,0,0,2,8,25.0,72.4,0,4,0.0,,green
2568-1016,2568,2025-05-12,2025-05-18,100.0,81.81818181818181,0,11,9,16,56.25,94.66666666666667,5,8,62.5,83.35999999999999,green
2568-1017,2568,2025-05-12,2025-05-18,75.0,70.45454545454545,0,1,8,16,50.0,80.46249999999999,5,8,62.5,76.4,green
2568-1018,2568,2025-05-12,2025-05-18,66.66666666666667,61.111111111111114,0,0,3,12,25.0,76.2,3,6,50.0,83.33333333333333,yellow
2568-1019,2568,2025-05-12,2025-05-18,100.0,87.5,0,2,0,16,0.0,,4,8,50.0,84.5,green
2568-1020,2568,2025-05-12,2025-05-18,50.0,75.0,0,0,6,16,37.5,81.63333333333333,3,8,37.5,75.2,yellow
2568-1021,2568,2025-05-12,2025-05-18,75.0,86.36363636363636,0,9,9,16,56.25,85.68888888888888,8,8,100.0,84.44999999999999,green
2568-1022,2568,2025-05-12,2025-05-18,100.0,48.484848484848484,0,1,7,12,58.333333333333336,76.48571428571428,3,6,50.0,85.10000000000001,green
2568-1023,2568,2025-05-12,2025-05-18,0.0,50.0,0,0,4,8,50.0,83.79999999999998,1,4,25.0,56.0,red
2568-1024,2568,2025-05-12,2025-05-18,100.0,91.66666666666667,0,4,2,8,25.0,66.55,2,4,50.0,81.3,green
2568-1025,2568,2025-05-12,2025-05-18,0.0,68.18181818181819,0,0,1,8,12.5,81.4,2,4,50.0,84.55000000000001,red
2568-1026,2568,2025-05-12,2025-05-18,75.0,75.0,0,5,7,16,43.75,75.81428571428572,7,8,87.5,74.07142857142857,green
2568-1027,2568,2025-05-12,2025-05-18,75.0,90.9090909090909,0,11,12,16,75.0,81.75833333333333,8,8,100.0,69.9875,green
2568-1028,2568,2025-05-12,2025-05-18,100.0,93.18181818181819,0,11,10,16,62.5,82.61000000000001,7,8,87.5,80.47142857142856,green
2568-1029,2568,2025-05-12,2025-05-18,100.0,97.72727272727273,0,11,9,16,56.25,90.69999999999999,7,8,87.5,86.4857142857143,green
2568-1030,2568,2025-05-12,2025-05-18,100.0,95.45454545454545,0,11,10,16,62.5,84.93999999999998,5,8,62.5,76.76,green
2568-1031,2568,2025-05-12,2025-05-18,50.0,61.36363636363637,0,0,6,16,37.5,71.11666666666666,4,8,50.0,74.5,yellow
2568-1032,2568,2025-05-12,2025-05-18,75.0,95.45454545454545,0,11,12,16,75.0,87.24166666666666,6,8,75.0,88.34999999999998,green
2568-1033,2568,2025-05-12,2025-05-18,100.0,72.72727272727273,0,1,4,8,50.0,67.92500000000001,3,4,75.0,76.53333333333332,green
2568-1034,2568,2025-05-12,2025-05-18,66.66666666666667,83.33333333333333,0,0,6,12,50.0,73.63333333333334,2,6,33.333333333333336,59.15,yellow
2568-1035,2568,2025-05-12,2025-05-18,100.0,75.0,0,3,3,8,37.5,68.76666666666667,2,4,50.0,72.15,green
2568-1036,2568,2025-05-12,2025-05-18,75.0,70.45454545454545,0,3,9,16,56.25,76.3111111111111,6,8,75.0,78.68333333333334,green
2568-1037,2568,2025-05-12,2025-05-18,100.0,100.0,0,11,8,12,66.66666666666667,97.0375,6,6,100.0,87.05,green
2568-1038,2568,2025-05-12,2025-05-18,33.333333333333336,48.484848484848484,0,0,3,12,25.0,79.33333333333333,2,6,33.333333333333336,79.25,orange
2568-1039,2568,2025-05-12,2025-05-18,66.66666666666667,83.33333333333333,0,0,0,12,0.0,,2,6,33.333333333333336,86.2,yellow
2568-1040,2568,2025-05-12,2025-05-18,66.66666666666667,51.515151515151516,0,0,4,12,33.333333333333336,65.375,4,6,66.66666666666667,77.425,yellow
2568-1041,2568,2025-05-12,2025-05-18,0.0,65.9090909090909,0,0,9,16,56.25,70.93333333333334,4,8,50.0,69.425,red
2568-1042,2568,2025-05-12,2025-05-18,75.0,91.66666666666667,0,6,6,16,37.5,87.23333333333333,4,8,50.0,80.475,green
2568-1043,2568,2025-05-12,2025-05-18,75.0,54.54545454545455,0,1,5,16,31.25,66.96,4,8,50.0,68.475,green
2568-1044,2568,2025-05-12,2025-05-18,50.0,40.90909090909091,0,0,2,8,25.0,73.05,2,4,50.0,51.25,yellow
2568-1045,2568,2025-05-12,2025-05-18,100.0,100.0,0,11,11,16,68.75,86.3090909090909,6,8,75.0,91.85000000000001,green
2568-1046,2568,2025-05-12,2025-05-18,100.0,93.18181818181819,0,11,12,16,75.0,86.99166666666667,7,8,87.5,83.05714285714285,green
2568-1047,2568,2025-05-12,2025-05-18,75.0,72.72727272727273,0,8,8,16,50.0,74.5625,6,8,75.0,75.60000000000001,green
2568-1048,2568,2025-05-12,2025-05-18,100.0,100.0,0,11,7,12,58.333333333333336,82.37142857142858,5,6,83.33333333333333,92.58000000000001,green
2568-1049,2568,2025-05-12,2025-05-18,66.66666666666667,60.60606060606061,0,0,7,12,58.333333333333336,74.15714285714286,2,6,33.333333333333336,83.0,yellow
2568-1050,2568,2025-05-12,2025-05-18,100.0,79.54545454545455,0,3,6,16,37.5,78.25,7,8,87.5,86.78571428571429,green
2568-1051,2568,2025-05-12,2025-05-18,50.0,40.90909090909091,0,0,3,8,37.5,66.06666666666666,3,4,75.0,61.366666666666674,yellow
2568-1052,2568,2025-05-12,2025-05-18,75.0,90.9090909090909,0,9,12,16,75.0,88.875,6,8,75.0,89.41666666666667,green
2568-1053,2568,2025-05-12,2025-05-18,50.0,68.18181818181819,0,0,5,8,62.5,72.25999999999999,3,4,75.0,74.83333333333333,yellow
2568-1054,2568,2025-05-12,2025-05-18,100.0,100.0,0,6,5,12,41.666666666666664,86.38000000000002,3,6,50.0,82.36666666666667,green
2568-1055,2568,2025-05-12,2025-05-18,75.0,65.9090909090909,0,2,9,16,56.25,76.62222222222222,5,8,62.5,76.7,green
2568-1056,2568,2025-05-12,2025-05-18,75.0,63.63636363636363,0,1,10,16,62.5,70.77000000000001,4,8,50.0,78.275,green
2568-1057,2568,2025-05-12,2025-05-18,100.0,100.0,0,11,10,16,62.5,89.50000000000001,7,8,87.5,89.75714285714285,green
2568-1058,2568,2025-05-12,2025-05-18,100.0,100.0,0,11,5,8,62.5,88.30000000000001,4,4,100.0,83.175,green
2568-1059,2568,2025-05-12,2025-05-18,100.0,100.0,0,6,5,12,41.666666666666664,82.58,1,6,16.666666666666668,84.7,green
2568-1060,2568,2025-05-12,2025-05-18,100.0,100.0,0,2,0,8,0.0,,2,4,50.0,83.15,green
2568-1061,2568,2025-05-12,2025-05-18,75.0,70.45454545454545,0,1,8,16,50.0,73.9875,5,8,62.5,75.88000000000001,green
2568-1062,2568,2025-05-12,2025-05-18,66.66666666666667,66.66666666666667,0,0,0,12,0.0,,3,6,50.0,68.43333333333334,yellow
2568-1063,2568,2025-05-12,2025-05-18,100.0,100.0,0,2,0,16,0.0,,4,8,50.0,73.575,green
2568-1064,2568,2025-05-12,2025-05-18,,50.0,0,0,2,8,25.0,94.35,2,4,50.0,78.1,green
2568-1065,2568,2025-05-12,2025-05-18,100.0,100.0,0,2,0,8,0.0,,1,4,25.0,83.6,green
2568-1066,2568,2025-05-12,2025-05-18,50.0,59.09090909090909,0,0,9,16,56.25,64.28888888888888,3,8,37.5,64.33333333333333,yellow
2568-1067,2568,2025-05-12,2025-05-18,75.0,50.0,0,1,0,16,0.0,,3,8,37.5,62.53333333333334,green
2568-1068,2568,2025-05-12,2025-05-18,100.0,100.0,0,11,8,12,66.66666666666667,82.2625,6,6,100.0,92.28333333333332,green
2568-1069,2568,2025-05-12,2025-05-18,75.0,88.63636363636364,0,11,9,16,56.25,82.76666666666667,4,8,50.0,69.575,green
2568-1070,2568,2025-05-12,2025-05-18,100.0,75.75757575757575,0,1,9,12,75.0,77.98888888888888,5,6,83.33333333333333,80.78,green
2568-1071,2568,2025-05-12,2025-05-18,66.66666666666667,84.84848484848484,0,0,6,12,50.0,92.05000000000001,5,6,83.33333333333333,88.93999999999998,yellow
2568-1072,2568,2025-05-12,2025-05-18,50.0,54.54545454545455,0,0,2,8,25.0,75.7,3,4,75.0,66.86666666666666,yellow
2568-1073,2568,2025-05-12,2025-05-18,50.0,54.166666666666664,0,0,5,16,31.25,81.35999999999999,1,8,12.5,86.1,yellow
2568-1074,2568,2025-05-12,2025-05-18,25.0,27.272727272727273,0,0,2,16,12.5,42.2,4,8,50.0,52.724999999999994,orange
2568-1075,2568,2025-05-12,2025-05-18,,30.0,2,0,1,8,12.5,55.5,0,4,0.0,,red
2568-1076,2568,2025-05-12,2025-05-18,75.0,75.0,0,5,10,16,62.5,82.52000000000001,7,8,87.5,75.27142857142859,green
2568-1077,2568,2025-05-12,2025-05-18,100.0,75.0,0,1,7,16,43.75,80.89999999999999,2,8,25.0,78.05000000000001,green
2568-1078,2568,2025-05-12,2025-05-18,75.0,87.5,0,2,0,16,0.0,,2,8,25.0,84.94999999999999,green
2568-1079,2568,2025-05-12,2025-05-18,100.0,83.33333333333333,0,2,4,16,25.0,79.875,2,8,25.0,90.0,green
2568-1080,2568,2025-05-12,2025-05-18,50.0,66.66666666666667,0,0,2,16,12.5,78.85,2,8,25.0,82.2,yellow
2568-1081,2568,2025-05-12,2025-05-18,100.0,87.5,0,6,7,16,43.75,83.47142857142856,4,8,50.0,77.94999999999999,green
2568-1082,2568,2025-05-12,2025-05-18,75.0,87.5,0,2,0,16,0.0,,3,8,37.5,83.0,green
2568-1083,2568,2025-05-12,2025-05-18,,,0,0,0,8,0.0,,0,4,0.0,,green
2568-1084,2568,2025-05-12,2025-05-18,100.0,93.18181818181819,0,1,11,16,68.75,89.10000000000001,4,8,50.0,83.95,green
2568-1085,2568,2025-05-12,2025-05-18,100.0,75.0,0,1,0,16,0.0,,2,8,25.0,77.69999999999999,green
2568-1086,2568,2025-05-12,2025-05-18,100.0,63.63636363636363,0,1,3,8,37.5,75.86666666666666,1,4,25.0,61.5,green
2568-1087,2568,2025-05-12,2025-05-18,75.0,79.54545454545455,0,4,10,16,62.5,73.07999999999998,3,8,37.5,87.23333333333333,green
2568-1088,2568,2025-05-12,2025-05-18,100.0,83.33333333333333,0,5,3,16,18.75,88.93333333333334,4,8,50.0,74.175,green
2568-1089,2568,2025-05-12,2025-05-18,100.0,75.0,0,1,0,8,0.0,,0,4,0.0,,green
2568-1090,2568,2025-05-12,2025-05-18,,45.0,0,1,0,16,0.0,,0,8,0.0,,green
2568-1091,2568,2025-05-12,2025-05-18,100.0,100.0,0,6,4,8,50.0,87.575,2,4,50.0,91.5,green
2568-1092,2568,2025-05-12,2025-05-18,,80.0,0,0,2,8,25.0,67.25,1,4,25.0,70.9,green
2568-1093,2568,2025-05-12,2025-05-18,100.0,100.0,0,11,6,12,50.0,89.71666666666665,3,6,50.0,88.36666666666667,green
2568-1094,2568,2025-05-12,2025-05-18,100.0,84.84848484848484,0,1,6,12,50.0,88.35000000000001,6,6,100.0,81.39999999999999,green
2568-1095,2568,2025-05-12,2025-05-18,50.0,56.81818181818182,0,0,6,16,37.5,65.31666666666666,5,8,62.5,66.38000000000001,yellow
2568-1096,2568,2025-05-12,2025-05-18,100.0,93.18181818181819,0,11,10,16,62.5,83.63,6,8,75.0,86.21666666666665,green
2568-1097,2568,2025-05-12,2025-05-18,100.0,100.0,0,11,4,8,50.0,88.0,3,4,75.0,89.89999999999999,green
2568-1098,2568,2025-05-12,2025-05-18,0.0,40.90909090909091,3,0,3,8,37.5,67.16666666666667,1,4,25.0,55.4,red
2568-1099,2568,2025-05-12,2025-05-18,100.0,84.0909090909091,0,9,9,16,56.25,84.21111111111112,8,8,100.0,86.6875,green
2568-1100,2568,2025-05-12,2025-05-18,,50.0,0,0,3,12,25.0,70.46666666666665,0,6,0.0,,green
2568-1101,2568,2025-05-12,2025-05-18,100.0,81.81818181818181,0,4,6,8,75.0,79.68333333333334,3,4,75.0,83.53333333333335,green
2568-1102,2568,2025-05-12,2025-05-18,100.0,96.96969696969697,0,6,8,12,66.66666666666667,88.875,6,6,100.0,87.96666666666665,green
2568-1103,2568,2025-05-12,2025-05-18,,56.25,0,2,3,16,18.75,75.56666666666666,0,8,0.0,,green
2568-1104,2568,2025-05-12,2025-05-18,50.0,45.45454545454545,0,0,8,16,50.0,65.9,6,8,75.0,70.11666666666667,yellow
2568-1105,2568,2025-05-12,2025-05-18,66.66666666666667,78.78787878787878,0,0,6,12,50.0,82.1,4,6,66.66666666666667,76.175,yellow
2568-1106,2568,2025-05-12,2025-05-18,75.0,77.27272727272727,0,9,6,16,37.5,68.78333333333333,3,8,37.5,63.86666666666667,green
2568-1107,2568,2025-05-12,2025-05-18,,,0,0,0,16,0.0,,0,8,0.0,,green
2568-1108,2568,2025-05-12,2025-05-18,33.333333333333336,66.66666666666667,0,0,5,12,41.666666666666664,82.46,3,6,50.0,80.06666666666666,orange
2568-1109,2568,2025-05-12,2025-05-18,66.66666666666667,66.66666666666667,0,0,5,12,41.666666666666664,77.04,3,6,50.0,73.96666666666665,yellow
2568-1110,2568,2025-05-12,2025-05-18,66.66666666666667,83.33333333333333,0,0,6,12,50.0,83.93333333333334,2,6,33.333333333333336,82.15,yellow
2568-1111,2568,2025-05-12,2025-05-18,100.0,77.27272727272727,0,1,8,16,50.0,85.8125,4,8,50.0,80.8,green
2568-1112,2568,2025-05-12,2025-05-18,100.0,75.0,0,2,9,16,56.25,80.05555555555556,5,8,62.5,74.49999999999999,green
2568-1113,2568,2025-05-12,2025-05-18,,,0,0,0,16,0.0,,0,8,0.0,,green
2568-1114,2568,2025-05-12,2025-05-18,75.0,79.16666666666667,0,6,6,16,37.5,77.89999999999999,4,8,50.0,85.0,green
2568-1115,2568,2025-05-12,2025-05-18,,,0,0,0,16,0.0,,0,8,0.0,,green
2568-1116,2568,2025-05-12,2025-05-18,50.0,50.0,0,0,0,8,0.0,,2,4,50.0,90.4,yellow
2568-1117,2568,2025-05-12,2025-05-18,100.0,86.36363636363636,0,10,8,16,50.0,79.6375,5,8,62.5,80.16,green
2568-1118,2568,2025-05-12,2025-05-18,0.0,52.27272727272727,0,0,9,16,56.25,72.69999999999999,4,8,50.0,74.72500000000001,red
2568-1119,2568,2025-05-12,2025-05-18,50.0,54.166666666666664,0,0,7,16,43.75,77.04285714285713,1,8,12.5,67.1,yellow
2568-1120,2568,2025-05-12,2025-05-18,,,0,0,0,12,0.0,,0,6,0.0,,green
2568-1121,2568,2025-05-12,2025-05-18,,68.75,0,1,5,16,31.25,78.82,0,8,0.0,,green
2568-1122,2568,2025-05-12,2025-05-18,75.0,72.72727272727273,0,2,10,16,62.5,67.14000000000001,6,8,75.0,65.33333333333333,green
2568-1123,2568,2025-05-12,2025-05-18,50.0,72.72727272727273,0,0,5,16,31.25,67.0,4,8,50.0,63.125,yellow
2568-1124,2568,2025-05-12,2025-05-18,75.0,81.81818181818181,0,3,6,16,37.5,76.91666666666667,5,8,62.5,73.84,green
2568-1125,2568,2025-05-12,2025-05-18,75.0,86.36363636363636,0,1,8,16,50.0,76.15,4,8,50.0,81.125,green
2568-1126,2568,2025-05-12,2025-05-18,75.0,83.33333333333333,0,6,5,16,31.25,84.08,0,8,0.0,,green
2568-1127,2568,2025-05-12,2025-05-18,100.0,75.0,0,1,0,16,0.0,,3,8,37.5,66.33333333333333,green
2568-1128,2568,2025-05-12,2025-05-18,100.0,91.66666666666667,0,4,4,8,50.0,71.8,0,4,0.0,,green
2568-1129,2568,2025-05-12,2025-05-18,100.0,95.83333333333333,0,6,8,16,50.0,84.25,4,8,50.0,82.9,green
2568-1130,2568,2025-05-12,2025-05-18,100.0,72.72727272727273,0,1,6,12,50.0,76.94999999999999,4,6,66.66666666666667,85.5,green
2568-1131,2568,2025-05-12,2025-05-18,75.0,77.27272727272727,0,6,10,16,62.5,84.47999999999999,6,8,75.0,83.85000000000001,green
2568-1132,2568,2025-05-12,2025-05-18,100.0,95.45454545454545,0,11,10,16,62.5,87.77000000000001,8,8,100.0,86.875,green
2568-1133,2568,2025-05-12,2025-05-18,100.0,93.18181818181819,0,11,11,16,68.75,88.37272727272727,6,8,75.0,82.73333333333333,green
2568-1134,2568,2025-05-12,2025-05-18,50.0,83.33333333333333,0,0,7,16,43.75,85.79999999999998,2,8,25.0,76.0,yellow
2568-1135,2568,2025-05-12,2025-05-18,,83.33333333333333,0,5,9,16,56.25,76.54444444444444,3,8,37.5,77.2,green
2568-1136,2568,2025-05-12,2025-05-18,100.0,100.0,0,2,0,12,0.0,,3,6,50.0,86.93333333333334,green
2568-1137,2568,2025-05-12,2025-05-18,100.0,90.9090909090909,0,2,8,16,50.0,84.69999999999999,6,8,75.0,82.76666666666667,green
2568-1138,2568,2025-05-12,2025-05-18,50.0,75.0,0,0,7,16,43.75,80.89999999999999,3,8,37.5,75.10000000000001,yellow
2568-1139,2568,2025-05-12,2025-05-18,100.0,65.9090909090909,0,2,9,16,56.25,75.35555555555555,6,8,75.0,66.73333333333333,green
2568-1140,2568,2025-05-12,2025-05-18,100.0,78.78787878787878,0,1,8,12,66.66666666666667,84.275,5,6,83.33333333333333,86.58000000000001,green
2568-1141,2568,2025-05-12,2025-05-18,100.0,78.78787878787878,0,1,6,12,50.0,79.83333333333333,5,6,83.33333333333333,80.75999999999999,green
2568-1142,2568,2025-05-12,2025-05-18,75.0,70.45454545454545,0,3,5,16,31.25,80.9,2,8,25.0,67.85,green
2568-1143,2568,2025-05-12,2025-05-18,100.0,96.96969696969697,0,2,8,12,66.66666666666667,79.25,5,6,83.33333333333333,79.3,green
2568-1144,2568,2025-05-12,2025-05-18,,55.55555555555556,0,1,4,8,50.0,75.625,2,4,50.0,57.55,green
2568-1145,2568,2025-05-12,2025-05-18,75.0,81.81818181818181,0,9,11,16,68.75,85.79090909090908,6,8,75.0,87.31666666666668,green
2568-1146,2568,2025-05-12,2025-05-18,66.66666666666667,57.57575757575758,0,0,5,12,41.666666666666664,61.35999999999999,2,6,33.333333333333336,60.6,yellow
2568-1147,2568,2025-05-12,2025-05-18,,38.888888888888886,0,0,5,16,31.25,72.06000000000002,2,8,25.0,58.25,green
2568-1148,2568,2025-05-12,2025-05-18,66.66666666666667,84.84848484848484,0,0,6,12,50.0,78.93333333333334,5,6,83.33333333333333,76.24,yellow
2568-1149,2568,2025-05-12,2025-05-18,,,0,0,0,12,0.0,,0,6,0.0,,green
2568-1150,2568,2025-05-12,2025-05-18,100.0,69.6969696969697,0,1,5,12,41.666666666666664,71.22,6,6,100.0,72.8,green
2568-1151,2568,2025-05-12,2025-05-18,66.66666666666667,81.81818181818181,0,0,6,12,50.0,82.7,5,6,83.33333333333333,76.68,yellow
2568-1152,2568,2025-05-12,2025-05-18,100.0,75.0,0,3,8,16,50.0,81.375,5,8,62.5,77.4,green
2568-1153,2568,2025-05-12,2025-05-18,75.0,79.16666666666667,0,5,8,16,50.0,84.73750000000001,4,8,50.0,86.775,green
2568-1154,2568,2025-05-12,2025-05-18,100.0,66.66666666666667,0,2,2,8,25.0,87.2,2,4,50.0,89.55,green
2568-1155,2568,2025-05-12,2025-05-18,0.0,27.272727272727273,1,0,3,12,25.0,66.76666666666667,1,6,16.666666666666668,63.8,red
2568-1156,2568,2025-05-12,2025-05-18,75.0,63.63636363636363,0,1,7,16,43.75,68.91428571428573,5,8,62.5,69.94,green
2568-1157,2568,2025-05-12,2025-05-18,50.0,88.63636363636364,0,0,9,16,56.25,69.28888888888888,7,8,87.5,76.95714285714284,yellow
2568-1158,2568,2025-05-12,2025-05-18,100.0,86.36363636363636,0,9,11,16,68.75,89.37272727272726,7,8,87.5,89.42857142857143,green
2568-1159,2568,2025-05-12,2025-05-18,100.0,100.0,0,6,5,12,41.666666666666664,91.5,3,6,50.0,86.7,green
2568-1160,2568,2025-05-12,2025-05-18,100.0,87.5,0,6,6,16,37.5,91.76666666666667,3,8,37.5,90.39999999999999,green
2568-1001,2568,2025-05-19,2025-05-25,,,0,0,0,20,0.0,,0,8,0.0,,green
2568-1002,2568,2025-05-19,2025-05-25,75.0,70.83333333333333,0,2,12,20,60.0,81.0,5,8,62.5,70.32000000000001,green
2568-1003,2568,2025-05-19,2025-05-25,25.0,54.166666666666664,0,0,6,20,30.0,62.31666666666666,5,8,62.5,67.6,orange
2568-1004,2568,2025-05-19,2025-05-25,100.0,66.66666666666667,0,1,12,20,60.0,74.05,6,8,75.0,79.05000000000001,green
2568-1005,2568,2025-05-19,2025-05-25,75.0,66.66666666666667,0,1,8,20,40.0,75.3375,2,8,25.0,84.4,green
2568-1006,2568,2025-05-19,2025-05-25,100.0,66.66666666666667,0,1,8,15,53.333333333333336,82.225,3,6,50.0,81.49999999999999,green
2568-1007,2568,2025-05-19,2025-05-25,100.0,53.57142857142857,0,1,9,20,45.0,74.69999999999999,3,8,37.5,77.7,green
2568-1008,2568,2025-05-19,2025-05-25,25.0,53.57142857142857,0,0,6,20,30.0,75.46666666666667,2,8,25.0,69.1,orange
2568-1009,2568,2025-05-19,2025-05-25,,,0,0,0,20,0.0,,0,8,0.0,,green
2568-1010,2568,2025-05-19,2025-05-25,100.0,89.28571428571429,0,7,10,20,50.0,72.14999999999999,4,8,50.0,84.2,green
2568-1011,2568,2025-05-19,2025-05-25,,,0,0,0,20,0.0,,0,8,0.0,,green
2568-1012,2568,2025-05-19,2025-05-25,100.0,100.0,0,12,6,10,60.0,88.35000000000001,2,4,50.0,89.69999999999999,green
2568-1013,2568,2025-05-19,2025-05-25,25.0,64.28571428571429,0,0,7,20,35.0,87.60000000000001,3,8,37.5,75.3,orange
2568-1014,2568,2025-05-19,2025-05-25,75.0,79.16666666666667,0,1,8,20,40.0,77.89999999999999,7,8,87.5,76.77142857142859,green
2568-1015,2568,2025-05-19,2025-05-25,,40.0,0,0,2,10,20.0,72.4,0,4,0.0,,green
2568-1016,2568,2025-05-19,2025-05-25,75.0,81.25,0,12,13,20,65.0,95.98461538461538,5,8,62.5,83.35999999999999,green
2568-1017,2568,2025-05-19,2025-05-25,100.0,72.91666666666667,0,2,10,20,50.0,79.28999999999999,5,8,62.5,76.4,green
2568-1018,2568,2025-05-19,2025-05-25,33.333333333333336,57.142857142857146,0,0,5,15,33.333333333333336,72.78,3,6,50.0,83.33333333333333,orange
2568-1019,2568,2025-05-19,2025-05-25,25.0,66.66666666666667,0,0,4,20,20.0,84.175,4,8,50.0,84.5,orange
2568-1020,2568,2025-05-19,2025-05-25,75.0,75.0,0,1,10,20,50.0,84.64,3,8,37.5,75.2,green
2568-1021,2568,2025-05-19,2025-05-25,100.0,87.5,0,10,12,20,60.0,82.675,8,8,100.0,84.44999999999999,green
2568-1022,2568,2025-05-19,2025-05-25,100.0,52.77777777777778,0,2,9,15,60.0,73.77777777777777,3,6,50.0,85.10000000000001,green
2568-1023,2568,2025-05-19,2025-05-25,0.0,42.857142857142854,0,0,5,10,50.0,82.47999999999999,1,4,25.0,56.0,red
2568-1024,2568,2025-05-19,2025-05-25,100.0,92.85714285714286,0,5,2,10,20.0,66.55,2,4,50.0,81.3,green
2568-1025,2568,2025-05-19,2025-05-25,100.0,70.83333333333333,0,1,1,10,10.0,81.4,2,4,50.0,84.55000000000001,green
2568-1026,2568,2025-05-19,2025-05-25,50.0,72.91666666666667,0,0,10,20,50.0,73.14000000000001,7,8,87.5,74.07142857142857,yellow
2568-1027,2568,2025-05-19,2025-05-25,75.0,89.58333333333333,0,12,15,20,75.0,84.38666666666667,8,8,100.0,69.9875,green
2568-1028,2568,2025-05-19,2025-05-25,50.0,89.58333333333333,0,0,13,20,65.0,80.24615384615385,7,8,87.5,80.47142857142856,yellow
2568-1029,2568,2025-05-19,2025-05-25,75.0,95.83333333333333,0,12,13,20,65.0,90.33846153846153,7,8,87.5,86.4857142857143,green
2568-1030,2568,2025-05-19,2025-05-25,100.0,95.83333333333333,0,12,13,20,65.0,81.36923076923075,5,8,62.5,76.76,green
2568-1031,2568,2025-05-19,2025-05-25,75.0,62.5,0,1,10,20,50.0,71.71,4,8,50.0,74.5,green
2568-1032,2568,2025-05-19,2025-05-25,100.0,95.83333333333333,0,12,16,20,80.0,85.99375,6,8,75.0,88.34999999999998,green
2568-1033,2568,2025-05-19,2025-05-25,0.0,66.66666666666667,0,0,6,10,60.0,67.21666666666668,3,4,75.0,76.53333333333332,red
2568-1034,2568,2025-05-19,2025-05-25,100.0,85.71428571428571,0,1,9,15,60.0,74.33333333333333,2,6,33.333333333333336,59.15,green
2568-1035,2568,2025-05-19,2025-05-25,100.0,78.57142857142857,0,4,4,10,40.0,72.05,2,4,50.0,72.15,green
2568-1036,2568,2025-05-19,2025-05-25,75.0,70.83333333333333,0,4,12,20,60.0,78.35,6,8,75.0,78.68333333333334,green
2568-1037,2568,2025-05-19,2025-05-25,100.0,100.0,0,12,11,15,73.33333333333333,96.73636363636363,6,6,100.0,87.05,green
2568-1038,2568,2025-05-19,2025-05-25,66.66666666666667,50.0,0,0,4,15,26.666666666666668,82.175,2,6,33.333333333333336,79.25,yellow
2568-1039,2568,2025-05-19,2025-05-25,66.66666666666667,77.77777777777777,0,0,3,15,20.0,80.66666666666666,2,6,33.333333333333336,86.2,yellow
2568-1040,2568,2025-05-19,2025-05-25,100.0,55.55555555555556,0,1,6,15,40.0,64.5,4,6,66.66666666666667,77.425,green
2568-1041,2568,2025-05-19,2025-05-25,75.0,66.66666666666667,0,1,13,20,65.0,68.16923076923078,4,8,50.0,69.425,green
2568-1042,2568,2025-05-19,2025-05-25,75.0,89.28571428571429,0,7,10,20,50.0,88.92999999999999,4,8,50.0,80.475,green
2568-1043,2568,2025-05-19,2025-05-25,75.0,56.25,0,2,7,20,35.0,68.61428571428571,4,8,50.0,68.475,green
2568-1044,2568,2025-05-19,2025-05-25,50.0,41.666666666666664,0,0,2,10,20.0,73.05,2,4,50.0,51.25,yellow
2568-1045,2568,2025-05-19,2025-05-25,100.0,100.0,0,12,15,20,75.0,86.33333333333333,6,8,75.0,91.85000000000001,green
2568-1046,2568,2025-05-19,2025-05-25,100.0,93.75,0,12,15,20,75.0,85.71333333333334,7,8,87.5,83.05714285714285,green
2568-1047,2568,2025-05-19,2025-05-25,100.0,75.0,0,9,9,20,45.0,73.95555555555556,6,8,75.0,75.60000000000001,green
2568-1048,2568,2025-05-19,2025-05-25,66.66666666666667,97.22222222222223,0,0,10,15,66.66666666666667,86.01,5,6,83.33333333333333,92.58000000000001,yellow
2568-1049,2568,2025-05-19,2025-05-25,100.0,63.888888888888886,0,1,10,15,66.66666666666667,75.65,2,6,33.333333333333336,83.0,green
2568-1050,2568,2025-05-19,2025-05-25,75.0,79.16666666666667,0,4,7,20,35.0,78.01428571428572,7,8,87.5,86.78571428571429,green
2568-1051,2568,2025-05-19,2025-05-25,100.0,45.833333333333336,0,1,3,10,30.0,66.06666666666666,3,4,75.0,61.366666666666674,green
2568-1052,2568,2025-05-19,2025-05-25,100.0,91.66666666666667,0,10,15,20,75.0,88.51333333333334,6,8,75.0,89.41666666666667,green
2568-1053,2568,2025-05-19,2025-05-25,50.0,66.66666666666667,0,0,6,10,60.0,74.48333333333333,3,4,75.0,74.83333333333333,yellow
2568-1054,2568,2025-05-19,2025-05-25,100.0,100.0,0,7,8,15,53.333333333333336,85.95,3,6,50.0,82.36666666666667,green
2568-1055,2568,2025-05-19,2025-05-25,75.0,66.66666666666667,0,3,11,20,55.0,76.93636363636364,5,8,62.5,76.7,green
2568-1056,2568,2025-05-19,2025-05-25,75.0,64.58333333333333,0,2,11,20,55.0,71.0909090909091,4,8,50.0,78.275,green
2568-1057,2568,2025-05-19,2025-05-25,100.0,100.0,0,12,13,20,65.0,90.6923076923077,7,8,87.5,89.75714285714285,green
2568-1058,2568,2025-05-19,2025-05-25,100.0,100.0,0,12,7,10,70.0,85.70000000000002,4,4,100.0,83.175,green
2568-1059,2568,2025-05-19,2025-05-25,100.0,100.0,0,7,8,15,53.333333333333336,83.0875,1,6,16.666666666666668,84.7,green
2568-1060,2568,2025-05-19,2025-05-25,100.0,100.0,0,3,1,10,10.0,47.6,2,4,50.0,83.15,green
2568-1061,2568,2025-05-19,2025-05-25,25.0,66.66666666666667,0,0,10,20,50.0,73.22999999999999,5,8,62.5,75.88000000000001,orange
2568-1062,2568,2025-05-19,2025-05-25,66.66666666666667,66.66666666666667,0,0,1,15,6.666666666666667,70.2,3,6,50.0,68.43333333333334,yellow
2568-1063,2568,2025-05-19,2025-05-25,100.0,100.0,0,3,4,20,20.0,69.30000000000001,4,8,50.0,73.575,green
2568-1064,2568,2025-05-19,2025-05-25,,50.0,0,0,2,10,20.0,94.35,2,4,50.0,78.1,green
2568-1065,2568,2025-05-19,2025-05-25,100.0,100.0,0,3,1,10,10.0,67.5,1,4,25.0,83.6,green
2568-1066,2568,2025-05-19,2025-05-25,75.0,60.416666666666664,0,1,11,20,55.0,65.0090909090909,3,8,37.5,64.33333333333333,green
2568-1067,2568,2025-05-19,2025-05-25,0.0,33.333333333333336,0,0,2,20,10.0,51.75,3,8,37.5,62.53333333333334,red
2568-1068,2568,2025-05-19,2025-05-25,100.0,100.0,0,12,11,15,73.33333333333333,81.68181818181819,6,6,100.0,92.28333333333332,green
2568-1069,2568,2025-05-19,2025-05-25,75.0,87.5,0,12,13,20,65.0,82.14615384615385,4,8,50.0,69.575,green
2568-1070,2568,2025-05-19,2025-05-25,100.0,77.77777777777777,0,2,11,15,73.33333333333333,80.31818181818181,5,6,83.33333333333333,80.78,green
2568-1071,2568,2025-05-19,2025-05-25,66.66666666666667,83.33333333333333,0,0,9,15,60.0,89.06666666666666,5,6,83.33333333333333,88.93999999999998,yellow
2568-1072,2568,2025-05-19,2025-05-25,50.0,54.166666666666664,0,0,4,10,40.0,69.30000000000001,3,4,75.0,66.86666666666666,yellow
2568-1073,2568,2025-05-19,2025-05-25,75.0,57.142857142857146,0,1,7,20,35.0,84.74285714285713,1,8,12.5,86.1,green
2568-1074,2568,2025-05-19,2025-05-25,25.0,27.083333333333332,0,0,3,20,15.0,48.96666666666667,4,8,50.0,52.724999999999994,orange
2568-1075,2568,2025-05-19,2025-05-25,,30.0,2,0,1,10,10.0,55.5,0,4,0.0,,red
2568-1076,2568,2025-05-19,2025-05-25,100.0,77.08333333333333,0,6,13,20,65.0,82.67692307692307,7,8,87.5,75.27142857142859,green
2568-1077,2568,2025-05-19,2025-05-25,50.0,71.42857142857143,0,0,11,20,55.0,74.06363636363636,2,8,25.0,78.05000000000001,yellow
2568-1078,2568,2025-05-19,2025-05-25,50.0,75.0,0,0,4,20,20.0,90.525,2,8,25.0,84.94999999999999,yellow
2568-1079,2568,2025-05-19,2025-05-25,75.0,82.14285714285714,0,3,7,20,35.0,81.04285714285713,2,8,25.0,90.0,green
2568-1080,2568,2025-05-19,2025-05-25,100.0,71.42857142857143,0,1,4,20,20.0,75.775,2,8,25.0,82.2,green
2568-1081,2568,2025-05-19,2025-05-25,100.0,89.28571428571429,0,7,9,20,45.0,85.33333333333333,4,8,50.0,77.94999999999999,green
2568-1082,2568,2025-05-19,2025-05-25,100.0,91.66666666666667,0,3,3,20,15.0,87.03333333333335,3,8,37.5,83.0,green
2568-1083,2568,2025-05-19,2025-05-25,,,0,0,0,10,0.0,,0,4,0.0,,green
2568-1084,2568,2025-05-19,2025-05-25,100.0,93.75,0,2,15,20,75.0,84.35999999999999,4,8,50.0,83.95,green
2568-1085,2568,2025-05-19,2025-05-25,25.0,58.333333333333336,0,0,4,20,20.0,73.89999999999999,2,8,25.0,77.69999999999999,orange
2568-1086,2568,2025-05-19,2025-05-25,50.0,62.5,0,0,4,10,40.0,72.675,1,4,25.0,61.5,yellow
2568-1087,2568,2025-05-19,2025-05-25,50.0,77.08333333333333,0,0,12,20,60.0,73.06666666666665,3,8,37.5,87.23333333333333,yellow
2568-1088,2568,2025-05-19,2025-05-25,100.0,85.71428571428571,0,6,6,20,30.0,89.7,4,8,50.0,74.175,green
2568-1089,2568,2025-05-19,2025-05-25,100.0,83.33333333333333,0,2,0,10,0.0,,0,4,0.0,,green
2568-1090,2568,2025-05-19,2025-05-25,,45.0,0,1,0,20,0.0,,0,8,0.0,,green
2568-1091,2568,2025-05-19,2025-05-25,100.0,100.0,0,7,6,10,60.0,88.48333333333333,2,4,50.0,91.5,green
2568-1092,2568,2025-05-19,2025-05-25,,80.0,0,0,2,10,20.0,67.25,1,4,25.0,70.9,green
2568-1093,2568,2025-05-19,2025-05-25,100.0,100.0,0,12,9,15,60.0,88.01111111111112,3,6,50.0,88.36666666666667,green
2568-1094,2568,2025-05-19,2025-05-25,100.0,86.11111111111111,0,2,7,15,46.666666666666664,90.01428571428572,6,6,100.0,81.39999999999999,green
2568-1095,2568,2025-05-19,2025-05-25,75.0,58.333333333333336,0,1,7,20,35.0,65.1,5,8,62.5,66.38000000000001,green
2568-1096,2568,2025-05-19,2025-05-25,100.0,93.75,0,12,14,20,70.0,83.39999999999999,6,8,75.0,86.21666666666665,green
2568-1097,2568,2025-05-19,2025-05-25,100.0,100.0,0,12,6,10,60.0,88.39999999999999,3,4,75.0,89.89999999999999,green
2568-1098,2568,2025-05-19,2025-05-25,50.0,41.666666666666664,0,0,3,10,30.0,67.16666666666667,1,4,25.0,55.4,yellow
2568-1099,2568,2025-05-19,2025-05-25,100.0,85.41666666666667,0,10,13,20,65.0,83.36923076923078,8,8,100.0,86.6875,green
2568-1100,2568,2025-05-19,2025-05-25,,50.0,0,0,3,15,20.0,70.46666666666665,0,6,0.0,,green
2568-1101,2568,2025-05-19,2025-05-25,100.0,83.33333333333333,0,5,8,10,80.0,81.45,3,4,75.0,83.53333333333335,green
2568-1102,2568,2025-05-19,2025-05-25,100.0,97.22222222222223,0,7,10,15,66.66666666666667,88.99,6,6,100.0,87.96666666666665,green
2568-1103,2568,2025-05-19,2025-05-25,,56.25,0,2,3,20,15.0,75.56666666666666,0,8,0.0,,green
2568-1104,2568,2025-05-19,2025-05-25,50.0,45.833333333333336,0,0,10,20,50.0,66.80000000000001,6,8,75.0,70.11666666666667,yellow
2568-1105,2568,2025-05-19,2025-05-25,66.66666666666667,77.77777777777777,0,0,8,15,53.333333333333336,84.4375,4,6,66.66666666666667,76.175,yellow
2568-1106,2568,2025-05-19,2025-05-25,75.0,77.08333333333333,0,10,9,20,45.0,69.80000000000001,3,8,37.5,63.86666666666667,green
2568-1107,2568,2025-05-19,2025-05-25,,,0,0,0,20,0.0,,0,8,0.0,,green
2568-1108,2568,2025-05-19,2025-05-25,66.66666666666667,66.66666666666667,0,0,8,15,53.333333333333336,80.0625,3,6,50.0,80.06666666666666,yellow
2568-1109,2568,2025-05-19,2025-05-25,100.0,69.44444444444444,0,1,7,15,46.666666666666664,77.38571428571429,3,6,50.0,73.96666666666665,green
2568-1110,2568,2025-05-19,2025-05-25,100.0,85.71428571428571,0,1,9,15,60.0,85.73333333333332,2,6,33.333333333333336,82.15,green
2568-1111,2568,2025-05-19,2025-05-25,25.0,72.91666666666667,0,0,9,20,45.0,86.21111111111111,4,8,50.0,80.8,orange
2568-1112,2568,2025-05-19,2025-05-25,100.0,77.08333333333333,0,3,10,20,50.0,79.46000000000001,5,8,62.5,74.49999999999999,green
2568-1113,2568,2025-05-19,2025-05-25,,,0,0,0,20,0.0,,0,8,0.0,,green
2568-1114,2568,2025-05-19,2025-05-25,75.0,78.57142857142857,0,7,9,20,45.0,80.02222222222221,4,8,50.0,85.0,green
2568-1115,2568,2025-05-19,2025-05-25,,,0,0,0,20,0.0,,0,8,0.0,,green
2568-1116,2568,2025-05-19,2025-05-25,100.0,66.66666666666667,0,1,2,10,20.0,68.35,2,4,50.0,90.4,green
2568-1117,2568,2025-05-19,2025-05-25,75.0,85.41666666666667,0,11,10,20,50.0,79.13,5,8,62.5,80.16,green
2568-1118,2568,2025-05-19,2025-05-25,50.0,52.083333333333336,0,0,10,20,50.0,71.96,4,8,50.0,74.72500000000001,yellow
2568-1119,2568,2025-05-19,2025-05-25,100.0,60.714285714285715,0,1,10,20,50.0,75.72,1,8,12.5,67.1,green
2568-1120,2568,2025-05-19,2025-05-25,,,0,0,0,15,0.0,,0,6,0.0,,green
2568-1121,2568,2025-05-19,2025-05-25,,68.75,0,1,5,20,25.0,78.82,0,8,0.0,,green
2568-1122,2568,2025-05-19,2025-05-25,75.0,72.91666666666667,0,3,11,20,55.0,67.48181818181818,6,8,75.0,65.33333333333333,green
2568-1123,2568,2025-05-19,2025-05-25,75.0,72.91666666666667,0,1,5,20,25.0,67.0,4,8,50.0,63.125,green
2568-1124,2568,2025-05-19,2025-05-25,75.0,81.25,0,4,7,20,35.0,75.44285714285715,5,8,62.5,73.84,green
2568-1125,2568,2025-05-19,2025-05-25,100.0,87.5,0,2,10,20,50.0,76.94,4,8,50.0,81.125,green
2568-1126,2568,2025-05-19,2025-05-25,100.0,85.71428571428571,0,7,7,20,35.0,77.17142857142858,0,8,0.0,,green
2568-1127,2568,2025-05-19,2025-05-25,50.0,66.66666666666667,0,0,1,20,5.0,89.6,3,8,37.5,66.33333333333333,yellow
2568-1128,2568,2025-05-19,2025-05-25,50.0,85.71428571428571,0,0,6,10,60.0,77.66666666666667,0,4,0.0,,yellow
2568-1129,2568,2025-05-19,2025-05-25,100.0,96.42857142857143,0,7,12,20,60.0,84.875,4,8,50.0,82.9,green
2568-1130,2568,2025-05-19,2025-05-25,100.0,75.0,0,2,7,15,46.666666666666664,78.11428571428571,4,6,66.66666666666667,85.5,green
2568-1131,2568,2025-05-19,2025-05-25,50.0,75.0,0,0,13,20,65.0,83.96153846153847,6,8,75.0,83.85000000000001,yellow
2568-1132,2568,2025-05-19,2025-05-25,100.0,95.83333333333333,0,12,13,20,65.0,88.28461538461539,8,8,100.0,86.875,green
2568-1133,2568,2025-05-19,2025-05-25,100.0,93.75,0,12,14,20,70.0,86.13571428571427,6,8,75.0,82.73333333333333,green
2568-1134,2568,2025-05-19,2025-05-25,75.0,82.14285714285714,0,1,10,20,50.0,82.38,2,8,25.0,76.0,green
2568-1135,2568,2025-05-19,2025-05-25,,83.33333333333333,0,5,9,20,45.0,76.54444444444444,3,8,37.5,77.2,green
2568-1136,2568,2025-05-19,2025-05-25,100.0,100.0,0,3,2,15,13.333333333333334,98.35,3,6,50.0,86.93333333333334,green
2568-1137,2568,2025-05-19,2025-05-25,100.0,91.66666666666667,0,3,12,20,60.0,84.49166666666666,6,8,75.0,82.76666666666667,green
2568-1138,2568,2025-05-19,2025-05-25,25.0,67.85714285714286,0,0,11,20,55.0,78.5909090909091,3,8,37.5,75.10000000000001,orange
2568-1139,2568,2025-05-19,2025-05-25,25.0,62.5,0,0,11,20,55.0,72.86363636363636,6,8,75.0,66.73333333333333,orange
2568-1140,2568,2025-05-19,2025-05-25,66.66666666666667,77.77777777777777,0,0,10,15,66.66666666666667,82.48,5,6,83.33333333333333,86.58000000000001,yellow
2568-1141,2568,2025-05-19,2025-05-25,100.0,80.55555555555556,0,2,8,15,53.333333333333336,78.8125,5,6,83.33333333333333,80.75999999999999,green
2568-1142,2568,2025-05-19,2025-05-25,75.0,70.83333333333333,0,4,9,20,45.0,81.8111111111111,2,8,25.0,67.85,green
2568-1143,2568,2025-05-19,2025-05-25,66.66666666666667,94.44444444444444,0,0,10,15,66.66666666666667,81.41,5,6,83.33333333333333,79.3,yellow
2568-1144,2568,2025-05-19,2025-05-25,,55.55555555555556,0,1,4,10,40.0,75.625,2,4,50.0,57.55,green
2568-1145,2568,2025-05-19,2025-05-25,50.0,79.16666666666667,0,0,15,20,75.0,86.78666666666666,6,8,75.0,87.31666666666668,yellow
2568-1146,2568,2025-05-19,2025-05-25,33.333333333333336,55.55555555555556,0,0,7,15,46.666666666666664,65.22857142857141,2,6,33.333333333333336,60.6,orange
2568-1147,2568,2025-05-19,2025-05-25,,38.888888888888886,0,0,5,20,25.0,72.06000000000002,2,8,25.0,58.25,green
2568-1148,2568,2025-05-19,2025-05-25,100.0,86.11111111111111,0,1,9,15,60.0,81.02222222222223,5,6,83.33333333333333,76.24,green
2568-1149,2568,2025-05-19,2025-05-25,,,0,0,0,15,0.0,,0,6,0.0,,green
2568-1150,2568,2025-05-19,2025-05-25,33.333333333333336,66.66666666666667,0,0,7,15,46.666666666666664,69.31428571428572,6,6,100.0,72.8,orange
2568-1151,2568,2025-05-19,2025-05-25,66.66666666666667,80.55555555555556,0,0,7,15,46.666666666666664,81.84285714285716,5,6,83.33333333333333,76.68,yellow
2568-1152,2568,2025-05-19,2025-05-25,100.0,77.08333333333333,0,4,11,20,55.0,81.32727272727273,5,8,62.5,77.4,green
2568-1153,2568,2025-05-19,2025-05-25,100.0,82.14285714285714,0,6,12,20,60.0,82.94166666666668,4,8,50.0,86.775,green
2568-1154,2568,2025-05-19,2025-05-25,100.0,71.42857142857143,0,3,4,10,40.0,82.5,2,4,50.0,89.55,green
2568-1155,2568,2025-05-19,2025-05-25,33.333333333333336,27.77777777777778,0,0,4,15,26.666666666666668,66.92500000000001,1,6,16.666666666666668,63.8,orange
2568-1156,2568,2025-05-19,2025-05-25,75.0,64.58333333333333,0,2,10,20,50.0,73.88000000000001,5,8,62.5,69.94,green
2568-1157,2568,2025-05-19,2025-05-25,75.0,87.5,0,1,12,20,60.0,71.65833333333332,7,8,87.5,76.95714285714284,green
2568-1158,2568,2025-05-19,2025-05-25,75.0,85.41666666666667,0,10,15,20,75.0,88.39333333333335,7,8,87.5,89.42857142857143,green
2568-1159,2568,2025-05-19,2025-05-25,100.0,100.0,0,7,8,15,53.333333333333336,91.4875,3,6,50.0,86.7,green
2568-1160,2568,2025-05-19,2025-05-25,75.0,85.71428571428571,0,7,8,20,40.0,88.75,3,8,37.5,90.39999999999999,green
2568-1001,2568,2025-05-26,2025-06-01,,,0,0,0,20,0.0,,0,8,0.0,,green
2568-1002,2568,2025-05-26,2025-06-01,75.0,71.15384615384616,0,3,12,20,60.0,81.0,5,8,62.5,70.32000000000001,green
2568-1003,2568,2025-05-26,2025-06-01,100.0,57.69230769230769,0,1,6,20,30.0,62.31666666666666,5,8,62.5,67.6,green
2568-1004,2568,2025-05-26,2025-06-01,75.0,67.3076923076923,0,2,12,20,60.0,74.05,6,8,75.0,79.05000000000001,green
2568-1005,2568,2025-05-26,2025-06-01,75.0,67.3076923076923,0,2,8,20,40.0,75.3375,2,8,25.0,84.4,green
2568-1006,2568,2025-05-26,2025-06-01,33.333333333333336,64.1025641025641,0,0,8,15,53.333333333333336,82.225,3,6,50.0,81.49999999999999,orange
2568-1007,2568,2025-05-26,2025-06-01,75.0,56.25,0,2,9,20,45.0,74.69999999999999,3,8,37.5,77.7,green
2568-1008,2568,2025-05-26,2025-06-01,75.0,56.25,0,1,6,20,30.0,75.46666666666667,2,8,25.0,69.1,green
2568-1009,2568,2025-05-26,2025-06-01,,,0,0,0,20,0.0,,0,8,0.0,,green
2568-1010,2568,2025-05-26,2025-06-01,75.0,87.5,0,8,10,20,50.0,72.14999999999999,4,8,50.0,84.2,green
2568-1011,2568,2025-05-26,2025-06-01,,,0,0,0,20,0.0,,0,8,0.0,,green
2568-1012,2568,2025-05-26,2025-06-01,50.0,96.15384615384616,0,0,6,10,60.0,88.35000000000001,2,4,50.0,89.69999999999999,yellow
2568-1013,2568,2025-05-26,2025-06-01,100.0,68.75,0,1,7,20,35.0,87.60000000000001,3,8,37.5,75.3,green
2568-1014,2568,2025-05-26,2025-06-01,50.0,76.92307692307692,0,0,8,20,40.0,77.89999999999999,7,8,87.5,76.77142857142859,yellow
2568-1015,2568,2025-05-26,2025-06-01,,40.0,0,0,2,10,20.0,72.4,0,4,0.0,,green
2568-1016,2568,2025-05-26,2025-06-01,100.0,82.6923076923077,0,13,13,20,65.0,95.98461538461538,5,8,62.5,83.35999999999999,green
2568-1017,2568,2025-05-26,2025-06-01,75.0,73.07692307692308,0,3,10,20,50.0,79.28999999999999,5,8,62.5,76.4,green
2568-1018,2568,2025-05-26,2025-06-01,33.333333333333336,54.166666666666664,0,0,5,15,33.333333333333336,72.78,3,6,50.0,83.33333333333333,orange
2568-1019,2568,2025-05-26,2025-06-01,100.0,75.0,0,1,4,20,20.0,84.175,4,8,50.0,84.5,green
2568-1020,2568,2025-05-26,2025-06-01,75.0,75.0,0,2,10,20,50.0,84.64,3,8,37.5,75.2,green
2568-1021,2568,2025-05-26,2025-06-01,75.0,86.53846153846153,0,11,12,20,60.0,82.675,8,8,100.0,84.44999999999999,green
2568-1022,2568,2025-05-26,2025-06-01,66.66666666666667,53.84615384615385,0,0,9,15,60.0,73.77777777777777,3,6,50.0,85.10000000000001,yellow
2568-1023,2568,2025-05-26,2025-06-01,50.0,43.75,0,0,5,10,50.0,82.47999999999999,1,4,25.0,56.0,yellow
2568-1024,2568,2025-05-26,2025-06-01,50.0,87.5,0,0,2,10,20.0,66.55,2,4,50.0,81.3,yellow
2568-1025,2568,2025-05-26,2025-06-01,100.0,73.07692307692308,0,2,1,10,10.0,81.4,2,4,50.0,84.55000000000001,green
2568-1026,2568,2025-05-26,2025-06-01,50.0,71.15384615384616,0,0,10,20,50.0,73.14000000000001,7,8,87.5,74.07142857142857,yellow
2568-1027,2568,2025-05-26,2025-06-01,50.0,86.53846153846153,0,0,15,20,75.0,84.38666666666667,8,8,100.0,69.9875,yellow
2568-1028,2568,2025-05-26,2025-06-01,50.0,86.53846153846153,0,0,13,20,65.0,80.24615384615385,7,8,87.5,80.47142857142856,yellow
2568-1029,2568,2025-05-26,2025-06-01,75.0,94.23076923076923,0,13,13,20,65.0,90.33846153846153,7,8,87.5,86.4857142857143,green
2568-1030,2568,2025-05-26,2025-06-01,100.0,96.15384615384616,0,13,13,20,65.0,81.36923076923075,5,8,62.5,76.76,green
2568-1031,2568,2025-05-26,2025-06-01,100.0,65.38461538461539,0,2,10,20,50.0,71.71,4,8,50.0,74.5,green
2568-1032,2568,2025-05-26,2025-06-01,100.0,96.15384615384616,0,13,16,20,80.0,85.99375,6,8,75.0,88.34999999999998,green
2568-1033,2568,2025-05-26,2025-06-01,100.0,69.23076923076923,0,1,6,10,60.0,67.21666666666668,3,4,75.0,76.53333333333332,green
2568-1034,2568,2025-05-26,2025-06-01,100.0,87.5,0,2,9,15,60.0,74.33333333333333,2,6,33.333333333333336,59.15,green
2568-1035,2568,2025-05-26,2025-06-01,100.0,81.25,0,5,4,10,40.0,72.05,2,4,50.0,72.15,green
2568-1036,2568,2025-05-26,2025-06-01,75.0,71.15384615384616,0,5,12,20,60.0,78.35,6,8,75.0,78.68333333333334,green
2568-1037,2568,2025-05-26,2025-06-01,100.0,100.0,0,13,11,15,73.33333333333333,96.73636363636363,6,6,100.0,87.05,green
2568-1038,2568,2025-05-26,2025-06-01,0.0,46.15384615384615,1,0,4,15,26.666666666666668,82.175,2,6,33.333333333333336,79.25,red
2568-1039,2568,2025-05-26,2025-06-01,33.333333333333336,66.66666666666667,0,0,3,15,20.0,80.66666666666666,2,6,33.333333333333336,86.2,orange
2568-1040,2568,2025-05-26,2025-06-01,100.0,58.97435897435897,0,2,6,15,40.0,64.5,4,6,66.66666666666667,77.425,green
2568-1041,2568,2025-05-26,2025-06-01,25.0,63.46153846153846,0,0,13,20,65.0,68.16923076923078,4,8,50.0,69.425,orange
2568-1042,2568,2025-05-26,2025-06-01,100.0,90.625,0,8,10,20,50.0,88.92999999999999,4,8,50.0,80.475,green
2568-1043,2568,2025-05-26,2025-06-01,75.0,57.69230769230769,0,3,7,20,35.0,68.61428571428571,4,8,50.0,68.475,green
2568-1044,2568,2025-05-26,2025-06-01,100.0,46.15384615384615,0,1,2,10,20.0,73.05,2,4,50.0,51.25,green
2568-1045,2568,2025-05-26,2025-06-01,100.0,100.0,0,13,15,20,75.0,86.33333333333333,6,8,75.0,91.85000000000001,green
2568-1046,2568,2025-05-26,2025-06-01,100.0,94.23076923076923,0,13,15,20,75.0,85.71333333333334,7,8,87.5,83.05714285714285,green
2568-1047,2568,2025-05-26,2025-06-01,75.0,75.0,0,10,9,20,45.0,73.95555555555556,6,8,75.0,75.60000000000001,green
2568-1048,2568,2025-05-26,2025-06-01,100.0,97.43589743589743,0,1,10,15,66.66666666666667,86.01,5,6,83.33333333333333,92.58000000000001,green
2568-1049,2568,2025-05-26,2025-06-01,66.66666666666667,64.1025641025641,0,0,10,15,66.66666666666667,75.65,2,6,33.333333333333336,83.0,yellow
2568-1050,2568,2025-05-26,2025-06-01,50.0,76.92307692307692,0,0,7,20,35.0,78.01428571428572,7,8,87.5,86.78571428571429,yellow
2568-1051,2568,2025-05-26,2025-06-01,100.0,50.0,0,2,3,10,30.0,66.06666666666666,3,4,75.0,61.366666666666674,green
2568-1052,2568,2025-05-26,2025-06-01,100.0,92.3076923076923,0,11,15,20,75.0,88.51333333333334,6,8,75.0,89.41666666666667,green
2568-1053,2568,2025-05-26,2025-06-01,100.0,69.23076923076923,0,1,6,10,60.0,74.48333333333333,3,4,75.0,74.83333333333333,green
2568-1054,2568,2025-05-26,2025-06-01,100.0,100.0,0,8,8,15,53.333333333333336,85.95,3,6,50.0,82.36666666666667,green
2568-1055,2568,2025-05-26,2025-06-01,50.0,65.38461538461539,0,0,11,20,55.0,76.93636363636364,5,8,62.5,76.7,yellow
2568-1056,2568,2025-05-26,2025-06-01,50.0,63.46153846153846,0,0,11,20,55.0,71.0909090909091,4,8,50.0,78.275,yellow
2568-1057,2568,2025-05-26,2025-06-01,100.0,100.0,0,13,13,20,65.0,90.6923076923077,7,8,87.5,89.75714285714285,green
2568-1058,2568,2025-05-26,2025-06-01,100.0,100.0,0,13,7,10,70.0,85.70000000000002,4,4,100.0,83.175,green
2568-1059,2568,2025-05-26,2025-06-01,66.66666666666667,95.83333333333333,0,0,8,15,53.333333333333336,83.0875,1,6,16.666666666666668,84.7,yellow
2568-1060,2568,2025-05-26,2025-06-01,50.0,87.5,0,0,1,10,10.0,47.6,2,4,50.0,83.15,yellow
2568-1061,2568,2025-05-26,2025-06-01,100.0,69.23076923076923,0,1,10,20,50.0,73.22999999999999,5,8,62.5,75.88000000000001,green
2568-1062,2568,2025-05-26,2025-06-01,66.66666666666667,66.66666666666667,0,0,1,15,6.666666666666667,70.2,3,6,50.0,68.43333333333334,yellow
2568-1063,2568,2025-05-26,2025-06-01,50.0,87.5,0,0,4,20,20.0,69.30000000000001,4,8,50.0,73.575,yellow
2568-1064,2568,2025-05-26,2025-06-01,,50.0,0,0,2,10,20.0,94.35,2,4,50.0,78.1,green
2568-1065,2568,2025-05-26,2025-06-01,50.0,87.5,0,0,1,10,10.0,67.5,1,4,25.0,83.6,yellow
2568-1066,2568,2025-05-26,2025-06-01,50.0,59.61538461538461,0,0,11,20,55.0,65.0090909090909,3,8,37.5,64.33333333333333,yellow
2568-1067,2568,2025-05-26,2025-06-01,50.0,37.5,0,0,2,20,10.0,51.75,3,8,37.5,62.53333333333334,yellow
2568-1068,2568,2025-05-26,2025-06-01,100.0,100.0,0,13,11,15,73.33333333333333,81.68181818181819,6,6,100.0,92.28333333333332,green
2568-1069,2568,2025-05-26,2025-06-01,50.0,84.61538461538461,0,0,13,20,65.0,82.14615384615385,4,8,50.0,69.575,yellow
2568-1070,2568,2025-05-26,2025-06-01,66.66666666666667,76.92307692307692,0,0,11,15,73.33333333333333,80.31818181818181,5,6,83.33333333333333,80.78,yellow
2568-1071,2568,2025-05-26,2025-06-01,100.0,84.61538461538461,0,1,9,15,60.0,89.06666666666666,5,6,83.33333333333333,88.93999999999998,green
2568-1072,2568,2025-05-26,2025-06-01,0.0,50.0,1,0,4,10,40.0,69.30000000000001,3,4,75.0,66.86666666666666,red
2568-1073,2568,2025-05-26,2025-06-01,75.0,59.375,0,2,7,20,35.0,84.74285714285713,1,8,12.5,86.1,green
2568-1074,2568,2025-05-26,2025-06-01,25.0,26.923076923076923,0,0,3,20,15.0,48.96666666666667,4,8,50.0,52.724999999999994,orange
2568-1075,2568,2025-05-26,2025-06-01,,30.0,2,0,1,10,10.0,55.5,0,4,0.0,,red
2568-1076,2568,2025-05-26,2025-06-01,100.0,78.84615384615384,0,7,13,20,65.0,82.67692307692307,7,8,87.5,75.27142857142859,green
2568-1077,2568,2025-05-26,2025-06-01,75.0,71.875,0,1,11,20,55.0,74.06363636363636,2,8,25.0,78.05000000000001,green
2568-1078,2568,2025-05-26,2025-06-01,100.0,81.25,0,1,4,20,20.0,90.525,2,8,25.0,84.94999999999999,green
2568-1079,2568,2025-05-26,2025-06-01,50.0,78.125,0,0,7,20,35.0,81.04285714285713,2,8,25.0,90.0,yellow
2568-1080,2568,2025-05-26,2025-06-01,50.0,68.75,0,0,4,20,20.0,75.775,2,8,25.0,82.2,yellow
2568-1081,2568,2025-05-26,2025-06-01,50.0,84.375,0,0,9,20,45.0,85.33333333333333,4,8,50.0,77.94999999999999,yellow
2568-1082,2568,2025-05-26,2025-06-01,75.0,87.5,0,4,3,20,15.0,87.03333333333335,3,8,37.5,83.0,green
2568-1083,2568,2025-05-26,2025-06-01,,,0,0,0,10,0.0,,0,4,0.0,,green
2568-1084,2568,2025-05-26,2025-06-01,50.0,90.38461538461539,0,0,15,20,75.0,84.35999999999999,4,8,50.0,83.95,yellow
2568-1085,2568,2025-05-26,2025-06-01,100.0,68.75,0,1,4,20,20.0,73.89999999999999,2,8,25.0,77.69999999999999,green
2568-1086,2568,2025-05-26,2025-06-01,50.0,61.53846153846154,0,0,4,10,40.0,72.675,1,4,25.0,61.5,yellow
2568-1087,2568,2025-05-26,2025-06-01,75.0,76.92307692307692,0,1,12,20,60.0,73.06666666666665,3,8,37.5,87.23333333333333,green
2568-1088,2568,2025-05-26,2025-06-01,75.0,84.375,0,7,6,20,30.0,89.7,4,8,50.0,74.175,green
2568-1089,2568,2025-05-26,2025-06-01,50.0,75.0,0,0,0,10,0.0,,0,4,0.0,,yellow
2568-1090,2568,2025-05-26,2025-06-01,,45.0,0,1,0,20,0.0,,0,8,0.0,,green
2568-1091,2568,2025-05-26,2025-06-01,100.0,100.0,0,8,6,10,60.0,88.48333333333333,2,4,50.0,91.5,green
2568-1092,2568,2025-05-26,2025-06-01,,80.0,0,0,2,10,20.0,67.25,1,4,25.0,70.9,green
2568-1093,2568,2025-05-26,2025-06-01,100.0,100.0,0,13,9,15,60.0,88.01111111111112,3,6,50.0,88.36666666666667,green
2568-1094,2568,2025-05-26,2025-06-01,66.66666666666667,84.61538461538461,0,0,7,15,46.666666666666664,90.01428571428572,6,6,100.0,81.39999999999999,yellow
2568-1095,2568,2025-05-26,2025-06-01,75.0,59.61538461538461,0,2,7,20,35.0,65.1,5,8,62.5,66.38000000000001,green
2568-1096,2568,2025-05-26,2025-06-01,100.0,94.23076923076923,0,13,14,20,70.0,83.39999999999999,6,8,75.0,86.21666666666665,green
2568-1097,2568,2025-05-26,2025-06-01,100.0,100.0,0,13,6,10,60.0,88.39999999999999,3,4,75.0,89.89999999999999,green
2568-1098,2568,2025-05-26,2025-06-01,0.0,38.46153846153846,1,0,3,10,30.0,67.16666666666667,1,4,25.0,55.4,red
2568-1099,2568,2025-05-26,2025-06-01,100.0,86.53846153846153,0,11,13,20,65.0,83.36923076923078,8,8,100.0,86.6875,green
2568-1100,2568,2025-05-26,2025-06-01,,50.0,0,0,3,15,20.0,70.46666666666665,0,6,0.0,,green
2568-1101,2568,2025-05-26,2025-06-01,100.0,84.61538461538461,0,6,8,10,80.0,81.45,3,4,75.0,83.53333333333335,green
2568-1102,2568,2025-05-26,2025-06-01,100.0,97.43589743589743,0,8,10,15,66.66666666666667,88.99,6,6,100.0,87.96666666666665,green
2568-1103,2568,2025-05-26,2025-06-01,,56.25,0,2,3,20,15.0,75.56666666666666,0,8,0.0,,green
2568-1104,2568,2025-05-26,2025-06-01,100.0,50.0,0,1,10,20,50.0,66.80000000000001,6,8,75.0,70.11666666666667,green
2568-1105,2568,2025-05-26,2025-06-01,33.333333333333336,74.35897435897436,0,0,8,15,53.333333333333336,84.4375,4,6,66.66666666666667,76.175,orange
2568-1106,2568,2025-05-26,2025-06-01,50.0,75.0,0,0,9,20,45.0,69.80000000000001,3,8,37.5,63.86666666666667,yellow
2568-1107,2568,2025-05-26,2025-06-01,,,0,0,0,20,0.0,,0,8,0.0,,green
2568-1108,2568,2025-05-26,2025-06-01,100.0,69.23076923076923,0,1,8,15,53.333333333333336,80.0625,3,6,50.0,80.06666666666666,green
2568-1109,2568,2025-05-26,2025-06-01,66.66666666666667,69.23076923076923,0,0,7,15,46.666666666666664,77.38571428571429,3,6,50.0,73.96666666666665,yellow
2568-1110,2568,2025-05-26,2025-06-01,66.66666666666667,83.33333333333333,0,0,9,15,60.0,85.73333333333332,2,6,33.333333333333336,82.15,yellow
2568-1111,2568,2025-05-26,2025-06-01,75.0,73.07692307692308,0,1,9,20,45.0,86.21111111111111,4,8,50.0,80.8,green
2568-1112,2568,2025-05-26,2025-06-01,75.0,76.92307692307692,0,4,10,20,50.0,79.46000000000001,5,8,62.5,74.49999999999999,green
2568-1113,2568,2025-05-26,2025-06-01,,,0,0,0,20,0.0,,0,8,0.0,,green
2568-1114,2568,2025-05-26,2025-06-01,100.0,81.25,0,8,9,20,45.0,80.02222222222221,4,8,50.0,85.0,green
2568-1115,2568,2025-05-26,2025-06-01,,,0,0,0,20,0.0,,0,8,0.0,,green
2568-1116,2568,2025-05-26,2025-06-01,100.0,75.0,0,2,2,10,20.0,68.35,2,4,50.0,90.4,green
2568-1117,2568,2025-05-26,2025-06-01,100.0,86.53846153846153,0,12,10,20,50.0,79.13,5,8,62.5,80.16,green
2568-1118,2568,2025-05-26,2025-06-01,75.0,53.84615384615385,0,1,10,20,50.0,71.96,4,8,50.0,74.72500000000001,green
2568-1119,2568,2025-05-26,2025-06-01,25.0,56.25,0,0,10,20,50.0,75.72,1,8,12.5,67.1,orange
2568-1120,2568,2025-05-26,2025-06-01,,,0,0,0,15,0.0,,0,6,0.0,,green
2568-1121,2568,2025-05-26,2025-06-01,,68.75,0,1,5,20,25.0,78.82,0,8,0.0,,green
2568-1122,2568,2025-05-26,2025-06-01,100.0,75.0,0,4,11,20,55.0,67.48181818181818,6,8,75.0,65.33333333333333,green
2568-1123,2568,2025-05-26,2025-06-01,50.0,71.15384615384616,0,0,5,20,25.0,67.0,4,8,50.0,63.125,yellow
2568-1124,2568,2025-05-26,2025-06-01,100.0,82.6923076923077,0,5,7,20,35.0,75.44285714285715,5,8,62.5,73.84,green
2568-1125,2568,2025-05-26,2025-06-01,100.0,88.46153846153847,0,3,10,20,50.0,76.94,4,8,50.0,81.125,green
2568-1126,2568,2025-05-26,2025-06-01,25.0,78.125,0,0,7,20,35.0,77.17142857142858,0,8,0.0,,orange
2568-1127,2568,2025-05-26,2025-06-01,100.0,75.0,0,1,1,20,5.0,89.6,3,8,37.5,66.33333333333333,green
2568-1128,2568,2025-05-26,2025-06-01,100.0,87.5,0,1,6,10,60.0,77.66666666666667,0,4,0.0,,green
2568-1129,2568,2025-05-26,2025-06-01,100.0,96.875,0,8,12,20,60.0,84.875,4,8,50.0,82.9,green
2568-1130,2568,2025-05-26,2025-06-01,100.0,76.92307692307692,0,3,7,15,46.666666666666664,78.11428571428571,4,6,66.66666666666667,85.5,green
2568-1131,2568,2025-05-26,2025-06-01,75.0,75.0,0,1,13,20,65.0,83.96153846153847,6,8,75.0,83.85000000000001,green
2568-1132,2568,2025-05-26,2025-06-01,100.0,96.15384615384616,0,13,13,20,65.0,88.28461538461539,8,8,100.0,86.875,green
2568-1133,2568,2025-05-26,2025-06-01,75.0,92.3076923076923,0,13,14,20,70.0,86.13571428571427,6,8,75.0,82.73333333333333,green
2568-1134,2568,2025-05-26,2025-06-01,75.0,81.25,0,2,10,20,50.0,82.38,2,8,25.0,76.0,green
2568-1135,2568,2025-05-26,2025-06-01,,83.33333333333333,0,5,9,20,45.0,76.54444444444444,3,8,37.5,77.2,green
2568-1136,2568,2025-05-26,2025-06-01,100.0,100.0,0,4,2,15,13.333333333333334,98.35,3,6,50.0,86.93333333333334,green
2568-1137,2568,2025-05-26,2025-06-01,100.0,92.3076923076923,0,4,12,20,60.0,84.49166666666666,6,8,75.0,82.76666666666667,green
2568-1138,2568,2025-05-26,2025-06-01,75.0,68.75,0,1,11,20,55.0,78.5909090909091,3,8,37.5,75.10000000000001,green
2568-1139,2568,2025-05-26,2025-06-01,100.0,65.38461538461539,0,1,11,20,55.0,72.86363636363636,6,8,75.0,66.73333333333333,green
2568-1140,2568,2025-05-26,2025-06-01,66.66666666666667,76.92307692307692,0,0,10,15,66.66666666666667,82.48,5,6,83.33333333333333,86.58000000000001,yellow
2568-1141,2568,2025-05-26,2025-06-01,100.0,82.05128205128206,0,3,8,15,53.333333333333336,78.8125,5,6,83.33333333333333,80.75999999999999,green
2568-1142,2568,2025-05-26,2025-06-01,100.0,73.07692307692308,0,5,9,20,45.0,81.8111111111111,2,8,25.0,67.85,green
2568-1143,2568,2025-05-26,2025-06-01,100.0,94.87179487179488,0,1,10,15,66.66666666666667,81.41,5,6,83.33333333333333,79.3,green
2568-1144,2568,2025-05-26,2025-06-01,,55.55555555555556,0,1,4,10,40.0,75.625,2,4,50.0,57.55,green
2568-1145,2568,2025-05-26,2025-06-01,100.0,80.76923076923077,0,1,15,20,75.0,86.78666666666666,6,8,75.0,87.31666666666668,green
2568-1146,2568,2025-05-26,2025-06-01,66.66666666666667,56.41025641025641,0,0,7,15,46.666666666666664,65.22857142857141,2,6,33.333333333333336,60.6,yellow
2568-1147,2568,2025-05-26,2025-06-01,,38.888888888888886,0,0,5,20,25.0,72.06000000000002,2,8,25.0,58.25,green
2568-1148,2568,2025-05-26,2025-06-01,66.66666666666667,84.61538461538461,0,0,9,15,60.0,81.02222222222223,5,6,83.33333333333333,76.24,yellow
2568-1149,2568,2025-05-26,2025-06-01,,,0,0,0,15,0.0,,0,6,0.0,,green
2568-1150,2568,2025-05-26,2025-06-01,100.0,69.23076923076923,0,1,7,15,46.666666666666664,69.31428571428572,6,6,100.0,72.8,green
2568-1151,2568,2025-05-26,2025-06-01,100.0,82.05128205128206,0,1,7,15,46.666666666666664,81.84285714285716,5,6,83.33333333333333,76.68,green
2568-1152,2568,2025-05-26,2025-06-01,100.0,78.84615384615384,0,5,11,20,55.0,81.32727272727273,5,8,62.5,77.4,green
2568-1153,2568,2025-05-26,2025-06-01,100.0,84.375,0,7,12,20,60.0,82.94166666666668,4,8,50.0,86.775,green
2568-1154,2568,2025-05-26,2025-06-01,0.0,62.5,1,0,4,10,40.0,82.5,2,4,50.0,89.55,red
2568-1155,2568,2025-05-26,2025-06-01,33.333333333333336,28.205128205128204,0,0,4,15,26.666666666666668,66.92500000000001,1,6,16.666666666666668,63.8,orange
2568-1156,2568,2025-05-26,2025-06-01,50.0,63.46153846153846,0,0,10,20,50.0,73.88000000000001,5,8,62.5,69.94,yellow
2568-1157,2568,2025-05-26,2025-06-01,75.0,86.53846153846153,0,2,12,20,60.0,71.65833333333332,7,8,87.5,76.95714285714284,green
2568-1158,2568,2025-05-26,2025-06-01,100.0,86.53846153846153,0,11,15,20,75.0,88.39333333333335,7,8,87.5,89.42857142857143,green
2568-1159,2568,2025-05-26,2025-06-01,100.0,100.0,0,8,8,15,53.333333333333336,91.4875,3,6,50.0,86.7,green
2568-1160,2568,2025-05-26,2025-06-01,75.0,84.375,0,8,8,20,40.0,88.75,3,8,37.5,90.39999999999999,green
2568-1001,2568,2025-06-02,2025-06-08,25.0,25.0,0,0,0,20,0.0,,0,8,0.0,,orange
2568-1002,2568,2025-06-02,2025-06-08,25.0,67.85714285714286,0,0,12,20,60.0,81.0,5,8,62.5,70.32000000000001,orange
2568-1003,2568,2025-06-02,2025-06-08,75.0,58.92857142857143,0,2,6,20,30.0,62.31666666666666,5,8,62.5,67.6,green
2568-1004,2568,2025-06-02,2025-06-08,50.0,66.07142857142857,0,0,12,20,60.0,74.05,6,8,75.0,79.05000000000001,yellow
2568-1005,2568,2025-06-02,2025-06-08,75.0,67.85714285714286,0,3,8,20,40.0,75.3375,2,8,25.0,84.4,green
2568-1006,2568,2025-06-02,2025-06-08,66.66666666666667,64.28571428571429,0,0,8,15,53.333333333333336,82.225,3,6,50.0,81.49999999999999,yellow
2568-1007,2568,2025-06-02,2025-06-08,75.0,58.333333333333336,0,3,9,20,45.0,74.69999999999999,3,8,37.5,77.7,green
2568-1008,2568,2025-06-02,2025-06-08,50.0,55.55555555555556,0,0,6,20,30.0,75.46666666666667,2,8,25.0,69.1,yellow
2568-1009,2568,2025-06-02,2025-06-08,100.0,100.0,0,1,0,20,0.0,,0,8,0.0,,green
2568-1010,2568,2025-06-02,2025-06-08,75.0,86.11111111111111,0,9,10,20,50.0,72.14999999999999,4,8,50.0,84.2,green
2568-1011,2568,2025-06-02,2025-06-08,100.0,100.0,0,1,0,20,0.0,,0,8,0.0,,green
2568-1012,2568,2025-06-02,2025-06-08,100.0,96.42857142857143,0,1,6,10,60.0,88.35000000000001,2,4,50.0,89.69999999999999,green
2568-1013,2568,2025-06-02,2025-06-08,50.0,66.66666666666667,0,0,7,20,35.0,87.60000000000001,3,8,37.5,75.3,yellow
2568-1014,2568,2025-06-02,2025-06-08,75.0,76.78571428571429,0,1,8,20,40.0,77.89999999999999,7,8,87.5,76.77142857142859,green
2568-1015,2568,2025-06-02,2025-06-08,,40.0,0,0,2,10,20.0,72.4,0,4,0.0,,green
2568-1016,2568,2025-06-02,2025-06-08,100.0,83.92857142857143,0,14,13,20,65.0,95.98461538461538,5,8,62.5,83.35999999999999,green
2568-1017,2568,2025-06-02,2025-06-08,75.0,73.21428571428571,0,4,10,20,50.0,79.28999999999999,5,8,62.5,76.4,green
2568-1018,2568,2025-06-02,2025-06-08,66.66666666666667,55.55555555555556,0,0,5,15,33.333333333333336,72.78,3,6,50.0,83.33333333333333,yellow
2568-1019,2568,2025-06-02,2025-06-08,50.0,70.0,0,0,4,20,20.0,84.175,4,8,50.0,84.5,yellow
2568-1020,2568,2025-06-02,2025-06-08,25.0,69.44444444444444,0,0,10,20,50.0,84.64,3,8,37.5,75.2,orange
2568-1021,2568,2025-06-02,2025-06-08,100.0,87.5,0,12,12,20,60.0,82.675,8,8,100.0,84.44999999999999,green
2568-1022,2568,2025-06-02,2025-06-08,66.66666666666667,54.76190476190476,0,0,9,15,60.0,73.77777777777777,3,6,50.0,85.10000000000001,yellow
2568-1023,2568,2025-06-02,2025-06-08,100.0,50.0,0,1,5,10,50.0,82.47999999999999,1,4,25.0,56.0,green
2568-1024,2568,2025-06-02,2025-06-08,100.0,88.88888888888889,0,1,2,10,20.0,66.55,2,4,50.0,81.3,green
2568-1025,2568,2025-06-02,2025-06-08,100.0,75.0,0,3,1,10,10.0,81.4,2,4,50.0,84.55000000000001,green
2568-1026,2568,2025-06-02,2025-06-08,50.0,69.64285714285714,0,0,10,20,50.0,73.14000000000001,7,8,87.5,74.07142857142857,yellow
2568-1027,2568,2025-06-02,2025-06-08,100.0,87.5,0,1,15,20,75.0,84.38666666666667,8,8,100.0,69.9875,green
2568-1028,2568,2025-06-02,2025-06-08,100.0,87.5,0,1,13,20,65.0,80.24615384615385,7,8,87.5,80.47142857142856,green
2568-1029,2568,2025-06-02,2025-06-08,100.0,94.64285714285714,0,14,13,20,65.0,90.33846153846153,7,8,87.5,86.4857142857143,green
2568-1030,2568,2025-06-02,2025-06-08,100.0,96.42857142857143,0,14,13,20,65.0,81.36923076923075,5,8,62.5,76.76,green
2568-1031,2568,2025-06-02,2025-06-08,25.0,62.5,0,0,10,20,50.0,71.71,4,8,50.0,74.5,orange
2568-1032,2568,2025-06-02,2025-06-08,100.0,96.42857142857143,0,14,16,20,80.0,85.99375,6,8,75.0,88.34999999999998,green
2568-1033,2568,2025-06-02,2025-06-08,50.0,67.85714285714286,0,0,6,10,60.0,67.21666666666668,3,4,75.0,76.53333333333332,yellow
2568-1034,2568,2025-06-02,2025-06-08,66.66666666666667,85.18518518518519,0,0,9,15,60.0,74.33333333333333,2,6,33.333333333333336,59.15,yellow
2568-1035,2568,2025-06-02,2025-06-08,100.0,83.33333333333333,0,6,4,10,40.0,72.05,2,4,50.0,72.15,green
2568-1036,2568,2025-06-02,2025-06-08,100.0,73.21428571428571,0,6,12,20,60.0,78.35,6,8,75.0,78.68333333333334,green
2568-1037,2568,2025-06-02,2025-06-08,100.0,100.0,0,14,11,15,73.33333333333333,96.73636363636363,6,6,100.0,87.05,green
2568-1038,2568,2025-06-02,2025-06-08,33.333333333333336,45.23809523809524,0,0,4,15,26.666666666666668,82.175,2,6,33.333333333333336,79.25,orange
2568-1039,2568,2025-06-02,2025-06-08,100.0,73.33333333333333,0,1,3,15,20.0,80.66666666666666,2,6,33.333333333333336,86.2,green
2568-1040,2568,2025-06-02,2025-06-08,33.333333333333336,57.142857142857146,0,0,6,15,40.0,64.5,4,6,66.66666666666667,77.425,orange
2568-1041,2568,2025-06-02,2025-06-08,25.0,60.714285714285715,0,0,13,20,65.0,68.16923076923078,4,8,50.0,69.425,orange
2568-1042,2568,2025-06-02,2025-06-08,100.0,91.66666666666667,0,9,10,20,50.0,88.92999999999999,4,8,50.0,80.475,green
2568-1043,2568,2025-06-02,2025-06-08,75.0,58.92857142857143,0,4,7,20,35.0,68.61428571428571,4,8,50.0,68.475,green
2568-1044,2568,2025-06-02,2025-06-08,,46.15384615384615,0,1,2,10,20.0,73.05,2,4,50.0,51.25,green
2568-1045,2568,2025-06-02,2025-06-08,75.0,98.21428571428571,0,14,15,20,75.0,86.33333333333333,6,8,75.0,91.85000000000001,green
2568-1046,2568,2025-06-02,2025-06-08,,94.23076923076923,0,13,15,20,75.0,85.71333333333334,7,8,87.5,83.05714285714285,green
2568-1047,2568,2025-06-02,2025-06-08,75.0,75.0,0,11,9,20,45.0,73.95555555555556,6,8,75.0,75.60000000000001,green
2568-1048,2568,2025-06-02,2025-06-08,100.0,97.61904761904762,0,2,10,15,66.66666666666667,86.01,5,6,83.33333333333333,92.58000000000001,green
2568-1049,2568,2025-06-02,2025-06-08,66.66666666666667,64.28571428571429,0,0,10,15,66.66666666666667,75.65,2,6,33.333333333333336,83.0,yellow
2568-1050,2568,2025-06-02,2025-06-08,75.0,76.78571428571429,0,1,7,20,35.0,78.01428571428572,7,8,87.5,86.78571428571429,green
2568-1051,2568,2025-06-02,2025-06-08,50.0,50.0,0,0,3,10,30.0,66.06666666666666,3,4,75.0,61.366666666666674,yellow
2568-1052,2568,2025-06-02,2025-06-08,100.0,92.85714285714286,0,12,15,20,75.0,88.51333333333334,6,8,75.0,89.41666666666667,green
2568-1053,2568,2025-06-02,2025-06-08,50.0,67.85714285714286,0,0,6,10,60.0,74.48333333333333,3,4,75.0,74.83333333333333,yellow
2568-1054,2568,2025-06-02,2025-06-08,100.0,100.0,0,9,8,15,53.333333333333336,85.95,3,6,50.0,82.36666666666667,green
2568-1055,2568,2025-06-02,2025-06-08,75.0,66.07142857142857,0,1,11,20,55.0,76.93636363636364,5,8,62.5,76.7,green
2568-1056,2568,2025-06-02,2025-06-08,75.0,64.28571428571429,0,1,11,20,55.0,71.0909090909091,4,8,50.0,78.275,green
2568-1057,2568,2025-06-02,2025-06-08,100.0,100.0,0,14,13,20,65.0,90.6923076923077,7,8,87.5,89.75714285714285,green
2568-1058,2568,2025-06-02,2025-06-08,100.0,100.0,0,14,7,10,70.0,85.70000000000002,4,4,100.0,83.175,green
2568-1059,2568,2025-06-02,2025-06-08,100.0,96.29629629629629,0,1,8,15,53.333333333333336,83.0875,1,6,16.666666666666668,84.7,green
2568-1060,2568,2025-06-02,2025-06-08,50.0,80.0,0,0,1,10,10.0,47.6,2,4,50.0,83.15,yellow
2568-1061,2568,2025-06-02,2025-06-08,75.0,69.64285714285714,0,2,10,20,50.0,73.22999999999999,5,8,62.5,75.88000000000001,green
2568-1062,2568,2025-06-02,2025-06-08,66.66666666666667,66.66666666666667,0,0,1,15,6.666666666666667,70.2,3,6,50.0,68.43333333333334,yellow
2568-1063,2568,2025-06-02,2025-06-08,75.0,85.0,0,1,4,20,20.0,69.30000000000001,4,8,50.0,73.575,green
2568-1064,2568,2025-06-02,2025-06-08,,50.0,0,0,2,10,20.0,94.35,2,4,50.0,78.1,green
2568-1065,2568,2025-06-02,2025-06-08,100.0,90.0,0,1,1,10,10.0,67.5,1,4,25.0,83.6,green
2568-1066,2568,2025-06-02,2025-06-08,50.0,58.92857142857143,0,0,11,20,55.0,65.0090909090909,3,8,37.5,64.33333333333333,yellow
2568-1067,2568,2025-06-02,2025-06-08,50.0,40.0,0,0,2,20,10.0,51.75,3,8,37.5,62.53333333333334,yellow
2568-1068,2568,2025-06-02,2025-06-08,66.66666666666667,97.61904761904762,0,0,11,15,73.33333333333333,81.68181818181819,6,6,100.0,92.28333333333332,yellow
2568-1069,2568,2025-06-02,2025-06-08,100.0,85.71428571428571,0,1,13,20,65.0,82.14615384615385,4,8,50.0,69.575,green
2568-1070,2568,2025-06-02,2025-06-08,100.0,78.57142857142857,0,1,11,15,73.33333333333333,80.31818181818181,5,6,83.33333333333333,80.78,green
2568-1071,2568,2025-06-02,2025-06-08,100.0,85.71428571428571,0,2,9,15,60.0,89.06666666666666,5,6,83.33333333333333,88.93999999999998,green
2568-1072,2568,2025-06-02,2025-06-08,100.0,53.57142857142857,0,1,4,10,40.0,69.30000000000001,3,4,75.0,66.86666666666666,green
2568-1073,2568,2025-06-02,2025-06-08,75.0,61.111111111111114,0,3,7,20,35.0,84.74285714285713,1,8,12.5,86.1,green
2568-1074,2568,2025-06-02,2025-06-08,0.0,25.0,1,0,3,20,15.0,48.96666666666667,4,8,50.0,52.724999999999994,red
2568-1075,2568,2025-06-02,2025-06-08,,30.0,2,0,1,10,10.0,55.5,0,4,0.0,,red
2568-1076,2568,2025-06-02,2025-06-08,75.0,78.57142857142857,0,8,13,20,65.0,82.67692307692307,7,8,87.5,75.27142857142859,green
2568-1077,2568,2025-06-02,2025-06-08,50.0,69.44444444444444,0,0,11,20,55.0,74.06363636363636,2,8,25.0,78.05000000000001,yellow
2568-1078,2568,2025-06-02,2025-06-08,100.0,85.0,0,2,4,20,20.0,90.525,2,8,25.0,84.94999999999999,green
2568-1079,2568,2025-06-02,2025-06-08,100.0,80.55555555555556,0,1,7,20,35.0,81.04285714285713,2,8,25.0,90.0,green
2568-1080,2568,2025-06-02,2025-06-08,100.0,72.22222222222223,0,1,4,20,20.0,75.775,2,8,25.0,82.2,green
2568-1081,2568,2025-06-02,2025-06-08,100.0,86.11111111111111,0,1,9,20,45.0,85.33333333333333,4,8,50.0,77.94999999999999,green
2568-1082,2568,2025-06-02,2025-06-08,75.0,85.0,0,5,3,20,15.0,87.03333333333335,3,8,37.5,83.0,green
2568-1083,2568,2025-06-02,2025-06-08,0.0,0.0,1,0,0,10,0.0,,0,4,0.0,,red
2568-1084,2568,2025-06-02,2025-06-08,100.0,91.07142857142857,0,1,15,20,75.0,84.35999999999999,4,8,50.0,83.95,green
2568-1085,2568,2025-06-02,2025-06-08,75.0,70.0,0,2,4,20,20.0,73.89999999999999,2,8,25.0,77.69999999999999,green
2568-1086,2568,2025-06-02,2025-06-08,50.0,60.714285714285715,0,0,4,10,40.0,72.675,1,4,25.0,61.5,yellow
2568-1087,2568,2025-06-02,2025-06-08,,76.92307692307692,0,1,12,20,60.0,73.06666666666665,3,8,37.5,87.23333333333333,green
2568-1088,2568,2025-06-02,2025-06-08,50.0,80.55555555555556,0,0,6,20,30.0,89.7,4,8,50.0,74.175,yellow
2568-1089,2568,2025-06-02,2025-06-08,50.0,70.0,0,0,0,10,0.0,,0,4,0.0,,yellow
2568-1090,2568,2025-06-02,2025-06-08,,45.0,0,1,0,20,0.0,,0,8,0.0,,green
2568-1091,2568,2025-06-02,2025-06-08,100.0,100.0,0,9,6,10,60.0,88.48333333333333,2,4,50.0,91.5,green
2568-1092,2568,2025-06-02,2025-06-08,,80.0,0,0,2,10,20.0,67.25,1,4,25.0,70.9,green
2568-1093,2568,2025-06-02,2025-06-08,100.0,100.0,0,14,9,15,60.0,88.01111111111112,3,6,50.0,88.36666666666667,green
2568-1094,2568,2025-06-02,2025-06-08,66.66666666666667,83.33333333333333,0,0,7,15,46.666666666666664,90.01428571428572,6,6,100.0,81.39999999999999,yellow
2568-1095,2568,2025-06-02,2025-06-08,50.0,58.92857142857143,0,0,7,20,35.0,65.1,5,8,62.5,66.38000000000001,yellow
2568-1096,2568,2025-06-02,2025-06-08,100.0,94.64285714285714,0,14,14,20,70.0,83.39999999999999,6,8,75.0,86.21666666666665,green
2568-1097,2568,2025-06-02,2025-06-08,100.0,100.0,0,14,6,10,60.0,88.39999999999999,3,4,75.0,89.89999999999999,green
2568-1098,2568,2025-06-02,2025-06-08,0.0,35.714285714285715,2,0,3,10,30.0,67.16666666666667,1,4,25.0,55.4,red
2568-1099,2568,2025-06-02,2025-06-08,100.0,87.5,0,12,13,20,65.0,83.36923076923078,8,8,100.0,86.6875,green
2568-1100,2568,2025-06-02,2025-06-08,,50.0,0,0,3,15,20.0,70.46666666666665,0,6,0.0,,green
2568-1101,2568,2025-06-02,2025-06-08,100.0,85.71428571428571,0,7,8,10,80.0,81.45,3,4,75.0,83.53333333333335,green
2568-1102,2568,2025-06-02,2025-06-08,100.0,97.61904761904762,0,9,10,15,66.66666666666667,88.99,6,6,100.0,87.96666666666665,green
2568-1103,2568,2025-06-02,2025-06-08,,56.25,0,2,3,20,15.0,75.56666666666666,0,8,0.0,,green
2568-1104,2568,2025-06-02,2025-06-08,75.0,51.785714285714285,0,2,10,20,50.0,66.80000000000001,6,8,75.0,70.11666666666667,green
2568-1105,2568,2025-06-02,2025-06-08,100.0,76.19047619047619,0,1,8,15,53.333333333333336,84.4375,4,6,66.66666666666667,76.175,green
2568-1106,2568,2025-06-02,2025-06-08,50.0,73.21428571428571,0,0,9,20,45.0,69.80000000000001,3,8,37.5,63.86666666666667,yellow
2568-1107,2568,2025-06-02,2025-06-08,100.0,100.0,0,1,0,20,0.0,,0,8,0.0,,green
2568-1108,2568,2025-06-02,2025-06-08,33.333333333333336,66.66666666666667,0,0,8,15,53.333333333333336,80.0625,3,6,50.0,80.06666666666666,orange
2568-1109,2568,2025-06-02,2025-06-08,33.333333333333336,66.66666666666667,0,0,7,15,46.666666666666664,77.38571428571429,3,6,50.0,73.96666666666665,orange
2568-1110,2568,2025-06-02,2025-06-08,100.0,85.18518518518519,0,1,9,15,60.0,85.73333333333332,2,6,33.333333333333336,82.15,green
2568-1111,2568,2025-06-02,2025-06-08,50.0,71.42857142857143,0,0,9,20,45.0,86.21111111111111,4,8,50.0,80.8,yellow
2568-1112,2568,2025-06-02,2025-06-08,75.0,76.78571428571429,0,5,10,20,50.0,79.46000000000001,5,8,62.5,74.49999999999999,green
2568-1113,2568,2025-06-02,2025-06-08,25.0,25.0,0,0,0,20,0.0,,0,8,0.0,,orange
2568-1114,2568,2025-06-02,2025-06-08,100.0,83.33333333333333,0,9,9,20,45.0,80.02222222222221,4,8,50.0,85.0,green
2568-1115,2568,2025-06-02,2025-06-08,75.0,75.0,0,1,0,20,0.0,,0,8,0.0,,green
2568-1116,2568,2025-06-02,2025-06-08,50.0,70.0,0,0,2,10,20.0,68.35,2,4,50.0,90.4,yellow
2568-1117,2568,2025-06-02,2025-06-08,100.0,87.5,0,13,10,20,50.0,79.13,5,8,62.5,80.16,green
2568-1118,2568,2025-06-02,2025-06-08,25.0,51.785714285714285,0,0,10,20,50.0,71.96,4,8,50.0,74.72500000000001,orange
2568-1119,2568,2025-06-02,2025-06-08,75.0,58.333333333333336,0,1,10,20,50.0,75.72,1,8,12.5,67.1,green
2568-1120,2568,2025-06-02,2025-06-08,100.0,100.0,0,1,0,15,0.0,,0,6,0.0,,green
2568-1121,2568,2025-06-02,2025-06-08,,68.75,0,1,5,20,25.0,78.82,0,8,0.0,,green
2568-1122,2568,2025-06-02,2025-06-08,75.0,75.0,0,5,11,20,55.0,67.48181818181818,6,8,75.0,65.33333333333333,green
2568-1123,2568,2025-06-02,2025-06-08,0.0,66.07142857142857,1,0,5,20,25.0,67.0,4,8,50.0,63.125,red
2568-1124,2568,2025-06-02,2025-06-08,100.0,83.92857142857143,0,6,7,20,35.0,75.44285714285715,5,8,62.5,73.84,green
2568-1125,2568,2025-06-02,2025-06-08,75.0,87.5,0,4,10,20,50.0,76.94,4,8,50.0,81.125,green
2568-1126,2568,2025-06-02,2025-06-08,75.0,77.77777777777777,0,1,7,20,35.0,77.17142857142858,0,8,0.0,,green
2568-1127,2568,2025-06-02,2025-06-08,50.0,70.0,0,0,1,20,5.0,89.6,3,8,37.5,66.33333333333333,yellow
2568-1128,2568,2025-06-02,2025-06-08,100.0,88.88888888888889,0,2,6,10,60.0,77.66666666666667,0,4,0.0,,green
2568-1129,2568,2025-06-02,2025-06-08,100.0,97.22222222222223,0,9,12,20,60.0,84.875,4,8,50.0,82.9,green
2568-1130,2568,2025-06-02,2025-06-08,66.66666666666667,76.19047619047619,0,0,7,15,46.666666666666664,78.11428571428571,4,6,66.66666666666667,85.5,yellow
2568-1131,2568,2025-06-02,2025-06-08,75.0,75.0,0,2,13,20,65.0,83.96153846153847,6,8,75.0,83.85000000000001,green
2568-1132,2568,2025-06-02,2025-06-08,100.0,96.42857142857143,0,14,13,20,65.0,88.28461538461539,8,8,100.0,86.875,green
2568-1133,2568,2025-06-02,2025-06-08,100.0,92.85714285714286,0,14,14,20,70.0,86.13571428571427,6,8,75.0,82.73333333333333,green
2568-1134,2568,2025-06-02,2025-06-08,75.0,80.55555555555556,0,3,10,20,50.0,82.38,2,8,25.0,76.0,green
2568-1135,2568,2025-06-02,2025-06-08,,83.33333333333333,0,5,9,20,45.0,76.54444444444444,3,8,37.5,77.2,green
2568-1136,2568,2025-06-02,2025-06-08,100.0,100.0,0,5,2,15,13.333333333333334,98.35,3,6,50.0,86.93333333333334,green
2568-1137,2568,2025-06-02,2025-06-08,75.0,91.07142857142857,0,5,12,20,60.0,84.49166666666666,6,8,75.0,82.76666666666667,green
2568-1138,2568,2025-06-02,2025-06-08,100.0,72.22222222222223,0,2,11,20,55.0,78.5909090909091,3,8,37.5,75.10000000000001,green
2568-1139,2568,2025-06-02,2025-06-08,50.0,64.28571428571429,0,0,11,20,55.0,72.86363636363636,6,8,75.0,66.73333333333333,yellow
2568-1140,2568,2025-06-02,2025-06-08,100.0,78.57142857142857,0,1,10,15,66.66666666666667,82.48,5,6,83.33333333333333,86.58000000000001,green
2568-1141,2568,2025-06-02,2025-06-08,100.0,83.33333333333333,0,4,8,15,53.333333333333336,78.8125,5,6,83.33333333333333,80.75999999999999,green
2568-1142,2568,2025-06-02,2025-06-08,50.0,71.42857142857143,0,0,9,20,45.0,81.8111111111111,2,8,25.0,67.85,yellow
2568-1143,2568,2025-06-02,2025-06-08,66.66666666666667,92.85714285714286,0,0,10,15,66.66666666666667,81.41,5,6,83.33333333333333,79.3,yellow
2568-1144,2568,2025-06-02,2025-06-08,,55.55555555555556,0,1,4,10,40.0,75.625,2,4,50.0,57.55,green
2568-1145,2568,2025-06-02,2025-06-08,100.0,82.14285714285714,0,2,15,20,75.0,86.78666666666666,6,8,75.0,87.31666666666668,green
2568-1146,2568,2025-06-02,2025-06-08,33.333333333333336,54.76190476190476,0,0,7,15,46.666666666666664,65.22857142857141,2,6,33.333333333333336,60.6,orange
2568-1147,2568,2025-06-02,2025-06-08,,38.888888888888886,0,0,5,20,25.0,72.06000000000002,2,8,25.0,58.25,green
2568-1148,2568,2025-06-02,2025-06-08,66.66666666666667,83.33333333333333,0,0,9,15,60.0,81.02222222222223,5,6,83.33333333333333,76.24,yellow
2568-1149,2568,2025-06-02,2025-06-08,66.66666666666667,66.66666666666667,0,0,0,15,0.0,,0,6,0.0,,yellow
2568-1150,2568,2025-06-02,2025-06-08,100.0,71.42857142857143,0,2,7,15,46.666666666666664,69.31428571428572,6,6,100.0,72.8,green
2568-1151,2568,2025-06-02,2025-06-08,33.333333333333336,78.57142857142857,0,0,7,15,46.666666666666664,81.84285714285716,5,6,83.33333333333333,76.68,orange
2568-1152,2568,2025-06-02,2025-06-08,75.0,78.57142857142857,0,6,11,20,55.0,81.32727272727273,5,8,62.5,77.4,green
2568-1153,2568,2025-06-02,2025-06-08,75.0,83.33333333333333,0,8,12,20,60.0,82.94166666666668,4,8,50.0,86.775,green
2568-1154,2568,2025-06-02,2025-06-08,,62.5,1,0,4,10,40.0,82.5,2,4,50.0,89.55,green
2568-1155,2568,2025-06-02,2025-06-08,,28.205128205128204,0,0,4,15,26.666666666666668,66.92500000000001,1,6,16.666666666666668,63.8,green
2568-1156,2568,2025-06-02,2025-06-08,50.0,62.5,0,0,10,20,50.0,73.88000000000001,5,8,62.5,69.94,yellow
2568-1157,2568,2025-06-02,2025-06-08,100.0,87.5,0,3,12,20,60.0,71.65833333333332,7,8,87.5,76.95714285714284,green
2568-1158,2568,2025-06-02,2025-06-08,100.0,87.5,0,12,15,20,75.0,88.39333333333335,7,8,87.5,89.42857142857143,green
2568-1159,2568,2025-06-02,2025-06-08,100.0,100.0,0,9,8,15,53.333333333333336,91.4875,3,6,50.0,86.7,green
2568-1160,2568,2025-06-02,2025-06-08,75.0,83.33333333333333,0,9,8,20,40.0,88.75,3,8,37.5,90.39999999999999,green
2568-1001,2568,2025-06-09,2025-06-15,50.0,37.5,0,0,2,24,8.333333333333334,65.5,0,8,0.0,,yellow
2568-1002,2568,2025-06-09,2025-06-15,75.0,68.33333333333333,0,1,14,24,58.333333333333336,82.65714285714286,5,8,62.5,70.32000000000001,green
2568-1003,2568,2025-06-09,2025-06-15,75.0,60.0,0,3,8,24,33.333333333333336,60.5625,5,8,62.5,67.6,green
2568-1004,2568,2025-06-09,2025-06-15,75.0,66.66666666666667,0,1,14,24,58.333333333333336,73.12857142857143,6,8,75.0,79.05000000000001,green
2568-1005,2568,2025-06-09,2025-06-15,25.0,65.0,0,0,9,24,37.5,72.15555555555557,2,8,25.0,84.4,orange
2568-1006,2568,2025-06-09,2025-06-15,66.66666666666667,64.44444444444444,0,0,11,18,61.111111111111114,83.10909090909091,3,6,50.0,81.49999999999999,yellow
2568-1007,2568,2025-06-09,2025-06-15,75.0,60.0,0,4,10,24,41.666666666666664,75.5,3,8,37.5,77.7,green
2568-1008,2568,2025-06-09,2025-06-15,75.0,57.5,0,1,6,24,25.0,75.46666666666667,2,8,25.0,69.1,green
2568-1009,2568,2025-06-09,2025-06-15,100.0,100.0,0,2,3,24,12.5,83.93333333333334,0,8,0.0,,green
2568-1010,2568,2025-06-09,2025-06-15,75.0,85.0,0,10,13,24,54.166666666666664,76.14615384615384,4,8,50.0,84.2,green
2568-1011,2568,2025-06-09,2025-06-15,100.0,100.0,0,2,4,24,16.666666666666668,79.45,0,8,0.0,,green
2568-1012,2568,2025-06-09,2025-06-15,100.0,96.66666666666667,0,2,8,12,66.66666666666667,85.85,2,4,50.0,89.69999999999999,green
2568-1013,2568,2025-06-09,2025-06-15,75.0,67.5,0,1,10,24,41.666666666666664,85.19000000000001,3,8,37.5,75.3,green
2568-1014,2568,2025-06-09,2025-06-15,50.0,75.0,0,0,10,24,41.666666666666664,77.15,7,8,87.5,76.77142857142859,yellow
2568-1015,2568,2025-06-09,2025-06-15,,40.0,0,0,2,12,16.666666666666668,72.4,0,4,0.0,,green
2568-1016,2568,2025-06-09,2025-06-15,75.0,83.33333333333333,0,15,17,24,70.83333333333333,94.39999999999999,5,8,62.5,83.35999999999999,green
2568-1017,2568,2025-06-09,2025-06-15,50.0,71.66666666666667,0,0,12,24,50.0,78.675,5,8,62.5,76.4,yellow
2568-1018,2568,2025-06-09,2025-06-15,100.0,60.0,0,1,7,18,38.888888888888886,70.32857142857144,3,6,50.0,83.33333333333333,green
2568-1019,2568,2025-06-09,2025-06-15,100.0,75.0,0,1,8,24,33.333333333333336,83.3375,4,8,50.0,84.5,green
2568-1020,2568,2025-06-09,2025-06-15,50.0,67.5,0,0,14,24,58.333333333333336,83.95714285714287,3,8,37.5,75.2,yellow
2568-1021,2568,2025-06-09,2025-06-15,100.0,88.33333333333333,0,13,15,24,62.5,83.31333333333332,8,8,100.0,84.44999999999999,green
2568-1022,2568,2025-06-09,2025-06-15,66.66666666666667,55.55555555555556,0,0,12,18,66.66666666666667,75.25,3,6,50.0,85.10000000000001,yellow
2568-1023,2568,2025-06-09,2025-06-15,50.0,50.0,0,0,5,12,41.666666666666664,82.47999999999999,1,4,25.0,56.0,yellow
2568-1024,2568,2025-06-09,2025-06-15,100.0,90.0,0,2,4,12,33.333333333333336,70.375,2,4,50.0,81.3,green
2568-1025,2568,2025-06-09,2025-06-15,100.0,76.66666666666667,0,4,1,12,8.333333333333334,81.4,2,4,50.0,84.55000000000001,green
2568-1026,2568,2025-06-09,2025-06-15,75.0,70.0,0,1,13,24,54.166666666666664,73.13846153846154,7,8,87.5,74.07142857142857,green
2568-1027,2568,2025-06-09,2025-06-15,100.0,88.33333333333333,0,2,17,24,70.83333333333333,84.55882352941177,8,8,100.0,69.9875,green
2568-1028,2568,2025-06-09,2025-06-15,75.0,86.66666666666667,0,2,16,24,66.66666666666667,80.825,7,8,87.5,80.47142857142856,green
2568-1029,2568,2025-06-09,2025-06-15,100.0,95.0,0,15,16,24,66.66666666666667,89.8,7,8,87.5,86.4857142857143,green
2568-1030,2568,2025-06-09,2025-06-15,100.0,96.66666666666667,0,15,15,24,62.5,82.29999999999998,5,8,62.5,76.76,green
2568-1031,2568,2025-06-09,2025-06-15,0.0,58.333333333333336,0,0,12,24,50.0,69.88333333333333,4,8,50.0,74.5,red
2568-1032,2568,2025-06-09,2025-06-15,100.0,96.66666666666667,0,15,19,24,79.16666666666667,87.03684210526316,6,8,75.0,88.34999999999998,green
2568-1033,2568,2025-06-09,2025-06-15,100.0,70.0,0,1,7,12,58.333333333333336,68.4857142857143,3,4,75.0,76.53333333333332,green
2568-1034,2568,2025-06-09,2025-06-15,100.0,86.66666666666667,0,1,9,18,50.0,74.33333333333333,2,6,33.333333333333336,59.15,green
2568-1035,2568,2025-06-09,2025-06-15,50.0,80.0,0,0,6,12,50.0,73.01666666666667,2,4,50.0,72.15,yellow
2568-1036,2568,2025-06-09,2025-06-15,50.0,71.66666666666667,0,0,15,24,62.5,76.78666666666666,6,8,75.0,78.68333333333334,yellow
2568-1037,2568,2025-06-09,2025-06-15,66.66666666666667,97.77777777777777,0,0,14,18,77.77777777777777,93.15714285714284,6,6,100.0,87.05,yellow
2568-1038,2568,2025-06-09,2025-06-15,100.0,48.888888888888886,0,1,5,18,27.77777777777778,78.1,2,6,33.333333333333336,79.25,green
2568-1039,2568,2025-06-09,2025-06-15,66.66666666666667,72.22222222222223,0,0,4,18,22.22222222222222,79.52499999999999,2,6,33.333333333333336,86.2,yellow
2568-1040,2568,2025-06-09,2025-06-15,33.333333333333336,55.55555555555556,0,0,8,18,44.44444444444444,66.5375,4,6,66.66666666666667,77.425,orange
2568-1041,2568,2025-06-09,2025-06-15,75.0,61.666666666666664,0,1,15,24,62.5,69.59333333333333,4,8,50.0,69.425,green
2568-1042,2568,2025-06-09,2025-06-15,100.0,92.5,0,10,12,24,50.0,88.23333333333333,4,8,50.0,80.475,green
2568-1043,2568,2025-06-09,2025-06-15,75.0,60.0,0,5,10,24,41.666666666666664,70.53999999999999,4,8,50.0,68.475,green
2568-1044,2568,2025-06-09,2025-06-15,,46.15384615384615,0,1,2,12,16.666666666666668,73.05,2,4,50.0,51.25,green
2568-1045,2568,2025-06-09,2025-06-15,100.0,98.33333333333333,0,15,18,24,75.0,85.36666666666667,6,8,75.0,91.85000000000001,green
2568-1046,2568,2025-06-09,2025-06-15,,94.23076923076923,0,13,15,24,62.5,85.71333333333334,7,8,87.5,83.05714285714285,green
2568-1047,2568,2025-06-09,2025-06-15,100.0,76.66666666666667,0,12,11,24,45.833333333333336,74.7909090909091,6,8,75.0,75.60000000000001,green
2568-1048,2568,2025-06-09,2025-06-15,100.0,97.77777777777777,0,3,13,18,72.22222222222223,87.03076923076924,5,6,83.33333333333333,92.58000000000001,green
2568-1049,2568,2025-06-09,2025-06-15,66.66666666666667,64.44444444444444,0,0,12,18,66.66666666666667,75.89166666666667,2,6,33.333333333333336,83.0,yellow
2568-1050,2568,2025-06-09,2025-06-15,50.0,75.0,0,0,10,24,41.666666666666664,76.91999999999999,7,8,87.5,86.78571428571429,yellow
2568-1051,2568,2025-06-09,2025-06-15,0.0,46.666666666666664,0,0,4,12,33.333333333333336,71.125,3,4,75.0,61.366666666666674,red
2568-1052,2568,2025-06-09,2025-06-15,75.0,91.66666666666667,0,13,17,24,70.83333333333333,88.72941176470587,6,8,75.0,89.41666666666667,green
2568-1053,2568,2025-06-09,2025-06-15,100.0,70.0,0,1,8,12,66.66666666666667,75.27499999999999,3,4,75.0,74.83333333333333,green
2568-1054,2568,2025-06-09,2025-06-15,100.0,100.0,0,10,11,18,61.111111111111114,85.69090909090909,3,6,50.0,82.36666666666667,green
2568-1055,2568,2025-06-09,2025-06-15,100.0,68.33333333333333,0,2,15,24,62.5,75.06666666666666,5,8,62.5,76.7,green
2568-1056,2568,2025-06-09,2025-06-15,100.0,66.66666666666667,0,2,14,24,58.333333333333336,71.0,4,8,50.0,78.275,green
2568-1057,2568,2025-06-09,2025-06-15,100.0,100.0,0,15,17,24,70.83333333333333,90.41764705882352,7,8,87.5,89.75714285714285,green
2568-1058,2568,2025-06-09,2025-06-15,100.0,100.0,0,15,9,12,75.0,84.42222222222222,4,4,100.0,83.175,green
2568-1059,2568,2025-06-09,2025-06-15,100.0,96.66666666666667,0,2,11,18,61.111111111111114,85.09090909090911,1,6,16.666666666666668,84.7,green
2568-1060,2568,2025-06-09,2025-06-15,100.0,83.33333333333333,0,1,3,12,25.0,59.199999999999996,2,4,50.0,83.15,green
2568-1061,2568,2025-06-09,2025-06-15,75.0,70.0,0,3,10,24,41.666666666666664,73.22999999999999,5,8,62.5,75.88000000000001,green
2568-1062,2568,2025-06-09,2025-06-15,66.66666666666667,66.66666666666667,0,0,4,18,22.22222222222222,75.575,3,6,50.0,68.43333333333334,yellow
2568-1063,2568,2025-06-09,2025-06-15,100.0,87.5,0,2,7,24,29.166666666666668,77.87142857142858,4,8,50.0,73.575,green
2568-1064,2568,2025-06-09,2025-06-15,,50.0,0,0,2,12,16.666666666666668,94.35,2,4,50.0,78.1,green
2568-1065,2568,2025-06-09,2025-06-15,100.0,91.66666666666667,0,2,3,12,25.0,77.86666666666667,1,4,25.0,83.6,green
2568-1066,2568,2025-06-09,2025-06-15,100.0,61.666666666666664,0,1,13,24,54.166666666666664,66.38461538461537,3,8,37.5,64.33333333333333,green
2568-1067,2568,2025-06-09,2025-06-15,0.0,33.333333333333336,0,0,4,24,16.666666666666668,61.9,3,8,37.5,62.53333333333334,red
2568-1068,2568,2025-06-09,2025-06-15,66.66666666666667,95.55555555555556,0,0,12,18,66.66666666666667,80.99166666666666,6,6,100.0,92.28333333333332,yellow
2568-1069,2568,2025-06-09,2025-06-15,100.0,86.66666666666667,0,2,17,24,70.83333333333333,82.78235294117648,4,8,50.0,69.575,green
2568-1070,2568,2025-06-09,2025-06-15,100.0,80.0,0,2,13,18,72.22222222222223,81.21538461538461,5,6,83.33333333333333,80.78,green
2568-1071,2568,2025-06-09,2025-06-15,100.0,86.66666666666667,0,3,10,18,55.55555555555556,88.88999999999999,5,6,83.33333333333333,88.93999999999998,green
2568-1072,2568,2025-06-09,2025-06-15,100.0,56.666666666666664,0,2,5,12,41.666666666666664,68.80000000000001,3,4,75.0,66.86666666666666,green
2568-1073,2568,2025-06-09,2025-06-15,75.0,62.5,0,4,10,24,41.666666666666664,82.61999999999999,1,8,12.5,86.1,green
2568-1074,2568,2025-06-09,2025-06-15,25.0,25.0,0,0,3,24,12.5,48.96666666666667,4,8,50.0,52.724999999999994,orange
2568-1075,2568,2025-06-09,2025-06-15,,30.0,2,0,1,12,8.333333333333334,55.5,0,4,0.0,,red
2568-1076,2568,2025-06-09,2025-06-15,100.0,80.0,0,9,14,24,58.333333333333336,81.42142857142856,7,8,87.5,75.27142857142859,green
2568-1077,2568,2025-06-09,2025-06-15,75.0,70.0,0,1,13,24,54.166666666666664,74.16153846153846,2,8,25.0,78.05000000000001,green
2568-1078,2568,2025-06-09,2025-06-15,75.0,83.33333333333333,0,3,7,24,29.166666666666668,90.57142857142857,2,8,25.0,84.94999999999999,green
2568-1079,2568,2025-06-09,2025-06-15,75.0,80.0,0,2,10,24,41.666666666666664,78.92,2,8,25.0,90.0,green
2568-1080,2568,2025-06-09,2025-06-15,75.0,72.5,0,2,8,24,33.333333333333336,76.9375,2,8,25.0,82.2,green
2568-1081,2568,2025-06-09,2025-06-15,100.0,87.5,0,2,11,24,45.833333333333336,84.31818181818181,4,8,50.0,77.94999999999999,green
2568-1082,2568,2025-06-09,2025-06-15,100.0,87.5,0,6,5,24,20.833333333333332,87.22,3,8,37.5,83.0,green
2568-1083,2568,2025-06-09,2025-06-15,50.0,25.0,0,0,1,12,8.333333333333334,64.6,0,4,0.0,,yellow
2568-1084,2568,2025-06-09,2025-06-15,75.0,90.0,0,2,18,24,75.0,82.13333333333333,4,8,50.0,83.95,green
2568-1085,2568,2025-06-09,2025-06-15,75.0,70.83333333333333,0,3,8,24,33.333333333333336,75.4,2,8,25.0,77.69999999999999,green
2568-1086,2568,2025-06-09,2025-06-15,50.0,60.0,0,0,6,12,50.0,69.8,1,4,25.0,61.5,yellow
2568-1087,2568,2025-06-09,2025-06-15,,76.92307692307692,0,1,12,24,50.0,73.06666666666665,3,8,37.5,87.23333333333333,green
2568-1088,2568,2025-06-09,2025-06-15,75.0,80.0,0,1,8,24,33.333333333333336,84.475,4,8,50.0,74.175,green
2568-1089,2568,2025-06-09,2025-06-15,0.0,58.333333333333336,1,0,0,12,0.0,,0,4,0.0,,red
2568-1090,2568,2025-06-09,2025-06-15,,45.0,0,1,0,24,0.0,,0,8,0.0,,green
2568-1091,2568,2025-06-09,2025-06-15,100.0,100.0,0,10,8,12,66.66666666666667,89.55000000000001,2,4,50.0,91.5,green
2568-1092,2568,2025-06-09,2025-06-15,,80.0,0,0,2,12,16.666666666666668,67.25,1,4,25.0,70.9,green
2568-1093,2568,2025-06-09,2025-06-15,66.66666666666667,97.77777777777777,0,0,12,18,66.66666666666667,89.50833333333334,3,6,50.0,88.36666666666667,yellow
2568-1094,2568,2025-06-09,2025-06-15,100.0,84.44444444444444,0,1,9,18,50.0,89.58888888888889,6,6,100.0,81.39999999999999,green
2568-1095,2568,2025-06-09,2025-06-15,50.0,58.333333333333336,0,0,10,24,41.666666666666664,65.4,5,8,62.5,66.38000000000001,yellow
2568-1096,2568,2025-06-09,2025-06-15,100.0,95.0,0,15,17,24,70.83333333333333,81.40588235294118,6,8,75.0,86.21666666666665,green
2568-1097,2568,2025-06-09,2025-06-15,100.0,100.0,0,15,8,12,66.66666666666667,88.45,3,4,75.0,89.89999999999999,green
2568-1098,2568,2025-06-09,2025-06-15,50.0,36.666666666666664,0,0,3,12,25.0,67.16666666666667,1,4,25.0,55.4,yellow
2568-1099,2568,2025-06-09,2025-06-15,50.0,85.0,0,0,17,24,70.83333333333333,84.78235294117648,8,8,100.0,86.6875,yellow
2568-1100,2568,2025-06-09,2025-06-15,,50.0,0,0,3,18,16.666666666666668,70.46666666666665,0,6,0.0,,green
2568-1101,2568,2025-06-09,2025-06-15,100.0,86.66666666666667,0,8,8,12,66.66666666666667,81.45,3,4,75.0,83.53333333333335,green
2568-1102,2568,2025-06-09,2025-06-15,100.0,97.77777777777777,0,10,13,18,72.22222222222223,88.76923076923077,6,6,100.0,87.96666666666665,green
2568-1103,2568,2025-06-09,2025-06-15,,56.25,0,2,3,24,12.5,75.56666666666666,0,8,0.0,,green
2568-1104,2568,2025-06-09,2025-06-15,75.0,53.333333333333336,0,3,14,24,58.333333333333336,65.0857142857143,6,8,75.0,70.11666666666667,green
2568-1105,2568,2025-06-09,2025-06-15,66.66666666666667,75.55555555555556,0,0,11,18,61.111111111111114,83.29090909090908,4,6,66.66666666666667,76.175,yellow
2568-1106,2568,2025-06-09,2025-06-15,100.0,75.0,0,1,11,24,45.833333333333336,71.77272727272728,3,8,37.5,63.86666666666667,green
2568-1107,2568,2025-06-09,2025-06-15,100.0,100.0,0,2,4,24,16.666666666666668,85.925,0,8,0.0,,green
2568-1108,2568,2025-06-09,2025-06-15,66.66666666666667,66.66666666666667,0,0,11,18,61.111111111111114,76.16363636363636,3,6,50.0,80.06666666666666,yellow
2568-1109,2568,2025-06-09,2025-06-15,66.66666666666667,66.66666666666667,0,0,8,18,44.44444444444444,76.975,3,6,50.0,73.96666666666665,yellow
2568-1110,2568,2025-06-09,2025-06-15,100.0,86.66666666666667,0,2,11,18,61.111111111111114,85.73636363636363,2,6,33.333333333333336,82.15,green
2568-1111,2568,2025-06-09,2025-06-15,75.0,71.66666666666667,0,1,12,24,50.0,85.025,4,8,50.0,80.8,green
2568-1112,2568,2025-06-09,2025-06-15,100.0,78.33333333333333,0,6,13,24,54.166666666666664,77.42307692307692,5,8,62.5,74.49999999999999,green
2568-1113,2568,2025-06-09,2025-06-15,25.0,25.0,0,0,2,24,8.333333333333334,64.6,0,8,0.0,,orange
2568-1114,2568,2025-06-09,2025-06-15,100.0,85.0,0,10,13,24,54.166666666666664,79.7076923076923,4,8,50.0,85.0,green
2568-1115,2568,2025-06-09,2025-06-15,75.0,75.0,0,2,3,24,12.5,80.16666666666667,0,8,0.0,,green
2568-1116,2568,2025-06-09,2025-06-15,100.0,75.0,0,1,3,12,25.0,66.03333333333333,2,4,50.0,90.4,green
2568-1117,2568,2025-06-09,2025-06-15,75.0,86.66666666666667,0,14,13,24,54.166666666666664,77.45384615384616,5,8,62.5,80.16,green
2568-1118,2568,2025-06-09,2025-06-15,50.0,51.666666666666664,0,0,13,24,54.166666666666664,72.89999999999999,4,8,50.0,74.72500000000001,yellow
2568-1119,2568,2025-06-09,2025-06-15,25.0,55.0,0,0,13,24,54.166666666666664,77.38461538461539,1,8,12.5,67.1,orange
2568-1120,2568,2025-06-09,2025-06-15,100.0,100.0,0,2,3,18,16.666666666666668,88.83333333333333,0,6,0.0,,green
2568-1121,2568,2025-06-09,2025-06-15,,68.75,0,1,5,24,20.833333333333332,78.82,0,8,0.0,,green
2568-1122,2568,2025-06-09,2025-06-15,75.0,75.0,0,6,13,24,54.166666666666664,69.23846153846155,6,8,75.0,65.33333333333333,green
2568-1123,2568,2025-06-09,2025-06-15,75.0,66.66666666666667,0,1,6,24,25.0,69.78333333333333,4,8,50.0,63.125,green
2568-1124,2568,2025-06-09,2025-06-15,75.0,83.33333333333333,0,7,9,24,37.5,74.46666666666667,5,8,62.5,73.84,green
2568-1125,2568,2025-06-09,2025-06-15,100.0,88.33333333333333,0,5,12,24,50.0,77.03333333333333,4,8,50.0,81.125,green
2568-1126,2568,2025-06-09,2025-06-15,50.0,75.0,0,0,11,24,45.833333333333336,76.05454545454546,0,8,0.0,,yellow
2568-1127,2568,2025-06-09,2025-06-15,25.0,62.5,0,0,4,24,16.666666666666668,76.675,3,8,37.5,66.33333333333333,orange
2568-1128,2568,2025-06-09,2025-06-15,100.0,90.0,0,3,8,12,66.66666666666667,77.44999999999999,0,4,0.0,,green
2568-1129,2568,2025-06-09,2025-06-15,100.0,97.5,0,10,15,24,62.5,86.24,4,8,50.0,82.9,green
2568-1130,2568,2025-06-09,2025-06-15,66.66666666666667,75.55555555555556,0,0,9,18,50.0,76.63333333333333,4,6,66.66666666666667,85.5,yellow
2568-1131,2568,2025-06-09,2025-06-15,75.0,75.0,0,3,17,24,70.83333333333333,83.17647058823529,6,8,75.0,83.85000000000001,green
2568-1132,2568,2025-06-09,2025-06-15,100.0,96.66666666666667,0,15,17,24,70.83333333333333,87.11764705882354,8,8,100.0,86.875,green
2568-1133,2568,2025-06-09,2025-06-15,100.0,93.33333333333333,0,15,18,24,75.0,86.89444444444445,6,8,75.0,82.73333333333333,green
2568-1134,2568,2025-06-09,2025-06-15,75.0,80.0,0,4,12,24,50.0,82.39166666666667,2,8,25.0,76.0,green
2568-1135,2568,2025-06-09,2025-06-15,,83.33333333333333,0,5,9,24,37.5,76.54444444444444,3,8,37.5,77.2,green
2568-1136,2568,2025-06-09,2025-06-15,100.0,100.0,0,6,5,18,27.77777777777778,93.94,3,6,50.0,86.93333333333334,green
2568-1137,2568,2025-06-09,2025-06-15,75.0,90.0,0,6,16,24,66.66666666666667,86.38125,6,8,75.0,82.76666666666667,green
2568-1138,2568,2025-06-09,2025-06-15,75.0,72.5,0,3,14,24,58.333333333333336,75.92142857142858,3,8,37.5,75.10000000000001,green
2568-1139,2568,2025-06-09,2025-06-15,100.0,66.66666666666667,0,1,14,24,58.333333333333336,69.72857142857143,6,8,75.0,66.73333333333333,green
2568-1140,2568,2025-06-09,2025-06-15,100.0,80.0,0,2,13,18,72.22222222222223,82.39230769230768,5,6,83.33333333333333,86.58000000000001,green
2568-1141,2568,2025-06-09,2025-06-15,66.66666666666667,82.22222222222223,0,0,11,18,61.111111111111114,78.30909090909091,5,6,83.33333333333333,80.75999999999999,yellow
2568-1142,2568,2025-06-09,2025-06-15,50.0,70.0,0,0,13,24,54.166666666666664,78.83076923076922,2,8,25.0,67.85,yellow
2568-1143,2568,2025-06-09,2025-06-15,66.66666666666667,91.11111111111111,0,0,13,18,72.22222222222223,82.73076923076923,5,6,83.33333333333333,79.3,yellow
2568-1144,2568,2025-06-09,2025-06-15,,55.55555555555556,0,1,4,12,33.333333333333336,75.625,2,4,50.0,57.55,green
2568-1145,2568,2025-06-09,2025-06-15,75.0,81.66666666666667,0,3,18,24,75.0,84.47222222222223,6,8,75.0,87.31666666666668,green
2568-1146,2568,2025-06-09,2025-06-15,33.333333333333336,53.333333333333336,0,0,8,18,44.44444444444444,61.662499999999994,2,6,33.333333333333336,60.6,orange
2568-1147,2568,2025-06-09,2025-06-15,,38.888888888888886,0,0,5,24,20.833333333333332,72.06000000000002,2,8,25.0,58.25,green
2568-1148,2568,2025-06-09,2025-06-15,100.0,84.44444444444444,0,1,11,18,61.111111111111114,81.45454545454545,5,6,83.33333333333333,76.24,green
2568-1149,2568,2025-06-09,2025-06-15,66.66666666666667,66.66666666666667,0,0,2,18,11.11111111111111,84.15,0,6,0.0,,yellow
2568-1150,2568,2025-06-09,2025-06-15,66.66666666666667,71.11111111111111,0,0,10,18,55.55555555555556,71.74999999999999,6,6,100.0,72.8,yellow
2568-1151,2568,2025-06-09,2025-06-15,100.0,80.0,0,1,10,18,55.55555555555556,82.7,5,6,83.33333333333333,76.68,green
2568-1152,2568,2025-06-09,2025-06-15,75.0,78.33333333333333,0,7,14,24,58.333333333333336,83.35,5,8,62.5,77.4,green
2568-1153,2568,2025-06-09,2025-06-15,75.0,82.5,0,9,14,24,58.333333333333336,83.45714285714287,4,8,50.0,86.775,green
2568-1154,2568,2025-06-09,2025-06-15,,62.5,1,0,4,12,33.333333333333336,82.5,2,4,50.0,89.55,green
2568-1155,2568,2025-06-09,2025-06-15,,28.205128205128204,0,0,4,18,22.22222222222222,66.92500000000001,1,6,16.666666666666668,63.8,green
2568-1156,2568,2025-06-09,2025-06-15,25.0,60.0,0,0,12,24,50.0,73.69166666666668,5,8,62.5,69.94,orange
2568-1157,2568,2025-06-09,2025-06-15,75.0,86.66666666666667,0,4,16,24,66.66666666666667,71.1375,7,8,87.5,76.95714285714284,green
2568-1158,2568,2025-06-09,2025-06-15,75.0,86.66666666666667,0,13,18,24,75.0,87.41666666666667,7,8,87.5,89.42857142857143,green
2568-1159,2568,2025-06-09,2025-06-15,100.0,100.0,0,10,11,18,61.111111111111114,90.77272727272727,3,6,50.0,86.7,green
2568-1160,2568,2025-06-09,2025-06-15,100.0,85.0,0,10,9,24,37.5,86.58888888888889,3,8,37.5,90.39999999999999,green
2568-1001,2568,2025-06-16,2025-06-22,25.0,33.333333333333336,0,0,2,24,8.333333333333334,65.5,0,8,0.0,,orange
2568-1002,2568,2025-06-16,2025-06-22,50.0,67.1875,0,0,14,24,58.333333333333336,82.65714285714286,5,8,62.5,70.32000000000001,yellow
2568-1003,2568,2025-06-16,2025-06-22,50.0,59.375,0,0,8,24,33.333333333333336,60.5625,5,8,62.5,67.6,yellow
2568-1004,2568,2025-06-16,2025-06-22,75.0,67.1875,0,2,14,24,58.333333333333336,73.12857142857143,6,8,75.0,79.05000000000001,green
2568-1005,2568,2025-06-16,2025-06-22,75.0,65.625,0,1,9,24,37.5,72.15555555555557,2,8,25.0,84.4,green
2568-1006,2568,2025-06-16,2025-06-22,100.0,66.66666666666667,0,1,11,18,61.111111111111114,83.10909090909091,3,6,50.0,81.49999999999999,green
2568-1007,2568,2025-06-16,2025-06-22,100.0,63.63636363636363,0,5,10,24,41.666666666666664,75.5,3,8,37.5,77.7,green
2568-1008,2568,2025-06-16,2025-06-22,100.0,61.36363636363637,0,2,6,24,25.0,75.46666666666667,2,8,25.0,69.1,green
2568-1009,2568,2025-06-16,2025-06-22,100.0,100.0,0,3,3,24,12.5,83.93333333333334,0,8,0.0,,green
2568-1010,2568,2025-06-16,2025-06-22,50.0,81.81818181818181,0,0,13,24,54.166666666666664,76.14615384615384,4,8,50.0,84.2,yellow
2568-1011,2568,2025-06-16,2025-06-22,100.0,100.0,0,3,4,24,16.666666666666668,79.45,0,8,0.0,,green
2568-1012,2568,2025-06-16,2025-06-22,100.0,96.875,0,3,8,12,66.66666666666667,85.85,2,4,50.0,89.69999999999999,green
2568-1013,2568,2025-06-16,2025-06-22,75.0,68.18181818181819,0,2,10,24,41.666666666666664,85.19000000000001,3,8,37.5,75.3,green
2568-1014,2568,2025-06-16,2025-06-22,25.0,71.875,0,0,10,24,41.666666666666664,77.15,7,8,87.5,76.77142857142859,orange
2568-1015,2568,2025-06-16,2025-06-22,,40.0,0,0,2,12,16.666666666666668,72.4,0,4,0.0,,green
2568-1016,2568,2025-06-16,2025-06-22,100.0,84.375,0,16,17,24,70.83333333333333,94.39999999999999,5,8,62.5,83.35999999999999,green
2568-1017,2568,2025-06-16,2025-06-22,100.0,73.4375,0,1,12,24,50.0,78.675,5,8,62.5,76.4,green
2568-1018,2568,2025-06-16,2025-06-22,33.333333333333336,57.57575757575758,0,0,7,18,38.888888888888886,70.32857142857144,3,6,50.0,83.33333333333333,orange
2568-1019,2568,2025-06-16,2025-06-22,50.0,71.42857142857143,0,0,8,24,33.333333333333336,83.3375,4,8,50.0,84.5,yellow
2568-1020,2568,2025-06-16,2025-06-22,100.0,70.45454545454545,0,1,14,24,58.333333333333336,83.95714285714287,3,8,37.5,75.2,green
2568-1021,2568,2025-06-16,2025-06-22,100.0,89.0625,0,14,15,24,62.5,83.31333333333332,8,8,100.0,84.44999999999999,green
2568-1022,2568,2025-06-16,2025-06-22,100.0,58.333333333333336,0,1,12,18,66.66666666666667,75.25,3,6,50.0,85.10000000000001,green
2568-1023,2568,2025-06-16,2025-06-22,50.0,50.0,0,0,5,12,41.666666666666664,82.47999999999999,1,4,25.0,56.0,yellow
2568-1024,2568,2025-06-16,2025-06-22,0.0,81.81818181818181,1,0,4,12,33.333333333333336,70.375,2,4,50.0,81.3,red
2568-1025,2568,2025-06-16,2025-06-22,50.0,75.0,0,0,1,12,8.333333333333334,81.4,2,4,50.0,84.55000000000001,yellow
2568-1026,2568,2025-06-16,2025-06-22,25.0,67.1875,0,0,13,24,54.166666666666664,73.13846153846154,7,8,87.5,74.07142857142857,orange
2568-1027,2568,2025-06-16,2025-06-22,50.0,85.9375,0,0,17,24,70.83333333333333,84.55882352941177,8,8,100.0,69.9875,yellow
2568-1028,2568,2025-06-16,2025-06-22,100.0,87.5,0,3,16,24,66.66666666666667,80.825,7,8,87.5,80.47142857142856,green
2568-1029,2568,2025-06-16,2025-06-22,100.0,95.3125,0,16,16,24,66.66666666666667,89.8,7,8,87.5,86.4857142857143,green
2568-1030,2568,2025-06-16,2025-06-22,75.0,95.3125,0,16,15,24,62.5,82.29999999999998,5,8,62.5,76.76,green
2568-1031,2568,2025-06-16,2025-06-22,50.0,57.8125,0,0,12,24,50.0,69.88333333333333,4,8,50.0,74.5,yellow
2568-1032,2568,2025-06-16,2025-06-22,100.0,96.875,0,16,19,24,79.16666666666667,87.03684210526316,6,8,75.0,88.34999999999998,green
2568-1033,2568,2025-06-16,2025-06-22,50.0,68.75,0,0,7,12,58.333333333333336,68.4857142857143,3,4,75.0,76.53333333333332,yellow
2568-1034,2568,2025-06-16,2025-06-22,100.0,87.87878787878788,0,2,9,18,50.0,74.33333333333333,2,6,33.333333333333336,59.15,green
2568-1035,2568,2025-06-16,2025-06-22,100.0,81.81818181818181,0,1,6,12,50.0,73.01666666666667,2,4,50.0,72.15,green
2568-1036,2568,2025-06-16,2025-06-22,50.0,70.3125,0,0,15,24,62.5,76.78666666666666,6,8,75.0,78.68333333333334,yellow
2568-1037,2568,2025-06-16,2025-06-22,100.0,97.91666666666667,0,1,14,18,77.77777777777777,93.15714285714284,6,6,100.0,87.05,green
2568-1038,2568,2025-06-16,2025-06-22,66.66666666666667,50.0,0,0,5,18,27.77777777777778,78.1,2,6,33.333333333333336,79.25,yellow
2568-1039,2568,2025-06-16,2025-06-22,100.0,76.19047619047619,0,1,4,18,22.22222222222222,79.52499999999999,2,6,33.333333333333336,86.2,green
2568-1040,2568,2025-06-16,2025-06-22,100.0,58.333333333333336,0,1,8,18,44.44444444444444,66.5375,4,6,66.66666666666667,77.425,green
2568-1041,2568,2025-06-16,2025-06-22,75.0,62.5,0,2,15,24,62.5,69.59333333333333,4,8,50.0,69.425,green
2568-1042,2568,2025-06-16,2025-06-22,75.0,90.9090909090909,0,11,12,24,50.0,88.23333333333333,4,8,50.0,80.475,green
2568-1043,2568,2025-06-16,2025-06-22,100.0,62.5,0,6,10,24,41.666666666666664,70.53999999999999,4,8,50.0,68.475,green
2568-1044,2568,2025-06-16,2025-06-22,,46.15384615384615,0,1,2,12,16.666666666666668,73.05,2,4,50.0,51.25,green
2568-1045,2568,2025-06-16,2025-06-22,100.0,98.4375,0,16,18,24,75.0,85.36666666666667,6,8,75.0,91.85000000000001,green
2568-1046,2568,2025-06-16,2025-06-22,,94.23076923076923,0,13,15,24,62.5,85.71333333333334,7,8,87.5,83.05714285714285,green
2568-1047,2568,2025-06-16,2025-06-22,100.0,78.125,0,13,11,24,45.833333333333336,74.7909090909091,6,8,75.0,75.60000000000001,green
2568-1048,2568,2025-06-16,2025-06-22,100.0,97.91666666666667,0,4,13,18,72.22222222222223,87.03076923076924,5,6,83.33333333333333,92.58000000000001,green
2568-1049,2568,2025-06-16,2025-06-22,100.0,66.66666666666667,0,1,12,18,66.66666666666667,75.89166666666667,2,6,33.333333333333336,83.0,green
2568-1050,2568,2025-06-16,2025-06-22,100.0,76.5625,0,1,10,24,41.666666666666664,76.91999999999999,7,8,87.5,86.78571428571429,green
2568-1051,2568,2025-06-16,2025-06-22,50.0,46.875,0,0,4,12,33.333333333333336,71.125,3,4,75.0,61.366666666666674,yellow
2568-1052,2568,2025-06-16,2025-06-22,100.0,92.1875,0,14,17,24,70.83333333333333,88.72941176470587,6,8,75.0,89.41666666666667,green
2568-1053,2568,2025-06-16,2025-06-22,100.0,71.875,0,2,8,12,66.66666666666667,75.27499999999999,3,4,75.0,74.83333333333333,green
2568-1054,2568,2025-06-16,2025-06-22,100.0,100.0,0,11,11,18,61.111111111111114,85.69090909090909,3,6,50.0,82.36666666666667,green
2568-1055,2568,2025-06-16,2025-06-22,75.0,68.75,0,3,15,24,62.5,75.06666666666666,5,8,62.5,76.7,green
2568-1056,2568,2025-06-16,2025-06-22,75.0,67.1875,0,3,14,24,58.333333333333336,71.0,4,8,50.0,78.275,green
2568-1057,2568,2025-06-16,2025-06-22,100.0,100.0,0,16,17,24,70.83333333333333,90.41764705882352,7,8,87.5,89.75714285714285,green
2568-1058,2568,2025-06-16,2025-06-22,100.0,100.0,0,16,9,12,75.0,84.42222222222222,4,4,100.0,83.175,green
2568-1059,2568,2025-06-16,2025-06-22,100.0,96.96969696969697,0,3,11,18,61.111111111111114,85.09090909090911,1,6,16.666666666666668,84.7,green
2568-1060,2568,2025-06-16,2025-06-22,0.0,71.42857142857143,1,0,3,12,25.0,59.199999999999996,2,4,50.0,83.15,red
2568-1061,2568,2025-06-16,2025-06-22,100.0,71.875,0,4,10,24,41.666666666666664,73.22999999999999,5,8,62.5,75.88000000000001,green
2568-1062,2568,2025-06-16,2025-06-22,33.333333333333336,61.904761904761905,0,0,4,18,22.22222222222222,75.575,3,6,50.0,68.43333333333334,orange
2568-1063,2568,2025-06-16,2025-06-22,25.0,78.57142857142857,0,0,7,24,29.166666666666668,77.87142857142858,4,8,50.0,73.575,orange
2568-1064,2568,2025-06-16,2025-06-22,,50.0,0,0,2,12,16.666666666666668,94.35,2,4,50.0,78.1,green
2568-1065,2568,2025-06-16,2025-06-22,100.0,92.85714285714286,0,3,3,12,25.0,77.86666666666667,1,4,25.0,83.6,green
2568-1066,2568,2025-06-16,2025-06-22,50.0,60.9375,0,0,13,24,54.166666666666664,66.38461538461537,3,8,37.5,64.33333333333333,yellow
2568-1067,2568,2025-06-16,2025-06-22,50.0,35.714285714285715,0,0,4,24,16.666666666666668,61.9,3,8,37.5,62.53333333333334,yellow
2568-1068,2568,2025-06-16,2025-06-22,100.0,95.83333333333333,0,1,12,18,66.66666666666667,80.99166666666666,6,6,100.0,92.28333333333332,green
2568-1069,2568,2025-06-16,2025-06-22,100.0,87.5,0,3,17,24,70.83333333333333,82.78235294117648,4,8,50.0,69.575,green
2568-1070,2568,2025-06-16,2025-06-22,66.66666666666667,79.16666666666667,0,0,13,18,72.22222222222223,81.21538461538461,5,6,83.33333333333333,80.78,yellow
2568-1071,2568,2025-06-16,2025-06-22,66.66666666666667,85.41666666666667,0,0,10,18,55.55555555555556,88.88999999999999,5,6,83.33333333333333,88.93999999999998,yellow
2568-1072,2568,2025-06-16,2025-06-22,0.0,53.125,1,0,5,12,41.666666666666664,68.80000000000001,3,4,75.0,66.86666666666666,red
2568-1073,2568,2025-06-16,2025-06-22,50.0,61.36363636363637,0,0,10,24,41.666666666666664,82.61999999999999,1,8,12.5,86.1,yellow
2568-1074,2568,2025-06-16,2025-06-22,25.0,25.0,0,0,3,24,12.5,48.96666666666667,4,8,50.0,52.724999999999994,orange
2568-1075,2568,2025-06-16,2025-06-22,,30.0,2,0,1,12,8.333333333333334,55.5,0,4,0.0,,red
2568-1076,2568,2025-06-16,2025-06-22,75.0,79.6875,0,10,14,24,58.333333333333336,81.42142857142856,7,8,87.5,75.27142857142859,green
2568-1077,2568,2025-06-16,2025-06-22,75.0,70.45454545454545,0,2,13,24,54.166666666666664,74.16153846153846,2,8,25.0,78.05000000000001,green
2568-1078,2568,2025-06-16,2025-06-22,75.0,82.14285714285714,0,4,7,24,29.166666666666668,90.57142857142857,2,8,25.0,84.94999999999999,green
2568-1079,2568,2025-06-16,2025-06-22,100.0,81.81818181818181,0,3,10,24,41.666666666666664,78.92,2,8,25.0,90.0,green
2568-1080,2568,2025-06-16,2025-06-22,75.0,72.72727272727273,0,3,8,24,33.333333333333336,76.9375,2,8,25.0,82.2,green
2568-1081,2568,2025-06-16,2025-06-22,100.0,88.63636363636364,0,3,11,24,45.833333333333336,84.31818181818181,4,8,50.0,77.94999999999999,green
2568-1082,2568,2025-06-16,2025-06-22,100.0,89.28571428571429,0,7,5,24,20.833333333333332,87.22,3,8,37.5,83.0,green
2568-1083,2568,2025-06-16,2025-06-22,50.0,33.333333333333336,0,0,1,12,8.333333333333334,64.6,0,4,0.0,,yellow
2568-1084,2568,2025-06-16,2025-06-22,100.0,90.625,0,3,18,24,75.0,82.13333333333333,4,8,50.0,83.95,green
2568-1085,2568,2025-06-16,2025-06-22,75.0,71.42857142857143,0,4,8,24,33.333333333333336,75.4,2,8,25.0,77.69999999999999,green
2568-1086,2568,2025-06-16,2025-06-22,0.0,56.25,1,0,6,12,50.0,69.8,1,4,25.0,61.5,red
2568-1087,2568,2025-06-16,2025-06-22,,76.92307692307692,0,1,12,24,50.0,73.06666666666665,3,8,37.5,87.23333333333333,green
2568-1088,2568,2025-06-16,2025-06-22,75.0,79.54545454545455,0,2,8,24,33.333333333333336,84.475,4,8,50.0,74.175,green
2568-1089,2568,2025-06-16,2025-06-22,0.0,50.0,2,0,0,12,0.0,,0,4,0.0,,red
2568-1090,2568,2025-06-16,2025-06-22,,45.0,0,1,0,24,0.0,,0,8,0.0,,green
2568-1091,2568,2025-06-16,2025-06-22,100.0,100.0,0,11,8,12,66.66666666666667,89.55000000000001,2,4,50.0,91.5,green
2568-1092,2568,2025-06-16,2025-06-22,,80.0,0,0,2,12,16.666666666666668,67.25,1,4,25.0,70.9,green
2568-1093,2568,2025-06-16,2025-06-22,100.0,97.91666666666667,0,1,12,18,66.66666666666667,89.50833333333334,3,6,50.0,88.36666666666667,green
2568-1094,2568,2025-06-16,2025-06-22,100.0,85.41666666666667,0,2,9,18,50.0,89.58888888888889,6,6,100.0,81.39999999999999,green
2568-1095,2568,2025-06-16,2025-06-22,50.0,57.8125,0,0,10,24,41.666666666666664,65.4,5,8,62.5,66.38000000000001,yellow
2568-1096,2568,2025-06-16,2025-06-22,100.0,95.3125,0,16,17,24,70.83333333333333,81.40588235294118,6,8,75.0,86.21666666666665,green
2568-1097,2568,2025-06-16,2025-06-22,100.0,100.0,0,16,8,12,66.66666666666667,88.45,3,4,75.0,89.89999999999999,green
2568-1098,2568,2025-06-16,2025-06-22,50.0,37.5,0,0,3,12,25.0,67.16666666666667,1,4,25.0,55.4,yellow
2568-1099,2568,2025-06-16,2025-06-22,100.0,85.9375,0,1,17,24,70.83333333333333,84.78235294117648,8,8,100.0,86.6875,green
2568-1100,2568,2025-06-16,2025-06-22,,50.0,0,0,3,18,16.666666666666668,70.46666666666665,0,6,0.0,,green
2568-1101,2568,2025-06-16,2025-06-22,100.0,87.5,0,9,8,12,66.66666666666667,81.45,3,4,75.0,83.53333333333335,green
2568-1102,2568,2025-06-16,2025-06-22,100.0,97.91666666666667,0,11,13,18,72.22222222222223,88.76923076923077,6,6,100.0,87.96666666666665,green
2568-1103,2568,2025-06-16,2025-06-22,,56.25,0,2,3,24,12.5,75.56666666666666,0,8,0.0,,green
2568-1104,2568,2025-06-16,2025-06-22,50.0,53.125,0,0,14,24,58.333333333333336,65.0857142857143,6,8,75.0,70.11666666666667,yellow
2568-1105,2568,2025-06-16,2025-06-22,100.0,77.08333333333333,0,1,11,18,61.111111111111114,83.29090909090908,4,6,66.66666666666667,76.175,green
2568-1106,2568,2025-06-16,2025-06-22,75.0,75.0,0,2,11,24,45.833333333333336,71.77272727272728,3,8,37.5,63.86666666666667,green
2568-1107,2568,2025-06-16,2025-06-22,75.0,91.66666666666667,0,3,4,24,16.666666666666668,85.925,0,8,0.0,,green
2568-1108,2568,2025-06-16,2025-06-22,100.0,68.75,0,1,11,18,61.111111111111114,76.16363636363636,3,6,50.0,80.06666666666666,green
2568-1109,2568,2025-06-16,2025-06-22,33.333333333333336,64.58333333333333,0,0,8,18,44.44444444444444,76.975,3,6,50.0,73.96666666666665,orange
2568-1110,2568,2025-06-16,2025-06-22,100.0,87.87878787878788,0,3,11,18,61.111111111111114,85.73636363636363,2,6,33.333333333333336,82.15,green
2568-1111,2568,2025-06-16,2025-06-22,75.0,71.875,0,2,12,24,50.0,85.025,4,8,50.0,80.8,green
2568-1112,2568,2025-06-16,2025-06-22,75.0,78.125,0,7,13,24,54.166666666666664,77.42307692307692,5,8,62.5,74.49999999999999,green
2568-1113,2568,2025-06-16,2025-06-22,50.0,33.333333333333336,0,0,2,24,8.333333333333334,64.6,0,8,0.0,,yellow
2568-1114,2568,2025-06-16,2025-06-22,100.0,86.36363636363636,0,11,13,24,54.166666666666664,79.7076923076923,4,8,50.0,85.0,green
2568-1115,2568,2025-06-16,2025-06-22,50.0,66.66666666666667,0,0,3,24,12.5,80.16666666666667,0,8,0.0,,yellow
2568-1116,2568,2025-06-16,2025-06-22,100.0,78.57142857142857,0,2,3,12,25.0,66.03333333333333,2,4,50.0,90.4,green
2568-1117,2568,2025-06-16,2025-06-22,50.0,84.375,0,0,13,24,54.166666666666664,77.45384615384616,5,8,62.5,80.16,yellow
2568-1118,2568,2025-06-16,2025-06-22,100.0,54.6875,0,1,13,24,54.166666666666664,72.89999999999999,4,8,50.0,74.72500000000001,green
2568-1119,2568,2025-06-16,2025-06-22,50.0,54.54545454545455,0,0,13,24,54.166666666666664,77.38461538461539,1,8,12.5,67.1,yellow
2568-1120,2568,2025-06-16,2025-06-22,66.66666666666667,88.88888888888889,0,0,3,18,16.666666666666668,88.83333333333333,0,6,0.0,,yellow
2568-1121,2568,2025-06-16,2025-06-22,,68.75,0,1,5,24,20.833333333333332,78.82,0,8,0.0,,green
2568-1122,2568,2025-06-16,2025-06-22,100.0,76.5625,0,7,13,24,54.166666666666664,69.23846153846155,6,8,75.0,65.33333333333333,green
2568-1123,2568,2025-06-16,2025-06-22,50.0,65.625,0,0,6,24,25.0,69.78333333333333,4,8,50.0,63.125,yellow
2568-1124,2568,2025-06-16,2025-06-22,75.0,82.8125,0,8,9,24,37.5,74.46666666666667,5,8,62.5,73.84,green
2568-1125,2568,2025-06-16,2025-06-22,100.0,89.0625,0,6,12,24,50.0,77.03333333333333,4,8,50.0,81.125,green
2568-1126,2568,2025-06-16,2025-06-22,100.0,77.27272727272727,0,1,11,24,45.833333333333336,76.05454545454546,0,8,0.0,,green
2568-1127,2568,2025-06-16,2025-06-22,100.0,67.85714285714286,0,1,4,24,16.666666666666668,76.675,3,8,37.5,66.33333333333333,green
2568-1128,2568,2025-06-16,2025-06-22,50.0,86.36363636363636,0,0,8,12,66.66666666666667,77.44999999999999,0,4,0.0,,yellow
2568-1129,2568,2025-06-16,2025-06-22,100.0,97.72727272727273,0,11,15,24,62.5,86.24,4,8,50.0,82.9,green
2568-1130,2568,2025-06-16,2025-06-22,100.0,77.08333333333333,0,1,9,18,50.0,76.63333333333333,4,6,66.66666666666667,85.5,green
2568-1131,2568,2025-06-16,2025-06-22,25.0,71.875,0,0,17,24,70.83333333333333,83.17647058823529,6,8,75.0,83.85000000000001,orange
2568-1132,2568,2025-06-16,2025-06-22,100.0,96.875,0,16,17,24,70.83333333333333,87.11764705882354,8,8,100.0,86.875,green
2568-1133,2568,2025-06-16,2025-06-22,100.0,93.75,0,16,18,24,75.0,86.89444444444445,6,8,75.0,82.73333333333333,green
2568-1134,2568,2025-06-16,2025-06-22,75.0,79.54545454545455,0,5,12,24,50.0,82.39166666666667,2,8,25.0,76.0,green
2568-1135,2568,2025-06-16,2025-06-22,,83.33333333333333,0,5,9,24,37.5,76.54444444444444,3,8,37.5,77.2,green
2568-1136,2568,2025-06-16,2025-06-22,100.0,100.0,0,7,5,18,27.77777777777778,93.94,3,6,50.0,86.93333333333334,green
2568-1137,2568,2025-06-16,2025-06-22,100.0,90.625,0,7,16,24,66.66666666666667,86.38125,6,8,75.0,82.76666666666667,green
2568-1138,2568,2025-06-16,2025-06-22,100.0,75.0,0,4,14,24,58.333333333333336,75.92142857142858,3,8,37.5,75.10000000000001,green
2568-1139,2568,2025-06-16,2025-06-22,75.0,67.1875,0,2,14,24,58.333333333333336,69.72857142857143,6,8,75.0,66.73333333333333,green
2568-1140,2568,2025-06-16,2025-06-22,100.0,81.25,0,3,13,18,72.22222222222223,82.39230769230768,5,6,83.33333333333333,86.58000000000001,green
2568-1141,2568,2025-06-16,2025-06-22,66.66666666666667,81.25,0,0,11,18,61.111111111111114,78.30909090909091,5,6,83.33333333333333,80.75999999999999,yellow
2568-1142,2568,2025-06-16,2025-06-22,50.0,68.75,0,0,13,24,54.166666666666664,78.83076923076922,2,8,25.0,67.85,yellow
2568-1143,2568,2025-06-16,2025-06-22,66.66666666666667,89.58333333333333,0,0,13,18,72.22222222222223,82.73076923076923,5,6,83.33333333333333,79.3,yellow
2568-1144,2568,2025-06-16,2025-06-22,,55.55555555555556,0,1,4,12,33.333333333333336,75.625,2,4,50.0,57.55,green
2568-1145,2568,2025-06-16,2025-06-22,75.0,81.25,0,4,18,24,75.0,84.47222222222223,6,8,75.0,87.31666666666668,green
2568-1146,2568,2025-06-16,2025-06-22,66.66666666666667,54.166666666666664,0,0,8,18,44.44444444444444,61.662499999999994,2,6,33.333333333333336,60.6,yellow
2568-1147,2568,2025-06-16,2025-06-22,,38.888888888888886,0,0,5,24,20.833333333333332,72.06000000000002,2,8,25.0,58.25,green
2568-1148,2568,2025-06-16,2025-06-22,100.0,85.41666666666667,0,2,11,18,61.111111111111114,81.45454545454545,5,6,83.33333333333333,76.24,green
2568-1149,2568,2025-06-16,2025-06-22,66.66666666666667,66.66666666666667,0,0,2,18,11.11111111111111,84.15,0,6,0.0,,yellow
2568-1150,2568,2025-06-16,2025-06-22,66.66666666666667,70.83333333333333,0,0,10,18,55.55555555555556,71.74999999999999,6,6,100.0,72.8,yellow
2568-1151,2568,2025-06-16,2025-06-22,100.0,81.25,0,2,10,18,55.55555555555556,82.7,5,6,83.33333333333333,76.68,green
2568-1152,2568,2025-06-16,2025-06-22,75.0,78.125,0,8,14,24,58.333333333333336,83.35,5,8,62.5,77.4,green
2568-1153,2568,2025-06-16,2025-06-22,25.0,77.27272727272727,0,0,14,24,58.333333333333336,83.45714285714287,4,8,50.0,86.775,orange
2568-1154,2568,2025-06-16,2025-06-22,,62.5,1,0,4,12,33.333333333333336,82.5,2,4,50.0,89.55,green
2568-1155,2568,2025-06-16,2025-06-22,,28.205128205128204,0,0,4,18,22.22222222222222,66.92500000000001,1,6,16.666666666666668,63.8,green
2568-1156,2568,2025-06-16,2025-06-22,50.0,59.375,0,0,12,24,50.0,73.69166666666668,5,8,62.5,69.94,yellow
2568-1157,2568,2025-06-16,2025-06-22,100.0,87.5,0,5,16,24,66.66666666666667,71.1375,7,8,87.5,76.95714285714284,green
2568-1158,2568,2025-06-16,2025-06-22,25.0,82.8125,0,0,18,24,75.0,87.41666666666667,7,8,87.5,89.42857142857143,orange
2568-1159,2568,2025-06-16,2025-06-22,100.0,100.0,0,11,11,18,61.111111111111114,90.77272727272727,3,6,50.0,86.7,green
2568-1160,2568,2025-06-16,2025-06-22,100.0,86.36363636363636,0,11,9,24,37.5,86.58888888888889,3,8,37.5,90.39999999999999,green
2568-1001,2568,2025-06-23,2025-06-29,50.0,37.5,0,0,2,24,8.333333333333334,65.5,3,12,25.0,73.96666666666665,yellow
2568-1002,2568,2025-06-23,2025-06-29,100.0,69.11764705882354,0,1,14,24,58.333333333333336,82.65714285714286,9,12,75.0,64.41111111111111,green
2568-1003,2568,2025-06-23,2025-06-29,50.0,58.8235294117647,0,0,8,24,33.333333333333336,60.5625,6,12,50.0,67.03333333333333,yellow
2568-1004,2568,2025-06-23,2025-06-29,100.0,69.11764705882354,0,3,14,24,58.333333333333336,73.12857142857143,9,12,75.0,76.62222222222222,green
2568-1005,2568,2025-06-23,2025-06-29,100.0,67.6470588235294,0,2,9,24,37.5,72.15555555555557,6,12,50.0,75.00000000000001,green
2568-1006,2568,2025-06-23,2025-06-29,66.66666666666667,66.66666666666667,0,0,11,18,61.111111111111114,83.10909090909091,5,9,55.55555555555556,83.64,yellow
2568-1007,2568,2025-06-23,2025-06-29,100.0,66.66666666666667,0,6,10,24,41.666666666666664,75.5,5,12,41.666666666666664,76.04,green
2568-1008,2568,2025-06-23,2025-06-29,50.0,60.416666666666664,0,0,6,24,25.0,75.46666666666667,5,12,41.666666666666664,78.62,yellow
2568-1009,2568,2025-06-23,2025-06-29,100.0,100.0,0,4,3,24,12.5,83.93333333333334,3,12,25.0,81.8,green
2568-1010,2568,2025-06-23,2025-06-29,75.0,81.25,0,1,13,24,54.166666666666664,76.14615384615384,7,12,58.333333333333336,81.71428571428571,green
2568-1011,2568,2025-06-23,2025-06-29,100.0,100.0,0,4,4,24,16.666666666666668,79.45,3,12,25.0,72.73333333333333,green
2568-1012,2568,2025-06-23,2025-06-29,100.0,97.05882352941177,0,4,8,12,66.66666666666667,85.85,3,6,50.0,83.46666666666665,green
2568-1013,2568,2025-06-23,2025-06-29,75.0,68.75,0,3,10,24,41.666666666666664,85.19000000000001,7,12,58.333333333333336,73.45714285714287,green
2568-1014,2568,2025-06-23,2025-06-29,50.0,70.58823529411765,0,0,10,24,41.666666666666664,77.15,7,12,58.333333333333336,76.77142857142859,yellow
2568-1015,2568,2025-06-23,2025-06-29,,40.0,0,0,2,12,16.666666666666668,72.4,0,6,0.0,,green
2568-1016,2568,2025-06-23,2025-06-29,75.0,83.82352941176471,0,17,17,24,70.83333333333333,94.39999999999999,7,12,58.333333333333336,84.2,green
2568-1017,2568,2025-06-23,2025-06-29,50.0,72.05882352941177,0,0,12,24,50.0,78.675,8,12,66.66666666666667,75.13749999999999,yellow
2568-1018,2568,2025-06-23,2025-06-29,100.0,61.111111111111114,0,1,7,18,38.888888888888886,70.32857142857144,5,9,55.55555555555556,78.2,green
2568-1019,2568,2025-06-23,2025-06-29,100.0,75.0,0,1,8,24,33.333333333333336,83.3375,7,12,58.333333333333336,82.02857142857144,green
2568-1020,2568,2025-06-23,2025-06-29,75.0,70.83333333333333,0,2,14,24,58.333333333333336,83.95714285714287,5,12,41.666666666666664,74.78,green
2568-1021,2568,2025-06-23,2025-06-29,75.0,88.23529411764706,0,15,15,24,62.5,83.31333333333332,11,12,91.66666666666667,80.28181818181817,green
2568-1022,2568,2025-06-23,2025-06-29,100.0,60.78431372549019,0,2,12,18,66.66666666666667,75.25,5,9,55.55555555555556,83.67999999999999,green
2568-1023,2568,2025-06-23,2025-06-29,50.0,50.0,0,0,5,12,41.666666666666664,82.47999999999999,1,6,16.666666666666668,56.0,yellow
2568-1024,2568,2025-06-23,2025-06-29,50.0,79.16666666666667,0,0,4,12,33.333333333333336,70.375,3,6,50.0,83.63333333333333,yellow
2568-1025,2568,2025-06-23,2025-06-29,50.0,73.52941176470588,0,0,1,12,8.333333333333334,81.4,3,6,50.0,80.83333333333334,yellow
2568-1026,2568,2025-06-23,2025-06-29,75.0,67.6470588235294,0,1,13,24,54.166666666666664,73.13846153846154,10,12,83.33333333333333,73.64,green
2568-1027,2568,2025-06-23,2025-06-29,100.0,86.76470588235294,0,1,17,24,70.83333333333333,84.55882352941177,12,12,100.0,74.00833333333334,green
2568-1028,2568,2025-06-23,2025-06-29,100.0,88.23529411764706,0,4,16,24,66.66666666666667,80.825,10,12,83.33333333333333,84.13999999999999,green
2568-1029,2568,2025-06-23,2025-06-29,100.0,95.58823529411765,0,17,16,24,66.66666666666667,89.8,9,12,75.0,88.83333333333334,green
2568-1030,2568,2025-06-23,2025-06-29,75.0,94.11764705882354,0,17,15,24,62.5,82.29999999999998,8,12,66.66666666666667,77.1375,green
2568-1031,2568,2025-06-23,2025-06-29,50.0,57.35294117647059,0,0,12,24,50.0,69.88333333333333,7,12,58.333333333333336,75.5,yellow
2568-1032,2568,2025-06-23,2025-06-29,100.0,97.05882352941177,0,17,19,24,79.16666666666667,87.03684210526316,9,12,75.0,88.85555555555555,green
2568-1033,2568,2025-06-23,2025-06-29,50.0,67.6470588235294,0,0,7,12,58.333333333333336,68.4857142857143,4,6,66.66666666666667,79.64999999999999,yellow
2568-1034,2568,2025-06-23,2025-06-29,100.0,88.88888888888889,0,3,9,18,50.0,74.33333333333333,4,9,44.44444444444444,66.65,green
2568-1035,2568,2025-06-23,2025-06-29,100.0,83.33333333333333,0,2,6,12,50.0,73.01666666666667,4,6,66.66666666666667,73.65,green
2568-1036,2568,2025-06-23,2025-06-29,75.0,70.58823529411765,0,1,15,24,62.5,76.78666666666666,9,12,75.0,79.15555555555555,green
2568-1037,2568,2025-06-23,2025-06-29,33.333333333333336,94.11764705882354,0,0,14,18,77.77777777777777,93.15714285714284,9,9,100.0,87.64444444444445,orange
2568-1038,2568,2025-06-23,2025-06-29,66.66666666666667,50.98039215686274,0,0,5,18,27.77777777777778,78.1,4,9,44.44444444444444,81.9,yellow
2568-1039,2568,2025-06-23,2025-06-29,100.0,79.16666666666667,0,2,4,18,22.22222222222222,79.52499999999999,4,9,44.44444444444444,80.95,green
2568-1040,2568,2025-06-23,2025-06-29,100.0,60.78431372549019,0,2,8,18,44.44444444444444,66.5375,4,9,44.44444444444444,77.425,green
2568-1041,2568,2025-06-23,2025-06-29,50.0,61.76470588235294,0,0,15,24,62.5,69.59333333333333,6,12,50.0,75.36666666666666,yellow
2568-1042,2568,2025-06-23,2025-06-29,50.0,87.5,0,0,12,24,50.0,88.23333333333333,8,12,66.66666666666667,81.375,yellow
2568-1043,2568,2025-06-23,2025-06-29,50.0,61.76470588235294,0,0,10,24,41.666666666666664,70.53999999999999,8,12,66.66666666666667,69.01249999999999,yellow
2568-1044,2568,2025-06-23,2025-06-29,,46.15384615384615,0,1,2,12,16.666666666666668,73.05,2,6,33.333333333333336,51.25,green
2568-1045,2568,2025-06-23,2025-06-29,100.0,98.52941176470588,0,17,18,24,75.0,85.36666666666667,9,12,75.0,86.3,green
2568-1046,2568,2025-06-23,2025-06-29,,94.23076923076923,0,13,15,24,62.5,85.71333333333334,7,12,58.333333333333336,83.05714285714285,green
2568-1047,2568,2025-06-23,2025-06-29,100.0,79.41176470588235,0,14,11,24,45.833333333333336,74.7909090909091,9,12,75.0,75.88888888888889,green
2568-1048,2568,2025-06-23,2025-06-29,100.0,98.03921568627452,0,5,13,18,72.22222222222223,87.03076923076924,8,9,88.88888888888889,91.65,green
2568-1049,2568,2025-06-23,2025-06-29,66.66666666666667,66.66666666666667,0,0,12,18,66.66666666666667,75.89166666666667,4,9,44.44444444444444,74.725,yellow
2568-1050,2568,2025-06-23,2025-06-29,75.0,76.47058823529412,0,2,10,24,41.666666666666664,76.91999999999999,10,12,83.33333333333333,85.88,green
2568-1051,2568,2025-06-23,2025-06-29,50.0,47.05882352941177,0,0,4,12,33.333333333333336,71.125,3,6,50.0,61.366666666666674,yellow
2568-1052,2568,2025-06-23,2025-06-29,100.0,92.6470588235294,0,15,17,24,70.83333333333333,88.72941176470587,9,12,75.0,88.21111111111111,green
2568-1053,2568,2025-06-23,2025-06-29,100.0,73.52941176470588,0,3,8,12,66.66666666666667,75.27499999999999,5,6,83.33333333333333,73.82,green
2568-1054,2568,2025-06-23,2025-06-29,100.0,100.0,0,12,11,18,61.111111111111114,85.69090909090909,6,9,66.66666666666667,82.83333333333334,green
2568-1055,2568,2025-06-23,2025-06-29,50.0,67.6470588235294,0,0,15,24,62.5,75.06666666666666,8,12,66.66666666666667,81.75,yellow
2568-1056,2568,2025-06-23,2025-06-29,50.0,66.17647058823529,0,0,14,24,58.333333333333336,71.0,6,12,50.0,73.03333333333335,yellow
2568-1057,2568,2025-06-23,2025-06-29,100.0,100.0,0,17,17,24,70.83333333333333,90.41764705882352,9,12,75.0,91.93333333333334,green
2568-1058,2568,2025-06-23,2025-06-29,100.0,100.0,0,17,9,12,75.0,84.42222222222222,5,6,83.33333333333333,84.08,green
2568-1059,2568,2025-06-23,2025-06-29,100.0,97.22222222222223,0,4,11,18,61.111111111111114,85.09090909090911,4,9,44.44444444444444,89.125,green
2568-1060,2568,2025-06-23,2025-06-29,0.0,62.5,0,0,3,12,25.0,59.199999999999996,3,6,50.0,74.53333333333335,red
2568-1061,2568,2025-06-23,2025-06-29,100.0,73.52941176470588,0,5,10,24,41.666666666666664,73.22999999999999,8,12,66.66666666666667,76.0125,green
2568-1062,2568,2025-06-23,2025-06-29,66.66666666666667,62.5,0,0,4,18,22.22222222222222,75.575,4,9,44.44444444444444,65.5,yellow
2568-1063,2568,2025-06-23,2025-06-29,75.0,78.125,0,1,7,24,29.166666666666668,77.87142857142858,6,12,50.0,77.38333333333334,green
2568-1064,2568,2025-06-23,2025-06-29,,50.0,0,0,2,12,16.666666666666668,94.35,2,6,33.333333333333336,78.1,green
2568-1065,2568,2025-06-23,2025-06-29,0.0,81.25,0,0,3,12,25.0,77.86666666666667,2,6,33.333333333333336,79.19999999999999,red
2568-1066,2568,2025-06-23,2025-06-29,25.0,58.8235294117647,0,0,13,24,54.166666666666664,66.38461538461537,6,12,50.0,64.03333333333333,orange
2568-1067,2568,2025-06-23,2025-06-29,0.0,31.25,0,0,4,24,16.666666666666668,61.9,6,12,50.0,61.650000000000006,red
2568-1068,2568,2025-06-23,2025-06-29,100.0,96.07843137254902,0,2,12,18,66.66666666666667,80.99166666666666,7,9,77.77777777777777,90.12857142857142,green
2568-1069,2568,2025-06-23,2025-06-29,100.0,88.23529411764706,0,4,17,24,70.83333333333333,82.78235294117648,7,12,58.333333333333336,75.64285714285714,green
2568-1070,2568,2025-06-23,2025-06-29,33.333333333333336,76.47058823529412,0,0,13,18,72.22222222222223,81.21538461538461,7,9,77.77777777777777,77.75714285714285,orange
2568-1071,2568,2025-06-23,2025-06-29,100.0,86.27450980392157,0,1,10,18,55.55555555555556,88.88999999999999,8,9,88.88888888888889,90.4,green
2568-1072,2568,2025-06-23,2025-06-29,50.0,52.94117647058823,0,0,5,12,41.666666666666664,68.80000000000001,3,6,50.0,66.86666666666666,yellow
2568-1073,2568,2025-06-23,2025-06-29,100.0,64.58333333333333,0,1,10,24,41.666666666666664,82.61999999999999,4,12,33.333333333333336,87.92500000000001,green
2568-1074,2568,2025-06-23,2025-06-29,25.0,25.0,0,0,3,24,12.5,48.96666666666667,5,12,41.666666666666664,54.05999999999999,orange
2568-1075,2568,2025-06-23,2025-06-29,,30.0,2,0,1,12,8.333333333333334,55.5,0,6,0.0,,red
2568-1076,2568,2025-06-23,2025-06-29,50.0,77.94117647058823,0,0,14,24,58.333333333333336,81.42142857142856,11,12,91.66666666666667,78.10000000000001,yellow
2568-1077,2568,2025-06-23,2025-06-29,75.0,70.83333333333333,0,3,13,24,54.166666666666664,74.16153846153846,6,12,50.0,77.91666666666667,green
2568-1078,2568,2025-06-23,2025-06-29,100.0,84.375,0,5,7,24,29.166666666666668,90.57142857142857,5,12,41.666666666666664,85.89999999999999,green
2568-1079,2568,2025-06-23,2025-06-29,100.0,83.33333333333333,0,4,10,24,41.666666666666664,78.92,5,12,41.666666666666664,84.2,green
2568-1080,2568,2025-06-23,2025-06-29,75.0,72.91666666666667,0,4,8,24,33.333333333333336,76.9375,6,12,50.0,77.16666666666667,green
2568-1081,2568,2025-06-23,2025-06-29,75.0,87.5,0,4,11,24,45.833333333333336,84.31818181818181,6,12,50.0,73.94999999999999,green
2568-1082,2568,2025-06-23,2025-06-29,100.0,90.625,0,8,5,24,20.833333333333332,87.22,7,12,58.333333333333336,84.47142857142856,green
2568-1083,2568,2025-06-23,2025-06-29,0.0,25.0,0,0,1,12,8.333333333333334,64.6,2,6,33.333333333333336,68.94999999999999,red
2568-1084,2568,2025-06-23,2025-06-29,100.0,91.17647058823529,0,4,18,24,75.0,82.13333333333333,8,12,66.66666666666667,76.73750000000001,green
2568-1085,2568,2025-06-23,2025-06-29,75.0,71.875,0,5,8,24,33.333333333333336,75.4,2,12,16.666666666666668,77.69999999999999,green
2568-1086,2568,2025-06-23,2025-06-29,100.0,58.8235294117647,0,1,6,12,50.0,69.8,2,6,33.333333333333336,70.85,green
2568-1087,2568,2025-06-23,2025-06-29,,76.92307692307692,0,1,12,24,50.0,73.06666666666665,3,12,25.0,87.23333333333333,green
2568-1088,2568,2025-06-23,2025-06-29,50.0,77.08333333333333,0,0,8,24,33.333333333333336,84.475,7,12,58.333333333333336,75.1,yellow
2568-1089,2568,2025-06-23,2025-06-29,0.0,43.75,3,0,0,12,0.0,,0,6,0.0,,red
2568-1090,2568,2025-06-23,2025-06-29,,45.0,0,1,0,24,0.0,,0,12,0.0,,green
2568-1091,2568,2025-06-23,2025-06-29,100.0,100.0,0,12,8,12,66.66666666666667,89.55000000000001,4,6,66.66666666666667,86.7,green
2568-1092,2568,2025-06-23,2025-06-29,,80.0,0,0,2,12,16.666666666666668,67.25,1,6,16.666666666666668,70.9,green
2568-1093,2568,2025-06-23,2025-06-29,100.0,98.03921568627452,0,2,12,18,66.66666666666667,89.50833333333334,5,9,55.55555555555556,89.06,green
2568-1094,2568,2025-06-23,2025-06-29,100.0,86.27450980392157,0,3,9,18,50.0,89.58888888888889,9,9,100.0,79.8111111111111,green
2568-1095,2568,2025-06-23,2025-06-29,75.0,58.8235294117647,0,1,10,24,41.666666666666664,65.4,6,12,50.0,68.4,green
2568-1096,2568,2025-06-23,2025-06-29,100.0,95.58823529411765,0,17,17,24,70.83333333333333,81.40588235294118,10,12,83.33333333333333,87.58,green
2568-1097,2568,2025-06-23,2025-06-29,100.0,100.0,0,17,8,12,66.66666666666667,88.45,5,6,83.33333333333333,87.53999999999999,green
2568-1098,2568,2025-06-23,2025-06-29,0.0,35.294117647058826,0,0,3,12,25.0,67.16666666666667,3,6,50.0,67.2,red
2568-1099,2568,2025-06-23,2025-06-29,75.0,85.29411764705883,0,2,17,24,70.83333333333333,84.78235294117648,9,12,75.0,85.82222222222222,green
2568-1100,2568,2025-06-23,2025-06-29,,50.0,0,0,3,18,16.666666666666668,70.46666666666665,0,9,0.0,,green
2568-1101,2568,2025-06-23,2025-06-29,100.0,88.23529411764706,0,10,8,12,66.66666666666667,81.45,5,6,83.33333333333333,79.04,green
2568-1102,2568,2025-06-23,2025-06-29,100.0,98.03921568627452,0,12,13,18,72.22222222222223,88.76923076923077,9,9,100.0,87.42222222222223,green
2568-1103,2568,2025-06-23,2025-06-29,,56.25,0,2,3,24,12.5,75.56666666666666,0,12,0.0,,green
2568-1104,2568,2025-06-23,2025-06-29,75.0,54.411764705882355,0,1,14,24,58.333333333333336,65.0857142857143,8,12,66.66666666666667,66.875,green
2568-1105,2568,2025-06-23,2025-06-29,66.66666666666667,76.47058823529412,0,0,11,18,61.111111111111114,83.29090909090908,6,9,66.66666666666667,78.01666666666667,yellow
2568-1106,2568,2025-06-23,2025-06-29,75.0,75.0,0,3,11,24,45.833333333333336,71.77272727272728,7,12,58.333333333333336,66.02857142857142,green
2568-1107,2568,2025-06-23,2025-06-29,100.0,93.75,0,4,4,24,16.666666666666668,85.925,4,12,33.333333333333336,88.35,green
2568-1108,2568,2025-06-23,2025-06-29,66.66666666666667,68.62745098039215,0,0,11,18,61.111111111111114,76.16363636363636,5,9,55.55555555555556,80.47999999999999,yellow
2568-1109,2568,2025-06-23,2025-06-29,0.0,60.78431372549019,0,0,8,18,44.44444444444444,76.975,4,9,44.44444444444444,70.89999999999999,red
2568-1110,2568,2025-06-23,2025-06-29,100.0,88.88888888888889,0,4,11,18,61.111111111111114,85.73636363636363,4,9,44.44444444444444,79.25,green
2568-1111,2568,2025-06-23,2025-06-29,100.0,73.52941176470588,0,3,12,24,50.0,85.025,6,12,50.0,78.39999999999999,green
2568-1112,2568,2025-06-23,2025-06-29,25.0,75.0,0,0,13,24,54.166666666666664,77.42307692307692,8,12,66.66666666666667,74.13749999999999,orange
2568-1113,2568,2025-06-23,2025-06-29,50.0,37.5,0,0,2,24,8.333333333333334,64.6,3,12,25.0,76.5,yellow
2568-1114,2568,2025-06-23,2025-06-29,100.0,87.5,0,12,13,24,54.166666666666664,79.7076923076923,8,12,66.66666666666667,84.6875,green
2568-1115,2568,2025-06-23,2025-06-29,75.0,68.75,0,1,3,24,12.5,80.16666666666667,3,12,25.0,80.60000000000001,green
2568-1116,2568,2025-06-23,2025-06-29,100.0,81.25,0,3,3,12,25.0,66.03333333333333,3,6,50.0,89.96666666666665,green
2568-1117,2568,2025-06-23,2025-06-29,75.0,83.82352941176471,0,1,13,24,54.166666666666664,77.45384615384616,8,12,66.66666666666667,77.025,green
2568-1118,2568,2025-06-23,2025-06-29,75.0,55.88235294117647,0,2,13,24,54.166666666666664,72.89999999999999,6,12,50.0,79.51666666666668,green
2568-1119,2568,2025-06-23,2025-06-29,50.0,54.166666666666664,0,0,13,24,54.166666666666664,77.38461538461539,4,12,33.333333333333336,70.6,yellow
2568-1120,2568,2025-06-23,2025-06-29,100.0,91.66666666666667,0,1,3,18,16.666666666666668,88.83333333333333,2,9,22.22222222222222,81.80000000000001,green
2568-1121,2568,2025-06-23,2025-06-29,,68.75,0,1,5,24,20.833333333333332,78.82,0,12,0.0,,green
2568-1122,2568,2025-06-23,2025-06-29,75.0,76.47058823529412,0,8,13,24,54.166666666666664,69.23846153846155,8,12,66.66666666666667,68.1,green
2568-1123,2568,2025-06-23,2025-06-29,25.0,63.23529411764706,0,0,6,24,25.0,69.78333333333333,5,12,41.666666666666664,64.22,orange
2568-1124,2568,2025-06-23,2025-06-29,75.0,82.3529411764706,0,9,9,24,37.5,74.46666666666667,6,12,50.0,76.9,green
2568-1125,2568,2025-06-23,2025-06-29,75.0,88.23529411764706,0,7,12,24,50.0,77.03333333333333,7,12,58.333333333333336,81.25714285714287,green
2568-1126,2568,2025-06-23,2025-06-29,100.0,79.16666666666667,0,2,11,24,45.833333333333336,76.05454545454546,1,12,8.333333333333334,81.9,green
2568-1127,2568,2025-06-23,2025-06-29,75.0,68.75,0,2,4,24,16.666666666666668,76.675,6,12,50.0,70.71666666666667,green
2568-1128,2568,2025-06-23,2025-06-29,100.0,87.5,0,1,8,12,66.66666666666667,77.44999999999999,2,6,33.333333333333336,72.45,green
2568-1129,2568,2025-06-23,2025-06-29,100.0,97.91666666666667,0,12,15,24,62.5,86.24,8,12,66.66666666666667,87.225,green
2568-1130,2568,2025-06-23,2025-06-29,66.66666666666667,76.47058823529412,0,0,9,18,50.0,76.63333333333333,6,9,66.66666666666667,84.25,yellow
2568-1131,2568,2025-06-23,2025-06-29,100.0,73.52941176470588,0,1,17,24,70.83333333333333,83.17647058823529,9,12,75.0,86.86666666666667,green
2568-1132,2568,2025-06-23,2025-06-29,100.0,97.05882352941177,0,17,17,24,70.83333333333333,87.11764705882354,11,12,91.66666666666667,85.47272727272728,green
2568-1133,2568,2025-06-23,2025-06-29,100.0,94.11764705882354,0,17,18,24,75.0,86.89444444444445,9,12,75.0,84.34444444444443,green
2568-1134,2568,2025-06-23,2025-06-29,50.0,77.08333333333333,0,0,12,24,50.0,82.39166666666667,5,12,41.666666666666664,84.35999999999999,yellow
2568-1135,2568,2025-06-23,2025-06-29,,83.33333333333333,0,5,9,24,37.5,76.54444444444444,3,12,25.0,77.2,green
2568-1136,2568,2025-06-23,2025-06-29,100.0,100.0,0,8,5,18,27.77777777777778,93.94,6,9,66.66666666666667,84.13333333333334,green
2568-1137,2568,2025-06-23,2025-06-29,100.0,91.17647058823529,0,8,16,24,66.66666666666667,86.38125,10,12,83.33333333333333,85.7,green
2568-1138,2568,2025-06-23,2025-06-29,100.0,77.08333333333333,0,5,14,24,58.333333333333336,75.92142857142858,6,12,50.0,77.61666666666666,green
2568-1139,2568,2025-06-23,2025-06-29,75.0,67.6470588235294,0,3,14,24,58.333333333333336,69.72857142857143,7,12,58.333333333333336,69.5,green
2568-1140,2568,2025-06-23,2025-06-29,66.66666666666667,80.3921568627451,0,0,13,18,72.22222222222223,82.39230769230768,7,9,77.77777777777777,87.64285714285715,yellow
2568-1141,2568,2025-06-23,2025-06-29,66.66666666666667,80.3921568627451,0,0,11,18,61.111111111111114,78.30909090909091,7,9,77.77777777777777,80.14285714285714,yellow
2568-1142,2568,2025-06-23,2025-06-29,75.0,69.11764705882354,0,1,13,24,54.166666666666664,78.83076923076922,4,12,33.333333333333336,71.0,green
2568-1143,2568,2025-06-23,2025-06-29,100.0,90.19607843137256,0,1,13,18,72.22222222222223,82.73076923076923,7,9,77.77777777777777,79.0,green
2568-1144,2568,2025-06-23,2025-06-29,,55.55555555555556,0,1,4,12,33.333333333333336,75.625,2,6,33.333333333333336,57.55,green
2568-1145,2568,2025-06-23,2025-06-29,100.0,82.3529411764706,0,5,18,24,75.0,84.47222222222223,9,12,75.0,88.54444444444444,green
2568-1146,2568,2025-06-23,2025-06-29,66.66666666666667,54.90196078431372,0,0,8,18,44.44444444444444,61.662499999999994,4,9,44.44444444444444,60.1,yellow
2568-1147,2568,2025-06-23,2025-06-29,,38.888888888888886,0,0,5,24,20.833333333333332,72.06000000000002,2,12,16.666666666666668,58.25,green
2568-1148,2568,2025-06-23,2025-06-29,66.66666666666667,84.31372549019608,0,0,11,18,61.111111111111114,81.45454545454545,7,9,77.77777777777777,77.14285714285714,yellow
2568-1149,2568,2025-06-23,2025-06-29,100.0,75.0,0,1,2,18,11.11111111111111,84.15,1,9,11.11111111111111,96.6,green
2568-1150,2568,2025-06-23,2025-06-29,100.0,72.54901960784314,0,1,10,18,55.55555555555556,71.74999999999999,8,9,88.88888888888889,75.3125,green
2568-1151,2568,2025-06-23,2025-06-29,33.333333333333336,78.43137254901961,0,0,10,18,55.55555555555556,82.7,6,9,66.66666666666667,80.56666666666668,orange
2568-1152,2568,2025-06-23,2025-06-29,100.0,79.41176470588235,0,9,14,24,58.333333333333336,83.35,9,12,75.0,75.26666666666667,green
2568-1153,2568,2025-06-23,2025-06-29,75.0,77.08333333333333,0,1,14,24,58.333333333333336,83.45714285714287,8,12,66.66666666666667,84.5625,green
2568-1154,2568,2025-06-23,2025-06-29,,62.5,1,0,4,12,33.333333333333336,82.5,2,6,33.333333333333336,89.55,green
2568-1155,2568,2025-06-23,2025-06-29,,28.205128205128204,0,0,4,18,22.22222222222222,66.92500000000001,1,9,11.11111111111111,63.8,green
2568-1156,2568,2025-06-23,2025-06-29,75.0,60.294117647058826,0,1,12,24,50.0,73.69166666666668,9,12,75.0,65.56666666666666,green
2568-1157,2568,2025-06-23,2025-06-29,75.0,86.76470588235294,0,6,16,24,66.66666666666667,71.1375,10,12,83.33333333333333,75.41,green
2568-1158,2568,2025-06-23,2025-06-29,100.0,83.82352941176471,0,1,18,24,75.0,87.41666666666667,9,12,75.0,87.71111111111111,green
2568-1159,2568,2025-06-23,2025-06-29,100.0,100.0,0,12,11,18,61.111111111111114,90.77272727272727,6,9,66.66666666666667,89.18333333333334,green
2568-1160,2568,2025-06-23,2025-06-29,75.0,85.41666666666667,0,12,9,24,37.5,86.58888888888889,5,12,41.666666666666664,85.46000000000001,green
2568-1001,2568,2025-06-30,2025-07-06,50.0,40.0,0,0,2,28,7.142857142857143,65.5,3,12,25.0,73.96666666666665,yellow
2568-1002,2568,2025-06-30,2025-07-06,75.0,69.44444444444444,0,2,16,28,57.142857142857146,81.4125,9,12,75.0,64.41111111111111,green
2568-1003,2568,2025-06-30,2025-07-06,0.0,55.55555555555556,0,0,10,28,35.714285714285715,63.1,6,12,50.0,67.03333333333333,red
2568-1004,2568,2025-06-30,2025-07-06,50.0,68.05555555555556,0,0,15,28,53.57142857142857,71.82000000000001,9,12,75.0,76.62222222222222,yellow
2568-1005,2568,2025-06-30,2025-07-06,50.0,66.66666666666667,0,0,11,28,39.285714285714285,71.29090909090911,6,12,50.0,75.00000000000001,yellow
2568-1006,2568,2025-06-30,2025-07-06,66.66666666666667,66.66666666666667,0,0,14,21,66.66666666666667,82.66428571428571,5,9,55.55555555555556,83.64,yellow
2568-1007,2568,2025-06-30,2025-07-06,25.0,63.46153846153846,0,0,13,28,46.42857142857143,76.52307692307691,5,12,41.666666666666664,76.04,orange
2568-1008,2568,2025-06-30,2025-07-06,50.0,59.61538461538461,0,0,7,28,25.0,76.32857142857142,5,12,41.666666666666664,78.62,yellow
2568-1009,2568,2025-06-30,2025-07-06,100.0,100.0,0,5,5,28,17.857142857142858,86.38,3,12,25.0,81.8,green
2568-1010,2568,2025-06-30,2025-07-06,75.0,80.76923076923077,0,2,16,28,57.142857142857146,77.01250000000002,7,12,58.333333333333336,81.71428571428571,green
2568-1011,2568,2025-06-30,2025-07-06,100.0,100.0,0,5,8,28,28.571428571428573,83.71249999999999,3,12,25.0,72.73333333333333,green
2568-1012,2568,2025-06-30,2025-07-06,100.0,97.22222222222223,0,5,10,14,71.42857142857143,85.09,3,6,50.0,83.46666666666665,green
2568-1013,2568,2025-06-30,2025-07-06,100.0,71.15384615384616,0,4,13,28,46.42857142857143,81.51538461538462,7,12,58.333333333333336,73.45714285714287,green
2568-1014,2568,2025-06-30,2025-07-06,75.0,70.83333333333333,0,1,11,28,39.285714285714285,77.9090909090909,7,12,58.333333333333336,76.77142857142859,green
2568-1015,2568,2025-06-30,2025-07-06,,40.0,0,0,2,14,14.285714285714286,72.4,0,6,0.0,,green
2568-1016,2568,2025-06-30,2025-07-06,100.0,84.72222222222223,0,18,21,28,75.0,93.79047619047618,7,12,58.333333333333336,84.2,green
2568-1017,2568,2025-06-30,2025-07-06,25.0,69.44444444444444,0,0,15,28,53.57142857142857,78.88666666666668,8,12,66.66666666666667,75.13749999999999,orange
2568-1018,2568,2025-06-30,2025-07-06,66.66666666666667,61.53846153846154,0,0,10,21,47.61904761904762,73.03999999999999,5,9,55.55555555555556,78.2,yellow
2568-1019,2568,2025-06-30,2025-07-06,75.0,75.0,0,2,12,28,42.857142857142854,81.375,7,12,58.333333333333336,82.02857142857144,green
2568-1020,2568,2025-06-30,2025-07-06,50.0,69.23076923076923,0,0,17,28,60.714285714285715,83.01764705882353,5,12,41.666666666666664,74.78,yellow
2568-1021,2568,2025-06-30,2025-07-06,100.0,88.88888888888889,0,16,19,28,67.85714285714286,81.25263157894734,11,12,91.66666666666667,80.28181818181817,green
2568-1022,2568,2025-06-30,2025-07-06,33.333333333333336,59.25925925925926,0,0,12,21,57.142857142857146,75.25,5,9,55.55555555555556,83.67999999999999,orange
2568-1023,2568,2025-06-30,2025-07-06,100.0,53.84615384615385,0,1,7,14,50.0,80.35714285714285,1,6,16.666666666666668,56.0,green
2568-1024,2568,2025-06-30,2025-07-06,50.0,76.92307692307692,0,0,6,14,42.857142857142854,71.45,3,6,50.0,83.63333333333333,yellow
2568-1025,2568,2025-06-30,2025-07-06,100.0,75.0,0,1,2,14,14.285714285714286,75.75,3,6,50.0,80.83333333333334,green
2568-1026,2568,2025-06-30,2025-07-06,100.0,69.44444444444444,0,2,17,28,60.714285714285715,72.1470588235294,10,12,83.33333333333333,73.64,green
2568-1027,2568,2025-06-30,2025-07-06,75.0,86.11111111111111,0,2,21,28,75.0,82.45238095238095,12,12,100.0,74.00833333333334,green
2568-1028,2568,2025-06-30,2025-07-06,75.0,87.5,0,5,19,28,67.85714285714286,82.15263157894736,10,12,83.33333333333333,84.13999999999999,green
2568-1029,2568,2025-06-30,2025-07-06,100.0,95.83333333333333,0,18,19,28,67.85714285714286,88.67894736842105,9,12,75.0,88.83333333333334,green
2568-1030,2568,2025-06-30,2025-07-06,100.0,94.44444444444444,0,18,17,28,60.714285714285715,82.39411764705882,8,12,66.66666666666667,77.1375,green
2568-1031,2568,2025-06-30,2025-07-06,100.0,59.72222222222222,0,1,14,28,50.0,68.85714285714285,7,12,58.333333333333336,75.5,green
2568-1032,2568,2025-06-30,2025-07-06,100.0,97.22222222222223,0,18,23,28,82.14285714285714,87.72173913043478,9,12,75.0,88.85555555555555,green
2568-1033,2568,2025-06-30,2025-07-06,50.0,66.66666666666667,0,0,9,14,64.28571428571429,66.9111111111111,4,6,66.66666666666667,79.64999999999999,yellow
2568-1034,2568,2025-06-30,2025-07-06,100.0,89.74358974358974,0,4,11,21,52.38095238095238,71.76363636363637,4,9,44.44444444444444,66.65,green
2568-1035,2568,2025-06-30,2025-07-06,50.0,80.76923076923077,0,0,7,14,50.0,74.02857142857144,4,6,66.66666666666667,73.65,yellow
2568-1036,2568,2025-06-30,2025-07-06,50.0,69.44444444444444,0,0,18,28,64.28571428571429,75.78888888888889,9,12,75.0,79.15555555555555,yellow
2568-1037,2568,2025-06-30,2025-07-06,100.0,94.44444444444444,0,1,16,21,76.19047619047619,92.23125,9,9,100.0,87.64444444444445,green
2568-1038,2568,2025-06-30,2025-07-06,100.0,53.7037037037037,0,1,7,21,33.333333333333336,78.54285714285716,4,9,44.44444444444444,81.9,green
2568-1039,2568,2025-06-30,2025-07-06,66.66666666666667,77.77777777777777,0,0,7,21,33.333333333333336,73.32857142857142,4,9,44.44444444444444,80.95,yellow
2568-1040,2568,2025-06-30,2025-07-06,100.0,62.96296296296296,0,3,10,21,47.61904761904762,68.83,4,9,44.44444444444444,77.425,green
2568-1041,2568,2025-06-30,2025-07-06,75.0,62.5,0,1,18,28,64.28571428571429,70.94444444444444,6,12,50.0,75.36666666666666,green
2568-1042,2568,2025-06-30,2025-07-06,100.0,88.46153846153847,0,1,15,28,53.57142857142857,86.85333333333332,8,12,66.66666666666667,81.375,green
2568-1043,2568,2025-06-30,2025-07-06,50.0,61.111111111111114,0,0,11,28,39.285714285714285,71.2090909090909,8,12,66.66666666666667,69.01249999999999,yellow
2568-1044,2568,2025-06-30,2025-07-06,,46.15384615384615,0,1,2,14,14.285714285714286,73.05,2,6,33.333333333333336,51.25,green
2568-1045,2568,2025-06-30,2025-07-06,100.0,98.61111111111111,0,18,21,28,75.0,84.20000000000002,9,12,75.0,86.3,green
2568-1046,2568,2025-06-30,2025-07-06,,94.23076923076923,0,13,15,28,53.57142857142857,85.71333333333334,7,12,58.333333333333336,83.05714285714285,green
2568-1047,2568,2025-06-30,2025-07-06,75.0,79.16666666666667,0,15,14,28,50.0,74.83571428571429,9,12,75.0,75.88888888888889,green
2568-1048,2568,2025-06-30,2025-07-06,100.0,98.14814814814815,0,6,16,21,76.19047619047619,84.90625,8,9,88.88888888888889,91.65,green
2568-1049,2568,2025-06-30,2025-07-06,66.66666666666667,66.66666666666667,0,0,12,21,57.142857142857146,75.89166666666667,4,9,44.44444444444444,74.725,yellow
2568-1050,2568,2025-06-30,2025-07-06,100.0,77.77777777777777,0,3,14,28,50.0,79.40714285714284,10,12,83.33333333333333,85.88,green
2568-1051,2568,2025-06-30,2025-07-06,100.0,50.0,0,1,4,14,28.571428571428573,71.125,3,6,50.0,61.366666666666674,green
2568-1052,2568,2025-06-30,2025-07-06,75.0,91.66666666666667,0,16,20,28,71.42857142857143,89.205,9,12,75.0,88.21111111111111,green
2568-1053,2568,2025-06-30,2025-07-06,50.0,72.22222222222223,0,0,9,14,64.28571428571429,75.4111111111111,5,6,83.33333333333333,73.82,yellow
2568-1054,2568,2025-06-30,2025-07-06,100.0,100.0,0,13,14,21,66.66666666666667,87.2857142857143,6,9,66.66666666666667,82.83333333333334,green
2568-1055,2568,2025-06-30,2025-07-06,75.0,68.05555555555556,0,1,17,28,60.714285714285715,76.81176470588234,8,12,66.66666666666667,81.75,green
2568-1056,2568,2025-06-30,2025-07-06,75.0,66.66666666666667,0,1,17,28,60.714285714285715,72.12941176470588,6,12,50.0,73.03333333333335,green
2568-1057,2568,2025-06-30,2025-07-06,100.0,100.0,0,18,21,28,75.0,90.95238095238095,9,12,75.0,91.93333333333334,green
2568-1058,2568,2025-06-30,2025-07-06,100.0,100.0,0,18,11,14,78.57142857142857,85.42727272727272,5,6,83.33333333333333,84.08,green
2568-1059,2568,2025-06-30,2025-07-06,100.0,97.43589743589743,0,5,14,21,66.66666666666667,84.24285714285715,4,9,44.44444444444444,89.125,green
2568-1060,2568,2025-06-30,2025-07-06,0.0,55.55555555555556,0,0,5,14,35.714285714285715,65.82000000000001,3,6,50.0,74.53333333333335,red
2568-1061,2568,2025-06-30,2025-07-06,50.0,72.22222222222223,0,0,10,28,35.714285714285715,73.22999999999999,8,12,66.66666666666667,76.0125,yellow
2568-1062,2568,2025-06-30,2025-07-06,66.66666666666667,62.96296296296296,0,0,7,21,33.333333333333336,78.54285714285716,4,9,44.44444444444444,65.5,yellow
2568-1063,2568,2025-06-30,2025-07-06,25.0,72.22222222222223,0,0,10,28,35.714285714285715,78.42,6,12,50.0,77.38333333333334,orange
2568-1064,2568,2025-06-30,2025-07-06,,50.0,0,0,2,14,14.285714285714286,94.35,2,6,33.333333333333336,78.1,green
2568-1065,2568,2025-06-30,2025-07-06,100.0,83.33333333333333,0,1,4,14,28.571428571428573,75.7,2,6,33.333333333333336,79.19999999999999,green
2568-1066,2568,2025-06-30,2025-07-06,25.0,56.94444444444444,0,0,16,28,57.142857142857146,67.275,6,12,50.0,64.03333333333333,orange
2568-1067,2568,2025-06-30,2025-07-06,100.0,38.888888888888886,0,1,7,28,25.0,61.68571428571429,6,12,50.0,61.650000000000006,green
2568-1068,2568,2025-06-30,2025-07-06,66.66666666666667,94.44444444444444,0,0,15,21,71.42857142857143,82.84,7,9,77.77777777777777,90.12857142857142,yellow
2568-1069,2568,2025-06-30,2025-07-06,100.0,88.88888888888889,0,5,21,28,75.0,82.20952380952382,7,12,58.333333333333336,75.64285714285714,green
2568-1070,2568,2025-06-30,2025-07-06,33.333333333333336,74.07407407407408,0,0,16,21,76.19047619047619,81.025,7,9,77.77777777777777,77.75714285714285,orange
2568-1071,2568,2025-06-30,2025-07-06,100.0,87.03703703703704,0,2,13,21,61.904761904761905,87.0,8,9,88.88888888888889,90.4,green
2568-1072,2568,2025-06-30,2025-07-06,100.0,55.55555555555556,0,1,5,14,35.714285714285715,68.80000000000001,3,6,50.0,66.86666666666666,green
2568-1073,2568,2025-06-30,2025-07-06,75.0,65.38461538461539,0,2,12,28,42.857142857142854,81.85833333333333,4,12,33.333333333333336,87.92500000000001,green
2568-1074,2568,2025-06-30,2025-07-06,0.0,23.61111111111111,0,0,5,28,17.857142857142858,57.46,5,12,41.666666666666664,54.05999999999999,red
2568-1075,2568,2025-06-30,2025-07-06,,30.0,2,0,1,14,7.142857142857143,55.5,0,6,0.0,,red
2568-1076,2568,2025-06-30,2025-07-06,100.0,79.16666666666667,0,1,17,28,60.714285714285715,78.82352941176471,11,12,91.66666666666667,78.10000000000001,green
2568-1077,2568,2025-06-30,2025-07-06,75.0,71.15384615384616,0,4,17,28,60.714285714285715,75.65294117647058,6,12,50.0,77.91666666666667,green
2568-1078,2568,2025-06-30,2025-07-06,100.0,86.11111111111111,0,6,10,28,35.714285714285715,89.66999999999999,5,12,41.666666666666664,85.89999999999999,green
2568-1079,2568,2025-06-30,2025-07-06,100.0,84.61538461538461,0,5,14,28,50.0,80.3,5,12,41.666666666666664,84.2,green
2568-1080,2568,2025-06-30,2025-07-06,50.0,71.15384615384616,0,0,11,28,39.285714285714285,78.17272727272727,6,12,50.0,77.16666666666667,yellow
2568-1081,2568,2025-06-30,2025-07-06,50.0,84.61538461538461,0,0,15,28,53.57142857142857,80.24,6,12,50.0,73.94999999999999,yellow
2568-1082,2568,2025-06-30,2025-07-06,75.0,88.88888888888889,0,9,8,28,28.571428571428573,85.30000000000001,7,12,58.333333333333336,84.47142857142856,green
2568-1083,2568,2025-06-30,2025-07-06,50.0,30.0,0,0,3,14,21.428571428571427,64.96666666666665,2,6,33.333333333333336,68.94999999999999,yellow
2568-1084,2568,2025-06-30,2025-07-06,100.0,91.66666666666667,0,5,22,28,78.57142857142857,81.67272727272726,8,12,66.66666666666667,76.73750000000001,green
2568-1085,2568,2025-06-30,2025-07-06,100.0,75.0,0,6,10,28,35.714285714285715,76.22,2,12,16.666666666666668,77.69999999999999,green
2568-1086,2568,2025-06-30,2025-07-06,50.0,58.333333333333336,0,0,8,14,57.142857142857146,70.025,2,6,33.333333333333336,70.85,yellow
2568-1087,2568,2025-06-30,2025-07-06,,76.92307692307692,0,1,12,28,42.857142857142854,73.06666666666665,3,12,25.0,87.23333333333333,green
2568-1088,2568,2025-06-30,2025-07-06,25.0,73.07692307692308,0,0,12,28,42.857142857142854,77.38333333333334,7,12,58.333333333333336,75.1,orange
2568-1089,2568,2025-06-30,2025-07-06,0.0,38.888888888888886,4,0,0,14,0.0,,0,6,0.0,,red
2568-1090,2568,2025-06-30,2025-07-06,,45.0,0,1,0,28,0.0,,0,12,0.0,,green
2568-1091,2568,2025-06-30,2025-07-06,100.0,100.0,0,13,10,14,71.42857142857143,89.47000000000001,4,6,66.66666666666667,86.7,green
2568-1092,2568,2025-06-30,2025-07-06,,80.0,0,0,2,14,14.285714285714286,67.25,1,6,16.666666666666668,70.9,green
2568-1093,2568,2025-06-30,2025-07-06,66.66666666666667,96.29629629629629,0,0,15,21,71.42857142857143,91.00000000000001,5,9,55.55555555555556,89.06,yellow
2568-1094,2568,2025-06-30,2025-07-06,33.333333333333336,83.33333333333333,0,0,11,21,52.38095238095238,89.57272727272726,9,9,100.0,79.8111111111111,orange
2568-1095,2568,2025-06-30,2025-07-06,75.0,59.72222222222222,0,2,14,28,50.0,62.58571428571428,6,12,50.0,68.4,green
2568-1096,2568,2025-06-30,2025-07-06,75.0,94.44444444444444,0,18,20,28,71.42857142857143,82.605,10,12,83.33333333333333,87.58,green
2568-1097,2568,2025-06-30,2025-07-06,100.0,100.0,0,18,9,14,64.28571428571429,88.48888888888888,5,6,83.33333333333333,87.53999999999999,green
2568-1098,2568,2025-06-30,2025-07-06,0.0,33.333333333333336,1,0,3,14,21.428571428571427,67.16666666666667,3,6,50.0,67.2,red
2568-1099,2568,2025-06-30,2025-07-06,100.0,86.11111111111111,0,3,21,28,75.0,85.93333333333334,9,12,75.0,85.82222222222222,green
2568-1100,2568,2025-06-30,2025-07-06,,50.0,0,0,3,21,14.285714285714286,70.46666666666665,0,9,0.0,,green
2568-1101,2568,2025-06-30,2025-07-06,100.0,88.88888888888889,0,11,8,14,57.142857142857146,81.45,5,6,83.33333333333333,79.04,green
2568-1102,2568,2025-06-30,2025-07-06,100.0,98.14814814814815,0,13,16,21,76.19047619047619,88.825,9,9,100.0,87.42222222222223,green
2568-1103,2568,2025-06-30,2025-07-06,,56.25,0,2,3,28,10.714285714285714,75.56666666666666,0,12,0.0,,green
2568-1104,2568,2025-06-30,2025-07-06,75.0,55.55555555555556,0,2,16,28,57.142857142857146,66.85624999999999,8,12,66.66666666666667,66.875,green
2568-1105,2568,2025-06-30,2025-07-06,100.0,77.77777777777777,0,1,13,21,61.904761904761905,81.37692307692306,6,9,66.66666666666667,78.01666666666667,green
2568-1106,2568,2025-06-30,2025-07-06,75.0,75.0,0,4,13,28,46.42857142857143,73.75384615384615,7,12,58.333333333333336,66.02857142857142,green
2568-1107,2568,2025-06-30,2025-07-06,100.0,95.0,0,5,8,28,28.571428571428573,86.1,4,12,33.333333333333336,88.35,green
2568-1108,2568,2025-06-30,2025-07-06,66.66666666666667,68.51851851851852,0,0,13,21,61.904761904761905,77.5153846153846,5,9,55.55555555555556,80.47999999999999,yellow
2568-1109,2568,2025-06-30,2025-07-06,66.66666666666667,61.111111111111114,0,0,11,21,52.38095238095238,76.37272727272726,4,9,44.44444444444444,70.89999999999999,yellow
2568-1110,2568,2025-06-30,2025-07-06,100.0,89.74358974358974,0,5,14,21,66.66666666666667,87.42857142857143,4,9,44.44444444444444,79.25,green
2568-1111,2568,2025-06-30,2025-07-06,75.0,73.61111111111111,0,4,13,28,46.42857142857143,84.92307692307692,6,12,50.0,78.39999999999999,green
2568-1112,2568,2025-06-30,2025-07-06,100.0,76.38888888888889,0,1,16,28,57.142857142857146,78.91875,8,12,66.66666666666667,74.13749999999999,green
2568-1113,2568,2025-06-30,2025-07-06,75.0,45.0,0,1,3,28,10.714285714285714,70.83333333333333,3,12,25.0,76.5,green
2568-1114,2568,2025-06-30,2025-07-06,100.0,88.46153846153847,0,13,17,28,60.714285714285715,81.68823529411765,8,12,66.66666666666667,84.6875,green
2568-1115,2568,2025-06-30,2025-07-06,100.0,75.0,0,2,6,28,21.428571428571427,80.60000000000001,3,12,25.0,80.60000000000001,green
2568-1116,2568,2025-06-30,2025-07-06,50.0,77.77777777777777,0,0,4,14,28.571428571428573,72.6,3,6,50.0,89.96666666666665,yellow
2568-1117,2568,2025-06-30,2025-07-06,50.0,81.94444444444444,0,0,17,28,60.714285714285715,78.37058823529412,8,12,66.66666666666667,77.025,yellow
2568-1118,2568,2025-06-30,2025-07-06,100.0,58.333333333333336,0,3,15,28,53.57142857142857,72.27999999999999,6,12,50.0,79.51666666666668,green
2568-1119,2568,2025-06-30,2025-07-06,75.0,55.76923076923077,0,1,15,28,53.57142857142857,77.68666666666667,4,12,33.333333333333336,70.6,green
2568-1120,2568,2025-06-30,2025-07-06,66.66666666666667,86.66666666666667,0,0,6,21,28.571428571428573,85.41666666666667,2,9,22.22222222222222,81.80000000000001,yellow
2568-1121,2568,2025-06-30,2025-07-06,,68.75,0,1,5,28,17.857142857142858,78.82,0,12,0.0,,green
2568-1122,2568,2025-06-30,2025-07-06,50.0,75.0,0,0,13,28,46.42857142857143,69.23846153846155,8,12,66.66666666666667,68.1,yellow
2568-1123,2568,2025-06-30,2025-07-06,25.0,61.111111111111114,0,0,9,28,32.142857142857146,71.41111111111111,5,12,41.666666666666664,64.22,orange
2568-1124,2568,2025-06-30,2025-07-06,75.0,81.94444444444444,0,10,13,28,46.42857142857143,72.50769230769231,6,12,50.0,76.9,green
2568-1125,2568,2025-06-30,2025-07-06,100.0,88.88888888888889,0,8,14,28,50.0,75.85,7,12,58.333333333333336,81.25714285714287,green
2568-1126,2568,2025-06-30,2025-07-06,100.0,80.76923076923077,0,3,13,28,46.42857142857143,75.96923076923078,1,12,8.333333333333334,81.9,green
2568-1127,2568,2025-06-30,2025-07-06,75.0,69.44444444444444,0,3,7,28,25.0,69.7,6,12,50.0,70.71666666666667,green
2568-1128,2568,2025-06-30,2025-07-06,100.0,88.46153846153847,0,2,10,14,71.42857142857143,76.87999999999998,2,6,33.333333333333336,72.45,green
2568-1129,2568,2025-06-30,2025-07-06,100.0,98.07692307692308,0,13,18,28,64.28571428571429,85.72777777777777,8,12,66.66666666666667,87.225,green
2568-1130,2568,2025-06-30,2025-07-06,100.0,77.77777777777777,0,1,11,21,52.38095238095238,77.62727272727273,6,9,66.66666666666667,84.25,green
2568-1131,2568,2025-06-30,2025-07-06,100.0,75.0,0,2,21,28,75.0,81.6047619047619,9,12,75.0,86.86666666666667,green
2568-1132,2568,2025-06-30,2025-07-06,100.0,97.22222222222223,0,18,21,28,75.0,87.3952380952381,11,12,91.66666666666667,85.47272727272728,green
2568-1133,2568,2025-06-30,2025-07-06,75.0,93.05555555555556,0,18,21,28,75.0,87.53333333333333,9,12,75.0,84.34444444444443,green
2568-1134,2568,2025-06-30,2025-07-06,100.0,78.84615384615384,0,1,15,28,53.57142857142857,83.15333333333334,5,12,41.666666666666664,84.35999999999999,green
2568-1135,2568,2025-06-30,2025-07-06,,83.33333333333333,0,5,9,28,32.142857142857146,76.54444444444444,3,12,25.0,77.2,green
2568-1136,2568,2025-06-30,2025-07-06,100.0,100.0,0,9,8,21,38.095238095238095,91.625,6,9,66.66666666666667,84.13333333333334,green
2568-1137,2568,2025-06-30,2025-07-06,100.0,91.66666666666667,0,9,19,28,67.85714285714286,86.63157894736841,10,12,83.33333333333333,85.7,green
2568-1138,2568,2025-06-30,2025-07-06,75.0,76.92307692307692,0,6,18,28,64.28571428571429,74.62777777777778,6,12,50.0,77.61666666666666,green
2568-1139,2568,2025-06-30,2025-07-06,100.0,69.44444444444444,0,4,16,28,57.142857142857146,68.875,7,12,58.333333333333336,69.5,green
2568-1140,2568,2025-06-30,2025-07-06,33.333333333333336,77.77777777777777,0,0,16,21,76.19047619047619,81.3625,7,9,77.77777777777777,87.64285714285715,orange
2568-1141,2568,2025-06-30,2025-07-06,66.66666666666667,79.62962962962963,0,0,14,21,66.66666666666667,80.89285714285712,7,9,77.77777777777777,80.14285714285714,yellow
2568-1142,2568,2025-06-30,2025-07-06,75.0,69.44444444444444,0,2,15,28,53.57142857142857,79.87333333333332,4,12,33.333333333333336,71.0,green
2568-1143,2568,2025-06-30,2025-07-06,100.0,90.74074074074075,0,2,16,21,76.19047619047619,82.05625,7,9,77.77777777777777,79.0,green
2568-1144,2568,2025-06-30,2025-07-06,,55.55555555555556,0,1,4,14,28.571428571428573,75.625,2,6,33.333333333333336,57.55,green
2568-1145,2568,2025-06-30,2025-07-06,75.0,81.94444444444444,0,6,21,28,75.0,82.17619047619048,9,12,75.0,88.54444444444444,green
2568-1146,2568,2025-06-30,2025-07-06,100.0,57.407407407407405,0,1,9,21,42.857142857142854,62.911111111111104,4,9,44.44444444444444,60.1,green
2568-1147,2568,2025-06-30,2025-07-06,,38.888888888888886,0,0,5,28,17.857142857142858,72.06000000000002,2,12,16.666666666666668,58.25,green
2568-1148,2568,2025-06-30,2025-07-06,66.66666666666667,83.33333333333333,0,0,13,21,61.904761904761905,80.69999999999999,7,9,77.77777777777777,77.14285714285714,yellow
2568-1149,2568,2025-06-30,2025-07-06,66.66666666666667,73.33333333333333,0,0,5,21,23.80952380952381,75.0,1,9,11.11111111111111,96.6,yellow
2568-1150,2568,2025-06-30,2025-07-06,100.0,74.07407407407408,0,2,12,21,57.142857142857146,73.74166666666666,8,9,88.88888888888889,75.3125,green
2568-1151,2568,2025-06-30,2025-07-06,100.0,79.62962962962963,0,1,13,21,61.904761904761905,83.70769230769231,6,9,66.66666666666667,80.56666666666668,green
2568-1152,2568,2025-06-30,2025-07-06,75.0,79.16666666666667,0,10,17,28,60.714285714285715,84.04117647058824,9,12,75.0,75.26666666666667,green
2568-1153,2568,2025-06-30,2025-07-06,75.0,76.92307692307692,0,2,16,28,57.142857142857146,82.48125,8,12,66.66666666666667,84.5625,green
2568-1154,2568,2025-06-30,2025-07-06,,62.5,1,0,4,14,28.571428571428573,82.5,2,6,33.333333333333336,89.55,green
2568-1155,2568,2025-06-30,2025-07-06,,28.205128205128204,0,0,4,21,19.047619047619047,66.92500000000001,1,9,11.11111111111111,63.8,green
2568-1156,2568,2025-06-30,2025-07-06,50.0,59.72222222222222,0,0,15,28,53.57142857142857,72.65333333333334,9,12,75.0,65.56666666666666,yellow
2568-1157,2568,2025-06-30,2025-07-06,75.0,86.11111111111111,0,7,18,28,64.28571428571429,72.96111111111112,10,12,83.33333333333333,75.41,green
2568-1158,2568,2025-06-30,2025-07-06,75.0,83.33333333333333,0,2,21,28,75.0,87.43809523809524,9,12,75.0,87.71111111111111,green
2568-1159,2568,2025-06-30,2025-07-06,100.0,100.0,0,13,14,21,66.66666666666667,88.99285714285713,6,9,66.66666666666667,89.18333333333334,green
2568-1160,2568,2025-06-30,2025-07-06,75.0,84.61538461538461,0,13,12,28,42.857142857142854,88.09166666666665,5,12,41.666666666666664,85.46000000000001,green
2568-1001,2568,2025-07-07,2025-07-13,50.0,41.666666666666664,0,0,2,28,7.142857142857143,65.5,3,12,25.0,73.96666666666665,yellow
2568-1002,2568,2025-07-07,2025-07-13,25.0,67.10526315789474,0,0,16,28,57.142857142857146,81.4125,9,12,75.0,64.41111111111111,orange
2568-1003,2568,2025-07-07,2025-07-13,100.0,57.89473684210526,0,1,10,28,35.714285714285715,63.1,6,12,50.0,67.03333333333333,green
2568-1004,2568,2025-07-07,2025-07-13,100.0,69.73684210526316,0,1,15,28,53.57142857142857,71.82000000000001,9,12,75.0,76.62222222222222,green
2568-1005,2568,2025-07-07,2025-07-13,50.0,65.78947368421052,0,0,11,28,39.285714285714285,71.29090909090911,6,12,50.0,75.00000000000001,yellow
2568-1006,2568,2025-07-07,2025-07-13,,66.66666666666667,0,0,14,21,66.66666666666667,82.66428571428571,5,9,55.55555555555556,83.64,green
2568-1007,2568,2025-07-07,2025-07-13,50.0,62.5,0,0,13,28,46.42857142857143,76.52307692307691,5,12,41.666666666666664,76.04,yellow
2568-1008,2568,2025-07-07,2025-07-13,50.0,58.92857142857143,0,0,7,28,25.0,76.32857142857142,5,12,41.666666666666664,78.62,yellow
2568-1009,2568,2025-07-07,2025-07-13,100.0,100.0,0,6,5,28,17.857142857142858,86.38,3,12,25.0,81.8,green
2568-1010,2568,2025-07-07,2025-07-13,100.0,82.14285714285714,0,3,16,28,57.142857142857146,77.01250000000002,7,12,58.333333333333336,81.71428571428571,green
2568-1011,2568,2025-07-07,2025-07-13,100.0,100.0,0,6,8,28,28.571428571428573,83.71249999999999,3,12,25.0,72.73333333333333,green
2568-1012,2568,2025-07-07,2025-07-13,100.0,97.36842105263158,0,6,10,14,71.42857142857143,85.09,3,6,50.0,83.46666666666665,green
2568-1013,2568,2025-07-07,2025-07-13,75.0,71.42857142857143,0,5,13,28,46.42857142857143,81.51538461538462,7,12,58.333333333333336,73.45714285714287,green
2568-1014,2568,2025-07-07,2025-07-13,75.0,71.05263157894737,0,2,11,28,39.285714285714285,77.9090909090909,7,12,58.333333333333336,76.77142857142859,green
2568-1015,2568,2025-07-07,2025-07-13,,40.0,0,0,2,14,14.285714285714286,72.4,0,6,0.0,,green
2568-1016,2568,2025-07-07,2025-07-13,100.0,85.52631578947368,0,19,21,28,75.0,93.79047619047618,7,12,58.333333333333336,84.2,green
2568-1017,2568,2025-07-07,2025-07-13,100.0,71.05263157894737,0,1,15,28,53.57142857142857,78.88666666666668,8,12,66.66666666666667,75.13749999999999,green
2568-1018,2568,2025-07-07,2025-07-13,100.0,64.28571428571429,0,1,10,21,47.61904761904762,73.03999999999999,5,9,55.55555555555556,78.2,green
2568-1019,2568,2025-07-07,2025-07-13,100.0,77.5,0,3,12,28,42.857142857142854,81.375,7,12,58.333333333333336,82.02857142857144,green
2568-1020,2568,2025-07-07,2025-07-13,25.0,66.07142857142857,0,0,17,28,60.714285714285715,83.01764705882353,5,12,41.666666666666664,74.78,orange
2568-1021,2568,2025-07-07,2025-07-13,50.0,86.84210526315789,0,0,19,28,67.85714285714286,81.25263157894734,11,12,91.66666666666667,80.28181818181817,yellow
2568-1022,2568,2025-07-07,2025-07-13,66.66666666666667,59.64912280701754,0,0,12,21,57.142857142857146,75.25,5,9,55.55555555555556,83.67999999999999,yellow
2568-1023,2568,2025-07-07,2025-07-13,,53.84615384615385,0,1,7,14,50.0,80.35714285714285,1,6,16.666666666666668,56.0,green
2568-1024,2568,2025-07-07,2025-07-13,50.0,75.0,0,0,6,14,42.857142857142854,71.45,3,6,50.0,83.63333333333333,yellow
2568-1025,2568,2025-07-07,2025-07-13,100.0,76.3157894736842,0,2,2,14,14.285714285714286,75.75,3,6,50.0,80.83333333333334,green
2568-1026,2568,2025-07-07,2025-07-13,25.0,67.10526315789474,0,0,17,28,60.714285714285715,72.1470588235294,10,12,83.33333333333333,73.64,orange
2568-1027,2568,2025-07-07,2025-07-13,100.0,86.84210526315789,0,3,21,28,75.0,82.45238095238095,12,12,100.0,74.00833333333334,green
2568-1028,2568,2025-07-07,2025-07-13,100.0,88.15789473684211,0,6,19,28,67.85714285714286,82.15263157894736,10,12,83.33333333333333,84.13999999999999,green
2568-1029,2568,2025-07-07,2025-07-13,,95.83333333333333,0,18,19,28,67.85714285714286,88.67894736842105,9,12,75.0,88.83333333333334,green
2568-1030,2568,2025-07-07,2025-07-13,75.0,93.42105263157895,0,19,17,28,60.714285714285715,82.39411764705882,8,12,66.66666666666667,77.1375,green
2568-1031,2568,2025-07-07,2025-07-13,50.0,59.21052631578947,0,0,14,28,50.0,68.85714285714285,7,12,58.333333333333336,75.5,yellow
2568-1032,2568,2025-07-07,2025-07-13,100.0,97.36842105263158,0,19,23,28,82.14285714285714,87.72173913043478,9,12,75.0,88.85555555555555,green
2568-1033,2568,2025-07-07,2025-07-13,100.0,68.42105263157895,0,1,9,14,64.28571428571429,66.9111111111111,4,6,66.66666666666667,79.64999999999999,green
2568-1034,2568,2025-07-07,2025-07-13,100.0,90.47619047619048,0,5,11,21,52.38095238095238,71.76363636363637,4,9,44.44444444444444,66.65,green
2568-1035,2568,2025-07-07,2025-07-13,50.0,78.57142857142857,0,0,7,14,50.0,74.02857142857144,4,6,66.66666666666667,73.65,yellow
2568-1036,2568,2025-07-07,2025-07-13,100.0,71.05263157894737,0,1,18,28,64.28571428571429,75.78888888888889,9,12,75.0,79.15555555555555,green
2568-1037,2568,2025-07-07,2025-07-13,100.0,94.73684210526316,0,2,16,21,76.19047619047619,92.23125,9,9,100.0,87.64444444444445,green
2568-1038,2568,2025-07-07,2025-07-13,,53.7037037037037,0,1,7,21,33.333333333333336,78.54285714285716,4,9,44.44444444444444,81.9,green
2568-1039,2568,2025-07-07,2025-07-13,66.66666666666667,76.66666666666667,0,0,7,21,33.333333333333336,73.32857142857142,4,9,44.44444444444444,80.95,yellow
2568-1040,2568,2025-07-07,2025-07-13,66.66666666666667,63.1578947368421,0,0,10,21,47.61904761904762,68.83,4,9,44.44444444444444,77.425,yellow
2568-1041,2568,2025-07-07,2025-07-13,25.0,60.526315789473685,0,0,18,28,64.28571428571429,70.94444444444444,6,12,50.0,75.36666666666666,orange
2568-1042,2568,2025-07-07,2025-07-13,0.0,82.14285714285714,1,0,15,28,53.57142857142857,86.85333333333332,8,12,66.66666666666667,81.375,red
2568-1043,2568,2025-07-07,2025-07-13,50.0,60.526315789473685,0,0,11,28,39.285714285714285,71.2090909090909,8,12,66.66666666666667,69.01249999999999,yellow
2568-1044,2568,2025-07-07,2025-07-13,,46.15384615384615,0,1,2,14,14.285714285714286,73.05,2,6,33.333333333333336,51.25,green
2568-1045,2568,2025-07-07,2025-07-13,100.0,98.6842105263158,0,19,21,28,75.0,84.20000000000002,9,12,75.0,86.3,green
2568-1046,2568,2025-07-07,2025-07-13,,94.23076923076923,0,13,15,28,53.57142857142857,85.71333333333334,7,12,58.333333333333336,83.05714285714285,green
2568-1047,2568,2025-07-07,2025-07-13,50.0,77.63157894736842,0,0,14,28,50.0,74.83571428571429,9,12,75.0,75.88888888888889,yellow
2568-1048,2568,2025-07-07,2025-07-13,100.0,98.24561403508773,0,7,16,21,76.19047619047619,84.90625,8,9,88.88888888888889,91.65,green
2568-1049,2568,2025-07-07,2025-07-13,66.66666666666667,66.66666666666667,0,0,12,21,57.142857142857146,75.89166666666667,4,9,44.44444444444444,74.725,yellow
2568-1050,2568,2025-07-07,2025-07-13,100.0,78.94736842105263,0,4,14,28,50.0,79.40714285714284,10,12,83.33333333333333,85.88,green
2568-1051,2568,2025-07-07,2025-07-13,0.0,47.36842105263158,1,0,4,14,28.571428571428573,71.125,3,6,50.0,61.366666666666674,red
2568-1052,2568,2025-07-07,2025-07-13,75.0,90.78947368421052,0,17,20,28,71.42857142857143,89.205,9,12,75.0,88.21111111111111,green
2568-1053,2568,2025-07-07,2025-07-13,,72.22222222222223,0,0,9,14,64.28571428571429,75.4111111111111,5,6,83.33333333333333,73.82,green
2568-1054,2568,2025-07-07,2025-07-13,100.0,100.0,0,14,14,21,66.66666666666667,87.2857142857143,6,9,66.66666666666667,82.83333333333334,green
2568-1055,2568,2025-07-07,2025-07-13,,68.05555555555556,0,1,17,28,60.714285714285715,76.81176470588234,8,12,66.66666666666667,81.75,green
2568-1056,2568,2025-07-07,2025-07-13,0.0,63.1578947368421,1,0,17,28,60.714285714285715,72.12941176470588,6,12,50.0,73.03333333333335,red
2568-1057,2568,2025-07-07,2025-07-13,100.0,100.0,0,19,21,28,75.0,90.95238095238095,9,12,75.0,91.93333333333334,green
2568-1058,2568,2025-07-07,2025-07-13,50.0,97.36842105263158,0,0,11,14,78.57142857142857,85.42727272727272,5,6,83.33333333333333,84.08,yellow
2568-1059,2568,2025-07-07,2025-07-13,66.66666666666667,95.23809523809524,0,0,14,21,66.66666666666667,84.24285714285715,4,9,44.44444444444444,89.125,yellow
2568-1060,2568,2025-07-07,2025-07-13,50.0,55.0,0,0,5,14,35.714285714285715,65.82000000000001,3,6,50.0,74.53333333333335,yellow
2568-1061,2568,2025-07-07,2025-07-13,50.0,71.05263157894737,0,0,10,28,35.714285714285715,73.22999999999999,8,12,66.66666666666667,76.0125,yellow
2568-1062,2568,2025-07-07,2025-07-13,100.0,66.66666666666667,0,1,7,21,33.333333333333336,78.54285714285716,4,9,44.44444444444444,65.5,green
2568-1063,2568,2025-07-07,2025-07-13,50.0,70.0,0,0,10,28,35.714285714285715,78.42,6,12,50.0,77.38333333333334,yellow
2568-1064,2568,2025-07-07,2025-07-13,,50.0,0,0,2,14,14.285714285714286,94.35,2,6,33.333333333333336,78.1,green
2568-1065,2568,2025-07-07,2025-07-13,100.0,85.0,0,2,4,14,28.571428571428573,75.7,2,6,33.333333333333336,79.19999999999999,green
2568-1066,2568,2025-07-07,2025-07-13,,56.94444444444444,0,0,16,28,57.142857142857146,67.275,6,12,50.0,64.03333333333333,green
2568-1067,2568,2025-07-07,2025-07-13,50.0,40.0,0,0,7,28,25.0,61.68571428571429,6,12,50.0,61.650000000000006,yellow
2568-1068,2568,2025-07-07,2025-07-13,66.66666666666667,92.98245614035088,0,0,15,21,71.42857142857143,82.84,7,9,77.77777777777777,90.12857142857142,yellow
2568-1069,2568,2025-07-07,2025-07-13,100.0,89.47368421052632,0,6,21,28,75.0,82.20952380952382,7,12,58.333333333333336,75.64285714285714,green
2568-1070,2568,2025-07-07,2025-07-13,100.0,75.43859649122807,0,1,16,21,76.19047619047619,81.025,7,9,77.77777777777777,77.75714285714285,green
2568-1071,2568,2025-07-07,2025-07-13,100.0,87.71929824561404,0,3,13,21,61.904761904761905,87.0,8,9,88.88888888888889,90.4,green
2568-1072,2568,2025-07-07,2025-07-13,0.0,52.63157894736842,1,0,5,14,35.714285714285715,68.80000000000001,3,6,50.0,66.86666666666666,red
2568-1073,2568,2025-07-07,2025-07-13,100.0,67.85714285714286,0,3,12,28,42.857142857142854,81.85833333333333,4,12,33.333333333333336,87.92500000000001,green
2568-1074,2568,2025-07-07,2025-07-13,75.0,26.31578947368421,0,1,5,28,17.857142857142858,57.46,5,12,41.666666666666664,54.05999999999999,green
2568-1075,2568,2025-07-07,2025-07-13,,30.0,2,0,1,14,7.142857142857143,55.5,0,6,0.0,,red
2568-1076,2568,2025-07-07,2025-07-13,50.0,77.63157894736842,0,0,17,28,60.714285714285715,78.82352941176471,11,12,91.66666666666667,78.10000000000001,yellow
2568-1077,2568,2025-07-07,2025-07-13,75.0,71.42857142857143,0,5,17,28,60.714285714285715,75.65294117647058,6,12,50.0,77.91666666666667,green
2568-1078,2568,2025-07-07,2025-07-13,100.0,87.5,0,7,10,28,35.714285714285715,89.66999999999999,5,12,41.666666666666664,85.89999999999999,green
2568-1079,2568,2025-07-07,2025-07-13,50.0,82.14285714285714,0,0,14,28,50.0,80.3,5,12,41.666666666666664,84.2,yellow
2568-1080,2568,2025-07-07,2025-07-13,75.0,71.42857142857143,0,1,11,28,39.285714285714285,78.17272727272727,6,12,50.0,77.16666666666667,green
2568-1081,2568,2025-07-07,2025-07-13,25.0,80.35714285714286,0,0,15,28,53.57142857142857,80.24,6,12,50.0,73.94999999999999,orange
2568-1082,2568,2025-07-07,2025-07-13,75.0,87.5,0,10,8,28,28.571428571428573,85.30000000000001,7,12,58.333333333333336,84.47142857142856,green
2568-1083,2568,2025-07-07,2025-07-13,50.0,33.333333333333336,0,0,3,14,21.428571428571427,64.96666666666665,2,6,33.333333333333336,68.94999999999999,yellow
2568-1084,2568,2025-07-07,2025-07-13,100.0,92.10526315789474,0,6,22,28,78.57142857142857,81.67272727272726,8,12,66.66666666666667,76.73750000000001,green
2568-1085,2568,2025-07-07,2025-07-13,75.0,75.0,0,7,10,28,35.714285714285715,76.22,2,12,16.666666666666668,77.69999999999999,green
2568-1086,2568,2025-07-07,2025-07-13,100.0,60.526315789473685,0,1,8,14,57.142857142857146,70.025,2,6,33.333333333333336,70.85,green
2568-1087,2568,2025-07-07,2025-07-13,,76.92307692307692,0,1,12,28,42.857142857142854,73.06666666666665,3,12,25.0,87.23333333333333,green
2568-1088,2568,2025-07-07,2025-07-13,75.0,73.21428571428571,0,1,12,28,42.857142857142854,77.38333333333334,7,12,58.333333333333336,75.1,green
2568-1089,2568,2025-07-07,2025-07-13,,38.888888888888886,4,0,0,14,0.0,,0,6,0.0,,red
2568-1090,2568,2025-07-07,2025-07-13,,45.0,0,1,0,28,0.0,,0,12,0.0,,green
2568-1091,2568,2025-07-07,2025-07-13,100.0,100.0,0,14,10,14,71.42857142857143,89.47000000000001,4,6,66.66666666666667,86.7,green
2568-1092,2568,2025-07-07,2025-07-13,,80.0,0,0,2,14,14.285714285714286,67.25,1,6,16.666666666666668,70.9,green
2568-1093,2568,2025-07-07,2025-07-13,100.0,96.49122807017544,0,1,15,21,71.42857142857143,91.00000000000001,5,9,55.55555555555556,89.06,green
2568-1094,2568,2025-07-07,2025-07-13,66.66666666666667,82.45614035087719,0,0,11,21,52.38095238095238,89.57272727272726,9,9,100.0,79.8111111111111,yellow
2568-1095,2568,2025-07-07,2025-07-13,100.0,61.8421052631579,0,3,14,28,50.0,62.58571428571428,6,12,50.0,68.4,green
2568-1096,2568,2025-07-07,2025-07-13,100.0,94.73684210526316,0,19,20,28,71.42857142857143,82.605,10,12,83.33333333333333,87.58,green
2568-1097,2568,2025-07-07,2025-07-13,100.0,100.0,0,19,9,14,64.28571428571429,88.48888888888888,5,6,83.33333333333333,87.53999999999999,green
2568-1098,2568,2025-07-07,2025-07-13,,33.333333333333336,1,0,3,14,21.428571428571427,67.16666666666667,3,6,50.0,67.2,green
2568-1099,2568,2025-07-07,2025-07-13,100.0,86.84210526315789,0,4,21,28,75.0,85.93333333333334,9,12,75.0,85.82222222222222,green
2568-1100,2568,2025-07-07,2025-07-13,,50.0,0,0,3,21,14.285714285714286,70.46666666666665,0,9,0.0,,green
2568-1101,2568,2025-07-07,2025-07-13,100.0,89.47368421052632,0,12,8,14,57.142857142857146,81.45,5,6,83.33333333333333,79.04,green
2568-1102,2568,2025-07-07,2025-07-13,100.0,98.24561403508773,0,14,16,21,76.19047619047619,88.825,9,9,100.0,87.42222222222223,green
2568-1103,2568,2025-07-07,2025-07-13,,56.25,0,2,3,28,10.714285714285714,75.56666666666666,0,12,0.0,,green
2568-1104,2568,2025-07-07,2025-07-13,25.0,53.94736842105263,0,0,16,28,57.142857142857146,66.85624999999999,8,12,66.66666666666667,66.875,orange
2568-1105,2568,2025-07-07,2025-07-13,66.66666666666667,77.19298245614036,0,0,13,21,61.904761904761905,81.37692307692306,6,9,66.66666666666667,78.01666666666667,yellow
2568-1106,2568,2025-07-07,2025-07-13,75.0,75.0,0,5,13,28,46.42857142857143,73.75384615384615,7,12,58.333333333333336,66.02857142857142,green
2568-1107,2568,2025-07-07,2025-07-13,100.0,95.83333333333333,0,6,8,28,28.571428571428573,86.1,4,12,33.333333333333336,88.35,green
2568-1108,2568,2025-07-07,2025-07-13,100.0,70.17543859649123,0,1,13,21,61.904761904761905,77.5153846153846,5,9,55.55555555555556,80.47999999999999,green
2568-1109,2568,2025-07-07,2025-07-13,66.66666666666667,61.40350877192982,0,0,11,21,52.38095238095238,76.37272727272726,4,9,44.44444444444444,70.89999999999999,yellow
2568-1110,2568,2025-07-07,2025-07-13,100.0,90.47619047619048,0,6,14,21,66.66666666666667,87.42857142857143,4,9,44.44444444444444,79.25,green
2568-1111,2568,2025-07-07,2025-07-13,100.0,75.0,0,5,13,28,46.42857142857143,84.92307692307692,6,12,50.0,78.39999999999999,green
2568-1112,2568,2025-07-07,2025-07-13,100.0,77.63157894736842,0,2,16,28,57.142857142857146,78.91875,8,12,66.66666666666667,74.13749999999999,green
2568-1113,2568,2025-07-07,2025-07-13,75.0,50.0,0,2,3,28,10.714285714285714,70.83333333333333,3,12,25.0,76.5,green
2568-1114,2568,2025-07-07,2025-07-13,75.0,87.5,0,14,17,28,60.714285714285715,81.68823529411765,8,12,66.66666666666667,84.6875,green
2568-1115,2568,2025-07-07,2025-07-13,75.0,75.0,0,3,6,28,21.428571428571427,80.60000000000001,3,12,25.0,80.60000000000001,green
2568-1116,2568,2025-07-07,2025-07-13,50.0,75.0,0,0,4,14,28.571428571428573,72.6,3,6,50.0,89.96666666666665,yellow
2568-1117,2568,2025-07-07,2025-07-13,100.0,82.89473684210526,0,1,17,28,60.714285714285715,78.37058823529412,8,12,66.66666666666667,77.025,green
2568-1118,2568,2025-07-07,2025-07-13,75.0,59.21052631578947,0,4,15,28,53.57142857142857,72.27999999999999,6,12,50.0,79.51666666666668,green
2568-1119,2568,2025-07-07,2025-07-13,50.0,55.357142857142854,0,0,15,28,53.57142857142857,77.68666666666667,4,12,33.333333333333336,70.6,yellow
2568-1120,2568,2025-07-07,2025-07-13,,86.66666666666667,0,0,6,21,28.571428571428573,85.41666666666667,2,9,22.22222222222222,81.80000000000001,green
2568-1121,2568,2025-07-07,2025-07-13,,68.75,0,1,5,28,17.857142857142858,78.82,0,12,0.0,,green
2568-1122,2568,2025-07-07,2025-07-13,100.0,76.3157894736842,0,1,13,28,46.42857142857143,69.23846153846155,8,12,66.66666666666667,68.1,green
2568-1123,2568,2025-07-07,2025-07-13,0.0,57.89473684210526,1,0,9,28,32.142857142857146,71.41111111111111,5,12,41.666666666666664,64.22,red
2568-1124,2568,2025-07-07,2025-07-13,100.0,82.89473684210526,0,11,13,28,46.42857142857143,72.50769230769231,6,12,50.0,76.9,green
2568-1125,2568,2025-07-07,2025-07-13,25.0,85.52631578947368,0,0,14,28,50.0,75.85,7,12,58.333333333333336,81.25714285714287,orange
2568-1126,2568,2025-07-07,2025-07-13,,80.76923076923077,0,3,13,28,46.42857142857143,75.96923076923078,1,12,8.333333333333334,81.9,green
2568-1127,2568,2025-07-07,2025-07-13,50.0,67.5,0,0,7,28,25.0,69.7,6,12,50.0,70.71666666666667,yellow
2568-1128,2568,2025-07-07,2025-07-13,100.0,89.28571428571429,0,3,10,14,71.42857142857143,76.87999999999998,2,6,33.333333333333336,72.45,green
2568-1129,2568,2025-07-07,2025-07-13,100.0,98.21428571428571,0,14,18,28,64.28571428571429,85.72777777777777,8,12,66.66666666666667,87.225,green
2568-1130,2568,2025-07-07,2025-07-13,66.66666666666667,77.19298245614036,0,0,11,21,52.38095238095238,77.62727272727273,6,9,66.66666666666667,84.25,yellow
2568-1131,2568,2025-07-07,2025-07-13,50.0,73.6842105263158,0,0,21,28,75.0,81.6047619047619,9,12,75.0,86.86666666666667,yellow
2568-1132,2568,2025-07-07,2025-07-13,100.0,97.36842105263158,0,19,21,28,75.0,87.3952380952381,11,12,91.66666666666667,85.47272727272728,green
2568-1133,2568,2025-07-07,2025-07-13,100.0,93.42105263157895,0,19,21,28,75.0,87.53333333333333,9,12,75.0,84.34444444444443,green
2568-1134,2568,2025-07-07,2025-07-13,,78.84615384615384,0,1,15,28,53.57142857142857,83.15333333333334,5,12,41.666666666666664,84.35999999999999,green
2568-1135,2568,2025-07-07,2025-07-13,,83.33333333333333,0,5,9,28,32.142857142857146,76.54444444444444,3,12,25.0,77.2,green
2568-1136,2568,2025-07-07,2025-07-13,100.0,100.0,0,10,8,21,38.095238095238095,91.625,6,9,66.66666666666667,84.13333333333334,green
2568-1137,2568,2025-07-07,2025-07-13,100.0,92.10526315789474,0,10,19,28,67.85714285714286,86.63157894736841,10,12,83.33333333333333,85.7,green
2568-1138,2568,2025-07-07,2025-07-13,75.0,76.78571428571429,0,7,18,28,64.28571428571429,74.62777777777778,6,12,50.0,77.61666666666666,green
2568-1139,2568,2025-07-07,2025-07-13,75.0,69.73684210526316,0,5,16,28,57.142857142857146,68.875,7,12,58.333333333333336,69.5,green
2568-1140,2568,2025-07-07,2025-07-13,100.0,78.94736842105263,0,1,16,21,76.19047619047619,81.3625,7,9,77.77777777777777,87.64285714285715,green
2568-1141,2568,2025-07-07,2025-07-13,33.333333333333336,77.19298245614036,0,0,14,21,66.66666666666667,80.89285714285712,7,9,77.77777777777777,80.14285714285714,orange
2568-1142,2568,2025-07-07,2025-07-13,75.0,69.73684210526316,0,3,15,28,53.57142857142857,79.87333333333332,4,12,33.333333333333336,71.0,green
2568-1143,2568,2025-07-07,2025-07-13,100.0,91.2280701754386,0,3,16,21,76.19047619047619,82.05625,7,9,77.77777777777777,79.0,green
2568-1144,2568,2025-07-07,2025-07-13,,55.55555555555556,0,1,4,14,28.571428571428573,75.625,2,6,33.333333333333336,57.55,green
2568-1145,2568,2025-07-07,2025-07-13,75.0,81.57894736842105,0,7,21,28,75.0,82.17619047619048,9,12,75.0,88.54444444444444,green
2568-1146,2568,2025-07-07,2025-07-13,66.66666666666667,57.89473684210526,0,0,9,21,42.857142857142854,62.911111111111104,4,9,44.44444444444444,60.1,yellow
2568-1147,2568,2025-07-07,2025-07-13,,38.888888888888886,0,0,5,28,17.857142857142858,72.06000000000002,2,12,16.666666666666668,58.25,green
2568-1148,2568,2025-07-07,2025-07-13,100.0,84.21052631578948,0,1,13,21,61.904761904761905,80.69999999999999,7,9,77.77777777777777,77.14285714285714,green
2568-1149,2568,2025-07-07,2025-07-13,66.66666666666667,72.22222222222223,0,0,5,21,23.80952380952381,75.0,1,9,11.11111111111111,96.6,yellow
2568-1150,2568,2025-07-07,2025-07-13,100.0,75.43859649122807,0,3,12,21,57.142857142857146,73.74166666666666,8,9,88.88888888888889,75.3125,green
2568-1151,2568,2025-07-07,2025-07-13,66.66666666666667,78.94736842105263,0,0,13,21,61.904761904761905,83.70769230769231,6,9,66.66666666666667,80.56666666666668,yellow
2568-1152,2568,2025-07-07,2025-07-13,50.0,77.63157894736842,0,0,17,28,60.714285714285715,84.04117647058824,9,12,75.0,75.26666666666667,yellow
2568-1153,2568,2025-07-07,2025-07-13,75.0,76.78571428571429,0,3,16,28,57.142857142857146,82.48125,8,12,66.66666666666667,84.5625,green
2568-1154,2568,2025-07-07,2025-07-13,,62.5,1,0,4,14,28.571428571428573,82.5,2,6,33.333333333333336,89.55,green
2568-1155,2568,2025-07-07,2025-07-13,,28.205128205128204,0,0,4,21,19.047619047619047,66.92500000000001,1,9,11.11111111111111,63.8,green
2568-1156,2568,2025-07-07,2025-07-13,100.0,61.8421052631579,0,1,15,28,53.57142857142857,72.65333333333334,9,12,75.0,65.56666666666666,green
2568-1157,2568,2025-07-07,2025-07-13,75.0,85.52631578947368,0,8,18,28,64.28571428571429,72.96111111111112,10,12,83.33333333333333,75.41,green
2568-1158,2568,2025-07-07,2025-07-13,100.0,84.21052631578948,0,3,21,28,75.0,87.43809523809524,9,12,75.0,87.71111111111111,green
2568-1159,2568,2025-07-07,2025-07-13,100.0,100.0,0,14,14,21,66.66666666666667,88.99285714285713,6,9,66.66666666666667,89.18333333333334,green
2568-1160,2568,2025-07-07,2025-07-13,75.0,83.92857142857143,0,14,12,28,42.857142857142854,88.09166666666665,5,12,41.666666666666664,85.46000000000001,green
2568-1001,2568,2025-07-14,2025-07-20,50.0,42.857142857142854,0,0,2,28,7.142857142857143,65.5,3,12,25.0,73.96666666666665,yellow
2568-1002,2568,2025-07-14,2025-07-20,75.0,67.5,0,1,16,28,57.142857142857146,81.4125,9,12,75.0,64.41111111111111,green
2568-1003,2568,2025-07-14,2025-07-20,75.0,58.75,0,2,10,28,35.714285714285715,63.1,6,12,50.0,67.03333333333333,green
2568-1004,2568,2025-07-14,2025-07-20,50.0,68.75,0,0,15,28,53.57142857142857,71.82000000000001,9,12,75.0,76.62222222222222,yellow
2568-1005,2568,2025-07-14,2025-07-20,25.0,63.75,0,0,11,28,39.285714285714285,71.29090909090911,6,12,50.0,75.00000000000001,orange
2568-1006,2568,2025-07-14,2025-07-20,,66.66666666666667,0,0,14,21,66.66666666666667,82.66428571428571,5,9,55.55555555555556,83.64,green
2568-1007,2568,2025-07-14,2025-07-20,75.0,63.333333333333336,0,1,13,28,46.42857142857143,76.52307692307691,5,12,41.666666666666664,76.04,green
2568-1008,2568,2025-07-14,2025-07-20,50.0,58.333333333333336,0,0,7,28,25.0,76.32857142857142,5,12,41.666666666666664,78.62,yellow
2568-1009,2568,2025-07-14,2025-07-20,100.0,100.0,0,7,5,28,17.857142857142858,86.38,3,12,25.0,81.8,green
2568-1010,2568,2025-07-14,2025-07-20,75.0,81.66666666666667,0,4,16,28,57.142857142857146,77.01250000000002,7,12,58.333333333333336,81.71428571428571,green
2568-1011,2568,2025-07-14,2025-07-20,100.0,100.0,0,7,8,28,28.571428571428573,83.71249999999999,3,12,25.0,72.73333333333333,green
2568-1012,2568,2025-07-14,2025-07-20,50.0,95.0,0,0,10,14,71.42857142857143,85.09,3,6,50.0,83.46666666666665,yellow
2568-1013,2568,2025-07-14,2025-07-20,75.0,71.66666666666667,0,6,13,28,46.42857142857143,81.51538461538462,7,12,58.333333333333336,73.45714285714287,green
2568-1014,2568,2025-07-14,2025-07-20,50.0,70.0,0,0,11,28,39.285714285714285,77.9090909090909,7,12,58.333333333333336,76.77142857142859,yellow
2568-1015,2568,2025-07-14,2025-07-20,,40.0,0,0,2,14,14.285714285714286,72.4,0,6,0.0,,green
2568-1016,2568,2025-07-14,2025-07-20,100.0,86.25,0,20,21,28,75.0,93.79047619047618,7,12,58.333333333333336,84.2,green
2568-1017,2568,2025-07-14,2025-07-20,100.0,72.5,0,2,15,28,53.57142857142857,78.88666666666668,8,12,66.66666666666667,75.13749999999999,green
2568-1018,2568,2025-07-14,2025-07-20,66.66666666666667,64.44444444444444,0,0,10,21,47.61904761904762,73.03999999999999,5,9,55.55555555555556,78.2,yellow
2568-1019,2568,2025-07-14,2025-07-20,75.0,77.27272727272727,0,4,12,28,42.857142857142854,81.375,7,12,58.333333333333336,82.02857142857144,green
2568-1020,2568,2025-07-14,2025-07-20,75.0,66.66666666666667,0,1,17,28,60.714285714285715,83.01764705882353,5,12,41.666666666666664,74.78,green
2568-1021,2568,2025-07-14,2025-07-20,75.0,86.25,0,1,19,28,67.85714285714286,81.25263157894734,11,12,91.66666666666667,80.28181818181817,green
2568-1022,2568,2025-07-14,2025-07-20,66.66666666666667,60.0,0,0,12,21,57.142857142857146,75.25,5,9,55.55555555555556,83.67999999999999,yellow
2568-1023,2568,2025-07-14,2025-07-20,,53.84615384615385,0,1,7,14,50.0,80.35714285714285,1,6,16.666666666666668,56.0,green
2568-1024,2568,2025-07-14,2025-07-20,50.0,73.33333333333333,0,0,6,14,42.857142857142854,71.45,3,6,50.0,83.63333333333333,yellow
2568-1025,2568,2025-07-14,2025-07-20,50.0,75.0,0,0,2,14,14.285714285714286,75.75,3,6,50.0,80.83333333333334,yellow
2568-1026,2568,2025-07-14,2025-07-20,75.0,67.5,0,1,17,28,60.714285714285715,72.1470588235294,10,12,83.33333333333333,73.64,green
2568-1027,2568,2025-07-14,2025-07-20,75.0,86.25,0,4,21,28,75.0,82.45238095238095,12,12,100.0,74.00833333333334,green
2568-1028,2568,2025-07-14,2025-07-20,50.0,86.25,0,0,19,28,67.85714285714286,82.15263157894736,10,12,83.33333333333333,84.13999999999999,yellow
2568-1029,2568,2025-07-14,2025-07-20,,95.83333333333333,0,18,19,28,67.85714285714286,88.67894736842105,9,12,75.0,88.83333333333334,green
2568-1030,2568,2025-07-14,2025-07-20,100.0,93.75,0,20,17,28,60.714285714285715,82.39411764705882,8,12,66.66666666666667,77.1375,green
2568-1031,2568,2025-07-14,2025-07-20,75.0,60.0,0,1,14,28,50.0,68.85714285714285,7,12,58.333333333333336,75.5,green
2568-1032,2568,2025-07-14,2025-07-20,100.0,97.5,0,20,23,28,82.14285714285714,87.72173913043478,9,12,75.0,88.85555555555555,green
2568-1033,2568,2025-07-14,2025-07-20,100.0,70.0,0,2,9,14,64.28571428571429,66.9111111111111,4,6,66.66666666666667,79.64999999999999,green
2568-1034,2568,2025-07-14,2025-07-20,33.333333333333336,86.66666666666667,0,0,11,21,52.38095238095238,71.76363636363637,4,9,44.44444444444444,66.65,orange
2568-1035,2568,2025-07-14,2025-07-20,100.0,80.0,0,1,7,14,50.0,74.02857142857144,4,6,66.66666666666667,73.65,green
2568-1036,2568,2025-07-14,2025-07-20,75.0,71.25,0,2,18,28,64.28571428571429,75.78888888888889,9,12,75.0,79.15555555555555,green
2568-1037,2568,2025-07-14,2025-07-20,100.0,95.0,0,3,16,21,76.19047619047619,92.23125,9,9,100.0,87.64444444444445,green
2568-1038,2568,2025-07-14,2025-07-20,,53.7037037037037,0,1,7,21,33.333333333333336,78.54285714285716,4,9,44.44444444444444,81.9,green
2568-1039,2568,2025-07-14,2025-07-20,100.0,78.78787878787878,0,1,7,21,33.333333333333336,73.32857142857142,4,9,44.44444444444444,80.95,green
2568-1040,2568,2025-07-14,2025-07-20,100.0,65.0,0,1,10,21,47.61904761904762,68.83,4,9,44.44444444444444,77.425,green
2568-1041,2568,2025-07-14,2025-07-20,50.0,60.0,0,0,18,28,64.28571428571429,70.94444444444444,6,12,50.0,75.36666666666666,yellow
2568-1042,2568,2025-07-14,2025-07-20,100.0,83.33333333333333,0,1,15,28,53.57142857142857,86.85333333333332,8,12,66.66666666666667,81.375,green
2568-1043,2568,2025-07-14,2025-07-20,75.0,61.25,0,1,11,28,39.285714285714285,71.2090909090909,8,12,66.66666666666667,69.01249999999999,green
2568-1044,2568,2025-07-14,2025-07-20,,46.15384615384615,0,1,2,14,14.285714285714286,73.05,2,6,33.333333333333336,51.25,green
2568-1045,2568,2025-07-14,2025-07-20,100.0,98.75,0,20,21,28,75.0,84.20000000000002,9,12,75.0,86.3,green
2568-1046,2568,2025-07-14,2025-07-20,,94.23076923076923,0,13,15,28,53.57142857142857,85.71333333333334,7,12,58.333333333333336,83.05714285714285,green
2568-1047,2568,2025-07-14,2025-07-20,100.0,78.75,0,1,14,28,50.0,74.83571428571429,9,12,75.0,75.88888888888889,green
2568-1048,2568,2025-07-14,2025-07-20,100.0,98.33333333333333,0,8,16,21,76.19047619047619,84.90625,8,9,88.88888888888889,91.65,green
2568-1049,2568,2025-07-14,2025-07-20,66.66666666666667,66.66666666666667,0,0,12,21,57.142857142857146,75.89166666666667,4,9,44.44444444444444,74.725,yellow
2568-1050,2568,2025-07-14,2025-07-20,100.0,80.0,0,5,14,28,50.0,79.40714285714284,10,12,83.33333333333333,85.88,green
2568-1051,2568,2025-07-14,2025-07-20,50.0,47.5,0,0,4,14,28.571428571428573,71.125,3,6,50.0,61.366666666666674,yellow
2568-1052,2568,2025-07-14,2025-07-20,75.0,90.0,0,18,20,28,71.42857142857143,89.205,9,12,75.0,88.21111111111111,green
2568-1053,2568,2025-07-14,2025-07-20,,72.22222222222223,0,0,9,14,64.28571428571429,75.4111111111111,5,6,83.33333333333333,73.82,green
2568-1054,2568,2025-07-14,2025-07-20,100.0,100.0,0,15,14,21,66.66666666666667,87.2857142857143,6,9,66.66666666666667,82.83333333333334,green
2568-1055,2568,2025-07-14,2025-07-20,,68.05555555555556,0,1,17,28,60.714285714285715,76.81176470588234,8,12,66.66666666666667,81.75,green
2568-1056,2568,2025-07-14,2025-07-20,100.0,65.0,0,1,17,28,60.714285714285715,72.12941176470588,6,12,50.0,73.03333333333335,green
2568-1057,2568,2025-07-14,2025-07-20,100.0,100.0,0,20,21,28,75.0,90.95238095238095,9,12,75.0,91.93333333333334,green
2568-1058,2568,2025-07-14,2025-07-20,100.0,97.5,0,1,11,14,78.57142857142857,85.42727272727272,5,6,83.33333333333333,84.08,green
2568-1059,2568,2025-07-14,2025-07-20,100.0,95.55555555555556,0,1,14,21,66.66666666666667,84.24285714285715,4,9,44.44444444444444,89.125,green
2568-1060,2568,2025-07-14,2025-07-20,50.0,54.54545454545455,0,0,5,14,35.714285714285715,65.82000000000001,3,6,50.0,74.53333333333335,yellow
2568-1061,2568,2025-07-14,2025-07-20,50.0,70.0,0,0,10,28,35.714285714285715,73.22999999999999,8,12,66.66666666666667,76.0125,yellow
2568-1062,2568,2025-07-14,2025-07-20,100.0,69.6969696969697,0,2,7,21,33.333333333333336,78.54285714285716,4,9,44.44444444444444,65.5,green
2568-1063,2568,2025-07-14,2025-07-20,75.0,70.45454545454545,0,1,10,28,35.714285714285715,78.42,6,12,50.0,77.38333333333334,green
2568-1064,2568,2025-07-14,2025-07-20,,50.0,0,0,2,14,14.285714285714286,94.35,2,6,33.333333333333336,78.1,green
2568-1065,2568,2025-07-14,2025-07-20,100.0,86.36363636363636,0,3,4,14,28.571428571428573,75.7,2,6,33.333333333333336,79.19999999999999,green
2568-1066,2568,2025-07-14,2025-07-20,,56.94444444444444,0,0,16,28,57.142857142857146,67.275,6,12,50.0,64.03333333333333,green
2568-1067,2568,2025-07-14,2025-07-20,0.0,36.36363636363637,1,0,7,28,25.0,61.68571428571429,6,12,50.0,61.650000000000006,red
2568-1068,2568,2025-07-14,2025-07-20,100.0,93.33333333333333,0,1,15,21,71.42857142857143,82.84,7,9,77.77777777777777,90.12857142857142,green
2568-1069,2568,2025-07-14,2025-07-20,100.0,90.0,0,7,21,28,75.0,82.20952380952382,7,12,58.333333333333336,75.64285714285714,green
2568-1070,2568,2025-07-14,2025-07-20,66.66666666666667,75.0,0,0,16,21,76.19047619047619,81.025,7,9,77.77777777777777,77.75714285714285,yellow
2568-1071,2568,2025-07-14,2025-07-20,100.0,88.33333333333333,0,4,13,21,61.904761904761905,87.0,8,9,88.88888888888889,90.4,green
2568-1072,2568,2025-07-14,2025-07-20,50.0,52.5,0,0,5,14,35.714285714285715,68.80000000000001,3,6,50.0,66.86666666666666,yellow
2568-1073,2568,2025-07-14,2025-07-20,50.0,66.66666666666667,0,0,12,28,42.857142857142854,81.85833333333333,4,12,33.333333333333336,87.92500000000001,yellow
2568-1074,2568,2025-07-14,2025-07-20,25.0,26.25,0,0,5,28,17.857142857142858,57.46,5,12,41.666666666666664,54.05999999999999,orange
2568-1075,2568,2025-07-14,2025-07-20,,30.0,2,0,1,14,7.142857142857143,55.5,0,6,0.0,,red
2568-1076,2568,2025-07-14,2025-07-20,100.0,78.75,0,1,17,28,60.714285714285715,78.82352941176471,11,12,91.66666666666667,78.10000000000001,green
2568-1077,2568,2025-07-14,2025-07-20,50.0,70.0,0,0,17,28,60.714285714285715,75.65294117647058,6,12,50.0,77.91666666666667,yellow
2568-1078,2568,2025-07-14,2025-07-20,75.0,86.36363636363636,0,8,10,28,35.714285714285715,89.66999999999999,5,12,41.666666666666664,85.89999999999999,green
2568-1079,2568,2025-07-14,2025-07-20,75.0,81.66666666666667,0,1,14,28,50.0,80.3,5,12,41.666666666666664,84.2,green
2568-1080,2568,2025-07-14,2025-07-20,100.0,73.33333333333333,0,2,11,28,39.285714285714285,78.17272727272727,6,12,50.0,77.16666666666667,green
2568-1081,2568,2025-07-14,2025-07-20,100.0,81.66666666666667,0,1,15,28,53.57142857142857,80.24,6,12,50.0,73.94999999999999,green
2568-1082,2568,2025-07-14,2025-07-20,100.0,88.63636363636364,0,11,8,28,28.571428571428573,85.30000000000001,7,12,58.333333333333336,84.47142857142856,green
2568-1083,2568,2025-07-14,2025-07-20,50.0,35.714285714285715,0,0,3,14,21.428571428571427,64.96666666666665,2,6,33.333333333333336,68.94999999999999,yellow
2568-1084,2568,2025-07-14,2025-07-20,100.0,92.5,0,7,22,28,78.57142857142857,81.67272727272726,8,12,66.66666666666667,76.73750000000001,green
2568-1085,2568,2025-07-14,2025-07-20,25.0,70.45454545454545,0,0,10,28,35.714285714285715,76.22,2,12,16.666666666666668,77.69999999999999,orange
2568-1086,2568,2025-07-14,2025-07-20,100.0,62.5,0,2,8,14,57.142857142857146,70.025,2,6,33.333333333333336,70.85,green
2568-1087,2568,2025-07-14,2025-07-20,,76.92307692307692,0,1,12,28,42.857142857142854,73.06666666666665,3,12,25.0,87.23333333333333,green
2568-1088,2568,2025-07-14,2025-07-20,100.0,75.0,0,2,12,28,42.857142857142854,77.38333333333334,7,12,58.333333333333336,75.1,green
2568-1089,2568,2025-07-14,2025-07-20,,38.888888888888886,4,0,0,14,0.0,,0,6,0.0,,red
2568-1090,2568,2025-07-14,2025-07-20,,45.0,0,1,0,28,0.0,,0,12,0.0,,green
2568-1091,2568,2025-07-14,2025-07-20,100.0,100.0,0,15,10,14,71.42857142857143,89.47000000000001,4,6,66.66666666666667,86.7,green
2568-1092,2568,2025-07-14,2025-07-20,,80.0,0,0,2,14,14.285714285714286,67.25,1,6,16.666666666666668,70.9,green
2568-1093,2568,2025-07-14,2025-07-20,100.0,96.66666666666667,0,2,15,21,71.42857142857143,91.00000000000001,5,9,55.55555555555556,89.06,green
2568-1094,2568,2025-07-14,2025-07-20,100.0,83.33333333333333,0,1,11,21,52.38095238095238,89.57272727272726,9,9,100.0,79.8111111111111,green
2568-1095,2568,2025-07-14,2025-07-20,50.0,61.25,0,0,14,28,50.0,62.58571428571428,6,12,50.0,68.4,yellow
2568-1096,2568,2025-07-14,2025-07-20,100.0,95.0,0,20,20,28,71.42857142857143,82.605,10,12,83.33333333333333,87.58,green
2568-1097,2568,2025-07-14,2025-07-20,100.0,100.0,0,20,9,14,64.28571428571429,88.48888888888888,5,6,83.33333333333333,87.53999999999999,green
2568-1098,2568,2025-07-14,2025-07-20,,33.333333333333336,1,0,3,14,21.428571428571427,67.16666666666667,3,6,50.0,67.2,green
2568-1099,2568,2025-07-14,2025-07-20,100.0,87.5,0,5,21,28,75.0,85.93333333333334,9,12,75.0,85.82222222222222,green
2568-1100,2568,2025-07-14,2025-07-20,,50.0,0,0,3,21,14.285714285714286,70.46666666666665,0,9,0.0,,green
2568-1101,2568,2025-07-14,2025-07-20,100.0,90.0,0,13,8,14,57.142857142857146,81.45,5,6,83.33333333333333,79.04,green
2568-1102,2568,2025-07-14,2025-07-20,66.66666666666667,96.66666666666667,0,0,16,21,76.19047619047619,88.825,9,9,100.0,87.42222222222223,yellow
2568-1103,2568,2025-07-14,2025-07-20,,56.25,0,2,3,28,10.714285714285714,75.56666666666666,0,12,0.0,,green
2568-1104,2568,2025-07-14,2025-07-20,75.0,55.0,0,1,16,28,57.142857142857146,66.85624999999999,8,12,66.66666666666667,66.875,green
2568-1105,2568,2025-07-14,2025-07-20,66.66666666666667,76.66666666666667,0,0,13,21,61.904761904761905,81.37692307692306,6,9,66.66666666666667,78.01666666666667,yellow
2568-1106,2568,2025-07-14,2025-07-20,75.0,75.0,0,6,13,28,46.42857142857143,73.75384615384615,7,12,58.333333333333336,66.02857142857142,green
2568-1107,2568,2025-07-14,2025-07-20,100.0,96.42857142857143,0,7,8,28,28.571428571428573,86.1,4,12,33.333333333333336,88.35,green
2568-1108,2568,2025-07-14,2025-07-20,66.66666666666667,70.0,0,0,13,21,61.904761904761905,77.5153846153846,5,9,55.55555555555556,80.47999999999999,yellow
2568-1109,2568,2025-07-14,2025-07-20,66.66666666666667,61.666666666666664,0,0,11,21,52.38095238095238,76.37272727272726,4,9,44.44444444444444,70.89999999999999,yellow
2568-1110,2568,2025-07-14,2025-07-20,100.0,91.11111111111111,0,7,14,21,66.66666666666667,87.42857142857143,4,9,44.44444444444444,79.25,green
2568-1111,2568,2025-07-14,2025-07-20,100.0,76.25,0,6,13,28,46.42857142857143,84.92307692307692,6,12,50.0,78.39999999999999,green
2568-1112,2568,2025-07-14,2025-07-20,75.0,77.5,0,3,16,28,57.142857142857146,78.91875,8,12,66.66666666666667,74.13749999999999,green
2568-1113,2568,2025-07-14,2025-07-20,75.0,53.57142857142857,0,3,3,28,10.714285714285714,70.83333333333333,3,12,25.0,76.5,green
2568-1114,2568,2025-07-14,2025-07-20,75.0,86.66666666666667,0,15,17,28,60.714285714285715,81.68823529411765,8,12,66.66666666666667,84.6875,green
2568-1115,2568,2025-07-14,2025-07-20,25.0,67.85714285714286,0,0,6,28,21.428571428571427,80.60000000000001,3,12,25.0,80.60000000000001,orange
2568-1116,2568,2025-07-14,2025-07-20,100.0,77.27272727272727,0,1,4,14,28.571428571428573,72.6,3,6,50.0,89.96666666666665,green
2568-1117,2568,2025-07-14,2025-07-20,75.0,82.5,0,2,17,28,60.714285714285715,78.37058823529412,8,12,66.66666666666667,77.025,green
2568-1118,2568,2025-07-14,2025-07-20,100.0,61.25,0,5,15,28,53.57142857142857,72.27999999999999,6,12,50.0,79.51666666666668,green
2568-1119,2568,2025-07-14,2025-07-20,75.0,56.666666666666664,0,1,15,28,53.57142857142857,77.68666666666667,4,12,33.333333333333336,70.6,green
2568-1120,2568,2025-07-14,2025-07-20,,86.66666666666667,0,0,6,21,28.571428571428573,85.41666666666667,2,9,22.22222222222222,81.80000000000001,green
2568-1121,2568,2025-07-14,2025-07-20,,68.75,0,1,5,28,17.857142857142858,78.82,0,12,0.0,,green
2568-1122,2568,2025-07-14,2025-07-20,50.0,75.0,0,0,13,28,46.42857142857143,69.23846153846155,8,12,66.66666666666667,68.1,yellow
2568-1123,2568,2025-07-14,2025-07-20,75.0,58.75,0,1,9,28,32.142857142857146,71.41111111111111,5,12,41.666666666666664,64.22,green
2568-1124,2568,2025-07-14,2025-07-20,25.0,80.0,0,0,13,28,46.42857142857143,72.50769230769231,6,12,50.0,76.9,orange
2568-1125,2568,2025-07-14,2025-07-20,75.0,85.0,0,1,14,28,50.0,75.85,7,12,58.333333333333336,81.25714285714287,green
2568-1126,2568,2025-07-14,2025-07-20,,80.76923076923077,0,3,13,28,46.42857142857143,75.96923076923078,1,12,8.333333333333334,81.9,green
2568-1127,2568,2025-07-14,2025-07-20,100.0,70.45454545454545,0,1,7,28,25.0,69.7,6,12,50.0,70.71666666666667,green
2568-1128,2568,2025-07-14,2025-07-20,50.0,86.66666666666667,0,0,10,14,71.42857142857143,76.87999999999998,2,6,33.333333333333336,72.45,yellow
2568-1129,2568,2025-07-14,2025-07-20,100.0,98.33333333333333,0,15,18,28,64.28571428571429,85.72777777777777,8,12,66.66666666666667,87.225,green
2568-1130,2568,2025-07-14,2025-07-20,33.333333333333336,75.0,0,0,11,21,52.38095238095238,77.62727272727273,6,9,66.66666666666667,84.25,orange
2568-1131,2568,2025-07-14,2025-07-20,100.0,75.0,0,1,21,28,75.0,81.6047619047619,9,12,75.0,86.86666666666667,green
2568-1132,2568,2025-07-14,2025-07-20,100.0,97.5,0,20,21,28,75.0,87.3952380952381,11,12,91.66666666666667,85.47272727272728,green
2568-1133,2568,2025-07-14,2025-07-20,100.0,93.75,0,20,21,28,75.0,87.53333333333333,9,12,75.0,84.34444444444443,green
2568-1134,2568,2025-07-14,2025-07-20,,78.84615384615384,0,1,15,28,53.57142857142857,83.15333333333334,5,12,41.666666666666664,84.35999999999999,green
2568-1135,2568,2025-07-14,2025-07-20,,83.33333333333333,0,5,9,28,32.142857142857146,76.54444444444444,3,12,25.0,77.2,green
2568-1136,2568,2025-07-14,2025-07-20,100.0,100.0,0,11,8,21,38.095238095238095,91.625,6,9,66.66666666666667,84.13333333333334,green
2568-1137,2568,2025-07-14,2025-07-20,100.0,92.5,0,11,19,28,67.85714285714286,86.63157894736841,10,12,83.33333333333333,85.7,green
2568-1138,2568,2025-07-14,2025-07-20,75.0,76.66666666666667,0,8,18,28,64.28571428571429,74.62777777777778,6,12,50.0,77.61666666666666,green
2568-1139,2568,2025-07-14,2025-07-20,50.0,68.75,0,0,16,28,57.142857142857146,68.875,7,12,58.333333333333336,69.5,yellow
2568-1140,2568,2025-07-14,2025-07-20,100.0,80.0,0,2,16,21,76.19047619047619,81.3625,7,9,77.77777777777777,87.64285714285715,green
2568-1141,2568,2025-07-14,2025-07-20,100.0,78.33333333333333,0,1,14,21,66.66666666666667,80.89285714285712,7,9,77.77777777777777,80.14285714285714,green
2568-1142,2568,2025-07-14,2025-07-20,75.0,70.0,0,4,15,28,53.57142857142857,79.87333333333332,4,12,33.333333333333336,71.0,green
2568-1143,2568,2025-07-14,2025-07-20,100.0,91.66666666666667,0,4,16,21,76.19047619047619,82.05625,7,9,77.77777777777777,79.0,green
2568-1144,2568,2025-07-14,2025-07-20,,55.55555555555556,0,1,4,14,28.571428571428573,75.625,2,6,33.333333333333336,57.55,green
2568-1145,2568,2025-07-14,2025-07-20,75.0,81.25,0,8,21,28,75.0,82.17619047619048,9,12,75.0,88.54444444444444,green
2568-1146,2568,2025-07-14,2025-07-20,66.66666666666667,58.333333333333336,0,0,9,21,42.857142857142854,62.911111111111104,4,9,44.44444444444444,60.1,yellow
2568-1147,2568,2025-07-14,2025-07-20,,38.888888888888886,0,0,5,28,17.857142857142858,72.06000000000002,2,12,16.666666666666668,58.25,green
2568-1148,2568,2025-07-14,2025-07-20,100.0,85.0,0,2,13,21,61.904761904761905,80.69999999999999,7,9,77.77777777777777,77.14285714285714,green
2568-1149,2568,2025-07-14,2025-07-20,33.333333333333336,66.66666666666667,0,0,5,21,23.80952380952381,75.0,1,9,11.11111111111111,96.6,orange
2568-1150,2568,2025-07-14,2025-07-20,66.66666666666667,75.0,0,0,12,21,57.142857142857146,73.74166666666666,8,9,88.88888888888889,75.3125,yellow
2568-1151,2568,2025-07-14,2025-07-20,66.66666666666667,78.33333333333333,0,0,13,21,61.904761904761905,83.70769230769231,6,9,66.66666666666667,80.56666666666668,yellow
2568-1152,2568,2025-07-14,2025-07-20,75.0,77.5,0,1,17,28,60.714285714285715,84.04117647058824,9,12,75.0,75.26666666666667,green
2568-1153,2568,2025-07-14,2025-07-20,75.0,76.66666666666667,0,4,16,28,57.142857142857146,82.48125,8,12,66.66666666666667,84.5625,green
2568-1154,2568,2025-07-14,2025-07-20,,62.5,1,0,4,14,28.571428571428573,82.5,2,6,33.333333333333336,89.55,green
2568-1155,2568,2025-07-14,2025-07-20,,28.205128205128204,0,0,4,21,19.047619047619047,66.92500000000001,1,9,11.11111111111111,63.8,green
2568-1156,2568,2025-07-14,2025-07-20,25.0,60.0,0,0,15,28,53.57142857142857,72.65333333333334,9,12,75.0,65.56666666666666,orange
2568-1157,2568,2025-07-14,2025-07-20,100.0,86.25,0,9,18,28,64.28571428571429,72.96111111111112,10,12,83.33333333333333,75.41,green
2568-1158,2568,2025-07-14,2025-07-20,50.0,82.5,0,0,21,28,75.0,87.43809523809524,9,12,75.0,87.71111111111111,yellow
2568-1159,2568,2025-07-14,2025-07-20,100.0,100.0,0,15,14,21,66.66666666666667,88.99285714285713,6,9,66.66666666666667,89.18333333333334,green
2568-1160,2568,2025-07-14,2025-07-20,100.0,85.0,0,15,12,28,42.857142857142854,88.09166666666665,5,12,41.666666666666664,85.46000000000001,green
2568-1001,2568,2025-07-21,2025-07-27,100.0,50.0,0,1,6,32,18.75,60.18333333333333,3,12,25.0,73.96666666666665,green
2568-1002,2568,2025-07-21,2025-07-27,75.0,67.85714285714286,0,2,17,32,53.125,81.82352941176471,9,12,75.0,64.41111111111111,green
2568-1003,2568,2025-07-21,2025-07-27,100.0,60.714285714285715,0,3,11,32,34.375,63.22727272727273,6,12,50.0,67.03333333333333,green
2568-1004,2568,2025-07-21,2025-07-27,100.0,70.23809523809524,0,1,17,32,53.125,72.84117647058824,9,12,75.0,76.62222222222222,green
2568-1005,2568,2025-07-21,2025-07-27,100.0,65.47619047619048,0,1,13,32,40.625,71.76153846153846,6,12,50.0,75.00000000000001,green
2568-1006,2568,2025-07-21,2025-07-27,,66.66666666666667,0,0,14,24,58.333333333333336,82.66428571428571,5,9,55.55555555555556,83.64,green
2568-1007,2568,2025-07-21,2025-07-27,50.0,62.5,0,0,16,32,50.0,76.5875,5,12,41.666666666666664,76.04,yellow
2568-1008,2568,2025-07-21,2025-07-27,75.0,59.375,0,1,8,32,25.0,77.975,5,12,41.666666666666664,78.62,green
2568-1009,2568,2025-07-21,2025-07-27,100.0,100.0,0,8,9,32,28.125,86.97777777777777,3,12,25.0,81.8,green
2568-1010,2568,2025-07-21,2025-07-27,100.0,82.8125,0,5,20,32,62.5,77.03500000000003,7,12,58.333333333333336,81.71428571428571,green
2568-1011,2568,2025-07-21,2025-07-27,100.0,100.0,0,8,11,32,34.375,84.7181818181818,3,12,25.0,72.73333333333333,green
2568-1012,2568,2025-07-21,2025-07-27,100.0,95.23809523809524,0,1,12,16,75.0,83.09166666666665,3,6,50.0,83.46666666666665,green
2568-1013,2568,2025-07-21,2025-07-27,50.0,70.3125,0,0,15,32,46.875,80.8,7,12,58.333333333333336,73.45714285714287,yellow
2568-1014,2568,2025-07-21,2025-07-27,50.0,69.04761904761905,0,0,12,32,37.5,77.29166666666667,7,12,58.333333333333336,76.77142857142859,yellow
2568-1015,2568,2025-07-21,2025-07-27,,40.0,0,0,2,16,12.5,72.4,0,6,0.0,,green
2568-1016,2568,2025-07-21,2025-07-27,100.0,86.9047619047619,0,21,24,32,75.0,93.24166666666667,7,12,58.333333333333336,84.2,green
2568-1017,2568,2025-07-21,2025-07-27,50.0,71.42857142857143,0,0,19,32,59.375,81.30000000000001,8,12,66.66666666666667,75.13749999999999,yellow
2568-1018,2568,2025-07-21,2025-07-27,66.66666666666667,64.58333333333333,0,0,11,24,45.833333333333336,72.1090909090909,5,9,55.55555555555556,78.2,yellow
2568-1019,2568,2025-07-21,2025-07-27,75.0,77.08333333333333,0,5,15,32,46.875,81.52666666666666,7,12,58.333333333333336,82.02857142857144,green
2568-1020,2568,2025-07-21,2025-07-27,100.0,68.75,0,2,19,32,59.375,82.6157894736842,5,12,41.666666666666664,74.78,green
2568-1021,2568,2025-07-21,2025-07-27,100.0,86.9047619047619,0,2,23,32,71.875,79.51739130434781,11,12,91.66666666666667,80.28181818181817,green
2568-1022,2568,2025-07-21,2025-07-27,0.0,57.142857142857146,0,0,15,24,62.5,74.96000000000001,5,9,55.55555555555556,83.67999999999999,red
2568-1023,2568,2025-07-21,2025-07-27,,53.84615384615385,0,1,7,16,43.75,80.35714285714285,1,6,16.666666666666668,56.0,green
2568-1024,2568,2025-07-21,2025-07-27,100.0,75.0,0,1,8,16,50.0,68.775,3,6,50.0,83.63333333333333,green
2568-1025,2568,2025-07-21,2025-07-27,50.0,73.80952380952381,0,0,3,16,18.75,75.56666666666666,3,6,50.0,80.83333333333334,yellow
2568-1026,2568,2025-07-21,2025-07-27,75.0,67.85714285714286,0,2,19,32,59.375,70.97894736842105,10,12,83.33333333333333,73.64,green
2568-1027,2568,2025-07-21,2025-07-27,100.0,86.9047619047619,0,5,25,32,78.125,82.084,12,12,100.0,74.00833333333334,green
2568-1028,2568,2025-07-21,2025-07-27,100.0,86.9047619047619,0,1,23,32,71.875,82.41304347826087,10,12,83.33333333333333,84.13999999999999,green
2568-1029,2568,2025-07-21,2025-07-27,,95.83333333333333,0,18,19,32,59.375,88.67894736842105,9,12,75.0,88.83333333333334,green
2568-1030,2568,2025-07-21,2025-07-27,100.0,94.04761904761905,0,21,20,32,62.5,83.33000000000001,8,12,66.66666666666667,77.1375,green
2568-1031,2568,2025-07-21,2025-07-27,25.0,58.333333333333336,0,0,16,32,50.0,71.04374999999999,7,12,58.333333333333336,75.5,orange
2568-1032,2568,2025-07-21,2025-07-27,100.0,97.61904761904762,0,21,26,32,81.25,87.94615384615385,9,12,75.0,88.85555555555555,green
2568-1033,2568,2025-07-21,2025-07-27,50.0,69.04761904761905,0,0,10,16,62.5,68.32,4,6,66.66666666666667,79.64999999999999,yellow
2568-1034,2568,2025-07-21,2025-07-27,66.66666666666667,85.41666666666667,0,0,13,24,54.166666666666664,74.76153846153846,4,9,44.44444444444444,66.65,yellow
2568-1035,2568,2025-07-21,2025-07-27,100.0,81.25,0,2,9,16,56.25,71.13333333333334,4,6,66.66666666666667,73.65,green
2568-1036,2568,2025-07-21,2025-07-27,75.0,71.42857142857143,0,3,21,32,65.625,75.92380952380952,9,12,75.0,79.15555555555555,green
2568-1037,2568,2025-07-21,2025-07-27,100.0,95.23809523809524,0,4,19,24,79.16666666666667,92.27894736842104,9,9,100.0,87.64444444444445,green
2568-1038,2568,2025-07-21,2025-07-27,,53.7037037037037,0,1,7,24,29.166666666666668,78.54285714285716,4,9,44.44444444444444,81.9,green
2568-1039,2568,2025-07-21,2025-07-27,66.66666666666667,77.77777777777777,0,0,9,24,37.5,74.21111111111111,4,9,44.44444444444444,80.95,yellow
2568-1040,2568,2025-07-21,2025-07-27,66.66666666666667,65.07936507936508,0,0,10,24,41.666666666666664,68.83,4,9,44.44444444444444,77.425,yellow
2568-1041,2568,2025-07-21,2025-07-27,50.0,59.523809523809526,0,0,20,32,62.5,71.785,6,12,50.0,75.36666666666666,yellow
2568-1042,2568,2025-07-21,2025-07-27,75.0,82.8125,0,2,18,32,56.25,85.97222222222223,8,12,66.66666666666667,81.375,green
2568-1043,2568,2025-07-21,2025-07-27,100.0,63.095238095238095,0,2,12,32,37.5,71.875,8,12,66.66666666666667,69.01249999999999,green
2568-1044,2568,2025-07-21,2025-07-27,,46.15384615384615,0,1,2,16,12.5,73.05,2,6,33.333333333333336,51.25,green
2568-1045,2568,2025-07-21,2025-07-27,100.0,98.80952380952381,0,21,24,32,75.0,84.37916666666668,9,12,75.0,86.3,green
2568-1046,2568,2025-07-21,2025-07-27,,94.23076923076923,0,13,15,32,46.875,85.71333333333334,7,12,58.333333333333336,83.05714285714285,green
2568-1047,2568,2025-07-21,2025-07-27,50.0,77.38095238095238,0,0,18,32,56.25,75.31666666666666,9,12,75.0,75.88888888888889,yellow
2568-1048,2568,2025-07-21,2025-07-27,100.0,98.41269841269842,0,9,18,24,75.0,85.16666666666667,8,9,88.88888888888889,91.65,green
2568-1049,2568,2025-07-21,2025-07-27,33.333333333333336,65.07936507936508,0,0,13,24,54.166666666666664,75.10000000000001,4,9,44.44444444444444,74.725,orange
2568-1050,2568,2025-07-21,2025-07-27,100.0,80.95238095238095,0,6,17,32,53.125,80.2470588235294,10,12,83.33333333333333,85.88,green
2568-1051,2568,2025-07-21,2025-07-27,50.0,47.61904761904762,0,0,5,16,31.25,68.66,3,6,50.0,61.366666666666674,yellow
2568-1052,2568,2025-07-21,2025-07-27,100.0,90.47619047619048,0,19,23,32,71.875,88.93478260869566,9,12,75.0,88.21111111111111,green
2568-1053,2568,2025-07-21,2025-07-27,,72.22222222222223,0,0,9,16,56.25,75.4111111111111,5,6,83.33333333333333,73.82,green
2568-1054,2568,2025-07-21,2025-07-27,100.0,100.0,0,16,15,24,62.5,87.42000000000002,6,9,66.66666666666667,82.83333333333334,green
2568-1055,2568,2025-07-21,2025-07-27,,68.05555555555556,0,1,17,32,53.125,76.81176470588234,8,12,66.66666666666667,81.75,green
2568-1056,2568,2025-07-21,2025-07-27,75.0,65.47619047619048,0,2,18,32,56.25,72.57777777777777,6,12,50.0,73.03333333333335,green
2568-1057,2568,2025-07-21,2025-07-27,100.0,100.0,0,21,24,32,75.0,90.075,9,12,75.0,91.93333333333334,green
2568-1058,2568,2025-07-21,2025-07-27,100.0,97.61904761904762,0,2,13,16,81.25,86.03076923076924,5,6,83.33333333333333,84.08,green
2568-1059,2568,2025-07-21,2025-07-27,100.0,95.83333333333333,0,2,17,24,70.83333333333333,84.95294117647059,4,9,44.44444444444444,89.125,green
2568-1060,2568,2025-07-21,2025-07-27,100.0,58.333333333333336,0,1,6,16,37.5,64.46666666666667,3,6,50.0,74.53333333333335,green
2568-1061,2568,2025-07-21,2025-07-27,75.0,70.23809523809524,0,1,11,32,34.375,73.02727272727272,8,12,66.66666666666667,76.0125,green
2568-1062,2568,2025-07-21,2025-07-27,66.66666666666667,69.44444444444444,0,0,10,24,41.666666666666664,78.16999999999999,4,9,44.44444444444444,65.5,yellow
2568-1063,2568,2025-07-21,2025-07-27,75.0,70.83333333333333,0,2,14,32,43.75,76.4357142857143,6,12,50.0,77.38333333333334,green
2568-1064,2568,2025-07-21,2025-07-27,,50.0,0,0,2,16,12.5,94.35,2,6,33.333333333333336,78.1,green
2568-1065,2568,2025-07-21,2025-07-27,100.0,87.5,0,4,5,16,31.25,75.5,2,6,33.333333333333336,79.19999999999999,green
2568-1066,2568,2025-07-21,2025-07-27,,56.94444444444444,0,0,16,32,50.0,67.275,6,12,50.0,64.03333333333333,green
2568-1067,2568,2025-07-21,2025-07-27,25.0,35.416666666666664,0,0,8,32,25.0,61.0625,6,12,50.0,61.650000000000006,orange
2568-1068,2568,2025-07-21,2025-07-27,66.66666666666667,92.06349206349206,0,0,18,24,75.0,85.22222222222223,7,9,77.77777777777777,90.12857142857142,yellow
2568-1069,2568,2025-07-21,2025-07-27,50.0,88.0952380952381,0,0,25,32,78.125,81.27999999999999,7,12,58.333333333333336,75.64285714285714,yellow
2568-1070,2568,2025-07-21,2025-07-27,66.66666666666667,74.60317460317461,0,0,17,24,70.83333333333333,81.30588235294118,7,9,77.77777777777777,77.75714285714285,yellow
2568-1071,2568,2025-07-21,2025-07-27,33.333333333333336,85.71428571428571,0,0,16,24,66.66666666666667,88.15,8,9,88.88888888888889,90.4,orange
2568-1072,2568,2025-07-21,2025-07-27,100.0,54.76190476190476,0,1,7,16,43.75,68.22857142857143,3,6,50.0,66.86666666666666,green
2568-1073,2568,2025-07-21,2025-07-27,50.0,65.625,0,0,14,32,43.75,81.40714285714286,4,12,33.333333333333336,87.92500000000001,yellow
2568-1074,2568,2025-07-21,2025-07-27,25.0,26.19047619047619,0,0,7,32,21.875,59.4,5,12,41.666666666666664,54.05999999999999,orange
2568-1075,2568,2025-07-21,2025-07-27,,30.0,2,0,1,16,6.25,55.5,0,6,0.0,,red
2568-1076,2568,2025-07-21,2025-07-27,100.0,79.76190476190476,0,2,20,32,62.5,79.75500000000001,11,12,91.66666666666667,78.10000000000001,green
2568-1077,2568,2025-07-21,2025-07-27,75.0,70.3125,0,1,19,32,59.375,75.78947368421052,6,12,50.0,77.91666666666667,green
2568-1078,2568,2025-07-21,2025-07-27,100.0,87.5,0,9,14,32,43.75,90.70714285714284,5,12,41.666666666666664,85.89999999999999,green
2568-1079,2568,2025-07-21,2025-07-27,100.0,82.8125,0,2,18,32,56.25,79.9388888888889,5,12,41.666666666666664,84.2,green
2568-1080,2568,2025-07-21,2025-07-27,100.0,75.0,0,3,12,32,37.5,78.24166666666666,6,12,50.0,77.16666666666667,green
2568-1081,2568,2025-07-21,2025-07-27,100.0,82.8125,0,2,17,32,53.125,80.0529411764706,6,12,50.0,73.94999999999999,green
2568-1082,2568,2025-07-21,2025-07-27,75.0,87.5,0,12,12,32,37.5,82.20833333333333,7,12,58.333333333333336,84.47142857142856,green
2568-1083,2568,2025-07-21,2025-07-27,50.0,37.5,0,0,4,16,25.0,64.375,2,6,33.333333333333336,68.94999999999999,yellow
2568-1084,2568,2025-07-21,2025-07-27,75.0,91.66666666666667,0,8,25,32,78.125,82.444,8,12,66.66666666666667,76.73750000000001,green
2568-1085,2568,2025-07-21,2025-07-27,50.0,68.75,0,0,12,32,37.5,78.075,2,12,16.666666666666668,77.69999999999999,yellow
2568-1086,2568,2025-07-21,2025-07-27,50.0,61.904761904761905,0,0,9,16,56.25,69.57777777777778,2,6,33.333333333333336,70.85,yellow
2568-1087,2568,2025-07-21,2025-07-27,,76.92307692307692,0,1,12,32,37.5,73.06666666666665,3,12,25.0,87.23333333333333,green
2568-1088,2568,2025-07-21,2025-07-27,75.0,75.0,0,3,15,32,46.875,78.74666666666667,7,12,58.333333333333336,75.1,green
2568-1089,2568,2025-07-21,2025-07-27,,38.888888888888886,4,0,0,16,0.0,,0,6,0.0,,red
2568-1090,2568,2025-07-21,2025-07-27,,45.0,0,1,0,32,0.0,,0,12,0.0,,green
2568-1091,2568,2025-07-21,2025-07-27,100.0,100.0,0,16,11,16,68.75,89.60000000000001,4,6,66.66666666666667,86.7,green
2568-1092,2568,2025-07-21,2025-07-27,,80.0,0,0,2,16,12.5,67.25,1,6,16.666666666666668,70.9,green
2568-1093,2568,2025-07-21,2025-07-27,100.0,96.82539682539682,0,3,18,24,75.0,90.63333333333333,5,9,55.55555555555556,89.06,green
2568-1094,2568,2025-07-21,2025-07-27,66.66666666666667,82.53968253968254,0,0,14,24,58.333333333333336,88.47142857142856,9,9,100.0,79.8111111111111,yellow
2568-1095,2568,2025-07-21,2025-07-27,75.0,61.904761904761905,0,1,16,32,50.0,64.35624999999999,6,12,50.0,68.4,green
2568-1096,2568,2025-07-21,2025-07-27,100.0,95.23809523809524,0,21,23,32,71.875,83.43478260869566,10,12,83.33333333333333,87.58,green
2568-1097,2568,2025-07-21,2025-07-27,100.0,100.0,0,21,11,16,68.75,88.89090909090909,5,6,83.33333333333333,87.53999999999999,green
2568-1098,2568,2025-07-21,2025-07-27,,33.333333333333336,1,0,3,16,18.75,67.16666666666667,3,6,50.0,67.2,green
2568-1099,2568,2025-07-21,2025-07-27,100.0,88.0952380952381,0,6,25,32,78.125,84.484,9,12,75.0,85.82222222222222,green
2568-1100,2568,2025-07-21,2025-07-27,,50.0,0,0,3,24,12.5,70.46666666666665,0,9,0.0,,green
2568-1101,2568,2025-07-21,2025-07-27,100.0,90.47619047619048,0,14,9,16,56.25,81.95555555555556,5,6,83.33333333333333,79.04,green
2568-1102,2568,2025-07-21,2025-07-27,100.0,96.82539682539682,0,1,19,24,79.16666666666667,88.0578947368421,9,9,100.0,87.42222222222223,green
2568-1103,2568,2025-07-21,2025-07-27,,56.25,0,2,3,32,9.375,75.56666666666666,0,12,0.0,,green
2568-1104,2568,2025-07-21,2025-07-27,75.0,55.95238095238095,0,2,18,32,56.25,66.34444444444443,8,12,66.66666666666667,66.875,green
2568-1105,2568,2025-07-21,2025-07-27,0.0,73.01587301587301,1,0,13,24,54.166666666666664,81.37692307692306,6,9,66.66666666666667,78.01666666666667,red
2568-1106,2568,2025-07-21,2025-07-27,100.0,76.19047619047619,0,7,17,32,53.125,73.96470588235294,7,12,58.333333333333336,66.02857142857142,green
2568-1107,2568,2025-07-21,2025-07-27,100.0,96.875,0,8,12,32,37.5,88.35833333333333,4,12,33.333333333333336,88.35,green
2568-1108,2568,2025-07-21,2025-07-27,66.66666666666667,69.84126984126983,0,0,14,24,58.333333333333336,77.19285714285714,5,9,55.55555555555556,80.47999999999999,yellow
2568-1109,2568,2025-07-21,2025-07-27,100.0,63.492063492063494,0,1,12,24,50.0,76.40833333333332,4,9,44.44444444444444,70.89999999999999,green
2568-1110,2568,2025-07-21,2025-07-27,100.0,91.66666666666667,0,8,17,24,70.83333333333333,86.81176470588237,4,9,44.44444444444444,79.25,green
2568-1111,2568,2025-07-21,2025-07-27,75.0,76.19047619047619,0,7,16,32,50.0,83.15625,6,12,50.0,78.39999999999999,green
2568-1112,2568,2025-07-21,2025-07-27,100.0,78.57142857142857,0,4,18,32,56.25,79.35,8,12,66.66666666666667,74.13749999999999,green
2568-1113,2568,2025-07-21,2025-07-27,50.0,53.125,0,0,4,32,12.5,72.325,3,12,25.0,76.5,yellow
2568-1114,2568,2025-07-21,2025-07-27,100.0,87.5,0,16,19,32,59.375,80.58947368421053,8,12,66.66666666666667,84.6875,green
2568-1115,2568,2025-07-21,2025-07-27,100.0,71.875,0,1,8,32,25.0,80.30000000000001,3,12,25.0,80.60000000000001,green
2568-1116,2568,2025-07-21,2025-07-27,50.0,75.0,0,0,6,16,37.5,78.35,3,6,50.0,89.96666666666665,yellow
2568-1117,2568,2025-07-21,2025-07-27,75.0,82.14285714285714,0,3,21,32,65.625,76.38095238095238,8,12,66.66666666666667,77.025,green
2568-1118,2568,2025-07-21,2025-07-27,75.0,61.904761904761905,0,6,17,32,53.125,72.31176470588235,6,12,50.0,79.51666666666668,green
2568-1119,2568,2025-07-21,2025-07-27,75.0,57.8125,0,2,18,32,56.25,78.9,4,12,33.333333333333336,70.6,green
2568-1120,2568,2025-07-21,2025-07-27,,86.66666666666667,0,0,6,24,25.0,85.41666666666667,2,9,22.22222222222222,81.80000000000001,green
2568-1121,2568,2025-07-21,2025-07-27,,68.75,0,1,5,32,15.625,78.82,0,12,0.0,,green
2568-1122,2568,2025-07-21,2025-07-27,100.0,76.19047619047619,0,1,14,32,43.75,68.72142857142858,8,12,66.66666666666667,68.1,green
2568-1123,2568,2025-07-21,2025-07-27,25.0,57.142857142857146,0,0,10,32,31.25,73.04,5,12,41.666666666666664,64.22,orange
2568-1124,2568,2025-07-21,2025-07-27,75.0,79.76190476190476,0,1,17,32,53.125,74.78823529411765,6,12,50.0,76.9,green
2568-1125,2568,2025-07-21,2025-07-27,100.0,85.71428571428571,0,2,16,32,50.0,76.0625,7,12,58.333333333333336,81.25714285714287,green
2568-1126,2568,2025-07-21,2025-07-27,,80.76923076923077,0,3,13,32,40.625,75.96923076923078,1,12,8.333333333333334,81.9,green
2568-1127,2568,2025-07-21,2025-07-27,75.0,70.83333333333333,0,2,10,32,31.25,71.16,6,12,50.0,70.71666666666667,green
2568-1128,2568,2025-07-21,2025-07-27,100.0,87.5,0,1,12,16,75.0,75.43333333333332,2,6,33.333333333333336,72.45,green
2568-1129,2568,2025-07-21,2025-07-27,100.0,98.4375,0,16,21,32,65.625,85.17619047619048,8,12,66.66666666666667,87.225,green
2568-1130,2568,2025-07-21,2025-07-27,66.66666666666667,74.60317460317461,0,0,12,24,50.0,78.04166666666667,6,9,66.66666666666667,84.25,yellow
2568-1131,2568,2025-07-21,2025-07-27,75.0,75.0,0,2,25,32,78.125,80.536,9,12,75.0,86.86666666666667,green
2568-1132,2568,2025-07-21,2025-07-27,100.0,97.61904761904762,0,21,25,32,78.125,87.32800000000002,11,12,91.66666666666667,85.47272727272728,green
2568-1133,2568,2025-07-21,2025-07-27,75.0,92.85714285714286,0,21,24,32,75.0,88.02916666666665,9,12,75.0,84.34444444444443,green
2568-1134,2568,2025-07-21,2025-07-27,,78.84615384615384,0,1,15,32,46.875,83.15333333333334,5,12,41.666666666666664,84.35999999999999,green
2568-1135,2568,2025-07-21,2025-07-27,,83.33333333333333,0,5,9,32,28.125,76.54444444444444,3,12,25.0,77.2,green
2568-1136,2568,2025-07-21,2025-07-27,100.0,100.0,0,12,11,24,45.833333333333336,89.91818181818181,6,9,66.66666666666667,84.13333333333334,green
2568-1137,2568,2025-07-21,2025-07-27,100.0,92.85714285714286,0,12,22,32,68.75,87.27727272727272,10,12,83.33333333333333,85.7,green
2568-1138,2568,2025-07-21,2025-07-27,50.0,75.0,0,0,21,32,65.625,75.08571428571429,6,12,50.0,77.61666666666666,yellow
2568-1139,2568,2025-07-21,2025-07-27,75.0,69.04761904761905,0,1,19,32,59.375,69.17894736842105,7,12,58.333333333333336,69.5,green
2568-1140,2568,2025-07-21,2025-07-27,66.66666666666667,79.36507936507937,0,0,18,24,75.0,82.15555555555555,7,9,77.77777777777777,87.64285714285715,yellow
2568-1141,2568,2025-07-21,2025-07-27,66.66666666666667,77.77777777777777,0,0,15,24,62.5,81.48666666666665,7,9,77.77777777777777,80.14285714285714,yellow
2568-1142,2568,2025-07-21,2025-07-27,75.0,70.23809523809524,0,5,17,32,53.125,79.17647058823529,4,12,33.333333333333336,71.0,green
2568-1143,2568,2025-07-21,2025-07-27,100.0,92.06349206349206,0,5,18,24,75.0,81.17777777777778,7,9,77.77777777777777,79.0,green
2568-1144,2568,2025-07-21,2025-07-27,,55.55555555555556,0,1,4,16,25.0,75.625,2,6,33.333333333333336,57.55,green
2568-1145,2568,2025-07-21,2025-07-27,75.0,80.95238095238095,0,9,24,32,75.0,82.09166666666665,9,12,75.0,88.54444444444444,green
2568-1146,2568,2025-07-21,2025-07-27,66.66666666666667,58.73015873015873,0,0,12,24,50.0,65.14166666666667,4,9,44.44444444444444,60.1,yellow
2568-1147,2568,2025-07-21,2025-07-27,,38.888888888888886,0,0,5,32,15.625,72.06000000000002,2,12,16.666666666666668,58.25,green
2568-1148,2568,2025-07-21,2025-07-27,66.66666666666667,84.12698412698413,0,0,16,24,66.66666666666667,81.89375,7,9,77.77777777777777,77.14285714285714,yellow
2568-1149,2568,2025-07-21,2025-07-27,0.0,58.333333333333336,0,0,8,24,33.333333333333336,76.5125,1,9,11.11111111111111,96.6,red
2568-1150,2568,2025-07-21,2025-07-27,0.0,71.42857142857143,0,0,15,24,62.5,74.09333333333332,8,9,88.88888888888889,75.3125,red
2568-1151,2568,2025-07-21,2025-07-27,66.66666666666667,77.77777777777777,0,0,16,24,66.66666666666667,81.95625,6,9,66.66666666666667,80.56666666666668,yellow
2568-1152,2568,2025-07-21,2025-07-27,75.0,77.38095238095238,0,2,21,32,65.625,83.17142857142856,9,12,75.0,75.26666666666667,green
2568-1153,2568,2025-07-21,2025-07-27,100.0,78.125,0,5,18,32,56.25,81.32222222222222,8,12,66.66666666666667,84.5625,green
2568-1154,2568,2025-07-21,2025-07-27,,62.5,1,0,4,16,25.0,82.5,2,6,33.333333333333336,89.55,green
2568-1155,2568,2025-07-21,2025-07-27,,28.205128205128204,0,0,4,24,16.666666666666668,66.92500000000001,1,9,11.11111111111111,63.8,green
2568-1156,2568,2025-07-21,2025-07-27,100.0,61.904761904761905,0,1,17,32,53.125,72.38235294117646,9,12,75.0,65.56666666666666,green
2568-1157,2568,2025-07-21,2025-07-27,100.0,86.9047619047619,0,10,19,32,59.375,73.1263157894737,10,12,83.33333333333333,75.41,green
2568-1158,2568,2025-07-21,2025-07-27,50.0,80.95238095238095,0,0,24,32,75.0,86.96249999999999,9,12,75.0,87.71111111111111,yellow
2568-1159,2568,2025-07-21,2025-07-27,100.0,100.0,0,16,17,24,70.83333333333333,89.28823529411765,6,9,66.66666666666667,89.18333333333334,green
2568-1160,2568,2025-07-21,2025-07-27,75.0,84.375,0,16,14,32,43.75,88.13571428571427,5,12,41.666666666666664,85.46000000000001,green
2568-1001,2568,2025-07-28,2025-08-03,75.0,52.77777777777778,0,2,6,32,18.75,60.18333333333333,3,12,25.0,73.96666666666665,green
2568-1002,2568,2025-07-28,2025-08-03,75.0,68.18181818181819,0,3,17,32,53.125,81.82352941176471,9,12,75.0,64.41111111111111,green
2568-1003,2568,2025-07-28,2025-08-03,50.0,60.22727272727273,0,0,11,32,34.375,63.22727272727273,6,12,50.0,67.03333333333333,yellow
2568-1004,2568,2025-07-28,2025-08-03,75.0,70.45454545454545,0,2,17,32,53.125,72.84117647058824,9,12,75.0,76.62222222222222,green
2568-1005,2568,2025-07-28,2025-08-03,50.0,64.77272727272727,0,0,13,32,40.625,71.76153846153846,6,12,50.0,75.00000000000001,yellow
2568-1006,2568,2025-07-28,2025-08-03,,66.66666666666667,0,0,14,24,58.333333333333336,82.66428571428571,5,9,55.55555555555556,83.64,green
2568-1007,2568,2025-07-28,2025-08-03,100.0,64.70588235294117,0,1,16,32,50.0,76.5875,5,12,41.666666666666664,76.04,green
2568-1008,2568,2025-07-28,2025-08-03,50.0,58.8235294117647,0,0,8,32,25.0,77.975,5,12,41.666666666666664,78.62,yellow
2568-1009,2568,2025-07-28,2025-08-03,100.0,100.0,0,9,9,32,28.125,86.97777777777777,3,12,25.0,81.8,green
2568-1010,2568,2025-07-28,2025-08-03,50.0,80.88235294117646,0,0,20,32,62.5,77.03500000000003,7,12,58.333333333333336,81.71428571428571,yellow
2568-1011,2568,2025-07-28,2025-08-03,100.0,100.0,0,9,11,32,34.375,84.7181818181818,3,12,25.0,72.73333333333333,green
2568-1012,2568,2025-07-28,2025-08-03,100.0,95.45454545454545,0,2,12,16,75.0,83.09166666666665,3,6,50.0,83.46666666666665,green
2568-1013,2568,2025-07-28,2025-08-03,100.0,72.05882352941177,0,1,15,32,46.875,80.8,7,12,58.333333333333336,73.45714285714287,green
2568-1014,2568,2025-07-28,2025-08-03,75.0,69.31818181818181,0,1,12,32,37.5,77.29166666666667,7,12,58.333333333333336,76.77142857142859,green
2568-1015,2568,2025-07-28,2025-08-03,,40.0,0,0,2,16,12.5,72.4,0,6,0.0,,green
2568-1016,2568,2025-07-28,2025-08-03,50.0,85.22727272727273,0,0,24,32,75.0,93.24166666666667,7,12,58.333333333333336,84.2,yellow
2568-1017,2568,2025-07-28,2025-08-03,50.0,70.45454545454545,0,0,19,32,59.375,81.30000000000001,8,12,66.66666666666667,75.13749999999999,yellow
2568-1018,2568,2025-07-28,2025-08-03,100.0,66.66666666666667,0,1,11,24,45.833333333333336,72.1090909090909,5,9,55.55555555555556,78.2,green
2568-1019,2568,2025-07-28,2025-08-03,100.0,78.84615384615384,0,6,15,32,46.875,81.52666666666666,7,12,58.333333333333336,82.02857142857144,green
2568-1020,2568,2025-07-28,2025-08-03,0.0,64.70588235294117,1,0,19,32,59.375,82.6157894736842,5,12,41.666666666666664,74.78,red
2568-1021,2568,2025-07-28,2025-08-03,75.0,86.36363636363636,0,3,23,32,71.875,79.51739130434781,11,12,91.66666666666667,80.28181818181817,green
2568-1022,2568,2025-07-28,2025-08-03,100.0,59.09090909090909,0,1,15,24,62.5,74.96000000000001,5,9,55.55555555555556,83.67999999999999,green
2568-1023,2568,2025-07-28,2025-08-03,,53.84615384615385,0,1,7,16,43.75,80.35714285714285,1,6,16.666666666666668,56.0,green
2568-1024,2568,2025-07-28,2025-08-03,100.0,76.47058823529412,0,2,8,16,50.0,68.775,3,6,50.0,83.63333333333333,green
2568-1025,2568,2025-07-28,2025-08-03,100.0,75.0,0,1,3,16,18.75,75.56666666666666,3,6,50.0,80.83333333333334,green
2568-1026,2568,2025-07-28,2025-08-03,100.0,69.31818181818181,0,3,19,32,59.375,70.97894736842105,10,12,83.33333333333333,73.64,green
2568-1027,2568,2025-07-28,2025-08-03,50.0,85.22727272727273,0,0,25,32,78.125,82.084,12,12,100.0,74.00833333333334,yellow
2568-1028,2568,2025-07-28,2025-08-03,100.0,87.5,0,2,23,32,71.875,82.41304347826087,10,12,83.33333333333333,84.13999999999999,green
2568-1029,2568,2025-07-28,2025-08-03,,95.83333333333333,0,18,19,32,59.375,88.67894736842105,9,12,75.0,88.83333333333334,green
2568-1030,2568,2025-07-28,2025-08-03,100.0,94.31818181818181,0,22,20,32,62.5,83.33000000000001,8,12,66.66666666666667,77.1375,green
2568-1031,2568,2025-07-28,2025-08-03,25.0,56.81818181818182,0,0,16,32,50.0,71.04374999999999,7,12,58.333333333333336,75.5,orange
2568-1032,2568,2025-07-28,2025-08-03,100.0,97.72727272727273,0,22,26,32,81.25,87.94615384615385,9,12,75.0,88.85555555555555,green
2568-1033,2568,2025-07-28,2025-08-03,50.0,68.18181818181819,0,0,10,16,62.5,68.32,4,6,66.66666666666667,79.64999999999999,yellow
2568-1034,2568,2025-07-28,2025-08-03,66.66666666666667,84.31372549019608,0,0,13,24,54.166666666666664,74.76153846153846,4,9,44.44444444444444,66.65,yellow
2568-1035,2568,2025-07-28,2025-08-03,100.0,82.3529411764706,0,3,9,16,56.25,71.13333333333334,4,6,66.66666666666667,73.65,green
2568-1036,2568,2025-07-28,2025-08-03,100.0,72.72727272727273,0,4,21,32,65.625,75.92380952380952,9,12,75.0,79.15555555555555,green
2568-1037,2568,2025-07-28,2025-08-03,100.0,95.45454545454545,0,5,19,24,79.16666666666667,92.27894736842104,9,9,100.0,87.64444444444445,green
2568-1038,2568,2025-07-28,2025-08-03,,53.7037037037037,0,1,7,24,29.166666666666668,78.54285714285716,4,9,44.44444444444444,81.9,green
2568-1039,2568,2025-07-28,2025-08-03,100.0,79.48717948717949,0,1,9,24,37.5,74.21111111111111,4,9,44.44444444444444,80.95,green
2568-1040,2568,2025-07-28,2025-08-03,33.333333333333336,63.63636363636363,0,0,10,24,41.666666666666664,68.83,4,9,44.44444444444444,77.425,orange
2568-1041,2568,2025-07-28,2025-08-03,25.0,57.95454545454545,0,0,20,32,62.5,71.785,6,12,50.0,75.36666666666666,orange
2568-1042,2568,2025-07-28,2025-08-03,75.0,82.3529411764706,0,3,18,32,56.25,85.97222222222223,8,12,66.66666666666667,81.375,green
2568-1043,2568,2025-07-28,2025-08-03,50.0,62.5,0,0,12,32,37.5,71.875,8,12,66.66666666666667,69.01249999999999,yellow
2568-1044,2568,2025-07-28,2025-08-03,,46.15384615384615,0,1,2,16,12.5,73.05,2,6,33.333333333333336,51.25,green
2568-1045,2568,2025-07-28,2025-08-03,100.0,98.86363636363636,0,22,24,32,75.0,84.37916666666668,9,12,75.0,86.3,green
2568-1046,2568,2025-07-28,2025-08-03,,94.23076923076923,0,13,15,32,46.875,85.71333333333334,7,12,58.333333333333336,83.05714285714285,green
2568-1047,2568,2025-07-28,2025-08-03,50.0,76.13636363636364,0,0,18,32,56.25,75.31666666666666,9,12,75.0,75.88888888888889,yellow
2568-1048,2568,2025-07-28,2025-08-03,100.0,98.48484848484848,0,10,18,24,75.0,85.16666666666667,8,9,88.88888888888889,91.65,green
2568-1049,2568,2025-07-28,2025-08-03,100.0,66.66666666666667,0,1,13,24,54.166666666666664,75.10000000000001,4,9,44.44444444444444,74.725,green
2568-1050,2568,2025-07-28,2025-08-03,50.0,79.54545454545455,0,0,17,32,53.125,80.2470588235294,10,12,83.33333333333333,85.88,yellow
2568-1051,2568,2025-07-28,2025-08-03,0.0,45.45454545454545,1,0,5,16,31.25,68.66,3,6,50.0,61.366666666666674,red
2568-1052,2568,2025-07-28,2025-08-03,100.0,90.9090909090909,0,20,23,32,71.875,88.93478260869566,9,12,75.0,88.21111111111111,green
2568-1053,2568,2025-07-28,2025-08-03,,72.22222222222223,0,0,9,16,56.25,75.4111111111111,5,6,83.33333333333333,73.82,green
2568-1054,2568,2025-07-28,2025-08-03,100.0,100.0,0,17,15,24,62.5,87.42000000000002,6,9,66.66666666666667,82.83333333333334,green
2568-1055,2568,2025-07-28,2025-08-03,,68.05555555555556,0,1,17,32,53.125,76.81176470588234,8,12,66.66666666666667,81.75,green
2568-1056,2568,2025-07-28,2025-08-03,50.0,64.77272727272727,0,0,18,32,56.25,72.57777777777777,6,12,50.0,73.03333333333335,yellow
2568-1057,2568,2025-07-28,2025-08-03,100.0,100.0,0,22,24,32,75.0,90.075,9,12,75.0,91.93333333333334,green
2568-1058,2568,2025-07-28,2025-08-03,100.0,97.72727272727273,0,3,13,16,81.25,86.03076923076924,5,6,83.33333333333333,84.08,green
2568-1059,2568,2025-07-28,2025-08-03,100.0,96.07843137254902,0,3,17,24,70.83333333333333,84.95294117647059,4,9,44.44444444444444,89.125,green
2568-1060,2568,2025-07-28,2025-08-03,50.0,57.69230769230769,0,0,6,16,37.5,64.46666666666667,3,6,50.0,74.53333333333335,yellow
2568-1061,2568,2025-07-28,2025-08-03,75.0,70.45454545454545,0,2,11,32,34.375,73.02727272727272,8,12,66.66666666666667,76.0125,green
2568-1062,2568,2025-07-28,2025-08-03,66.66666666666667,69.23076923076923,0,0,10,24,41.666666666666664,78.16999999999999,4,9,44.44444444444444,65.5,yellow
2568-1063,2568,2025-07-28,2025-08-03,75.0,71.15384615384616,0,3,14,32,43.75,76.4357142857143,6,12,50.0,77.38333333333334,green
2568-1064,2568,2025-07-28,2025-08-03,,50.0,0,0,2,16,12.5,94.35,2,6,33.333333333333336,78.1,green
2568-1065,2568,2025-07-28,2025-08-03,50.0,84.61538461538461,0,0,5,16,31.25,75.5,2,6,33.333333333333336,79.19999999999999,yellow
2568-1066,2568,2025-07-28,2025-08-03,,56.94444444444444,0,0,16,32,50.0,67.275,6,12,50.0,64.03333333333333,green
2568-1067,2568,2025-07-28,2025-08-03,25.0,34.61538461538461,0,0,8,32,25.0,61.0625,6,12,50.0,61.650000000000006,orange
2568-1068,2568,2025-07-28,2025-08-03,100.0,92.42424242424242,0,1,18,24,75.0,85.22222222222223,7,9,77.77777777777777,90.12857142857142,green
2568-1069,2568,2025-07-28,2025-08-03,50.0,86.36363636363636,0,0,25,32,78.125,81.27999999999999,7,12,58.333333333333336,75.64285714285714,yellow
2568-1070,2568,2025-07-28,2025-08-03,100.0,75.75757575757575,0,1,17,24,70.83333333333333,81.30588235294118,7,9,77.77777777777777,77.75714285714285,green
2568-1071,2568,2025-07-28,2025-08-03,100.0,86.36363636363636,0,1,16,24,66.66666666666667,88.15,8,9,88.88888888888889,90.4,green
2568-1072,2568,2025-07-28,2025-08-03,100.0,56.81818181818182,0,2,7,16,43.75,68.22857142857143,3,6,50.0,66.86666666666666,green
2568-1073,2568,2025-07-28,2025-08-03,100.0,67.6470588235294,0,1,14,32,43.75,81.40714285714286,4,12,33.333333333333336,87.92500000000001,green
2568-1074,2568,2025-07-28,2025-08-03,25.0,26.136363636363637,0,0,7,32,21.875,59.4,5,12,41.666666666666664,54.05999999999999,orange
2568-1075,2568,2025-07-28,2025-08-03,,30.0,2,0,1,16,6.25,55.5,0,6,0.0,,red
2568-1076,2568,2025-07-28,2025-08-03,75.0,79.54545454545455,0,3,20,32,62.5,79.75500000000001,11,12,91.66666666666667,78.10000000000001,green
2568-1077,2568,2025-07-28,2025-08-03,75.0,70.58823529411765,0,2,19,32,59.375,75.78947368421052,6,12,50.0,77.91666666666667,green
2568-1078,2568,2025-07-28,2025-08-03,75.0,86.53846153846153,0,10,14,32,43.75,90.70714285714284,5,12,41.666666666666664,85.89999999999999,green
2568-1079,2568,2025-07-28,2025-08-03,100.0,83.82352941176471,0,3,18,32,56.25,79.9388888888889,5,12,41.666666666666664,84.2,green
2568-1080,2568,2025-07-28,2025-08-03,75.0,75.0,0,4,12,32,37.5,78.24166666666666,6,12,50.0,77.16666666666667,green
2568-1081,2568,2025-07-28,2025-08-03,100.0,83.82352941176471,0,3,17,32,53.125,80.0529411764706,6,12,50.0,73.94999999999999,green
2568-1082,2568,2025-07-28,2025-08-03,75.0,86.53846153846153,0,13,12,32,37.5,82.20833333333333,7,12,58.333333333333336,84.47142857142856,green
2568-1083,2568,2025-07-28,2025-08-03,100.0,44.44444444444444,0,1,4,16,25.0,64.375,2,6,33.333333333333336,68.94999999999999,green
2568-1084,2568,2025-07-28,2025-08-03,75.0,90.9090909090909,0,9,25,32,78.125,82.444,8,12,66.66666666666667,76.73750000000001,green
2568-1085,2568,2025-07-28,2025-08-03,50.0,67.3076923076923,0,0,12,32,37.5,78.075,2,12,16.666666666666668,77.69999999999999,yellow
2568-1086,2568,2025-07-28,2025-08-03,100.0,63.63636363636363,0,1,9,16,56.25,69.57777777777778,2,6,33.333333333333336,70.85,green
2568-1087,2568,2025-07-28,2025-08-03,,76.92307692307692,0,1,12,32,37.5,73.06666666666665,3,12,25.0,87.23333333333333,green
2568-1088,2568,2025-07-28,2025-08-03,100.0,76.47058823529412,0,4,15,32,46.875,78.74666666666667,7,12,58.333333333333336,75.1,green
2568-1089,2568,2025-07-28,2025-08-03,,38.888888888888886,4,0,0,16,0.0,,0,6,0.0,,red
2568-1090,2568,2025-07-28,2025-08-03,,45.0,0,1,0,32,0.0,,0,12,0.0,,green
2568-1091,2568,2025-07-28,2025-08-03,100.0,100.0,0,17,11,16,68.75,89.60000000000001,4,6,66.66666666666667,86.7,green
2568-1092,2568,2025-07-28,2025-08-03,,80.0,0,0,2,16,12.5,67.25,1,6,16.666666666666668,70.9,green
2568-1093,2568,2025-07-28,2025-08-03,100.0,96.96969696969697,0,4,18,24,75.0,90.63333333333333,5,9,55.55555555555556,89.06,green
2568-1094,2568,2025-07-28,2025-08-03,100.0,83.33333333333333,0,1,14,24,58.333333333333336,88.47142857142856,9,9,100.0,79.8111111111111,green
2568-1095,2568,2025-07-28,2025-08-03,50.0,61.36363636363637,0,0,16,32,50.0,64.35624999999999,6,12,50.0,68.4,yellow
2568-1096,2568,2025-07-28,2025-08-03,100.0,95.45454545454545,0,22,23,32,71.875,83.43478260869566,10,12,83.33333333333333,87.58,green
2568-1097,2568,2025-07-28,2025-08-03,100.0,100.0,0,22,11,16,68.75,88.89090909090909,5,6,83.33333333333333,87.53999999999999,green
2568-1098,2568,2025-07-28,2025-08-03,,33.333333333333336,1,0,3,16,18.75,67.16666666666667,3,6,50.0,67.2,green
2568-1099,2568,2025-07-28,2025-08-03,100.0,88.63636363636364,0,7,25,32,78.125,84.484,9,12,75.0,85.82222222222222,green
2568-1100,2568,2025-07-28,2025-08-03,,50.0,0,0,3,24,12.5,70.46666666666665,0,9,0.0,,green
2568-1101,2568,2025-07-28,2025-08-03,100.0,90.9090909090909,0,15,9,16,56.25,81.95555555555556,5,6,83.33333333333333,79.04,green
2568-1102,2568,2025-07-28,2025-08-03,100.0,96.96969696969697,0,2,19,24,79.16666666666667,88.0578947368421,9,9,100.0,87.42222222222223,green
2568-1103,2568,2025-07-28,2025-08-03,,56.25,0,2,3,32,9.375,75.56666666666666,0,12,0.0,,green
2568-1104,2568,2025-07-28,2025-08-03,100.0,57.95454545454545,0,3,18,32,56.25,66.34444444444443,8,12,66.66666666666667,66.875,green
2568-1105,2568,2025-07-28,2025-08-03,100.0,74.24242424242425,0,1,13,24,54.166666666666664,81.37692307692306,6,9,66.66666666666667,78.01666666666667,green
2568-1106,2568,2025-07-28,2025-08-03,50.0,75.0,0,0,17,32,53.125,73.96470588235294,7,12,58.333333333333336,66.02857142857142,yellow
2568-1107,2568,2025-07-28,2025-08-03,100.0,97.22222222222223,0,9,12,32,37.5,88.35833333333333,4,12,33.333333333333336,88.35,green
2568-1108,2568,2025-07-28,2025-08-03,100.0,71.21212121212122,0,1,14,24,58.333333333333336,77.19285714285714,5,9,55.55555555555556,80.47999999999999,green
2568-1109,2568,2025-07-28,2025-08-03,66.66666666666667,63.63636363636363,0,0,12,24,50.0,76.40833333333332,4,9,44.44444444444444,70.89999999999999,yellow
2568-1110,2568,2025-07-28,2025-08-03,100.0,92.15686274509804,0,9,17,24,70.83333333333333,86.81176470588237,4,9,44.44444444444444,79.25,green
2568-1111,2568,2025-07-28,2025-08-03,75.0,76.13636363636364,0,8,16,32,50.0,83.15625,6,12,50.0,78.39999999999999,green
2568-1112,2568,2025-07-28,2025-08-03,75.0,78.4090909090909,0,5,18,32,56.25,79.35,8,12,66.66666666666667,74.13749999999999,green
2568-1113,2568,2025-07-28,2025-08-03,75.0,55.55555555555556,0,1,4,32,12.5,72.325,3,12,25.0,76.5,green
2568-1114,2568,2025-07-28,2025-08-03,100.0,88.23529411764706,0,17,19,32,59.375,80.58947368421053,8,12,66.66666666666667,84.6875,green
2568-1115,2568,2025-07-28,2025-08-03,100.0,75.0,0,2,8,32,25.0,80.30000000000001,3,12,25.0,80.60000000000001,green
2568-1116,2568,2025-07-28,2025-08-03,100.0,76.92307692307692,0,1,6,16,37.5,78.35,3,6,50.0,89.96666666666665,green
2568-1117,2568,2025-07-28,2025-08-03,100.0,82.95454545454545,0,4,21,32,65.625,76.38095238095238,8,12,66.66666666666667,77.025,green
2568-1118,2568,2025-07-28,2025-08-03,25.0,60.22727272727273,0,0,17,32,53.125,72.31176470588235,6,12,50.0,79.51666666666668,orange
2568-1119,2568,2025-07-28,2025-08-03,100.0,60.294117647058826,0,3,18,32,56.25,78.9,4,12,33.333333333333336,70.6,green
2568-1120,2568,2025-07-28,2025-08-03,,86.66666666666667,0,0,6,24,25.0,85.41666666666667,2,9,22.22222222222222,81.80000000000001,green
2568-1121,2568,2025-07-28,2025-08-03,,68.75,0,1,5,32,15.625,78.82,0,12,0.0,,green
2568-1122,2568,2025-07-28,2025-08-03,75.0,76.13636363636364,0,2,14,32,43.75,68.72142857142858,8,12,66.66666666666667,68.1,green
2568-1123,2568,2025-07-28,2025-08-03,0.0,54.54545454545455,1,0,10,32,31.25,73.04,5,12,41.666666666666664,64.22,red
2568-1124,2568,2025-07-28,2025-08-03,75.0,79.54545454545455,0,2,17,32,53.125,74.78823529411765,6,12,50.0,76.9,green
2568-1125,2568,2025-07-28,2025-08-03,50.0,84.0909090909091,0,0,16,32,50.0,76.0625,7,12,58.333333333333336,81.25714285714287,yellow
2568-1126,2568,2025-07-28,2025-08-03,,80.76923076923077,0,3,13,32,40.625,75.96923076923078,1,12,8.333333333333334,81.9,green
2568-1127,2568,2025-07-28,2025-08-03,100.0,73.07692307692308,0,3,10,32,31.25,71.16,6,12,50.0,70.71666666666667,green
2568-1128,2568,2025-07-28,2025-08-03,100.0,88.23529411764706,0,2,12,16,75.0,75.43333333333332,2,6,33.333333333333336,72.45,green
2568-1129,2568,2025-07-28,2025-08-03,100.0,98.52941176470588,0,17,21,32,65.625,85.17619047619048,8,12,66.66666666666667,87.225,green
2568-1130,2568,2025-07-28,2025-08-03,100.0,75.75757575757575,0,1,12,24,50.0,78.04166666666667,6,9,66.66666666666667,84.25,green
2568-1131,2568,2025-07-28,2025-08-03,75.0,75.0,0,3,25,32,78.125,80.536,9,12,75.0,86.86666666666667,green
2568-1132,2568,2025-07-28,2025-08-03,100.0,97.72727272727273,0,22,25,32,78.125,87.32800000000002,11,12,91.66666666666667,85.47272727272728,green
2568-1133,2568,2025-07-28,2025-08-03,100.0,93.18181818181819,0,22,24,32,75.0,88.02916666666665,9,12,75.0,84.34444444444443,green
2568-1134,2568,2025-07-28,2025-08-03,,78.84615384615384,0,1,15,32,46.875,83.15333333333334,5,12,41.666666666666664,84.35999999999999,green
2568-1135,2568,2025-07-28,2025-08-03,,83.33333333333333,0,5,9,32,28.125,76.54444444444444,3,12,25.0,77.2,green
2568-1136,2568,2025-07-28,2025-08-03,100.0,100.0,0,13,11,24,45.833333333333336,89.91818181818181,6,9,66.66666666666667,84.13333333333334,green
2568-1137,2568,2025-07-28,2025-08-03,100.0,93.18181818181819,0,13,22,32,68.75,87.27727272727272,10,12,83.33333333333333,85.7,green
2568-1138,2568,2025-07-28,2025-08-03,100.0,76.47058823529412,0,1,21,32,65.625,75.08571428571429,6,12,50.0,77.61666666666666,green
2568-1139,2568,2025-07-28,2025-08-03,25.0,67.04545454545455,0,0,19,32,59.375,69.17894736842105,7,12,58.333333333333336,69.5,orange
2568-1140,2568,2025-07-28,2025-08-03,100.0,80.3030303030303,0,1,18,24,75.0,82.15555555555555,7,9,77.77777777777777,87.64285714285715,green
2568-1141,2568,2025-07-28,2025-08-03,100.0,78.78787878787878,0,1,15,24,62.5,81.48666666666665,7,9,77.77777777777777,80.14285714285714,green
2568-1142,2568,2025-07-28,2025-08-03,75.0,70.45454545454545,0,6,17,32,53.125,79.17647058823529,4,12,33.333333333333336,71.0,green
2568-1143,2568,2025-07-28,2025-08-03,100.0,92.42424242424242,0,6,18,24,75.0,81.17777777777778,7,9,77.77777777777777,79.0,green
2568-1144,2568,2025-07-28,2025-08-03,,55.55555555555556,0,1,4,16,25.0,75.625,2,6,33.333333333333336,57.55,green
2568-1145,2568,2025-07-28,2025-08-03,75.0,80.68181818181819,0,10,24,32,75.0,82.09166666666665,9,12,75.0,88.54444444444444,green
2568-1146,2568,2025-07-28,2025-08-03,100.0,60.60606060606061,0,1,12,24,50.0,65.14166666666667,4,9,44.44444444444444,60.1,green
2568-1147,2568,2025-07-28,2025-08-03,,38.888888888888886,0,0,5,32,15.625,72.06000000000002,2,12,16.666666666666668,58.25,green
2568-1148,2568,2025-07-28,2025-08-03,100.0,84.84848484848484,0,1,16,24,66.66666666666667,81.89375,7,9,77.77777777777777,77.14285714285714,green
2568-1149,2568,2025-07-28,2025-08-03,66.66666666666667,59.25925925925926,0,0,8,24,33.333333333333336,76.5125,1,9,11.11111111111111,96.6,yellow
2568-1150,2568,2025-07-28,2025-08-03,100.0,72.72727272727273,0,1,15,24,62.5,74.09333333333332,8,9,88.88888888888889,75.3125,green
2568-1151,2568,2025-07-28,2025-08-03,33.333333333333336,75.75757575757575,0,0,16,24,66.66666666666667,81.95625,6,9,66.66666666666667,80.56666666666668,orange
2568-1152,2568,2025-07-28,2025-08-03,100.0,78.4090909090909,0,3,21,32,65.625,83.17142857142856,9,12,75.0,75.26666666666667,green
2568-1153,2568,2025-07-28,2025-08-03,100.0,79.41176470588235,0,6,18,32,56.25,81.32222222222222,8,12,66.66666666666667,84.5625,green
2568-1154,2568,2025-07-28,2025-08-03,,62.5,1,0,4,16,25.0,82.5,2,6,33.333333333333336,89.55,green
2568-1155,2568,2025-07-28,2025-08-03,,28.205128205128204,0,0,4,24,16.666666666666668,66.92500000000001,1,9,11.11111111111111,63.8,green
2568-1156,2568,2025-07-28,2025-08-03,50.0,61.36363636363637,0,0,17,32,53.125,72.38235294117646,9,12,75.0,65.56666666666666,yellow
2568-1157,2568,2025-07-28,2025-08-03,75.0,86.36363636363636,0,11,19,32,59.375,73.1263157894737,10,12,83.33333333333333,75.41,green
2568-1158,2568,2025-07-28,2025-08-03,75.0,80.68181818181819,0,1,24,32,75.0,86.96249999999999,9,12,75.0,87.71111111111111,green
2568-1159,2568,2025-07-28,2025-08-03,100.0,100.0,0,17,17,24,70.83333333333333,89.28823529411765,6,9,66.66666666666667,89.18333333333334,green
2568-1160,2568,2025-07-28,2025-08-03,50.0,82.3529411764706,0,0,14,32,43.75,88.13571428571427,5,12,41.666666666666664,85.46000000000001,yellow
2568-1001,2568,2025-08-04,2025-08-10,,52.77777777777778,0,2,6,32,18.75,60.18333333333333,3,16,18.75,73.96666666666665,green
2568-1002,2568,2025-08-04,2025-08-10,,68.18181818181819,0,3,17,32,53.125,81.82352941176471,9,16,56.25,64.41111111111111,green
2568-1003,2568,2025-08-04,2025-08-10,25.0,58.69565217391305,0,0,11,32,34.375,63.22727272727273,6,16,37.5,67.03333333333333,orange
2568-1004,2568,2025-08-04,2025-08-10,50.0,69.56521739130434,0,0,17,32,53.125,72.84117647058824,11,16,68.75,75.84545454545456,yellow
2568-1005,2568,2025-08-04,2025-08-10,75.0,65.21739130434783,0,1,13,32,40.625,71.76153846153846,9,16,56.25,72.05555555555556,green
2568-1006,2568,2025-08-04,2025-08-10,,66.66666666666667,0,0,14,24,58.333333333333336,82.66428571428571,5,12,41.666666666666664,83.64,green
2568-1007,2568,2025-08-04,2025-08-10,,64.70588235294117,0,1,16,32,50.0,76.5875,5,16,31.25,76.04,green
2568-1008,2568,2025-08-04,2025-08-10,75.0,59.72222222222222,0,1,8,32,25.0,77.975,6,16,37.5,77.81666666666668,green
2568-1009,2568,2025-08-04,2025-08-10,100.0,100.0,0,10,9,32,28.125,86.97777777777777,6,16,37.5,81.21666666666667,green
2568-1010,2568,2025-08-04,2025-08-10,75.0,80.55555555555556,0,1,20,32,62.5,77.03500000000003,10,16,62.5,80.60000000000001,green
2568-1011,2568,2025-08-04,2025-08-10,75.0,97.5,0,10,11,32,34.375,84.7181818181818,7,16,43.75,84.37142857142855,green
2568-1012,2568,2025-08-04,2025-08-10,100.0,95.65217391304348,0,3,12,16,75.0,83.09166666666665,5,8,62.5,86.05999999999999,green
2568-1013,2568,2025-08-04,2025-08-10,75.0,72.22222222222223,0,2,15,32,46.875,80.8,10,16,62.5,74.81,green
2568-1014,2568,2025-08-04,2025-08-10,75.0,69.56521739130434,0,2,12,32,37.5,77.29166666666667,9,16,56.25,79.63333333333334,green
2568-1015,2568,2025-08-04,2025-08-10,,40.0,0,0,2,16,12.5,72.4,0,8,0.0,,green
2568-1016,2568,2025-08-04,2025-08-10,,85.22727272727273,0,0,24,32,75.0,93.24166666666667,7,16,43.75,84.2,green
2568-1017,2568,2025-08-04,2025-08-10,75.0,70.65217391304348,0,1,19,32,59.375,81.30000000000001,10,16,62.5,78.2,green
2568-1018,2568,2025-08-04,2025-08-10,0.0,62.96296296296296,0,0,11,24,45.833333333333336,72.1090909090909,8,12,66.66666666666667,73.0875,red
2568-1019,2568,2025-08-04,2025-08-10,,78.84615384615384,0,6,15,32,46.875,81.52666666666666,7,16,43.75,82.02857142857144,green
2568-1020,2568,2025-08-04,2025-08-10,75.0,65.27777777777777,0,1,19,32,59.375,82.6157894736842,7,16,43.75,71.91428571428571,green
2568-1021,2568,2025-08-04,2025-08-10,100.0,86.95652173913044,0,4,23,32,71.875,79.51739130434781,14,16,87.5,81.65714285714286,green
2568-1022,2568,2025-08-04,2025-08-10,66.66666666666667,59.42028985507246,0,0,15,24,62.5,74.96000000000001,6,12,50.0,85.55,yellow
2568-1023,2568,2025-08-04,2025-08-10,,53.84615384615385,0,1,7,16,43.75,80.35714285714285,1,8,12.5,56.0,green
2568-1024,2568,2025-08-04,2025-08-10,,76.47058823529412,0,2,8,16,50.0,68.775,3,8,37.5,83.63333333333333,green
2568-1025,2568,2025-08-04,2025-08-10,50.0,73.91304347826087,0,0,3,16,18.75,75.56666666666666,5,8,62.5,77.14000000000001,yellow
2568-1026,2568,2025-08-04,2025-08-10,75.0,69.56521739130434,0,4,19,32,59.375,70.97894736842105,12,16,75.0,72.81666666666666,green
2568-1027,2568,2025-08-04,2025-08-10,100.0,85.8695652173913,0,1,25,32,78.125,82.084,16,16,100.0,75.69375,green
2568-1028,2568,2025-08-04,2025-08-10,,87.5,0,2,23,32,71.875,82.41304347826087,10,16,62.5,84.13999999999999,green
2568-1029,2568,2025-08-04,2025-08-10,,95.83333333333333,0,18,19,32,59.375,88.67894736842105,9,16,56.25,88.83333333333334,green
2568-1030,2568,2025-08-04,2025-08-10,75.0,93.47826086956522,0,23,20,32,62.5,83.33000000000001,11,16,68.75,80.16363636363637,green
2568-1031,2568,2025-08-04,2025-08-10,50.0,56.52173913043478,0,0,16,32,50.0,71.04374999999999,8,16,50.0,73.8125,yellow
2568-1032,2568,2025-08-04,2025-08-10,100.0,97.82608695652173,0,23,26,32,81.25,87.94615384615385,13,16,81.25,91.1153846153846,green
2568-1033,2568,2025-08-04,2025-08-10,50.0,67.3913043478261,0,0,10,16,62.5,68.32,6,8,75.0,78.25,yellow
2568-1034,2568,2025-08-04,2025-08-10,100.0,85.18518518518519,0,1,13,24,54.166666666666664,74.76153846153846,6,12,50.0,66.78333333333335,green
2568-1035,2568,2025-08-04,2025-08-10,50.0,80.55555555555556,0,0,9,16,56.25,71.13333333333334,5,8,62.5,73.66,yellow
2568-1036,2568,2025-08-04,2025-08-10,75.0,72.82608695652173,0,5,21,32,65.625,75.92380952380952,12,16,75.0,79.68333333333332,green
2568-1037,2568,2025-08-04,2025-08-10,100.0,95.65217391304348,0,6,19,24,79.16666666666667,92.27894736842104,12,12,100.0,86.46666666666668,green
2568-1038,2568,2025-08-04,2025-08-10,,53.7037037037037,0,1,7,24,29.166666666666668,78.54285714285716,4,12,33.333333333333336,81.9,green
2568-1039,2568,2025-08-04,2025-08-10,33.333333333333336,76.19047619047619,0,0,9,24,37.5,74.21111111111111,5,12,41.666666666666664,80.16,orange
2568-1040,2568,2025-08-04,2025-08-10,33.333333333333336,62.31884057971015,0,0,10,24,41.666666666666664,68.83,7,12,58.333333333333336,75.34285714285714,orange
2568-1041,2568,2025-08-04,2025-08-10,50.0,57.608695652173914,0,0,20,32,62.5,71.785,9,16,56.25,75.47777777777777,yellow
2568-1042,2568,2025-08-04,2025-08-10,75.0,81.94444444444444,0,4,18,32,56.25,85.97222222222223,12,16,75.0,78.775,green
2568-1043,2568,2025-08-04,2025-08-10,50.0,61.95652173913044,0,0,12,32,37.5,71.875,11,16,68.75,70.11818181818181,yellow
2568-1044,2568,2025-08-04,2025-08-10,,46.15384615384615,0,1,2,16,12.5,73.05,2,8,25.0,51.25,green
2568-1045,2568,2025-08-04,2025-08-10,100.0,98.91304347826087,0,23,24,32,75.0,84.37916666666668,12,16,75.0,87.875,green
2568-1046,2568,2025-08-04,2025-08-10,,94.23076923076923,0,13,15,32,46.875,85.71333333333334,7,16,43.75,83.05714285714285,green
2568-1047,2568,2025-08-04,2025-08-10,75.0,76.08695652173913,0,1,18,32,56.25,75.31666666666666,11,16,68.75,72.61818181818181,green
2568-1048,2568,2025-08-04,2025-08-10,,98.48484848484848,0,10,18,24,75.0,85.16666666666667,8,12,66.66666666666667,91.65,green
2568-1049,2568,2025-08-04,2025-08-10,33.333333333333336,65.21739130434783,0,0,13,24,54.166666666666664,75.10000000000001,6,12,50.0,77.35000000000001,orange
2568-1050,2568,2025-08-04,2025-08-10,50.0,78.26086956521739,0,0,17,32,53.125,80.2470588235294,13,16,81.25,86.38461538461539,yellow
2568-1051,2568,2025-08-04,2025-08-10,100.0,47.82608695652174,0,1,5,16,31.25,68.66,3,8,37.5,61.366666666666674,green
2568-1052,2568,2025-08-04,2025-08-10,100.0,91.30434782608695,0,21,23,32,71.875,88.93478260869566,12,16,75.0,86.19166666666666,green
2568-1053,2568,2025-08-04,2025-08-10,,72.22222222222223,0,0,9,16,56.25,75.4111111111111,5,8,62.5,73.82,green
2568-1054,2568,2025-08-04,2025-08-10,100.0,100.0,0,18,15,24,62.5,87.42000000000002,9,12,75.0,85.23333333333333,green
2568-1055,2568,2025-08-04,2025-08-10,,68.05555555555556,0,1,17,32,53.125,76.81176470588234,8,16,50.0,81.75,green
2568-1056,2568,2025-08-04,2025-08-10,25.0,63.04347826086956,0,0,18,32,56.25,72.57777777777777,8,16,50.0,69.9,orange
2568-1057,2568,2025-08-04,2025-08-10,100.0,100.0,0,23,24,32,75.0,90.075,13,16,81.25,86.70769230769231,green
2568-1058,2568,2025-08-04,2025-08-10,100.0,97.82608695652173,0,4,13,16,81.25,86.03076923076924,7,8,87.5,80.8,green
2568-1059,2568,2025-08-04,2025-08-10,100.0,96.29629629629629,0,4,17,24,70.83333333333333,84.95294117647059,7,12,58.333333333333336,88.87142857142858,green
2568-1060,2568,2025-08-04,2025-08-10,50.0,57.142857142857146,0,0,6,16,37.5,64.46666666666667,4,8,50.0,64.625,yellow
2568-1061,2568,2025-08-04,2025-08-10,50.0,69.56521739130434,0,0,11,32,34.375,73.02727272727272,9,16,56.25,75.37777777777778,yellow
2568-1062,2568,2025-08-04,2025-08-10,100.0,71.42857142857143,0,1,10,24,41.666666666666664,78.16999999999999,6,12,50.0,70.66666666666667,green
2568-1063,2568,2025-08-04,2025-08-10,75.0,71.42857142857143,0,4,14,32,43.75,76.4357142857143,10,16,62.5,74.06000000000002,green
2568-1064,2568,2025-08-04,2025-08-10,,50.0,0,0,2,16,12.5,94.35,2,8,25.0,78.1,green
2568-1065,2568,2025-08-04,2025-08-10,,84.61538461538461,0,0,5,16,31.25,75.5,2,8,25.0,79.19999999999999,green
2568-1066,2568,2025-08-04,2025-08-10,,56.94444444444444,0,0,16,32,50.0,67.275,6,16,37.5,64.03333333333333,green
2568-1067,2568,2025-08-04,2025-08-10,50.0,35.714285714285715,0,0,8,32,25.0,61.0625,7,16,43.75,62.88571428571429,yellow
2568-1068,2568,2025-08-04,2025-08-10,100.0,92.7536231884058,0,2,18,24,75.0,85.22222222222223,9,12,75.0,90.17777777777778,green
2568-1069,2568,2025-08-04,2025-08-10,100.0,86.95652173913044,0,1,25,32,78.125,81.27999999999999,10,16,62.5,75.41000000000001,green
2568-1070,2568,2025-08-04,2025-08-10,100.0,76.81159420289855,0,2,17,24,70.83333333333333,81.30588235294118,8,12,66.66666666666667,78.8,green
2568-1071,2568,2025-08-04,2025-08-10,100.0,86.95652173913044,0,2,16,24,66.66666666666667,88.15,10,12,83.33333333333333,88.8,green
2568-1072,2568,2025-08-04,2025-08-10,,56.81818181818182,0,2,7,16,43.75,68.22857142857143,3,8,37.5,66.86666666666666,green
2568-1073,2568,2025-08-04,2025-08-10,100.0,69.44444444444444,0,2,14,32,43.75,81.40714285714286,7,16,43.75,85.8,green
2568-1074,2568,2025-08-04,2025-08-10,75.0,28.26086956521739,0,1,7,32,21.875,59.4,7,16,43.75,58.07142857142857,green
2568-1075,2568,2025-08-04,2025-08-10,,30.0,2,0,1,16,6.25,55.5,0,8,0.0,,red
2568-1076,2568,2025-08-04,2025-08-10,75.0,79.34782608695652,0,4,20,32,62.5,79.75500000000001,14,16,87.5,79.7,green
2568-1077,2568,2025-08-04,2025-08-10,100.0,72.22222222222223,0,3,19,32,59.375,75.78947368421052,9,16,56.25,76.04444444444445,green
2568-1078,2568,2025-08-04,2025-08-10,100.0,87.5,0,11,14,32,43.75,90.70714285714284,7,16,43.75,84.05714285714285,green
2568-1079,2568,2025-08-04,2025-08-10,100.0,84.72222222222223,0,4,18,32,56.25,79.9388888888889,8,16,50.0,87.76249999999999,green
2568-1080,2568,2025-08-04,2025-08-10,75.0,75.0,0,5,12,32,37.5,78.24166666666666,8,16,50.0,72.375,green
2568-1081,2568,2025-08-04,2025-08-10,100.0,84.72222222222223,0,4,17,32,53.125,80.0529411764706,9,16,56.25,77.44444444444443,green
2568-1082,2568,2025-08-04,2025-08-10,75.0,85.71428571428571,0,14,12,32,37.5,82.20833333333333,10,16,62.5,86.11999999999998,green
2568-1083,2568,2025-08-04,2025-08-10,,44.44444444444444,0,1,4,16,25.0,64.375,2,8,25.0,68.94999999999999,green
2568-1084,2568,2025-08-04,2025-08-10,100.0,91.30434782608695,0,10,25,32,78.125,82.444,11,16,68.75,78.27272727272728,green
2568-1085,2568,2025-08-04,2025-08-10,75.0,67.85714285714286,0,1,12,32,37.5,78.075,4,16,25.0,80.625,green
2568-1086,2568,2025-08-04,2025-08-10,,63.63636363636363,0,1,9,16,56.25,69.57777777777778,2,8,25.0,70.85,green
2568-1087,2568,2025-08-04,2025-08-10,,76.92307692307692,0,1,12,32,37.5,73.06666666666665,3,16,18.75,87.23333333333333,green
2568-1088,2568,2025-08-04,2025-08-10,50.0,75.0,0,0,15,32,46.875,78.74666666666667,10,16,62.5,73.54,yellow
2568-1089,2568,2025-08-04,2025-08-10,,38.888888888888886,4,0,0,16,0.0,,0,8,0.0,,red
2568-1090,2568,2025-08-04,2025-08-10,,45.0,0,1,0,32,0.0,,0,16,0.0,,green
2568-1091,2568,2025-08-04,2025-08-10,100.0,100.0,0,18,11,16,68.75,89.60000000000001,6,8,75.0,90.2,green
2568-1092,2568,2025-08-04,2025-08-10,,80.0,0,0,2,16,12.5,67.25,1,8,12.5,70.9,green
2568-1093,2568,2025-08-04,2025-08-10,100.0,97.10144927536231,0,5,18,24,75.0,90.63333333333333,8,12,66.66666666666667,89.7625,green
2568-1094,2568,2025-08-04,2025-08-10,,83.33333333333333,0,1,14,24,58.333333333333336,88.47142857142856,9,12,75.0,79.8111111111111,green
2568-1095,2568,2025-08-04,2025-08-10,50.0,60.869565217391305,0,0,16,32,50.0,64.35624999999999,7,16,43.75,66.45714285714287,yellow
2568-1096,2568,2025-08-04,2025-08-10,100.0,95.65217391304348,0,23,23,32,71.875,83.43478260869566,14,16,87.5,88.42857142857143,green
2568-1097,2568,2025-08-04,2025-08-10,100.0,100.0,0,23,11,16,68.75,88.89090909090909,7,8,87.5,89.21428571428571,green
2568-1098,2568,2025-08-04,2025-08-10,,33.333333333333336,1,0,3,16,18.75,67.16666666666667,3,8,37.5,67.2,green
2568-1099,2568,2025-08-04,2025-08-10,100.0,89.1304347826087,0,8,25,32,78.125,84.484,13,16,81.25,85.26923076923077,green
2568-1100,2568,2025-08-04,2025-08-10,,50.0,0,0,3,24,12.5,70.46666666666665,0,12,0.0,,green
2568-1101,2568,2025-08-04,2025-08-10,100.0,91.30434782608695,0,16,9,16,56.25,81.95555555555556,6,8,75.0,78.30000000000001,green
2568-1102,2568,2025-08-04,2025-08-10,100.0,97.10144927536231,0,3,19,24,79.16666666666667,88.0578947368421,11,12,91.66666666666667,86.31818181818181,green
2568-1103,2568,2025-08-04,2025-08-10,,56.25,0,2,3,32,9.375,75.56666666666666,0,16,0.0,,green
2568-1104,2568,2025-08-04,2025-08-10,25.0,56.52173913043478,0,0,18,32,56.25,66.34444444444443,9,16,56.25,66.05555555555556,orange
2568-1105,2568,2025-08-04,2025-08-10,66.66666666666667,73.91304347826087,0,0,13,24,54.166666666666664,81.37692307692306,9,12,75.0,74.9,yellow
2568-1106,2568,2025-08-04,2025-08-10,,75.0,0,0,17,32,53.125,73.96470588235294,7,16,43.75,66.02857142857142,green
2568-1107,2568,2025-08-04,2025-08-10,,97.22222222222223,0,9,12,32,37.5,88.35833333333333,4,16,25.0,88.35,green
2568-1108,2568,2025-08-04,2025-08-10,33.333333333333336,69.56521739130434,0,0,14,24,58.333333333333336,77.19285714285714,7,12,58.333333333333336,78.02857142857142,orange
2568-1109,2568,2025-08-04,2025-08-10,33.333333333333336,62.31884057971015,0,0,12,24,50.0,76.40833333333332,6,12,50.0,69.94999999999999,orange
2568-1110,2568,2025-08-04,2025-08-10,100.0,92.5925925925926,0,10,17,24,70.83333333333333,86.81176470588237,7,12,58.333333333333336,82.92857142857143,green
2568-1111,2568,2025-08-04,2025-08-10,100.0,77.17391304347827,0,9,16,32,50.0,83.15625,10,16,62.5,77.71000000000001,green
2568-1112,2568,2025-08-04,2025-08-10,75.0,78.26086956521739,0,6,18,32,56.25,79.35,10,16,62.5,71.72,green
2568-1113,2568,2025-08-04,2025-08-10,25.0,52.5,0,0,4,32,12.5,72.325,5,16,31.25,72.2,orange
2568-1114,2568,2025-08-04,2025-08-10,75.0,87.5,0,18,19,32,59.375,80.58947368421053,10,16,62.5,83.0,green
2568-1115,2568,2025-08-04,2025-08-10,,75.0,0,2,8,32,25.0,80.30000000000001,3,16,18.75,80.60000000000001,green
2568-1116,2568,2025-08-04,2025-08-10,100.0,78.57142857142857,0,2,6,16,37.5,78.35,5,8,62.5,85.61999999999999,green
2568-1117,2568,2025-08-04,2025-08-10,50.0,81.52173913043478,0,0,21,32,65.625,76.38095238095238,10,16,62.5,75.65,yellow
2568-1118,2568,2025-08-04,2025-08-10,,60.22727272727273,0,0,17,32,53.125,72.31176470588235,6,16,37.5,79.51666666666668,green
2568-1119,2568,2025-08-04,2025-08-10,100.0,62.5,0,4,18,32,56.25,78.9,7,16,43.75,74.94285714285714,green
2568-1120,2568,2025-08-04,2025-08-10,,86.66666666666667,0,0,6,24,25.0,85.41666666666667,2,12,16.666666666666668,81.80000000000001,green
2568-1121,2568,2025-08-04,2025-08-10,,68.75,0,1,5,32,15.625,78.82,0,16,0.0,,green
2568-1122,2568,2025-08-04,2025-08-10,75.0,76.08695652173913,0,3,14,32,43.75,68.72142857142858,10,16,62.5,69.71000000000001,green
2568-1123,2568,2025-08-04,2025-08-10,100.0,56.52173913043478,0,1,10,32,31.25,73.04,7,16,43.75,66.14285714285714,green
2568-1124,2568,2025-08-04,2025-08-10,75.0,79.34782608695652,0,3,17,32,53.125,74.78823529411765,9,16,56.25,81.72222222222223,green
2568-1125,2568,2025-08-04,2025-08-10,75.0,83.69565217391305,0,1,16,32,50.0,76.0625,11,16,68.75,80.80909090909091,green
2568-1126,2568,2025-08-04,2025-08-10,,80.76923076923077,0,3,13,32,40.625,75.96923076923078,1,16,6.25,81.9,green
2568-1127,2568,2025-08-04,2025-08-10,100.0,75.0,0,4,10,32,31.25,71.16,9,16,56.25,70.80000000000001,green
2568-1128,2568,2025-08-04,2025-08-10,100.0,88.88888888888889,0,3,12,16,75.0,75.43333333333332,4,8,50.0,75.325,green
2568-1129,2568,2025-08-04,2025-08-10,100.0,98.61111111111111,0,18,21,32,65.625,85.17619047619048,9,16,56.25,86.07777777777777,green
2568-1130,2568,2025-08-04,2025-08-10,66.66666666666667,75.3623188405797,0,0,12,24,50.0,78.04166666666667,7,12,58.333333333333336,81.72857142857143,yellow
2568-1131,2568,2025-08-04,2025-08-10,75.0,75.0,0,4,25,32,78.125,80.536,11,16,68.75,86.13636363636364,green
2568-1132,2568,2025-08-04,2025-08-10,100.0,97.82608695652173,0,23,25,32,78.125,87.32800000000002,15,16,93.75,85.06,green
2568-1133,2568,2025-08-04,2025-08-10,100.0,93.47826086956522,0,23,24,32,75.0,88.02916666666665,11,16,68.75,84.80909090909091,green
2568-1134,2568,2025-08-04,2025-08-10,,78.84615384615384,0,1,15,32,46.875,83.15333333333334,5,16,31.25,84.35999999999999,green
2568-1135,2568,2025-08-04,2025-08-10,,83.33333333333333,0,5,9,32,28.125,76.54444444444444,3,16,18.75,77.2,green
2568-1136,2568,2025-08-04,2025-08-10,100.0,100.0,0,14,11,24,45.833333333333336,89.91818181818181,8,12,66.66666666666667,84.8375,green
2568-1137,2568,2025-08-04,2025-08-10,100.0,93.47826086956522,0,14,22,32,68.75,87.27727272727272,14,16,87.5,85.82857142857142,green
2568-1138,2568,2025-08-04,2025-08-10,75.0,76.38888888888889,0,2,21,32,65.625,75.08571428571429,9,16,56.25,81.72222222222223,green
2568-1139,2568,2025-08-04,2025-08-10,100.0,68.47826086956522,0,1,19,32,59.375,69.17894736842105,10,16,62.5,71.01,green
2568-1140,2568,2025-08-04,2025-08-10,100.0,81.15942028985508,0,2,18,24,75.0,82.15555555555555,9,12,75.0,87.60000000000001,green
2568-1141,2568,2025-08-04,2025-08-10,100.0,79.71014492753623,0,2,15,24,62.5,81.48666666666665,10,12,83.33333333333333,80.46,green
2568-1142,2568,2025-08-04,2025-08-10,50.0,69.56521739130434,0,0,17,32,53.125,79.17647058823529,6,16,37.5,71.78333333333333,yellow
2568-1143,2568,2025-08-04,2025-08-10,100.0,92.7536231884058,0,7,18,24,75.0,81.17777777777778,9,12,75.0,82.55555555555556,green
2568-1144,2568,2025-08-04,2025-08-10,,55.55555555555556,0,1,4,16,25.0,75.625,2,8,25.0,57.55,green
2568-1145,2568,2025-08-04,2025-08-10,100.0,81.52173913043478,0,11,24,32,75.0,82.09166666666665,13,16,81.25,84.65384615384616,green
2568-1146,2568,2025-08-04,2025-08-10,33.333333333333336,59.42028985507246,0,0,12,24,50.0,65.14166666666667,6,12,50.0,61.833333333333336,orange
2568-1147,2568,2025-08-04,2025-08-10,,38.888888888888886,0,0,5,32,15.625,72.06000000000002,2,16,12.5,58.25,green
2568-1148,2568,2025-08-04,2025-08-10,100.0,85.5072463768116,0,2,16,24,66.66666666666667,81.89375,9,12,75.0,76.72222222222223,green
2568-1149,2568,2025-08-04,2025-08-10,,59.25925925925926,0,0,8,24,33.333333333333336,76.5125,1,12,8.333333333333334,96.6,green
2568-1150,2568,2025-08-04,2025-08-10,100.0,73.91304347826087,0,2,15,24,62.5,74.09333333333332,10,12,83.33333333333333,75.55,green
2568-1151,2568,2025-08-04,2025-08-10,66.66666666666667,75.3623188405797,0,0,16,24,66.66666666666667,81.95625,8,12,66.66666666666667,82.35000000000001,yellow
2568-1152,2568,2025-08-04,2025-08-10,75.0,78.26086956521739,0,4,21,32,65.625,83.17142857142856,13,16,81.25,76.2923076923077,green
2568-1153,2568,2025-08-04,2025-08-10,,79.41176470588235,0,6,18,32,56.25,81.32222222222222,8,16,50.0,84.5625,green
2568-1154,2568,2025-08-04,2025-08-10,,62.5,1,0,4,16,25.0,82.5,2,8,25.0,89.55,green
2568-1155,2568,2025-08-04,2025-08-10,,28.205128205128204,0,0,4,24,16.666666666666668,66.92500000000001,1,12,8.333333333333334,63.8,green
2568-1156,2568,2025-08-04,2025-08-10,100.0,63.04347826086956,0,1,17,32,53.125,72.38235294117646,11,16,68.75,68.1,green
2568-1157,2568,2025-08-04,2025-08-10,75.0,85.8695652173913,0,12,19,32,59.375,73.1263157894737,13,16,81.25,72.5,green
2568-1158,2568,2025-08-04,2025-08-10,100.0,81.52173913043478,0,2,24,32,75.0,86.96249999999999,13,16,81.25,85.9,green
2568-1159,2568,2025-08-04,2025-08-10,100.0,100.0,0,18,17,24,70.83333333333333,89.28823529411765,9,12,75.0,86.9,green
2568-1160,2568,2025-08-04,2025-08-10,75.0,81.94444444444444,0,1,14,32,43.75,88.13571428571427,8,16,50.0,84.7875,green
2568-1001,2568,2025-08-11,2025-08-17,,52.77777777777778,0,2,6,36,16.666666666666668,60.18333333333333,3,16,18.75,73.96666666666665,green
2568-1002,2568,2025-08-11,2025-08-17,,68.18181818181819,0,3,17,36,47.22222222222222,81.82352941176471,9,16,56.25,64.41111111111111,green
2568-1003,2568,2025-08-11,2025-08-17,25.0,57.291666666666664,0,0,13,36,36.111111111111114,61.03076923076923,6,16,37.5,67.03333333333333,orange
2568-1004,2568,2025-08-11,2025-08-17,25.0,67.70833333333333,0,0,18,36,50.0,72.18333333333334,11,16,68.75,75.84545454545456,orange
2568-1005,2568,2025-08-11,2025-08-17,75.0,65.625,0,2,15,36,41.666666666666664,71.34666666666666,9,16,56.25,72.05555555555556,green
2568-1006,2568,2025-08-11,2025-08-17,,66.66666666666667,0,0,14,27,51.851851851851855,82.66428571428571,5,12,41.666666666666664,83.64,green
2568-1007,2568,2025-08-11,2025-08-17,,64.70588235294117,0,1,16,36,44.44444444444444,76.5875,5,16,31.25,76.04,green
2568-1008,2568,2025-08-11,2025-08-17,50.0,59.21052631578947,0,0,11,36,30.555555555555557,72.47272727272727,6,16,37.5,77.81666666666668,yellow
2568-1009,2568,2025-08-11,2025-08-17,100.0,100.0,0,11,12,36,33.333333333333336,87.13333333333333,6,16,37.5,81.21666666666667,green
2568-1010,2568,2025-08-11,2025-08-17,75.0,80.26315789473684,0,2,24,36,66.66666666666667,75.4375,10,16,62.5,80.60000000000001,green
2568-1011,2568,2025-08-11,2025-08-17,100.0,97.72727272727273,0,11,15,36,41.666666666666664,83.63999999999997,7,16,43.75,84.37142857142855,green
2568-1012,2568,2025-08-11,2025-08-17,100.0,95.83333333333333,0,4,14,18,77.77777777777777,83.83571428571427,5,8,62.5,86.05999999999999,green
2568-1013,2568,2025-08-11,2025-08-17,100.0,73.6842105263158,0,3,19,36,52.77777777777778,78.08947368421052,10,16,62.5,74.81,green
2568-1014,2568,2025-08-11,2025-08-17,75.0,69.79166666666667,0,3,15,36,41.666666666666664,77.27333333333333,9,16,56.25,79.63333333333334,green
2568-1015,2568,2025-08-11,2025-08-17,,40.0,0,0,2,18,11.11111111111111,72.4,0,8,0.0,,green
2568-1016,2568,2025-08-11,2025-08-17,,85.22727272727273,0,0,24,36,66.66666666666667,93.24166666666667,7,16,43.75,84.2,green
2568-1017,2568,2025-08-11,2025-08-17,75.0,70.83333333333333,0,2,22,36,61.111111111111114,80.26818181818182,10,16,62.5,78.2,green
2568-1018,2568,2025-08-11,2025-08-17,100.0,64.91228070175438,0,1,12,27,44.44444444444444,72.78333333333332,8,12,66.66666666666667,73.0875,green
2568-1019,2568,2025-08-11,2025-08-17,,78.84615384615384,0,6,15,36,41.666666666666664,81.52666666666666,7,16,43.75,82.02857142857144,green
2568-1020,2568,2025-08-11,2025-08-17,75.0,65.78947368421052,0,2,20,36,55.55555555555556,82.02499999999999,7,16,43.75,71.91428571428571,green
2568-1021,2568,2025-08-11,2025-08-17,100.0,87.5,0,5,27,36,75.0,78.63703703703703,14,16,87.5,81.65714285714286,green
2568-1022,2568,2025-08-11,2025-08-17,100.0,61.111111111111114,0,1,16,27,59.25925925925926,74.48750000000001,6,12,50.0,85.55,green
2568-1023,2568,2025-08-11,2025-08-17,,53.84615384615385,0,1,7,18,38.888888888888886,80.35714285714285,1,8,12.5,56.0,green
2568-1024,2568,2025-08-11,2025-08-17,,76.47058823529412,0,2,8,18,44.44444444444444,68.775,3,8,37.5,83.63333333333333,green
2568-1025,2568,2025-08-11,2025-08-17,50.0,72.91666666666667,0,0,3,18,16.666666666666668,75.56666666666666,5,8,62.5,77.14000000000001,yellow
2568-1026,2568,2025-08-11,2025-08-17,75.0,69.79166666666667,0,5,22,36,61.111111111111114,69.61363636363636,12,16,75.0,72.81666666666666,green
2568-1027,2568,2025-08-11,2025-08-17,75.0,85.41666666666667,0,2,28,36,77.77777777777777,82.1857142857143,16,16,100.0,75.69375,green
2568-1028,2568,2025-08-11,2025-08-17,,87.5,0,2,23,36,63.888888888888886,82.41304347826087,10,16,62.5,84.13999999999999,green
2568-1029,2568,2025-08-11,2025-08-17,,95.83333333333333,0,18,19,36,52.77777777777778,88.67894736842105,9,16,56.25,88.83333333333334,green
2568-1030,2568,2025-08-11,2025-08-17,75.0,92.70833333333333,0,24,23,36,63.888888888888886,81.0304347826087,11,16,68.75,80.16363636363637,green
2568-1031,2568,2025-08-11,2025-08-17,75.0,57.291666666666664,0,1,17,36,47.22222222222222,69.8941176470588,8,16,50.0,73.8125,green
2568-1032,2568,2025-08-11,2025-08-17,100.0,97.91666666666667,0,24,30,36,83.33333333333333,87.19666666666666,13,16,81.25,91.1153846153846,green
2568-1033,2568,2025-08-11,2025-08-17,0.0,64.58333333333333,0,0,11,18,61.111111111111114,70.1,6,8,75.0,78.25,red
2568-1034,2568,2025-08-11,2025-08-17,100.0,85.96491228070175,0,2,15,27,55.55555555555556,75.93333333333334,6,12,50.0,66.78333333333335,green
2568-1035,2568,2025-08-11,2025-08-17,100.0,81.57894736842105,0,1,10,18,55.55555555555556,70.6,5,8,62.5,73.66,green
2568-1036,2568,2025-08-11,2025-08-17,100.0,73.95833333333333,0,6,24,36,66.66666666666667,77.33749999999999,12,16,75.0,79.68333333333332,green
2568-1037,2568,2025-08-11,2025-08-17,100.0,95.83333333333333,0,7,22,27,81.48148148148148,92.0,12,12,100.0,86.46666666666668,green
2568-1038,2568,2025-08-11,2025-08-17,,53.7037037037037,0,1,7,27,25.925925925925927,78.54285714285716,4,12,33.333333333333336,81.9,green
2568-1039,2568,2025-08-11,2025-08-17,33.333333333333336,73.33333333333333,0,0,11,27,40.74074074074074,73.82727272727273,5,12,41.666666666666664,80.16,orange
2568-1040,2568,2025-08-11,2025-08-17,33.333333333333336,61.111111111111114,0,0,13,27,48.148148148148145,74.02307692307691,7,12,58.333333333333336,75.34285714285714,orange
2568-1041,2568,2025-08-11,2025-08-17,75.0,58.333333333333336,0,1,22,36,61.111111111111114,70.97272727272728,9,16,56.25,75.47777777777777,green
2568-1042,2568,2025-08-11,2025-08-17,75.0,81.57894736842105,0,5,20,36,55.55555555555556,84.78,12,16,75.0,78.775,green
2568-1043,2568,2025-08-11,2025-08-17,75.0,62.5,0,1,15,36,41.666666666666664,69.72,11,16,68.75,70.11818181818181,green
2568-1044,2568,2025-08-11,2025-08-17,,46.15384615384615,0,1,2,18,11.11111111111111,73.05,2,8,25.0,51.25,green
2568-1045,2568,2025-08-11,2025-08-17,50.0,96.875,0,0,28,36,77.77777777777777,85.12857142857142,12,16,75.0,87.875,yellow
2568-1046,2568,2025-08-11,2025-08-17,,94.23076923076923,0,13,15,36,41.666666666666664,85.71333333333334,7,16,43.75,83.05714285714285,green
2568-1047,2568,2025-08-11,2025-08-17,50.0,75.0,0,0,21,36,58.333333333333336,73.1952380952381,11,16,68.75,72.61818181818181,yellow
2568-1048,2568,2025-08-11,2025-08-17,,98.48484848484848,0,10,18,27,66.66666666666667,85.16666666666667,8,12,66.66666666666667,91.65,green
2568-1049,2568,2025-08-11,2025-08-17,66.66666666666667,65.27777777777777,0,0,16,27,59.25925925925926,75.3625,6,12,50.0,77.35000000000001,yellow
2568-1050,2568,2025-08-11,2025-08-17,100.0,79.16666666666667,0,1,21,36,58.333333333333336,80.79999999999998,13,16,81.25,86.38461538461539,green
2568-1051,2568,2025-08-11,2025-08-17,0.0,45.833333333333336,1,0,5,18,27.77777777777778,68.66,3,8,37.5,61.366666666666674,red
2568-1052,2568,2025-08-11,2025-08-17,75.0,90.625,0,22,26,36,72.22222222222223,88.75769230769228,12,16,75.0,86.19166666666666,green
2568-1053,2568,2025-08-11,2025-08-17,,72.22222222222223,0,0,9,18,50.0,75.4111111111111,5,8,62.5,73.82,green
2568-1054,2568,2025-08-11,2025-08-17,100.0,100.0,0,19,18,27,66.66666666666667,87.90555555555554,9,12,75.0,85.23333333333333,green
2568-1055,2568,2025-08-11,2025-08-17,,68.05555555555556,0,1,17,36,47.22222222222222,76.81176470588234,8,16,50.0,81.75,green
2568-1056,2568,2025-08-11,2025-08-17,75.0,63.541666666666664,0,1,20,36,55.55555555555556,73.74999999999999,8,16,50.0,69.9,green
2568-1057,2568,2025-08-11,2025-08-17,75.0,98.95833333333333,0,24,28,36,77.77777777777777,88.95714285714284,13,16,81.25,86.70769230769231,green
2568-1058,2568,2025-08-11,2025-08-17,100.0,97.91666666666667,0,5,14,18,77.77777777777777,86.91428571428573,7,8,87.5,80.8,green
2568-1059,2568,2025-08-11,2025-08-17,100.0,96.49122807017544,0,5,19,27,70.37037037037037,85.79473684210527,7,12,58.333333333333336,88.87142857142858,green
2568-1060,2568,2025-08-11,2025-08-17,50.0,56.666666666666664,0,0,6,18,33.333333333333336,64.46666666666667,4,8,50.0,64.625,yellow
2568-1061,2568,2025-08-11,2025-08-17,100.0,70.83333333333333,0,1,13,36,36.111111111111114,72.23076923076923,9,16,56.25,75.37777777777778,green
2568-1062,2568,2025-08-11,2025-08-17,66.66666666666667,71.11111111111111,0,0,12,27,44.44444444444444,76.54166666666666,6,12,50.0,70.66666666666667,yellow
2568-1063,2568,2025-08-11,2025-08-17,75.0,71.66666666666667,0,5,17,36,47.22222222222222,77.84705882352941,10,16,62.5,74.06000000000002,green
2568-1064,2568,2025-08-11,2025-08-17,,50.0,0,0,2,18,11.11111111111111,94.35,2,8,25.0,78.1,green
2568-1065,2568,2025-08-11,2025-08-17,,84.61538461538461,0,0,5,18,27.77777777777778,75.5,2,8,25.0,79.19999999999999,green
2568-1066,2568,2025-08-11,2025-08-17,,56.94444444444444,0,0,16,36,44.44444444444444,67.275,6,16,37.5,64.03333333333333,green
2568-1067,2568,2025-08-11,2025-08-17,75.0,38.333333333333336,0,1,10,36,27.77777777777778,61.239999999999995,7,16,43.75,62.88571428571429,green
2568-1068,2568,2025-08-11,2025-08-17,100.0,93.05555555555556,0,3,21,27,77.77777777777777,86.11428571428571,9,12,75.0,90.17777777777778,green
2568-1069,2568,2025-08-11,2025-08-17,100.0,87.5,0,2,29,36,80.55555555555556,82.22068965517241,10,16,62.5,75.41000000000001,green
2568-1070,2568,2025-08-11,2025-08-17,100.0,77.77777777777777,0,3,19,27,70.37037037037037,80.07368421052632,8,12,66.66666666666667,78.8,green
2568-1071,2568,2025-08-11,2025-08-17,66.66666666666667,86.11111111111111,0,0,18,27,66.66666666666667,87.4388888888889,10,12,83.33333333333333,88.8,yellow
2568-1072,2568,2025-08-11,2025-08-17,,56.81818181818182,0,2,7,18,38.888888888888886,68.22857142857143,3,8,37.5,66.86666666666666,green
2568-1073,2568,2025-08-11,2025-08-17,75.0,69.73684210526316,0,3,17,36,47.22222222222222,82.47058823529412,7,16,43.75,85.8,green
2568-1074,2568,2025-08-11,2025-08-17,50.0,29.166666666666668,0,0,8,36,22.22222222222222,61.474999999999994,7,16,43.75,58.07142857142857,yellow
2568-1075,2568,2025-08-11,2025-08-17,,30.0,2,0,1,18,5.555555555555555,55.5,0,8,0.0,,red
2568-1076,2568,2025-08-11,2025-08-17,75.0,79.16666666666667,0,5,23,36,63.888888888888886,77.91304347826087,14,16,87.5,79.7,green
2568-1077,2568,2025-08-11,2025-08-17,50.0,71.05263157894737,0,0,21,36,58.333333333333336,75.39999999999999,9,16,56.25,76.04444444444445,yellow
2568-1078,2568,2025-08-11,2025-08-17,75.0,86.66666666666667,0,12,18,36,50.0,91.73333333333333,7,16,43.75,84.05714285714285,green
2568-1079,2568,2025-08-11,2025-08-17,100.0,85.52631578947368,0,5,21,36,58.333333333333336,79.93809523809524,8,16,50.0,87.76249999999999,green
2568-1080,2568,2025-08-11,2025-08-17,100.0,76.3157894736842,0,6,16,36,44.44444444444444,75.2875,8,16,50.0,72.375,green
2568-1081,2568,2025-08-11,2025-08-17,100.0,85.52631578947368,0,5,20,36,55.55555555555556,78.525,9,16,56.25,77.44444444444443,green
2568-1082,2568,2025-08-11,2025-08-17,75.0,85.0,0,15,15,36,41.666666666666664,81.91333333333334,10,16,62.5,86.11999999999998,green
2568-1083,2568,2025-08-11,2025-08-17,,44.44444444444444,0,1,4,18,22.22222222222222,64.375,2,8,25.0,68.94999999999999,green
2568-1084,2568,2025-08-11,2025-08-17,50.0,89.58333333333333,0,0,29,36,80.55555555555556,81.22758620689655,11,16,68.75,78.27272727272728,yellow
2568-1085,2568,2025-08-11,2025-08-17,75.0,68.33333333333333,0,2,15,36,41.666666666666664,78.91333333333334,4,16,25.0,80.625,green
2568-1086,2568,2025-08-11,2025-08-17,,63.63636363636363,0,1,9,18,50.0,69.57777777777778,2,8,25.0,70.85,green
2568-1087,2568,2025-08-11,2025-08-17,,76.92307692307692,0,1,12,36,33.333333333333336,73.06666666666665,3,16,18.75,87.23333333333333,green
2568-1088,2568,2025-08-11,2025-08-17,100.0,76.3157894736842,0,1,18,36,50.0,77.91666666666666,10,16,62.5,73.54,green
2568-1089,2568,2025-08-11,2025-08-17,,38.888888888888886,4,0,0,18,0.0,,0,8,0.0,,red
2568-1090,2568,2025-08-11,2025-08-17,,45.0,0,1,0,36,0.0,,0,16,0.0,,green
2568-1091,2568,2025-08-11,2025-08-17,50.0,97.36842105263158,0,0,12,18,66.66666666666667,90.12500000000001,6,8,75.0,90.2,yellow
2568-1092,2568,2025-08-11,2025-08-17,,80.0,0,0,2,18,11.11111111111111,67.25,1,8,12.5,70.9,green
2568-1093,2568,2025-08-11,2025-08-17,100.0,97.22222222222223,0,6,21,27,77.77777777777777,88.98571428571428,8,12,66.66666666666667,89.7625,green
2568-1094,2568,2025-08-11,2025-08-17,,83.33333333333333,0,1,14,27,51.851851851851855,88.47142857142856,9,12,75.0,79.8111111111111,green
2568-1095,2568,2025-08-11,2025-08-17,75.0,61.458333333333336,0,1,19,36,52.77777777777778,63.7157894736842,7,16,43.75,66.45714285714287,green
2568-1096,2568,2025-08-11,2025-08-17,75.0,94.79166666666667,0,24,27,36,75.0,83.68518518518519,14,16,87.5,88.42857142857143,green
2568-1097,2568,2025-08-11,2025-08-17,100.0,100.0,0,24,12,18,66.66666666666667,89.81666666666668,7,8,87.5,89.21428571428571,green
2568-1098,2568,2025-08-11,2025-08-17,,33.333333333333336,1,0,3,18,16.666666666666668,67.16666666666667,3,8,37.5,67.2,green
2568-1099,2568,2025-08-11,2025-08-17,100.0,89.58333333333333,0,9,29,36,80.55555555555556,84.62413793103447,13,16,81.25,85.26923076923077,green
2568-1100,2568,2025-08-11,2025-08-17,,50.0,0,0,3,27,11.11111111111111,70.46666666666665,0,12,0.0,,green
2568-1101,2568,2025-08-11,2025-08-17,100.0,91.66666666666667,0,17,10,18,55.55555555555556,83.34,6,8,75.0,78.30000000000001,green
2568-1102,2568,2025-08-11,2025-08-17,100.0,97.22222222222223,0,4,22,27,81.48148148148148,88.82727272727271,11,12,91.66666666666667,86.31818181818181,green
2568-1103,2568,2025-08-11,2025-08-17,,56.25,0,2,3,36,8.333333333333334,75.56666666666666,0,16,0.0,,green
2568-1104,2568,2025-08-11,2025-08-17,50.0,56.25,0,0,20,36,55.55555555555556,65.585,9,16,56.25,66.05555555555556,yellow
2568-1105,2568,2025-08-11,2025-08-17,100.0,75.0,0,1,15,27,55.55555555555556,81.27333333333333,9,12,75.0,74.9,green
2568-1106,2568,2025-08-11,2025-08-17,,75.0,0,0,17,36,47.22222222222222,73.96470588235294,7,16,43.75,66.02857142857142,green
2568-1107,2568,2025-08-11,2025-08-17,,97.22222222222223,0,9,12,36,33.333333333333336,88.35833333333333,4,16,25.0,88.35,green
2568-1108,2568,2025-08-11,2025-08-17,100.0,70.83333333333333,0,1,17,27,62.96296296296296,75.98823529411766,7,12,58.333333333333336,78.02857142857142,green
2568-1109,2568,2025-08-11,2025-08-17,33.333333333333336,61.111111111111114,0,0,13,27,48.148148148148145,75.88461538461537,6,12,50.0,69.94999999999999,orange
2568-1110,2568,2025-08-11,2025-08-17,66.66666666666667,91.2280701754386,0,0,19,27,70.37037037037037,88.04210526315791,7,12,58.333333333333336,82.92857142857143,yellow
2568-1111,2568,2025-08-11,2025-08-17,50.0,76.04166666666667,0,0,18,36,50.0,82.99444444444444,10,16,62.5,77.71000000000001,yellow
2568-1112,2568,2025-08-11,2025-08-17,75.0,78.125,0,7,21,36,58.333333333333336,80.29999999999998,10,16,62.5,71.72,green
2568-1113,2568,2025-08-11,2025-08-17,50.0,52.27272727272727,0,0,7,36,19.444444444444443,70.94285714285714,5,16,31.25,72.2,yellow
2568-1114,2568,2025-08-11,2025-08-17,50.0,85.52631578947368,0,0,22,36,61.111111111111114,80.50909090909092,10,16,62.5,83.0,yellow
2568-1115,2568,2025-08-11,2025-08-17,,75.0,0,2,8,36,22.22222222222222,80.30000000000001,3,16,18.75,80.60000000000001,green
2568-1116,2568,2025-08-11,2025-08-17,50.0,76.66666666666667,0,0,8,18,44.44444444444444,81.0875,5,8,62.5,85.61999999999999,yellow
2568-1117,2568,2025-08-11,2025-08-17,100.0,82.29166666666667,0,1,24,36,66.66666666666667,77.44166666666666,10,16,62.5,75.65,green
2568-1118,2568,2025-08-11,2025-08-17,,60.22727272727273,0,0,17,36,47.22222222222222,72.31176470588235,6,16,37.5,79.51666666666668,green
2568-1119,2568,2025-08-11,2025-08-17,50.0,61.8421052631579,0,0,21,36,58.333333333333336,78.1047619047619,7,16,43.75,74.94285714285714,yellow
2568-1120,2568,2025-08-11,2025-08-17,,86.66666666666667,0,0,6,27,22.22222222222222,85.41666666666667,2,12,16.666666666666668,81.80000000000001,green
2568-1121,2568,2025-08-11,2025-08-17,,68.75,0,1,5,36,13.88888888888889,78.82,0,16,0.0,,green
2568-1122,2568,2025-08-11,2025-08-17,25.0,73.95833333333333,0,0,17,36,47.22222222222222,70.41176470588235,10,16,62.5,69.71000000000001,orange
2568-1123,2568,2025-08-11,2025-08-17,50.0,56.25,0,0,11,36,30.555555555555557,71.00909090909092,7,16,43.75,66.14285714285714,yellow
2568-1124,2568,2025-08-11,2025-08-17,50.0,78.125,0,0,21,36,58.333333333333336,72.7904761904762,9,16,56.25,81.72222222222223,yellow
2568-1125,2568,2025-08-11,2025-08-17,100.0,84.375,0,2,20,36,55.55555555555556,77.215,11,16,68.75,80.80909090909091,green
2568-1126,2568,2025-08-11,2025-08-17,,80.76923076923077,0,3,13,36,36.111111111111114,75.96923076923078,1,16,6.25,81.9,green
2568-1127,2568,2025-08-11,2025-08-17,75.0,75.0,0,5,11,36,30.555555555555557,69.69090909090909,9,16,56.25,70.80000000000001,green
2568-1128,2568,2025-08-11,2025-08-17,50.0,86.84210526315789,0,0,14,18,77.77777777777777,77.29285714285713,4,8,50.0,75.325,yellow
2568-1129,2568,2025-08-11,2025-08-17,100.0,98.6842105263158,0,19,24,36,66.66666666666667,85.70833333333333,9,16,56.25,86.07777777777777,green
2568-1130,2568,2025-08-11,2025-08-17,100.0,76.38888888888889,0,1,15,27,55.55555555555556,78.05333333333334,7,12,58.333333333333336,81.72857142857143,green
2568-1131,2568,2025-08-11,2025-08-17,100.0,76.04166666666667,0,5,27,36,75.0,80.43703703703704,11,16,68.75,86.13636363636364,green
2568-1132,2568,2025-08-11,2025-08-17,100.0,97.91666666666667,0,24,29,36,80.55555555555556,88.4241379310345,15,16,93.75,85.06,green
2568-1133,2568,2025-08-11,2025-08-17,100.0,93.75,0,24,27,36,75.0,87.05185185185185,11,16,68.75,84.80909090909091,green
2568-1134,2568,2025-08-11,2025-08-17,,78.84615384615384,0,1,15,36,41.666666666666664,83.15333333333334,5,16,31.25,84.35999999999999,green
2568-1135,2568,2025-08-11,2025-08-17,,83.33333333333333,0,5,9,36,25.0,76.54444444444444,3,16,18.75,77.2,green
2568-1136,2568,2025-08-11,2025-08-17,100.0,100.0,0,15,14,27,51.851851851851855,87.44285714285714,8,12,66.66666666666667,84.8375,green
2568-1137,2568,2025-08-11,2025-08-17,100.0,93.75,0,15,25,36,69.44444444444444,86.288,14,16,87.5,85.82857142857142,green
2568-1138,2568,2025-08-11,2025-08-17,75.0,76.3157894736842,0,3,25,36,69.44444444444444,77.9,9,16,56.25,81.72222222222223,green
2568-1139,2568,2025-08-11,2025-08-17,100.0,69.79166666666667,0,2,21,36,58.333333333333336,68.58095238095238,10,16,62.5,71.01,green
2568-1140,2568,2025-08-11,2025-08-17,100.0,81.94444444444444,0,3,20,27,74.07407407407408,83.10499999999999,9,12,75.0,87.60000000000001,green
2568-1141,2568,2025-08-11,2025-08-17,100.0,80.55555555555556,0,3,18,27,66.66666666666667,82.5,10,12,83.33333333333333,80.46,green
2568-1142,2568,2025-08-11,2025-08-17,75.0,69.79166666666667,0,1,19,36,52.77777777777778,80.41578947368421,6,16,37.5,71.78333333333333,green
2568-1143,2568,2025-08-11,2025-08-17,100.0,93.05555555555556,0,8,20,27,74.07407407407408,80.94000000000001,9,12,75.0,82.55555555555556,green
2568-1144,2568,2025-08-11,2025-08-17,,55.55555555555556,0,1,4,18,22.22222222222222,75.625,2,8,25.0,57.55,green
2568-1145,2568,2025-08-11,2025-08-17,50.0,80.20833333333333,0,0,27,36,75.0,83.37037037037035,13,16,81.25,84.65384615384616,yellow
2568-1146,2568,2025-08-11,2025-08-17,66.66666666666667,59.72222222222222,0,0,13,27,48.148148148148145,65.13076923076923,6,12,50.0,61.833333333333336,yellow
2568-1147,2568,2025-08-11,2025-08-17,,38.888888888888886,0,0,5,36,13.88888888888889,72.06000000000002,2,16,12.5,58.25,green
2568-1148,2568,2025-08-11,2025-08-17,100.0,86.11111111111111,0,3,19,27,70.37037037037037,82.64736842105263,9,12,75.0,76.72222222222223,green
2568-1149,2568,2025-08-11,2025-08-17,,59.25925925925926,0,0,8,27,29.62962962962963,76.5125,1,12,8.333333333333334,96.6,green
2568-1150,2568,2025-08-11,2025-08-17,66.66666666666667,73.61111111111111,0,0,18,27,66.66666666666667,73.36666666666666,10,12,83.33333333333333,75.55,yellow
2568-1151,2568,2025-08-11,2025-08-17,66.66666666666667,75.0,0,0,17,27,62.96296296296296,81.17647058823529,8,12,66.66666666666667,82.35000000000001,yellow
2568-1152,2568,2025-08-11,2025-08-17,100.0,79.16666666666667,0,5,24,36,66.66666666666667,82.75,13,16,81.25,76.2923076923077,green
2568-1153,2568,2025-08-11,2025-08-17,,79.41176470588235,0,6,18,36,50.0,81.32222222222222,8,16,50.0,84.5625,green
2568-1154,2568,2025-08-11,2025-08-17,,62.5,1,0,4,18,22.22222222222222,82.5,2,8,25.0,89.55,green
2568-1155,2568,2025-08-11,2025-08-17,,28.205128205128204,0,0,4,27,14.814814814814815,66.92500000000001,1,12,8.333333333333334,63.8,green
2568-1156,2568,2025-08-11,2025-08-17,50.0,62.5,0,0,19,36,52.77777777777778,71.18947368421053,11,16,68.75,68.1,yellow
2568-1157,2568,2025-08-11,2025-08-17,100.0,86.45833333333333,0,13,21,36,58.333333333333336,72.55238095238094,13,16,81.25,72.5,green
2568-1158,2568,2025-08-11,2025-08-17,75.0,81.25,0,3,28,36,77.77777777777777,86.92142857142858,13,16,81.25,85.9,green
2568-1159,2568,2025-08-11,2025-08-17,100.0,100.0,0,19,20,27,74.07407407407408,89.55000000000001,9,12,75.0,86.9,green
2568-1160,2568,2025-08-11,2025-08-17,100.0,82.89473684210526,0,2,18,36,50.0,88.25555555555556,8,16,50.0,84.7875,green
2568-1001,2568,2025-08-18,2025-08-24,,52.77777777777778,0,2,6,36,16.666666666666668,60.18333333333333,3,16,18.75,73.96666666666665,green
2568-1002,2568,2025-08-18,2025-08-24,,68.18181818181819,0,3,17,36,47.22222222222222,81.82352941176471,9,16,56.25,64.41111111111111,green
2568-1003,2568,2025-08-18,2025-08-24,75.0,58.0,0,1,13,36,36.111111111111114,61.03076923076923,6,16,37.5,67.03333333333333,green
2568-1004,2568,2025-08-18,2025-08-24,100.0,69.0,0,1,18,36,50.0,72.18333333333334,11,16,68.75,75.84545454545456,green
2568-1005,2568,2025-08-18,2025-08-24,25.0,64.0,0,0,15,36,41.666666666666664,71.34666666666666,9,16,56.25,72.05555555555556,orange
2568-1006,2568,2025-08-18,2025-08-24,,66.66666666666667,0,0,14,27,51.851851851851855,82.66428571428571,5,12,41.666666666666664,83.64,green
2568-1007,2568,2025-08-18,2025-08-24,,64.70588235294117,0,1,16,36,44.44444444444444,76.5875,5,16,31.25,76.04,green
2568-1008,2568,2025-08-18,2025-08-24,50.0,58.75,0,0,11,36,30.555555555555557,72.47272727272727,6,16,37.5,77.81666666666668,yellow
2568-1009,2568,2025-08-18,2025-08-24,100.0,100.0,0,12,12,36,33.333333333333336,87.13333333333333,6,16,37.5,81.21666666666667,green
2568-1010,2568,2025-08-18,2025-08-24,50.0,78.75,0,0,24,36,66.66666666666667,75.4375,10,16,62.5,80.60000000000001,yellow
2568-1011,2568,2025-08-18,2025-08-24,100.0,97.91666666666667,0,12,15,36,41.666666666666664,83.63999999999997,7,16,43.75,84.37142857142855,green
2568-1012,2568,2025-08-18,2025-08-24,50.0,94.0,0,0,14,18,77.77777777777777,83.83571428571427,5,8,62.5,86.05999999999999,yellow
2568-1013,2568,2025-08-18,2025-08-24,75.0,73.75,0,4,19,36,52.77777777777778,78.08947368421052,10,16,62.5,74.81,green
2568-1014,2568,2025-08-18,2025-08-24,50.0,69.0,0,0,15,36,41.666666666666664,77.27333333333333,9,16,56.25,79.63333333333334,yellow
2568-1015,2568,2025-08-18,2025-08-24,,40.0,0,0,2,18,11.11111111111111,72.4,0,8,0.0,,green
2568-1016,2568,2025-08-18,2025-08-24,,85.22727272727273,0,0,24,36,66.66666666666667,93.24166666666667,7,16,43.75,84.2,green
2568-1017,2568,2025-08-18,2025-08-24,75.0,71.0,0,3,22,36,61.111111111111114,80.26818181818182,10,16,62.5,78.2,green
2568-1018,2568,2025-08-18,2025-08-24,66.66666666666667,65.0,0,0,12,27,44.44444444444444,72.78333333333332,8,12,66.66666666666667,73.0875,yellow
2568-1019,2568,2025-08-18,2025-08-24,,78.84615384615384,0,6,15,36,41.666666666666664,81.52666666666666,7,16,43.75,82.02857142857144,green
2568-1020,2568,2025-08-18,2025-08-24,50.0,65.0,0,0,20,36,55.55555555555556,82.02499999999999,7,16,43.75,71.91428571428571,yellow
2568-1021,2568,2025-08-18,2025-08-24,100.0,88.0,0,6,27,36,75.0,78.63703703703703,14,16,87.5,81.65714285714286,green
2568-1022,2568,2025-08-18,2025-08-24,0.0,58.666666666666664,1,0,16,27,59.25925925925926,74.48750000000001,6,12,50.0,85.55,red
2568-1023,2568,2025-08-18,2025-08-24,,53.84615384615385,0,1,7,18,38.888888888888886,80.35714285714285,1,8,12.5,56.0,green
2568-1024,2568,2025-08-18,2025-08-24,,76.47058823529412,0,2,8,18,44.44444444444444,68.775,3,8,37.5,83.63333333333333,green
2568-1025,2568,2025-08-18,2025-08-24,50.0,72.0,0,0,3,18,16.666666666666668,75.56666666666666,5,8,62.5,77.14000000000001,yellow
2568-1026,2568,2025-08-18,2025-08-24,25.0,68.0,0,0,22,36,61.111111111111114,69.61363636363636,12,16,75.0,72.81666666666666,orange
2568-1027,2568,2025-08-18,2025-08-24,75.0,85.0,0,3,28,36,77.77777777777777,82.1857142857143,16,16,100.0,75.69375,green
2568-1028,2568,2025-08-18,2025-08-24,,87.5,0,2,23,36,63.888888888888886,82.41304347826087,10,16,62.5,84.13999999999999,green
2568-1029,2568,2025-08-18,2025-08-24,,95.83333333333333,0,18,19,36,52.77777777777778,88.67894736842105,9,16,56.25,88.83333333333334,green
2568-1030,2568,2025-08-18,2025-08-24,75.0,92.0,0,25,23,36,63.888888888888886,81.0304347826087,11,16,68.75,80.16363636363637,green
2568-1031,2568,2025-08-18,2025-08-24,50.0,57.0,0,0,17,36,47.22222222222222,69.8941176470588,8,16,50.0,73.8125,yellow
2568-1032,2568,2025-08-18,2025-08-24,75.0,97.0,0,25,30,36,83.33333333333333,87.19666666666666,13,16,81.25,91.1153846153846,green
2568-1033,2568,2025-08-18,2025-08-24,100.0,66.0,0,1,11,18,61.111111111111114,70.1,6,8,75.0,78.25,green
2568-1034,2568,2025-08-18,2025-08-24,100.0,86.66666666666667,0,3,15,27,55.55555555555556,75.93333333333334,6,12,50.0,66.78333333333335,green
2568-1035,2568,2025-08-18,2025-08-24,0.0,77.5,1,0,10,18,55.55555555555556,70.6,5,8,62.5,73.66,red
2568-1036,2568,2025-08-18,2025-08-24,100.0,75.0,0,7,24,36,66.66666666666667,77.33749999999999,12,16,75.0,79.68333333333332,green
2568-1037,2568,2025-08-18,2025-08-24,66.66666666666667,94.66666666666667,0,0,22,27,81.48148148148148,92.0,12,12,100.0,86.46666666666668,yellow
2568-1038,2568,2025-08-18,2025-08-24,,53.7037037037037,0,1,7,27,25.925925925925927,78.54285714285716,4,12,33.333333333333336,81.9,green
2568-1039,2568,2025-08-18,2025-08-24,100.0,75.0,0,1,11,27,40.74074074074074,73.82727272727273,5,12,41.666666666666664,80.16,green
2568-1040,2568,2025-08-18,2025-08-24,66.66666666666667,61.333333333333336,0,0,13,27,48.148148148148145,74.02307692307691,7,12,58.333333333333336,75.34285714285714,yellow
2568-1041,2568,2025-08-18,2025-08-24,100.0,60.0,0,2,22,36,61.111111111111114,70.97272727272728,9,16,56.25,75.47777777777777,green
2568-1042,2568,2025-08-18,2025-08-24,75.0,81.25,0,6,20,36,55.55555555555556,84.78,12,16,75.0,78.775,green
2568-1043,2568,2025-08-18,2025-08-24,50.0,62.0,0,0,15,36,41.666666666666664,69.72,11,16,68.75,70.11818181818181,yellow
2568-1044,2568,2025-08-18,2025-08-24,,46.15384615384615,0,1,2,18,11.11111111111111,73.05,2,8,25.0,51.25,green
2568-1045,2568,2025-08-18,2025-08-24,75.0,96.0,0,1,28,36,77.77777777777777,85.12857142857142,12,16,75.0,87.875,green
2568-1046,2568,2025-08-18,2025-08-24,,94.23076923076923,0,13,15,36,41.666666666666664,85.71333333333334,7,16,43.75,83.05714285714285,green
2568-1047,2568,2025-08-18,2025-08-24,50.0,74.0,0,0,21,36,58.333333333333336,73.1952380952381,11,16,68.75,72.61818181818181,yellow
2568-1048,2568,2025-08-18,2025-08-24,,98.48484848484848,0,10,18,27,66.66666666666667,85.16666666666667,8,12,66.66666666666667,91.65,green
2568-1049,2568,2025-08-18,2025-08-24,66.66666666666667,65.33333333333333,0,0,16,27,59.25925925925926,75.3625,6,12,50.0,77.35000000000001,yellow
2568-1050,2568,2025-08-18,2025-08-24,100.0,80.0,0,2,21,36,58.333333333333336,80.79999999999998,13,16,81.25,86.38461538461539,green
2568-1051,2568,2025-08-18,2025-08-24,50.0,46.0,0,0,5,18,27.77777777777778,68.66,3,8,37.5,61.366666666666674,yellow
2568-1052,2568,2025-08-18,2025-08-24,100.0,91.0,0,23,26,36,72.22222222222223,88.75769230769228,12,16,75.0,86.19166666666666,green
2568-1053,2568,2025-08-18,2025-08-24,,72.22222222222223,0,0,9,18,50.0,75.4111111111111,5,8,62.5,73.82,green
2568-1054,2568,2025-08-18,2025-08-24,100.0,100.0,0,20,18,27,66.66666666666667,87.90555555555554,9,12,75.0,85.23333333333333,green
2568-1055,2568,2025-08-18,2025-08-24,,68.05555555555556,0,1,17,36,47.22222222222222,76.81176470588234,8,16,50.0,81.75,green
2568-1056,2568,2025-08-18,2025-08-24,100.0,65.0,0,2,20,36,55.55555555555556,73.74999999999999,8,16,50.0,69.9,green
2568-1057,2568,2025-08-18,2025-08-24,100.0,99.0,0,25,28,36,77.77777777777777,88.95714285714284,13,16,81.25,86.70769230769231,green
2568-1058,2568,2025-08-18,2025-08-24,50.0,96.0,0,0,14,18,77.77777777777777,86.91428571428573,7,8,87.5,80.8,yellow
2568-1059,2568,2025-08-18,2025-08-24,100.0,96.66666666666667,0,6,19,27,70.37037037037037,85.79473684210527,7,12,58.333333333333336,88.87142857142858,green
2568-1060,2568,2025-08-18,2025-08-24,100.0,59.375,0,1,6,18,33.333333333333336,64.46666666666667,4,8,50.0,64.625,green
2568-1061,2568,2025-08-18,2025-08-24,100.0,72.0,0,2,13,36,36.111111111111114,72.23076923076923,9,16,56.25,75.37777777777778,green
2568-1062,2568,2025-08-18,2025-08-24,100.0,72.91666666666667,0,1,12,27,44.44444444444444,76.54166666666666,6,12,50.0,70.66666666666667,green
2568-1063,2568,2025-08-18,2025-08-24,75.0,71.875,0,6,17,36,47.22222222222222,77.84705882352941,10,16,62.5,74.06000000000002,green
2568-1064,2568,2025-08-18,2025-08-24,,50.0,0,0,2,18,11.11111111111111,94.35,2,8,25.0,78.1,green
2568-1065,2568,2025-08-18,2025-08-24,,84.61538461538461,0,0,5,18,27.77777777777778,75.5,2,8,25.0,79.19999999999999,green
2568-1066,2568,2025-08-18,2025-08-24,,56.94444444444444,0,0,16,36,44.44444444444444,67.275,6,16,37.5,64.03333333333333,green
2568-1067,2568,2025-08-18,2025-08-24,50.0,39.0625,0,0,10,36,27.77777777777778,61.239999999999995,7,16,43.75,62.88571428571429,yellow
2568-1068,2568,2025-08-18,2025-08-24,100.0,93.33333333333333,0,4,21,27,77.77777777777777,86.11428571428571,9,12,75.0,90.17777777777778,green
2568-1069,2568,2025-08-18,2025-08-24,75.0,87.0,0,3,29,36,80.55555555555556,82.22068965517241,10,16,62.5,75.41000000000001,green
2568-1070,2568,2025-08-18,2025-08-24,100.0,78.66666666666667,0,4,19,27,70.37037037037037,80.07368421052632,8,12,66.66666666666667,78.8,green
2568-1071,2568,2025-08-18,2025-08-24,100.0,86.66666666666667,0,1,18,27,66.66666666666667,87.4388888888889,10,12,83.33333333333333,88.8,green
2568-1072,2568,2025-08-18,2025-08-24,,56.81818181818182,0,2,7,18,38.888888888888886,68.22857142857143,3,8,37.5,66.86666666666666,green
2568-1073,2568,2025-08-18,2025-08-24,75.0,70.0,0,4,17,36,47.22222222222222,82.47058823529412,7,16,43.75,85.8,green
2568-1074,2568,2025-08-18,2025-08-24,50.0,30.0,0,0,8,36,22.22222222222222,61.474999999999994,7,16,43.75,58.07142857142857,yellow
2568-1075,2568,2025-08-18,2025-08-24,,30.0,2,0,1,18,5.555555555555555,55.5,0,8,0.0,,red
2568-1076,2568,2025-08-18,2025-08-24,75.0,79.0,0,6,23,36,63.888888888888886,77.91304347826087,14,16,87.5,79.7,green
2568-1077,2568,2025-08-18,2025-08-24,25.0,68.75,0,0,21,36,58.333333333333336,75.39999999999999,9,16,56.25,76.04444444444445,orange
2568-1078,2568,2025-08-18,2025-08-24,75.0,85.9375,0,13,18,36,50.0,91.73333333333333,7,16,43.75,84.05714285714285,green
2568-1079,2568,2025-08-18,2025-08-24,50.0,83.75,0,0,21,36,58.333333333333336,79.93809523809524,8,16,50.0,87.76249999999999,yellow
2568-1080,2568,2025-08-18,2025-08-24,50.0,75.0,0,0,16,36,44.44444444444444,75.2875,8,16,50.0,72.375,yellow
2568-1081,2568,2025-08-18,2025-08-24,100.0,86.25,0,6,20,36,55.55555555555556,78.525,9,16,56.25,77.44444444444443,green
2568-1082,2568,2025-08-18,2025-08-24,75.0,84.375,0,16,15,36,41.666666666666664,81.91333333333334,10,16,62.5,86.11999999999998,green
2568-1083,2568,2025-08-18,2025-08-24,,44.44444444444444,0,1,4,18,22.22222222222222,64.375,2,8,25.0,68.94999999999999,green
2568-1084,2568,2025-08-18,2025-08-24,100.0,90.0,0,1,29,36,80.55555555555556,81.22758620689655,11,16,68.75,78.27272727272728,green
2568-1085,2568,2025-08-18,2025-08-24,50.0,67.1875,0,0,15,36,41.666666666666664,78.91333333333334,4,16,25.0,80.625,yellow
2568-1086,2568,2025-08-18,2025-08-24,,63.63636363636363,0,1,9,18,50.0,69.57777777777778,2,8,25.0,70.85,green
2568-1087,2568,2025-08-18,2025-08-24,,76.92307692307692,0,1,12,36,33.333333333333336,73.06666666666665,3,16,18.75,87.23333333333333,green
2568-1088,2568,2025-08-18,2025-08-24,75.0,76.25,0,2,18,36,50.0,77.91666666666666,10,16,62.5,73.54,green
2568-1089,2568,2025-08-18,2025-08-24,,38.888888888888886,4,0,0,18,0.0,,0,8,0.0,,red
2568-1090,2568,2025-08-18,2025-08-24,,45.0,0,1,0,36,0.0,,0,16,0.0,,green
2568-1091,2568,2025-08-18,2025-08-24,100.0,97.5,0,1,12,18,66.66666666666667,90.12500000000001,6,8,75.0,90.2,green
2568-1092,2568,2025-08-18,2025-08-24,,80.0,0,0,2,18,11.11111111111111,67.25,1,8,12.5,70.9,green
2568-1093,2568,2025-08-18,2025-08-24,100.0,97.33333333333333,0,7,21,27,77.77777777777777,88.98571428571428,8,12,66.66666666666667,89.7625,green
2568-1094,2568,2025-08-18,2025-08-24,,83.33333333333333,0,1,14,27,51.851851851851855,88.47142857142856,9,12,75.0,79.8111111111111,green
2568-1095,2568,2025-08-18,2025-08-24,50.0,61.0,0,0,19,36,52.77777777777778,63.7157894736842,7,16,43.75,66.45714285714287,yellow
2568-1096,2568,2025-08-18,2025-08-24,100.0,95.0,0,25,27,36,75.0,83.68518518518519,14,16,87.5,88.42857142857143,green
2568-1097,2568,2025-08-18,2025-08-24,100.0,100.0,0,25,12,18,66.66666666666667,89.81666666666668,7,8,87.5,89.21428571428571,green
2568-1098,2568,2025-08-18,2025-08-24,,33.333333333333336,1,0,3,18,16.666666666666668,67.16666666666667,3,8,37.5,67.2,green
2568-1099,2568,2025-08-18,2025-08-24,100.0,90.0,0,10,29,36,80.55555555555556,84.62413793103447,13,16,81.25,85.26923076923077,green
2568-1100,2568,2025-08-18,2025-08-24,,50.0,0,0,3,27,11.11111111111111,70.46666666666665,0,12,0.0,,green
2568-1101,2568,2025-08-18,2025-08-24,100.0,92.0,0,18,10,18,55.55555555555556,83.34,6,8,75.0,78.30000000000001,green
2568-1102,2568,2025-08-18,2025-08-24,100.0,97.33333333333333,0,5,22,27,81.48148148148148,88.82727272727271,11,12,91.66666666666667,86.31818181818181,green
2568-1103,2568,2025-08-18,2025-08-24,,56.25,0,2,3,36,8.333333333333334,75.56666666666666,0,16,0.0,,green
2568-1104,2568,2025-08-18,2025-08-24,50.0,56.0,0,0,20,36,55.55555555555556,65.585,9,16,56.25,66.05555555555556,yellow
2568-1105,2568,2025-08-18,2025-08-24,100.0,76.0,0,2,15,27,55.55555555555556,81.27333333333333,9,12,75.0,74.9,green
2568-1106,2568,2025-08-18,2025-08-24,,75.0,0,0,17,36,47.22222222222222,73.96470588235294,7,16,43.75,66.02857142857142,green
2568-1107,2568,2025-08-18,2025-08-24,,97.22222222222223,0,9,12,36,33.333333333333336,88.35833333333333,4,16,25.0,88.35,green
2568-1108,2568,2025-08-18,2025-08-24,66.66666666666667,70.66666666666667,0,0,17,27,62.96296296296296,75.98823529411766,7,12,58.333333333333336,78.02857142857142,yellow
2568-1109,2568,2025-08-18,2025-08-24,0.0,58.666666666666664,1,0,13,27,48.148148148148145,75.88461538461537,6,12,50.0,69.94999999999999,red
2568-1110,2568,2025-08-18,2025-08-24,100.0,91.66666666666667,0,1,19,27,70.37037037037037,88.04210526315791,7,12,58.333333333333336,82.92857142857143,green
2568-1111,2568,2025-08-18,2025-08-24,50.0,75.0,0,0,18,36,50.0,82.99444444444444,10,16,62.5,77.71000000000001,yellow
2568-1112,2568,2025-08-18,2025-08-24,75.0,78.0,0,8,21,36,58.333333333333336,80.29999999999998,10,16,62.5,71.72,green
2568-1113,2568,2025-08-18,2025-08-24,25.0,50.0,0,0,7,36,19.444444444444443,70.94285714285714,5,16,31.25,72.2,orange
2568-1114,2568,2025-08-18,2025-08-24,100.0,86.25,0,1,22,36,61.111111111111114,80.50909090909092,10,16,62.5,83.0,green
2568-1115,2568,2025-08-18,2025-08-24,,75.0,0,2,8,36,22.22222222222222,80.30000000000001,3,16,18.75,80.60000000000001,green
2568-1116,2568,2025-08-18,2025-08-24,100.0,78.125,0,1,8,18,44.44444444444444,81.0875,5,8,62.5,85.61999999999999,green
2568-1117,2568,2025-08-18,2025-08-24,100.0,83.0,0,2,24,36,66.66666666666667,77.44166666666666,10,16,62.5,75.65,green
2568-1118,2568,2025-08-18,2025-08-24,,60.22727272727273,0,0,17,36,47.22222222222222,72.31176470588235,6,16,37.5,79.51666666666668,green
2568-1119,2568,2025-08-18,2025-08-24,100.0,63.75,0,1,21,36,58.333333333333336,78.1047619047619,7,16,43.75,74.94285714285714,green
2568-1120,2568,2025-08-18,2025-08-24,,86.66666666666667,0,0,6,27,22.22222222222222,85.41666666666667,2,12,16.666666666666668,81.80000000000001,green
2568-1121,2568,2025-08-18,2025-08-24,,68.75,0,1,5,36,13.88888888888889,78.82,0,16,0.0,,green
2568-1122,2568,2025-08-18,2025-08-24,75.0,74.0,0,1,17,36,47.22222222222222,70.41176470588235,10,16,62.5,69.71000000000001,green
2568-1123,2568,2025-08-18,2025-08-24,75.0,57.0,0,1,11,36,30.555555555555557,71.00909090909092,7,16,43.75,66.14285714285714,green
2568-1124,2568,2025-08-18,2025-08-24,75.0,78.0,0,1,21,36,58.333333333333336,72.7904761904762,9,16,56.25,81.72222222222223,green
2568-1125,2568,2025-08-18,2025-08-24,75.0,84.0,0,3,20,36,55.55555555555556,77.215,11,16,68.75,80.80909090909091,green
2568-1126,2568,2025-08-18,2025-08-24,,80.76923076923077,0,3,13,36,36.111111111111114,75.96923076923078,1,16,6.25,81.9,green
2568-1127,2568,2025-08-18,2025-08-24,75.0,75.0,0,6,11,36,30.555555555555557,69.69090909090909,9,16,56.25,70.80000000000001,green
2568-1128,2568,2025-08-18,2025-08-24,50.0,85.0,0,0,14,18,77.77777777777777,77.29285714285713,4,8,50.0,75.325,yellow
2568-1129,2568,2025-08-18,2025-08-24,100.0,98.75,0,20,24,36,66.66666666666667,85.70833333333333,9,16,56.25,86.07777777777777,green
2568-1130,2568,2025-08-18,2025-08-24,66.66666666666667,76.0,0,0,15,27,55.55555555555556,78.05333333333334,7,12,58.333333333333336,81.72857142857143,yellow
2568-1131,2568,2025-08-18,2025-08-24,75.0,76.0,0,6,27,36,75.0,80.43703703703704,11,16,68.75,86.13636363636364,green
2568-1132,2568,2025-08-18,2025-08-24,100.0,98.0,0,25,29,36,80.55555555555556,88.4241379310345,15,16,93.75,85.06,green
2568-1133,2568,2025-08-18,2025-08-24,75.0,93.0,0,25,27,36,75.0,87.05185185185185,11,16,68.75,84.80909090909091,green
2568-1134,2568,2025-08-18,2025-08-24,,78.84615384615384,0,1,15,36,41.666666666666664,83.15333333333334,5,16,31.25,84.35999999999999,green
2568-1135,2568,2025-08-18,2025-08-24,,83.33333333333333,0,5,9,36,25.0,76.54444444444444,3,16,18.75,77.2,green
2568-1136,2568,2025-08-18,2025-08-24,100.0,100.0,0,16,14,27,51.851851851851855,87.44285714285714,8,12,66.66666666666667,84.8375,green
2568-1137,2568,2025-08-18,2025-08-24,100.0,94.0,0,16,25,36,69.44444444444444,86.288,14,16,87.5,85.82857142857142,green
2568-1138,2568,2025-08-18,2025-08-24,50.0,75.0,0,0,25,36,69.44444444444444,77.9,9,16,56.25,81.72222222222223,yellow
2568-1139,2568,2025-08-18,2025-08-24,25.0,68.0,0,0,21,36,58.333333333333336,68.58095238095238,10,16,62.5,71.01,orange
2568-1140,2568,2025-08-18,2025-08-24,100.0,82.66666666666667,0,4,20,27,74.07407407407408,83.10499999999999,9,12,75.0,87.60000000000001,green
2568-1141,2568,2025-08-18,2025-08-24,100.0,81.33333333333333,0,4,18,27,66.66666666666667,82.5,10,12,83.33333333333333,80.46,green
2568-1142,2568,2025-08-18,2025-08-24,50.0,69.0,0,0,19,36,52.77777777777778,80.41578947368421,6,16,37.5,71.78333333333333,yellow
2568-1143,2568,2025-08-18,2025-08-24,66.66666666666667,92.0,0,0,20,27,74.07407407407408,80.94000000000001,9,12,75.0,82.55555555555556,yellow
2568-1144,2568,2025-08-18,2025-08-24,,55.55555555555556,0,1,4,18,22.22222222222222,75.625,2,8,25.0,57.55,green
2568-1145,2568,2025-08-18,2025-08-24,75.0,80.0,0,1,27,36,75.0,83.37037037037035,13,16,81.25,84.65384615384616,green
2568-1146,2568,2025-08-18,2025-08-24,33.333333333333336,58.666666666666664,0,0,13,27,48.148148148148145,65.13076923076923,6,12,50.0,61.833333333333336,orange
2568-1147,2568,2025-08-18,2025-08-24,,38.888888888888886,0,0,5,36,13.88888888888889,72.06000000000002,2,16,12.5,58.25,green
2568-1148,2568,2025-08-18,2025-08-24,100.0,86.66666666666667,0,4,19,27,70.37037037037037,82.64736842105263,9,12,75.0,76.72222222222223,green
2568-1149,2568,2025-08-18,2025-08-24,,59.25925925925926,0,0,8,27,29.62962962962963,76.5125,1,12,8.333333333333334,96.6,green
2568-1150,2568,2025-08-18,2025-08-24,66.66666666666667,73.33333333333333,0,0,18,27,66.66666666666667,73.36666666666666,10,12,83.33333333333333,75.55,yellow
2568-1151,2568,2025-08-18,2025-08-24,100.0,76.0,0,1,17,27,62.96296296296296,81.17647058823529,8,12,66.66666666666667,82.35000000000001,green
2568-1152,2568,2025-08-18,2025-08-24,75.0,79.0,0,6,24,36,66.66666666666667,82.75,13,16,81.25,76.2923076923077,green
2568-1153,2568,2025-08-18,2025-08-24,,79.41176470588235,0,6,18,36,50.0,81.32222222222222,8,16,50.0,84.5625,green
2568-1154,2568,2025-08-18,2025-08-24,,62.5,1,0,4,18,22.22222222222222,82.5,2,8,25.0,89.55,green
2568-1155,2568,2025-08-18,2025-08-24,,28.205128205128204,0,0,4,27,14.814814814814815,66.92500000000001,1,12,8.333333333333334,63.8,green
2568-1156,2568,2025-08-18,2025-08-24,75.0,63.0,0,1,19,36,52.77777777777778,71.18947368421053,11,16,68.75,68.1,green
2568-1157,2568,2025-08-18,2025-08-24,100.0,87.0,0,14,21,36,58.333333333333336,72.55238095238094,13,16,81.25,72.5,green
2568-1158,2568,2025-08-18,2025-08-24,100.0,82.0,0,4,28,36,77.77777777777777,86.92142857142858,13,16,81.25,85.9,green
2568-1159,2568,2025-08-18,2025-08-24,100.0,100.0,0,20,20,27,74.07407407407408,89.55000000000001,9,12,75.0,86.9,green
2568-1160,2568,2025-08-18,2025-08-24,100.0,83.75,0,3,18,36,50.0,88.25555555555556,8,16,50.0,84.7875,green
2568-1001,2568,2025-08-25,2025-08-31,,52.77777777777778,0,2,6,36,16.666666666666668,60.18333333333333,3,16,18.75,73.96666666666665,green
2568-1002,2568,2025-08-25,2025-08-31,,68.18181818181819,0,3,17,36,47.22222222222222,81.82352941176471,9,16,56.25,64.41111111111111,green
2568-1003,2568,2025-08-25,2025-08-31,25.0,56.73076923076923,0,0,13,36,36.111111111111114,61.03076923076923,6,16,37.5,67.03333333333333,orange
2568-1004,2568,2025-08-25,2025-08-31,50.0,68.26923076923077,0,0,18,36,50.0,72.18333333333334,11,16,68.75,75.84545454545456,yellow
2568-1005,2568,2025-08-25,2025-08-31,50.0,63.46153846153846,0,0,15,36,41.666666666666664,71.34666666666666,9,16,56.25,72.05555555555556,yellow
2568-1006,2568,2025-08-25,2025-08-31,,66.66666666666667,0,0,14,27,51.851851851851855,82.66428571428571,5,12,41.666666666666664,83.64,green
2568-1007,2568,2025-08-25,2025-08-31,,64.70588235294117,0,1,16,36,44.44444444444444,76.5875,5,16,31.25,76.04,green
2568-1008,2568,2025-08-25,2025-08-31,75.0,59.523809523809526,0,1,11,36,30.555555555555557,72.47272727272727,6,16,37.5,77.81666666666668,green
2568-1009,2568,2025-08-25,2025-08-31,100.0,100.0,0,13,12,36,33.333333333333336,87.13333333333333,6,16,37.5,81.21666666666667,green
2568-1010,2568,2025-08-25,2025-08-31,100.0,79.76190476190476,0,1,24,36,66.66666666666667,75.4375,10,16,62.5,80.60000000000001,green
2568-1011,2568,2025-08-25,2025-08-31,100.0,98.07692307692308,0,13,15,36,41.666666666666664,83.63999999999997,7,16,43.75,84.37142857142855,green
2568-1012,2568,2025-08-25,2025-08-31,100.0,94.23076923076923,0,1,14,18,77.77777777777777,83.83571428571427,5,8,62.5,86.05999999999999,green
2568-1013,2568,2025-08-25,2025-08-31,75.0,73.80952380952381,0,5,19,36,52.77777777777778,78.08947368421052,10,16,62.5,74.81,green
2568-1014,2568,2025-08-25,2025-08-31,75.0,69.23076923076923,0,1,15,36,41.666666666666664,77.27333333333333,9,16,56.25,79.63333333333334,green
2568-1015,2568,2025-08-25,2025-08-31,,40.0,0,0,2,18,11.11111111111111,72.4,0,8,0.0,,green
2568-1016,2568,2025-08-25,2025-08-31,,85.22727272727273,0,0,24,36,66.66666666666667,93.24166666666667,7,16,43.75,84.2,green
2568-1017,2568,2025-08-25,2025-08-31,75.0,71.15384615384616,0,4,22,36,61.111111111111114,80.26818181818182,10,16,62.5,78.2,green
2568-1018,2568,2025-08-25,2025-08-31,33.333333333333336,63.492063492063494,0,0,12,27,44.44444444444444,72.78333333333332,8,12,66.66666666666667,73.0875,orange
2568-1019,2568,2025-08-25,2025-08-31,,78.84615384615384,0,6,15,36,41.666666666666664,81.52666666666666,7,16,43.75,82.02857142857144,green
2568-1020,2568,2025-08-25,2025-08-31,100.0,66.66666666666667,0,1,20,36,55.55555555555556,82.02499999999999,7,16,43.75,71.91428571428571,green
2568-1021,2568,2025-08-25,2025-08-31,75.0,87.5,0,7,27,36,75.0,78.63703703703703,14,16,87.5,81.65714285714286,green
2568-1022,2568,2025-08-25,2025-08-31,66.66666666666667,58.97435897435897,0,0,16,27,59.25925925925926,74.48750000000001,6,12,50.0,85.55,yellow
2568-1023,2568,2025-08-25,2025-08-31,,53.84615384615385,0,1,7,18,38.888888888888886,80.35714285714285,1,8,12.5,56.0,green
2568-1024,2568,2025-08-25,2025-08-31,,76.47058823529412,0,2,8,18,44.44444444444444,68.775,3,8,37.5,83.63333333333333,green
2568-1025,2568,2025-08-25,2025-08-31,50.0,71.15384615384616,0,0,3,18,16.666666666666668,75.56666666666666,5,8,62.5,77.14000000000001,yellow
2568-1026,2568,2025-08-25,2025-08-31,75.0,68.26923076923077,0,1,22,36,61.111111111111114,69.61363636363636,12,16,75.0,72.81666666666666,green
2568-1027,2568,2025-08-25,2025-08-31,75.0,84.61538461538461,0,4,28,36,77.77777777777777,82.1857142857143,16,16,100.0,75.69375,green
2568-1028,2568,2025-08-25,2025-08-31,,87.5,0,2,23,36,63.888888888888886,82.41304347826087,10,16,62.5,84.13999999999999,green
2568-1029,2568,2025-08-25,2025-08-31,,95.83333333333333,0,18,19,36,52.77777777777778,88.67894736842105,9,16,56.25,88.83333333333334,green
2568-1030,2568,2025-08-25,2025-08-31,100.0,92.3076923076923,0,26,23,36,63.888888888888886,81.0304347826087,11,16,68.75,80.16363636363637,green
2568-1031,2568,2025-08-25,2025-08-31,75.0,57.69230769230769,0,1,17,36,47.22222222222222,69.8941176470588,8,16,50.0,73.8125,green
2568-1032,2568,2025-08-25,2025-08-31,100.0,97.11538461538461,0,26,30,36,83.33333333333333,87.19666666666666,13,16,81.25,91.1153846153846,green
2568-1033,2568,2025-08-25,2025-08-31,50.0,65.38461538461539,0,0,11,18,61.111111111111114,70.1,6,8,75.0,78.25,yellow
2568-1034,2568,2025-08-25,2025-08-31,66.66666666666667,85.71428571428571,0,0,15,27,55.55555555555556,75.93333333333334,6,12,50.0,66.78333333333335,yellow
2568-1035,2568,2025-08-25,2025-08-31,50.0,76.19047619047619,0,0,10,18,55.55555555555556,70.6,5,8,62.5,73.66,yellow
2568-1036,2568,2025-08-25,2025-08-31,100.0,75.96153846153847,0,8,24,36,66.66666666666667,77.33749999999999,12,16,75.0,79.68333333333332,green
2568-1037,2568,2025-08-25,2025-08-31,100.0,94.87179487179488,0,1,22,27,81.48148148148148,92.0,12,12,100.0,86.46666666666668,green
2568-1038,2568,2025-08-25,2025-08-31,,53.7037037037037,0,1,7,27,25.925925925925927,78.54285714285716,4,12,33.333333333333336,81.9,green
2568-1039,2568,2025-08-25,2025-08-31,0.0,70.58823529411765,1,0,11,27,40.74074074074074,73.82727272727273,5,12,41.666666666666664,80.16,red
2568-1040,2568,2025-08-25,2025-08-31,66.66666666666667,61.53846153846154,0,0,13,27,48.148148148148145,74.02307692307691,7,12,58.333333333333336,75.34285714285714,yellow
2568-1041,2568,2025-08-25,2025-08-31,50.0,59.61538461538461,0,0,22,36,61.111111111111114,70.97272727272728,9,16,56.25,75.47777777777777,yellow
2568-1042,2568,2025-08-25,2025-08-31,100.0,82.14285714285714,0,7,20,36,55.55555555555556,84.78,12,16,75.0,78.775,green
2568-1043,2568,2025-08-25,2025-08-31,75.0,62.5,0,1,15,36,41.666666666666664,69.72,11,16,68.75,70.11818181818181,green
2568-1044,2568,2025-08-25,2025-08-31,,46.15384615384615,0,1,2,18,11.11111111111111,73.05,2,8,25.0,51.25,green
2568-1045,2568,2025-08-25,2025-08-31,100.0,96.15384615384616,0,2,28,36,77.77777777777777,85.12857142857142,12,16,75.0,87.875,green
2568-1046,2568,2025-08-25,2025-08-31,,94.23076923076923,0,13,15,36,41.666666666666664,85.71333333333334,7,16,43.75,83.05714285714285,green
2568-1047,2568,2025-08-25,2025-08-31,25.0,72.11538461538461,0,0,21,36,58.333333333333336,73.1952380952381,11,16,68.75,72.61818181818181,orange
2568-1048,2568,2025-08-25,2025-08-31,,98.48484848484848,0,10,18,27,66.66666666666667,85.16666666666667,8,12,66.66666666666667,91.65,green
2568-1049,2568,2025-08-25,2025-08-31,66.66666666666667,65.38461538461539,0,0,16,27,59.25925925925926,75.3625,6,12,50.0,77.35000000000001,yellow
2568-1050,2568,2025-08-25,2025-08-31,100.0,80.76923076923077,0,3,21,36,58.333333333333336,80.79999999999998,13,16,81.25,86.38461538461539,green
2568-1051,2568,2025-08-25,2025-08-31,0.0,44.23076923076923,1,0,5,18,27.77777777777778,68.66,3,8,37.5,61.366666666666674,red
2568-1052,2568,2025-08-25,2025-08-31,100.0,91.34615384615384,0,24,26,36,72.22222222222223,88.75769230769228,12,16,75.0,86.19166666666666,green
2568-1053,2568,2025-08-25,2025-08-31,,72.22222222222223,0,0,9,18,50.0,75.4111111111111,5,8,62.5,73.82,green
2568-1054,2568,2025-08-25,2025-08-31,100.0,100.0,0,21,18,27,66.66666666666667,87.90555555555554,9,12,75.0,85.23333333333333,green
2568-1055,2568,2025-08-25,2025-08-31,,68.05555555555556,0,1,17,36,47.22222222222222,76.81176470588234,8,16,50.0,81.75,green
2568-1056,2568,2025-08-25,2025-08-31,50.0,64.42307692307692,0,0,20,36,55.55555555555556,73.74999999999999,8,16,50.0,69.9,yellow
2568-1057,2568,2025-08-25,2025-08-31,100.0,99.03846153846153,0,26,28,36,77.77777777777777,88.95714285714284,13,16,81.25,86.70769230769231,green
2568-1058,2568,2025-08-25,2025-08-31,100.0,96.15384615384616,0,1,14,18,77.77777777777777,86.91428571428573,7,8,87.5,80.8,green
2568-1059,2568,2025-08-25,2025-08-31,100.0,96.82539682539682,0,7,19,27,70.37037037037037,85.79473684210527,7,12,58.333333333333336,88.87142857142858,green
2568-1060,2568,2025-08-25,2025-08-31,100.0,61.76470588235294,0,2,6,18,33.333333333333336,64.46666666666667,4,8,50.0,64.625,green
2568-1061,2568,2025-08-25,2025-08-31,75.0,72.11538461538461,0,3,13,36,36.111111111111114,72.23076923076923,9,16,56.25,75.37777777777778,green
2568-1062,2568,2025-08-25,2025-08-31,66.66666666666667,72.54901960784314,0,0,12,27,44.44444444444444,76.54166666666666,6,12,50.0,70.66666666666667,yellow
2568-1063,2568,2025-08-25,2025-08-31,75.0,72.05882352941177,0,7,17,36,47.22222222222222,77.84705882352941,10,16,62.5,74.06000000000002,green
2568-1064,2568,2025-08-25,2025-08-31,,50.0,0,0,2,18,11.11111111111111,94.35,2,8,25.0,78.1,green
2568-1065,2568,2025-08-25,2025-08-31,,84.61538461538461,0,0,5,18,27.77777777777778,75.5,2,8,25.0,79.19999999999999,green
2568-1066,2568,2025-08-25,2025-08-31,,56.94444444444444,0,0,16,36,44.44444444444444,67.275,6,16,37.5,64.03333333333333,green
2568-1067,2568,2025-08-25,2025-08-31,25.0,38.23529411764706,0,0,10,36,27.77777777777778,61.239999999999995,7,16,43.75,62.88571428571429,orange
2568-1068,2568,2025-08-25,2025-08-31,66.66666666666667,92.3076923076923,0,0,21,27,77.77777777777777,86.11428571428571,9,12,75.0,90.17777777777778,yellow
2568-1069,2568,2025-08-25,2025-08-31,100.0,87.5,0,4,29,36,80.55555555555556,82.22068965517241,10,16,62.5,75.41000000000001,green
2568-1070,2568,2025-08-25,2025-08-31,100.0,79.48717948717949,0,5,19,27,70.37037037037037,80.07368421052632,8,12,66.66666666666667,78.8,green
2568-1071,2568,2025-08-25,2025-08-31,66.66666666666667,85.8974358974359,0,0,18,27,66.66666666666667,87.4388888888889,10,12,83.33333333333333,88.8,yellow
2568-1072,2568,2025-08-25,2025-08-31,,56.81818181818182,0,2,7,18,38.888888888888886,68.22857142857143,3,8,37.5,66.86666666666666,green
2568-1073,2568,2025-08-25,2025-08-31,50.0,69.04761904761905,0,0,17,36,47.22222222222222,82.47058823529412,7,16,43.75,85.8,yellow
2568-1074,2568,2025-08-25,2025-08-31,25.0,29.807692307692307,0,0,8,36,22.22222222222222,61.474999999999994,7,16,43.75,58.07142857142857,orange
2568-1075,2568,2025-08-25,2025-08-31,,30.0,2,0,1,18,5.555555555555555,55.5,0,8,0.0,,red
2568-1076,2568,2025-08-25,2025-08-31,50.0,77.88461538461539,0,0,23,36,63.888888888888886,77.91304347826087,14,16,87.5,79.7,yellow
2568-1077,2568,2025-08-25,2025-08-31,100.0,70.23809523809524,0,1,21,36,58.333333333333336,75.39999999999999,9,16,56.25,76.04444444444445,green
2568-1078,2568,2025-08-25,2025-08-31,75.0,85.29411764705883,0,14,18,36,50.0,91.73333333333333,7,16,43.75,84.05714285714285,green
2568-1079,2568,2025-08-25,2025-08-31,100.0,84.52380952380952,0,1,21,36,58.333333333333336,79.93809523809524,8,16,50.0,87.76249999999999,green
2568-1080,2568,2025-08-25,2025-08-31,50.0,73.80952380952381,0,0,16,36,44.44444444444444,75.2875,8,16,50.0,72.375,yellow
2568-1081,2568,2025-08-25,2025-08-31,100.0,86.9047619047619,0,7,20,36,55.55555555555556,78.525,9,16,56.25,77.44444444444443,green
2568-1082,2568,2025-08-25,2025-08-31,75.0,83.82352941176471,0,17,15,36,41.666666666666664,81.91333333333334,10,16,62.5,86.11999999999998,green
2568-1083,2568,2025-08-25,2025-08-31,,44.44444444444444,0,1,4,18,22.22222222222222,64.375,2,8,25.0,68.94999999999999,green
2568-1084,2568,2025-08-25,2025-08-31,100.0,90.38461538461539,0,2,29,36,80.55555555555556,81.22758620689655,11,16,68.75,78.27272727272728,green
2568-1085,2568,2025-08-25,2025-08-31,75.0,67.6470588235294,0,1,15,36,41.666666666666664,78.91333333333334,4,16,25.0,80.625,green
2568-1086,2568,2025-08-25,2025-08-31,,63.63636363636363,0,1,9,18,50.0,69.57777777777778,2,8,25.0,70.85,green
2568-1087,2568,2025-08-25,2025-08-31,,76.92307692307692,0,1,12,36,33.333333333333336,73.06666666666665,3,16,18.75,87.23333333333333,green
2568-1088,2568,2025-08-25,2025-08-31,75.0,76.19047619047619,0,3,18,36,50.0,77.91666666666666,10,16,62.5,73.54,green
2568-1089,2568,2025-08-25,2025-08-31,,38.888888888888886,4,0,0,18,0.0,,0,8,0.0,,red
2568-1090,2568,2025-08-25,2025-08-31,,45.0,0,1,0,36,0.0,,0,16,0.0,,green
2568-1091,2568,2025-08-25,2025-08-31,100.0,97.61904761904762,0,2,12,18,66.66666666666667,90.12500000000001,6,8,75.0,90.2,green
2568-1092,2568,2025-08-25,2025-08-31,,80.0,0,0,2,18,11.11111111111111,67.25,1,8,12.5,70.9,green
2568-1093,2568,2025-08-25,2025-08-31,100.0,97.43589743589743,0,8,21,27,77.77777777777777,88.98571428571428,8,12,66.66666666666667,89.7625,green
2568-1094,2568,2025-08-25,2025-08-31,,83.33333333333333,0,1,14,27,51.851851851851855,88.47142857142856,9,12,75.0,79.8111111111111,green
2568-1095,2568,2025-08-25,2025-08-31,100.0,62.5,0,1,19,36,52.77777777777778,63.7157894736842,7,16,43.75,66.45714285714287,green
2568-1096,2568,2025-08-25,2025-08-31,75.0,94.23076923076923,0,26,27,36,75.0,83.68518518518519,14,16,87.5,88.42857142857143,green
2568-1097,2568,2025-08-25,2025-08-31,100.0,100.0,0,26,12,18,66.66666666666667,89.81666666666668,7,8,87.5,89.21428571428571,green
2568-1098,2568,2025-08-25,2025-08-31,,33.333333333333336,1,0,3,18,16.666666666666668,67.16666666666667,3,8,37.5,67.2,green
2568-1099,2568,2025-08-25,2025-08-31,100.0,90.38461538461539,0,11,29,36,80.55555555555556,84.62413793103447,13,16,81.25,85.26923076923077,green
2568-1100,2568,2025-08-25,2025-08-31,,50.0,0,0,3,27,11.11111111111111,70.46666666666665,0,12,0.0,,green
2568-1101,2568,2025-08-25,2025-08-31,100.0,92.3076923076923,0,19,10,18,55.55555555555556,83.34,6,8,75.0,78.30000000000001,green
2568-1102,2568,2025-08-25,2025-08-31,100.0,97.43589743589743,0,6,22,27,81.48148148148148,88.82727272727271,11,12,91.66666666666667,86.31818181818181,green
2568-1103,2568,2025-08-25,2025-08-31,,56.25,0,2,3,36,8.333333333333334,75.56666666666666,0,16,0.0,,green
2568-1104,2568,2025-08-25,2025-08-31,50.0,55.76923076923077,0,0,20,36,55.55555555555556,65.585,9,16,56.25,66.05555555555556,yellow
2568-1105,2568,2025-08-25,2025-08-31,100.0,76.92307692307692,0,3,15,27,55.55555555555556,81.27333333333333,9,12,75.0,74.9,green
2568-1106,2568,2025-08-25,2025-08-31,,75.0,0,0,17,36,47.22222222222222,73.96470588235294,7,16,43.75,66.02857142857142,green
2568-1107,2568,2025-08-25,2025-08-31,,97.22222222222223,0,9,12,36,33.333333333333336,88.35833333333333,4,16,25.0,88.35,green
2568-1108,2568,2025-08-25,2025-08-31,66.66666666666667,70.51282051282051,0,0,17,27,62.96296296296296,75.98823529411766,7,12,58.333333333333336,78.02857142857142,yellow
2568-1109,2568,2025-08-25,2025-08-31,33.333333333333336,57.69230769230769,0,0,13,27,48.148148148148145,75.88461538461537,6,12,50.0,69.94999999999999,orange
2568-1110,2568,2025-08-25,2025-08-31,100.0,92.06349206349206,0,2,19,27,70.37037037037037,88.04210526315791,7,12,58.333333333333336,82.92857142857143,green
2568-1111,2568,2025-08-25,2025-08-31,75.0,75.0,0,1,18,36,50.0,82.99444444444444,10,16,62.5,77.71000000000001,green
2568-1112,2568,2025-08-25,2025-08-31,75.0,77.88461538461539,0,9,21,36,58.333333333333336,80.29999999999998,10,16,62.5,71.72,green
2568-1113,2568,2025-08-25,2025-08-31,100.0,53.84615384615385,0,1,7,36,19.444444444444443,70.94285714285714,5,16,31.25,72.2,green
2568-1114,2568,2025-08-25,2025-08-31,75.0,85.71428571428571,0,2,22,36,61.111111111111114,80.50909090909092,10,16,62.5,83.0,green
2568-1115,2568,2025-08-25,2025-08-31,,75.0,0,2,8,36,22.22222222222222,80.30000000000001,3,16,18.75,80.60000000000001,green
2568-1116,2568,2025-08-25,2025-08-31,100.0,79.41176470588235,0,2,8,18,44.44444444444444,81.0875,5,8,62.5,85.61999999999999,green
2568-1117,2568,2025-08-25,2025-08-31,75.0,82.6923076923077,0,3,24,36,66.66666666666667,77.44166666666666,10,16,62.5,75.65,green
2568-1118,2568,2025-08-25,2025-08-31,,60.22727272727273,0,0,17,36,47.22222222222222,72.31176470588235,6,16,37.5,79.51666666666668,green
2568-1119,2568,2025-08-25,2025-08-31,25.0,61.904761904761905,0,0,21,36,58.333333333333336,78.1047619047619,7,16,43.75,74.94285714285714,orange
2568-1120,2568,2025-08-25,2025-08-31,,86.66666666666667,0,0,6,27,22.22222222222222,85.41666666666667,2,12,16.666666666666668,81.80000000000001,green
2568-1121,2568,2025-08-25,2025-08-31,,68.75,0,1,5,36,13.88888888888889,78.82,0,16,0.0,,green
2568-1122,2568,2025-08-25,2025-08-31,100.0,75.0,0,2,17,36,47.22222222222222,70.41176470588235,10,16,62.5,69.71000000000001,green
2568-1123,2568,2025-08-25,2025-08-31,50.0,56.73076923076923,0,0,11,36,30.555555555555557,71.00909090909092,7,16,43.75,66.14285714285714,yellow
2568-1124,2568,2025-08-25,2025-08-31,75.0,77.88461538461539,0,2,21,36,58.333333333333336,72.7904761904762,9,16,56.25,81.72222222222223,green
2568-1125,2568,2025-08-25,2025-08-31,50.0,82.6923076923077,0,0,20,36,55.55555555555556,77.215,11,16,68.75,80.80909090909091,yellow
2568-1126,2568,2025-08-25,2025-08-31,,80.76923076923077,0,3,13,36,36.111111111111114,75.96923076923078,1,16,6.25,81.9,green
2568-1127,2568,2025-08-25,2025-08-31,75.0,75.0,0,7,11,36,30.555555555555557,69.69090909090909,9,16,56.25,70.80000000000001,green
2568-1128,2568,2025-08-25,2025-08-31,100.0,85.71428571428571,0,1,14,18,77.77777777777777,77.29285714285713,4,8,50.0,75.325,green
2568-1129,2568,2025-08-25,2025-08-31,100.0,98.80952380952381,0,21,24,36,66.66666666666667,85.70833333333333,9,16,56.25,86.07777777777777,green
2568-1130,2568,2025-08-25,2025-08-31,33.333333333333336,74.35897435897436,0,0,15,27,55.55555555555556,78.05333333333334,7,12,58.333333333333336,81.72857142857143,orange
2568-1131,2568,2025-08-25,2025-08-31,100.0,76.92307692307692,0,7,27,36,75.0,80.43703703703704,11,16,68.75,86.13636363636364,green
2568-1132,2568,2025-08-25,2025-08-31,75.0,97.11538461538461,0,26,29,36,80.55555555555556,88.4241379310345,15,16,93.75,85.06,green
2568-1133,2568,2025-08-25,2025-08-31,100.0,93.26923076923077,0,26,27,36,75.0,87.05185185185185,11,16,68.75,84.80909090909091,green
2568-1134,2568,2025-08-25,2025-08-31,,78.84615384615384,0,1,15,36,41.666666666666664,83.15333333333334,5,16,31.25,84.35999999999999,green
2568-1135,2568,2025-08-25,2025-08-31,,83.33333333333333,0,5,9,36,25.0,76.54444444444444,3,16,18.75,77.2,green
2568-1136,2568,2025-08-25,2025-08-31,100.0,100.0,0,17,14,27,51.851851851851855,87.44285714285714,8,12,66.66666666666667,84.8375,green
2568-1137,2568,2025-08-25,2025-08-31,75.0,93.26923076923077,0,17,25,36,69.44444444444444,86.288,14,16,87.5,85.82857142857142,green
2568-1138,2568,2025-08-25,2025-08-31,50.0,73.80952380952381,0,0,25,36,69.44444444444444,77.9,9,16,56.25,81.72222222222223,yellow
2568-1139,2568,2025-08-25,2025-08-31,75.0,68.26923076923077,0,1,21,36,58.333333333333336,68.58095238095238,10,16,62.5,71.01,green
2568-1140,2568,2025-08-25,2025-08-31,33.333333333333336,80.76923076923077,0,0,20,27,74.07407407407408,83.10499999999999,9,12,75.0,87.60000000000001,orange
2568-1141,2568,2025-08-25,2025-08-31,66.66666666666667,80.76923076923077,0,0,18,27,66.66666666666667,82.5,10,12,83.33333333333333,80.46,yellow
2568-1142,2568,2025-08-25,2025-08-31,50.0,68.26923076923077,0,0,19,36,52.77777777777778,80.41578947368421,6,16,37.5,71.78333333333333,yellow
2568-1143,2568,2025-08-25,2025-08-31,100.0,92.3076923076923,0,1,20,27,74.07407407407408,80.94000000000001,9,12,75.0,82.55555555555556,green
2568-1144,2568,2025-08-25,2025-08-31,,55.55555555555556,0,1,4,18,22.22222222222222,75.625,2,8,25.0,57.55,green
2568-1145,2568,2025-08-25,2025-08-31,100.0,80.76923076923077,0,2,27,36,75.0,83.37037037037035,13,16,81.25,84.65384615384616,green
2568-1146,2568,2025-08-25,2025-08-31,66.66666666666667,58.97435897435897,0,0,13,27,48.148148148148145,65.13076923076923,6,12,50.0,61.833333333333336,yellow
2568-1147,2568,2025-08-25,2025-08-31,,38.888888888888886,0,0,5,36,13.88888888888889,72.06000000000002,2,16,12.5,58.25,green
2568-1148,2568,2025-08-25,2025-08-31,66.66666666666667,85.8974358974359,0,0,19,27,70.37037037037037,82.64736842105263,9,12,75.0,76.72222222222223,yellow
2568-1149,2568,2025-08-25,2025-08-31,,59.25925925925926,0,0,8,27,29.62962962962963,76.5125,1,12,8.333333333333334,96.6,green
2568-1150,2568,2025-08-25,2025-08-31,100.0,74.35897435897436,0,1,18,27,66.66666666666667,73.36666666666666,10,12,83.33333333333333,75.55,green
2568-1151,2568,2025-08-25,2025-08-31,100.0,76.92307692307692,0,2,17,27,62.96296296296296,81.17647058823529,8,12,66.66666666666667,82.35000000000001,green
2568-1152,2568,2025-08-25,2025-08-31,75.0,78.84615384615384,0,7,24,36,66.66666666666667,82.75,13,16,81.25,76.2923076923077,green
2568-1153,2568,2025-08-25,2025-08-31,,79.41176470588235,0,6,18,36,50.0,81.32222222222222,8,16,50.0,84.5625,green
2568-1154,2568,2025-08-25,2025-08-31,,62.5,1,0,4,18,22.22222222222222,82.5,2,8,25.0,89.55,green
2568-1155,2568,2025-08-25,2025-08-31,,28.205128205128204,0,0,4,27,14.814814814814815,66.92500000000001,1,12,8.333333333333334,63.8,green
2568-1156,2568,2025-08-25,2025-08-31,25.0,61.53846153846154,0,0,19,36,52.77777777777778,71.18947368421053,11,16,68.75,68.1,orange
2568-1157,2568,2025-08-25,2025-08-31,100.0,87.5,0,15,21,36,58.333333333333336,72.55238095238094,13,16,81.25,72.5,green
2568-1158,2568,2025-08-25,2025-08-31,100.0,82.6923076923077,0,5,28,36,77.77777777777777,86.92142857142858,13,16,81.25,85.9,green
2568-1159,2568,2025-08-25,2025-08-31,100.0,100.0,0,21,20,27,74.07407407407408,89.55000000000001,9,12,75.0,86.9,green
2568-1160,2568,2025-08-25,2025-08-31,100.0,84.52380952380952,0,4,18,36,50.0,88.25555555555556,8,16,50.0,84.7875,green
2568-1001,2568,2025-09-01,2025-09-07,,52.77777777777778,0,2,6,36,16.666666666666668,60.18333333333333,3,16,18.75,73.96666666666665,green
2568-1002,2568,2025-09-01,2025-09-07,,68.18181818181819,0,3,17,36,47.22222222222222,81.82352941176471,9,16,56.25,64.41111111111111,green
2568-1003,2568,2025-09-01,2025-09-07,50.0,56.48148148148148,0,0,13,36,36.111111111111114,61.03076923076923,6,16,37.5,67.03333333333333,yellow
2568-1004,2568,2025-09-01,2025-09-07,50.0,67.5925925925926,0,0,18,36,50.0,72.18333333333334,11,16,68.75,75.84545454545456,yellow
2568-1005,2568,2025-09-01,2025-09-07,50.0,62.96296296296296,0,0,15,36,41.666666666666664,71.34666666666666,9,16,56.25,72.05555555555556,yellow
2568-1006,2568,2025-09-01,2025-09-07,,66.66666666666667,0,0,14,27,51.851851851851855,82.66428571428571,5,12,41.666666666666664,83.64,green
2568-1007,2568,2025-09-01,2025-09-07,,64.70588235294117,0,1,16,36,44.44444444444444,76.5875,5,16,31.25,76.04,green
2568-1008,2568,2025-09-01,2025-09-07,75.0,60.22727272727273,0,2,11,36,30.555555555555557,72.47272727272727,6,16,37.5,77.81666666666668,green
2568-1009,2568,2025-09-01,2025-09-07,100.0,100.0,0,14,12,36,33.333333333333336,87.13333333333333,6,16,37.5,81.21666666666667,green
2568-1010,2568,2025-09-01,2025-09-07,75.0,79.54545454545455,0,2,24,36,66.66666666666667,75.4375,10,16,62.5,80.60000000000001,green
2568-1011,2568,2025-09-01,2025-09-07,100.0,98.21428571428571,0,14,15,36,41.666666666666664,83.63999999999997,7,16,43.75,84.37142857142855,green
2568-1012,2568,2025-09-01,2025-09-07,100.0,94.44444444444444,0,2,14,18,77.77777777777777,83.83571428571427,5,8,62.5,86.05999999999999,green
2568-1013,2568,2025-09-01,2025-09-07,25.0,71.5909090909091,0,0,19,36,52.77777777777778,78.08947368421052,10,16,62.5,74.81,orange
2568-1014,2568,2025-09-01,2025-09-07,75.0,69.44444444444444,0,2,15,36,41.666666666666664,77.27333333333333,9,16,56.25,79.63333333333334,green
2568-1015,2568,2025-09-01,2025-09-07,,40.0,0,0,2,18,11.11111111111111,72.4,0,8,0.0,,green
2568-1016,2568,2025-09-01,2025-09-07,,85.22727272727273,0,0,24,36,66.66666666666667,93.24166666666667,7,16,43.75,84.2,green
2568-1017,2568,2025-09-01,2025-09-07,100.0,72.22222222222223,0,5,22,36,61.111111111111114,80.26818181818182,10,16,62.5,78.2,green
2568-1018,2568,2025-09-01,2025-09-07,100.0,65.15151515151516,0,1,12,27,44.44444444444444,72.78333333333332,8,12,66.66666666666667,73.0875,green
2568-1019,2568,2025-09-01,2025-09-07,,78.84615384615384,0,6,15,36,41.666666666666664,81.52666666666666,7,16,43.75,82.02857142857144,green
2568-1020,2568,2025-09-01,2025-09-07,50.0,65.9090909090909,0,0,20,36,55.55555555555556,82.02499999999999,7,16,43.75,71.91428571428571,yellow
2568-1021,2568,2025-09-01,2025-09-07,50.0,86.11111111111111,0,0,27,36,75.0,78.63703703703703,14,16,87.5,81.65714285714286,yellow
2568-1022,2568,2025-09-01,2025-09-07,100.0,60.49382716049383,0,1,16,27,59.25925925925926,74.48750000000001,6,12,50.0,85.55,green
2568-1023,2568,2025-09-01,2025-09-07,,53.84615384615385,0,1,7,18,38.888888888888886,80.35714285714285,1,8,12.5,56.0,green
2568-1024,2568,2025-09-01,2025-09-07,,76.47058823529412,0,2,8,18,44.44444444444444,68.775,3,8,37.5,83.63333333333333,green
2568-1025,2568,2025-09-01,2025-09-07,,71.15384615384616,0,0,3,18,16.666666666666668,75.56666666666666,5,8,62.5,77.14000000000001,green
2568-1026,2568,2025-09-01,2025-09-07,100.0,69.44444444444444,0,2,22,36,61.111111111111114,69.61363636363636,12,16,75.0,72.81666666666666,green
2568-1027,2568,2025-09-01,2025-09-07,50.0,83.33333333333333,0,0,28,36,77.77777777777777,82.1857142857143,16,16,100.0,75.69375,yellow
2568-1028,2568,2025-09-01,2025-09-07,,87.5,0,2,23,36,63.888888888888886,82.41304347826087,10,16,62.5,84.13999999999999,green
2568-1029,2568,2025-09-01,2025-09-07,,95.83333333333333,0,18,19,36,52.77777777777778,88.67894736842105,9,16,56.25,88.83333333333334,green
2568-1030,2568,2025-09-01,2025-09-07,100.0,92.5925925925926,0,27,23,36,63.888888888888886,81.0304347826087,11,16,68.75,80.16363636363637,green
2568-1031,2568,2025-09-01,2025-09-07,100.0,59.25925925925926,0,2,17,36,47.22222222222222,69.8941176470588,8,16,50.0,73.8125,green
2568-1032,2568,2025-09-01,2025-09-07,100.0,97.22222222222223,0,27,30,36,83.33333333333333,87.19666666666666,13,16,81.25,91.1153846153846,green
2568-1033,2568,2025-09-01,2025-09-07,,65.38461538461539,0,0,11,18,61.111111111111114,70.1,6,8,75.0,78.25,green
2568-1034,2568,2025-09-01,2025-09-07,100.0,86.36363636363636,0,1,15,27,55.55555555555556,75.93333333333334,6,12,50.0,66.78333333333335,green
2568-1035,2568,2025-09-01,2025-09-07,,76.19047619047619,0,0,10,18,55.55555555555556,70.6,5,8,62.5,73.66,green
2568-1036,2568,2025-09-01,2025-09-07,75.0,75.92592592592592,0,9,24,36,66.66666666666667,77.33749999999999,12,16,75.0,79.68333333333332,green
2568-1037,2568,2025-09-01,2025-09-07,100.0,95.06172839506173,0,2,22,27,81.48148148148148,92.0,12,12,100.0,86.46666666666668,green
2568-1038,2568,2025-09-01,2025-09-07,,53.7037037037037,0,1,7,27,25.925925925925927,78.54285714285716,4,12,33.333333333333336,81.9,green
2568-1039,2568,2025-09-01,2025-09-07,100.0,72.22222222222223,0,1,11,27,40.74074074074074,73.82727272727273,5,12,41.666666666666664,80.16,green
2568-1040,2568,2025-09-01,2025-09-07,66.66666666666667,61.72839506172839,0,0,13,27,48.148148148148145,74.02307692307691,7,12,58.333333333333336,75.34285714285714,yellow
2568-1041,2568,2025-09-01,2025-09-07,75.0,60.18518518518518,0,1,22,36,61.111111111111114,70.97272727272728,9,16,56.25,75.47777777777777,green
2568-1042,2568,2025-09-01,2025-09-07,100.0,82.95454545454545,0,8,20,36,55.55555555555556,84.78,12,16,75.0,78.775,green
2568-1043,2568,2025-09-01,2025-09-07,50.0,62.03703703703704,0,0,15,36,41.666666666666664,69.72,11,16,68.75,70.11818181818181,yellow
2568-1044,2568,2025-09-01,2025-09-07,,46.15384615384615,0,1,2,18,11.11111111111111,73.05,2,8,25.0,51.25,green
2568-1045,2568,2025-09-01,2025-09-07,100.0,96.29629629629629,0,3,28,36,77.77777777777777,85.12857142857142,12,16,75.0,87.875,green
2568-1046,2568,2025-09-01,2025-09-07,,94.23076923076923,0,13,15,36,41.666666666666664,85.71333333333334,7,16,43.75,83.05714285714285,green
2568-1047,2568,2025-09-01,2025-09-07,50.0,71.29629629629629,0,0,21,36,58.333333333333336,73.1952380952381,11,16,68.75,72.61818181818181,yellow
2568-1048,2568,2025-09-01,2025-09-07,,98.48484848484848,0,10,18,27,66.66666666666667,85.16666666666667,8,12,66.66666666666667,91.65,green
2568-1049,2568,2025-09-01,2025-09-07,66.66666666666667,65.4320987654321,0,0,16,27,59.25925925925926,75.3625,6,12,50.0,77.35000000000001,yellow
2568-1050,2568,2025-09-01,2025-09-07,75.0,80.55555555555556,0,4,21,36,58.333333333333336,80.79999999999998,13,16,81.25,86.38461538461539,green
2568-1051,2568,2025-09-01,2025-09-07,50.0,44.44444444444444,0,0,5,18,27.77777777777778,68.66,3,8,37.5,61.366666666666674,yellow
2568-1052,2568,2025-09-01,2025-09-07,75.0,90.74074074074075,0,25,26,36,72.22222222222223,88.75769230769228,12,16,75.0,86.19166666666666,green
2568-1053,2568,2025-09-01,2025-09-07,,72.22222222222223,0,0,9,18,50.0,75.4111111111111,5,8,62.5,73.82,green
2568-1054,2568,2025-09-01,2025-09-07,66.66666666666667,98.48484848484848,0,0,18,27,66.66666666666667,87.90555555555554,9,12,75.0,85.23333333333333,yellow
2568-1055,2568,2025-09-01,2025-09-07,,68.05555555555556,0,1,17,36,47.22222222222222,76.81176470588234,8,16,50.0,81.75,green
2568-1056,2568,2025-09-01,2025-09-07,100.0,65.74074074074075,0,1,20,36,55.55555555555556,73.74999999999999,8,16,50.0,69.9,green
2568-1057,2568,2025-09-01,2025-09-07,100.0,99.07407407407408,0,27,28,36,77.77777777777777,88.95714285714284,13,16,81.25,86.70769230769231,green
2568-1058,2568,2025-09-01,2025-09-07,100.0,96.29629629629629,0,2,14,18,77.77777777777777,86.91428571428573,7,8,87.5,80.8,green
2568-1059,2568,2025-09-01,2025-09-07,100.0,96.96969696969697,0,8,19,27,70.37037037037037,85.79473684210527,7,12,58.333333333333336,88.87142857142858,green
2568-1060,2568,2025-09-01,2025-09-07,,61.76470588235294,0,2,6,18,33.333333333333336,64.46666666666667,4,8,50.0,64.625,green
2568-1061,2568,2025-09-01,2025-09-07,75.0,72.22222222222223,0,4,13,36,36.111111111111114,72.23076923076923,9,16,56.25,75.37777777777778,green
2568-1062,2568,2025-09-01,2025-09-07,33.333333333333336,70.37037037037037,0,0,12,27,44.44444444444444,76.54166666666666,6,12,50.0,70.66666666666667,orange
2568-1063,2568,2025-09-01,2025-09-07,75.0,72.22222222222223,0,8,17,36,47.22222222222222,77.84705882352941,10,16,62.5,74.06000000000002,green
2568-1064,2568,2025-09-01,2025-09-07,,50.0,0,0,2,18,11.11111111111111,94.35,2,8,25.0,78.1,green
2568-1065,2568,2025-09-01,2025-09-07,,84.61538461538461,0,0,5,18,27.77777777777778,75.5,2,8,25.0,79.19999999999999,green
2568-1066,2568,2025-09-01,2025-09-07,,56.94444444444444,0,0,16,36,44.44444444444444,67.275,6,16,37.5,64.03333333333333,green
2568-1067,2568,2025-09-01,2025-09-07,25.0,37.5,0,0,10,36,27.77777777777778,61.239999999999995,7,16,43.75,62.88571428571429,orange
2568-1068,2568,2025-09-01,2025-09-07,,92.3076923076923,0,0,21,27,77.77777777777777,86.11428571428571,9,12,75.0,90.17777777777778,green
2568-1069,2568,2025-09-01,2025-09-07,100.0,87.96296296296296,0,5,29,36,80.55555555555556,82.22068965517241,10,16,62.5,75.41000000000001,green
2568-1070,2568,2025-09-01,2025-09-07,100.0,80.24691358024691,0,6,19,27,70.37037037037037,80.07368421052632,8,12,66.66666666666667,78.8,green
2568-1071,2568,2025-09-01,2025-09-07,66.66666666666667,85.18518518518519,0,0,18,27,66.66666666666667,87.4388888888889,10,12,83.33333333333333,88.8,yellow
2568-1072,2568,2025-09-01,2025-09-07,,56.81818181818182,0,2,7,18,38.888888888888886,68.22857142857143,3,8,37.5,66.86666666666666,green
2568-1073,2568,2025-09-01,2025-09-07,,69.04761904761905,0,0,17,36,47.22222222222222,82.47058823529412,7,16,43.75,85.8,green
2568-1074,2568,2025-09-01,2025-09-07,75.0,31.48148148148148,0,1,8,36,22.22222222222222,61.474999999999994,7,16,43.75,58.07142857142857,green
2568-1075,2568,2025-09-01,2025-09-07,,30.0,2,0,1,18,5.555555555555555,55.5,0,8,0.0,,red
2568-1076,2568,2025-09-01,2025-09-07,100.0,78.70370370370371,0,1,23,36,63.888888888888886,77.91304347826087,14,16,87.5,79.7,green
2568-1077,2568,2025-09-01,2025-09-07,75.0,70.45454545454545,0,2,21,36,58.333333333333336,75.39999999999999,9,16,56.25,76.04444444444445,green
2568-1078,2568,2025-09-01,2025-09-07,,85.29411764705883,0,14,18,36,50.0,91.73333333333333,7,16,43.75,84.05714285714285,green
2568-1079,2568,2025-09-01,2025-09-07,100.0,85.22727272727273,0,2,21,36,58.333333333333336,79.93809523809524,8,16,50.0,87.76249999999999,green
2568-1080,2568,2025-09-01,2025-09-07,100.0,75.0,0,1,16,36,44.44444444444444,75.2875,8,16,50.0,72.375,green
2568-1081,2568,2025-09-01,2025-09-07,50.0,85.22727272727273,0,0,20,36,55.55555555555556,78.525,9,16,56.25,77.44444444444443,yellow
2568-1082,2568,2025-09-01,2025-09-07,,83.82352941176471,0,17,15,36,41.666666666666664,81.91333333333334,10,16,62.5,86.11999999999998,green
2568-1083,2568,2025-09-01,2025-09-07,,44.44444444444444,0,1,4,18,22.22222222222222,64.375,2,8,25.0,68.94999999999999,green
2568-1084,2568,2025-09-01,2025-09-07,100.0,90.74074074074075,0,3,29,36,80.55555555555556,81.22758620689655,11,16,68.75,78.27272727272728,green
2568-1085,2568,2025-09-01,2025-09-07,75.0,68.05555555555556,0,2,15,36,41.666666666666664,78.91333333333334,4,16,25.0,80.625,green
2568-1086,2568,2025-09-01,2025-09-07,,63.63636363636363,0,1,9,18,50.0,69.57777777777778,2,8,25.0,70.85,green
2568-1087,2568,2025-09-01,2025-09-07,,76.92307692307692,0,1,12,36,33.333333333333336,73.06666666666665,3,16,18.75,87.23333333333333,green
2568-1088,2568,2025-09-01,2025-09-07,50.0,75.0,0,0,18,36,50.0,77.91666666666666,10,16,62.5,73.54,yellow
2568-1089,2568,2025-09-01,2025-09-07,,38.888888888888886,4,0,0,18,0.0,,0,8,0.0,,red
2568-1090,2568,2025-09-01,2025-09-07,,45.0,0,1,0,36,0.0,,0,16,0.0,,green
2568-1091,2568,2025-09-01,2025-09-07,,97.61904761904762,0,2,12,18,66.66666666666667,90.12500000000001,6,8,75.0,90.2,green
2568-1092,2568,2025-09-01,2025-09-07,,80.0,0,0,2,18,11.11111111111111,67.25,1,8,12.5,70.9,green
2568-1093,2568,2025-09-01,2025-09-07,100.0,97.53086419753086,0,9,21,27,77.77777777777777,88.98571428571428,8,12,66.66666666666667,89.7625,green
2568-1094,2568,2025-09-01,2025-09-07,,83.33333333333333,0,1,14,27,51.851851851851855,88.47142857142856,9,12,75.0,79.8111111111111,green
2568-1095,2568,2025-09-01,2025-09-07,50.0,62.03703703703704,0,0,19,36,52.77777777777778,63.7157894736842,7,16,43.75,66.45714285714287,yellow
2568-1096,2568,2025-09-01,2025-09-07,75.0,93.51851851851852,0,27,27,36,75.0,83.68518518518519,14,16,87.5,88.42857142857143,green
2568-1097,2568,2025-09-01,2025-09-07,100.0,100.0,0,27,12,18,66.66666666666667,89.81666666666668,7,8,87.5,89.21428571428571,green
2568-1098,2568,2025-09-01,2025-09-07,,33.333333333333336,1,0,3,18,16.666666666666668,67.16666666666667,3,8,37.5,67.2,green
2568-1099,2568,2025-09-01,2025-09-07,100.0,90.74074074074075,0,12,29,36,80.55555555555556,84.62413793103447,13,16,81.25,85.26923076923077,green
2568-1100,2568,2025-09-01,2025-09-07,,50.0,0,0,3,27,11.11111111111111,70.46666666666665,0,12,0.0,,green
2568-1101,2568,2025-09-01,2025-09-07,50.0,90.74074074074075,0,0,10,18,55.55555555555556,83.34,6,8,75.0,78.30000000000001,yellow
2568-1102,2568,2025-09-01,2025-09-07,100.0,97.53086419753086,0,7,22,27,81.48148148148148,88.82727272727271,11,12,91.66666666666667,86.31818181818181,green
2568-1103,2568,2025-09-01,2025-09-07,,56.25,0,2,3,36,8.333333333333334,75.56666666666666,0,16,0.0,,green
2568-1104,2568,2025-09-01,2025-09-07,75.0,56.48148148148148,0,1,20,36,55.55555555555556,65.585,9,16,56.25,66.05555555555556,green
2568-1105,2568,2025-09-01,2025-09-07,100.0,77.77777777777777,0,4,15,27,55.55555555555556,81.27333333333333,9,12,75.0,74.9,green
2568-1106,2568,2025-09-01,2025-09-07,,75.0,0,0,17,36,47.22222222222222,73.96470588235294,7,16,43.75,66.02857142857142,green
2568-1107,2568,2025-09-01,2025-09-07,,97.22222222222223,0,9,12,36,33.333333333333336,88.35833333333333,4,16,25.0,88.35,green
2568-1108,2568,2025-09-01,2025-09-07,66.66666666666667,70.37037037037037,0,0,17,27,62.96296296296296,75.98823529411766,7,12,58.333333333333336,78.02857142857142,yellow
2568-1109,2568,2025-09-01,2025-09-07,33.333333333333336,56.79012345679013,0,0,13,27,48.148148148148145,75.88461538461537,6,12,50.0,69.94999999999999,orange
2568-1110,2568,2025-09-01,2025-09-07,100.0,92.42424242424242,0,3,19,27,70.37037037037037,88.04210526315791,7,12,58.333333333333336,82.92857142857143,green
2568-1111,2568,2025-09-01,2025-09-07,0.0,72.22222222222223,1,0,18,36,50.0,82.99444444444444,10,16,62.5,77.71000000000001,red
2568-1112,2568,2025-09-01,2025-09-07,,77.88461538461539,0,9,21,36,58.333333333333336,80.29999999999998,10,16,62.5,71.72,green
2568-1113,2568,2025-09-01,2025-09-07,25.0,51.785714285714285,0,0,7,36,19.444444444444443,70.94285714285714,5,16,31.25,72.2,orange
2568-1114,2568,2025-09-01,2025-09-07,,85.71428571428571,0,2,22,36,61.111111111111114,80.50909090909092,10,16,62.5,83.0,green
2568-1115,2568,2025-09-01,2025-09-07,,75.0,0,2,8,36,22.22222222222222,80.30000000000001,3,16,18.75,80.60000000000001,green
2568-1116,2568,2025-09-01,2025-09-07,100.0,80.55555555555556,0,3,8,18,44.44444444444444,81.0875,5,8,62.5,85.61999999999999,green
2568-1117,2568,2025-09-01,2025-09-07,100.0,83.33333333333333,0,4,24,36,66.66666666666667,77.44166666666666,10,16,62.5,75.65,green
2568-1118,2568,2025-09-01,2025-09-07,,60.22727272727273,0,0,17,36,47.22222222222222,72.31176470588235,6,16,37.5,79.51666666666668,green
2568-1119,2568,2025-09-01,2025-09-07,75.0,62.5,0,1,21,36,58.333333333333336,78.1047619047619,7,16,43.75,74.94285714285714,green
2568-1120,2568,2025-09-01,2025-09-07,,86.66666666666667,0,0,6,27,22.22222222222222,85.41666666666667,2,12,16.666666666666668,81.80000000000001,green
2568-1121,2568,2025-09-01,2025-09-07,,68.75,0,1,5,36,13.88888888888889,78.82,0,16,0.0,,green
2568-1122,2568,2025-09-01,2025-09-07,75.0,75.0,0,3,17,36,47.22222222222222,70.41176470588235,10,16,62.5,69.71000000000001,green
2568-1123,2568,2025-09-01,2025-09-07,75.0,57.407407407407405,0,1,11,36,30.555555555555557,71.00909090909092,7,16,43.75,66.14285714285714,green
2568-1124,2568,2025-09-01,2025-09-07,50.0,76.85185185185185,0,0,21,36,58.333333333333336,72.7904761904762,9,16,56.25,81.72222222222223,yellow
2568-1125,2568,2025-09-01,2025-09-07,75.0,82.4074074074074,0,1,20,36,55.55555555555556,77.215,11,16,68.75,80.80909090909091,green
2568-1126,2568,2025-09-01,2025-09-07,,80.76923076923077,0,3,13,36,36.111111111111114,75.96923076923078,1,16,6.25,81.9,green
2568-1127,2568,2025-09-01,2025-09-07,100.0,76.38888888888889,0,8,11,36,30.555555555555557,69.69090909090909,9,16,56.25,70.80000000000001,green
2568-1128,2568,2025-09-01,2025-09-07,100.0,86.36363636363636,0,2,14,18,77.77777777777777,77.29285714285713,4,8,50.0,75.325,green
2568-1129,2568,2025-09-01,2025-09-07,100.0,98.86363636363636,0,22,24,36,66.66666666666667,85.70833333333333,9,16,56.25,86.07777777777777,green
2568-1130,2568,2025-09-01,2025-09-07,100.0,75.30864197530865,0,1,15,27,55.55555555555556,78.05333333333334,7,12,58.333333333333336,81.72857142857143,green
2568-1131,2568,2025-09-01,2025-09-07,75.0,76.85185185185185,0,8,27,36,75.0,80.43703703703704,11,16,68.75,86.13636363636364,green
2568-1132,2568,2025-09-01,2025-09-07,100.0,97.22222222222223,0,27,29,36,80.55555555555556,88.4241379310345,15,16,93.75,85.06,green
2568-1133,2568,2025-09-01,2025-09-07,100.0,93.51851851851852,0,27,27,36,75.0,87.05185185185185,11,16,68.75,84.80909090909091,green
2568-1134,2568,2025-09-01,2025-09-07,,78.84615384615384,0,1,15,36,41.666666666666664,83.15333333333334,5,16,31.25,84.35999999999999,green
2568-1135,2568,2025-09-01,2025-09-07,,83.33333333333333,0,5,9,36,25.0,76.54444444444444,3,16,18.75,77.2,green
2568-1136,2568,2025-09-01,2025-09-07,100.0,100.0,0,18,14,27,51.851851851851855,87.44285714285714,8,12,66.66666666666667,84.8375,green
2568-1137,2568,2025-09-01,2025-09-07,50.0,91.66666666666667,0,0,25,36,69.44444444444444,86.288,14,16,87.5,85.82857142857142,yellow
2568-1138,2568,2025-09-01,2025-09-07,75.0,73.86363636363636,0,1,25,36,69.44444444444444,77.9,9,16,56.25,81.72222222222223,green
2568-1139,2568,2025-09-01,2025-09-07,,68.26923076923077,0,1,21,36,58.333333333333336,68.58095238095238,10,16,62.5,71.01,green
2568-1140,2568,2025-09-01,2025-09-07,,80.76923076923077,0,0,20,27,74.07407407407408,83.10499999999999,9,12,75.0,87.60000000000001,green
2568-1141,2568,2025-09-01,2025-09-07,66.66666666666667,80.24691358024691,0,0,18,27,66.66666666666667,82.5,10,12,83.33333333333333,80.46,yellow
2568-1142,2568,2025-09-01,2025-09-07,100.0,69.44444444444444,0,1,19,36,52.77777777777778,80.41578947368421,6,16,37.5,71.78333333333333,green
2568-1143,2568,2025-09-01,2025-09-07,100.0,92.5925925925926,0,2,20,27,74.07407407407408,80.94000000000001,9,12,75.0,82.55555555555556,green
2568-1144,2568,2025-09-01,2025-09-07,,55.55555555555556,0,1,4,18,22.22222222222222,75.625,2,8,25.0,57.55,green
2568-1145,2568,2025-09-01,2025-09-07,75.0,80.55555555555556,0,3,27,36,75.0,83.37037037037035,13,16,81.25,84.65384615384616,green
2568-1146,2568,2025-09-01,2025-09-07,33.333333333333336,58.02469135802469,0,0,13,27,48.148148148148145,65.13076923076923,6,12,50.0,61.833333333333336,orange
2568-1147,2568,2025-09-01,2025-09-07,,38.888888888888886,0,0,5,36,13.88888888888889,72.06000000000002,2,16,12.5,58.25,green
2568-1148,2568,2025-09-01,2025-09-07,100.0,86.41975308641975,0,1,19,27,70.37037037037037,82.64736842105263,9,12,75.0,76.72222222222223,green
2568-1149,2568,2025-09-01,2025-09-07,,59.25925925925926,0,0,8,27,29.62962962962963,76.5125,1,12,8.333333333333334,96.6,green
2568-1150,2568,2025-09-01,2025-09-07,66.66666666666667,74.07407407407408,0,0,18,27,66.66666666666667,73.36666666666666,10,12,83.33333333333333,75.55,yellow
2568-1151,2568,2025-09-01,2025-09-07,100.0,77.77777777777777,0,3,17,27,62.96296296296296,81.17647058823529,8,12,66.66666666666667,82.35000000000001,green
2568-1152,2568,2025-09-01,2025-09-07,75.0,78.70370370370371,0,8,24,36,66.66666666666667,82.75,13,16,81.25,76.2923076923077,green
2568-1153,2568,2025-09-01,2025-09-07,,79.41176470588235,0,6,18,36,50.0,81.32222222222222,8,16,50.0,84.5625,green
2568-1154,2568,2025-09-01,2025-09-07,,62.5,1,0,4,18,22.22222222222222,82.5,2,8,25.0,89.55,green
2568-1155,2568,2025-09-01,2025-09-07,,28.205128205128204,0,0,4,27,14.814814814814815,66.92500000000001,1,12,8.333333333333334,63.8,green
2568-1156,2568,2025-09-01,2025-09-07,100.0,62.96296296296296,0,1,19,36,52.77777777777778,71.18947368421053,11,16,68.75,68.1,green
2568-1157,2568,2025-09-01,2025-09-07,50.0,86.11111111111111,0,0,21,36,58.333333333333336,72.55238095238094,13,16,81.25,72.5,yellow
2568-1158,2568,2025-09-01,2025-09-07,100.0,83.33333333333333,0,6,28,36,77.77777777777777,86.92142857142858,13,16,81.25,85.9,green
2568-1159,2568,2025-09-01,2025-09-07,100.0,100.0,0,22,20,27,74.07407407407408,89.55000000000001,9,12,75.0,86.9,green
2568-1160,2568,2025-09-01,2025-09-07,100.0,85.22727272727273,0,5,18,36,50.0,88.25555555555556,8,16,50.0,84.7875,green
uuid-2569-2001,2569,2026-03-02,2026-03-08,100.0,100.0,0,1,0,2,0.0,,0,0,,,green
uuid-2569-2002,2569,2026-03-02,2026-03-08,50.0,50.0,0,0,0,4,0.0,,0,0,,,yellow
uuid-2569-2003,2569,2026-03-02,2026-03-08,25.0,25.0,0,0,0,4,0.0,,0,0,,,orange
uuid-2569-2004,2569,2026-03-02,2026-03-08,75.0,75.0,0,1,0,4,0.0,,0,0,,,green
uuid-2569-2005,2569,2026-03-02,2026-03-08,,,0,0,0,4,0.0,,0,0,,,green
uuid-2569-2006,2569,2026-03-02,2026-03-08,50.0,50.0,0,0,0,4,0.0,,0,0,,,yellow
uuid-2569-2007,2569,2026-03-02,2026-03-08,,,0,0,0,3,0.0,,0,0,,,green
uuid-2569-2008,2569,2026-03-02,2026-03-08,,,0,0,0,4,0.0,,0,0,,,green
uuid-2569-2009,2569,2026-03-02,2026-03-08,100.0,100.0,0,1,0,4,0.0,,0,0,,,green
uuid-2569-2010,2569,2026-03-02,2026-03-08,100.0,100.0,0,1,0,4,0.0,,0,0,,,green
uuid-2569-2011,2569,2026-03-02,2026-03-08,0.0,0.0,1,0,0,2,0.0,,0,0,,,red
uuid-2569-2012,2569,2026-03-02,2026-03-08,,,0,0,0,3,0.0,,0,0,,,green
uuid-2569-2013,2569,2026-03-02,2026-03-08,33.333333333333336,33.333333333333336,0,0,0,3,0.0,,0,0,,,orange
uuid-2569-2014,2569,2026-03-02,2026-03-08,100.0,100.0,0,1,0,4,0.0,,0,0,,,green
uuid-2569-2015,2569,2026-03-02,2026-03-08,66.66666666666667,66.66666666666667,0,0,0,3,0.0,,0,0,,,yellow
uuid-2569-2016,2569,2026-03-02,2026-03-08,50.0,50.0,0,0,0,4,0.0,,0,0,,,yellow
uuid-2569-2017,2569,2026-03-02,2026-03-08,75.0,75.0,0,1,0,4,0.0,,0,0,,,green
uuid-2569-2018,2569,2026-03-02,2026-03-08,25.0,25.0,0,0,0,4,0.0,,0,0,,,orange
uuid-2569-2019,2569,2026-03-02,2026-03-08,75.0,75.0,0,1,0,4,0.0,,0,0,,,green
uuid-2569-2020,2569,2026-03-02,2026-03-08,75.0,75.0,0,1,0,4,0.0,,0,0,,,green
uuid-2569-2021,2569,2026-03-02,2026-03-08,75.0,75.0,0,1,0,4,0.0,,0,0,,,green
uuid-2569-2022,2569,2026-03-02,2026-03-08,66.66666666666667,66.66666666666667,0,0,0,3,0.0,,0,0,,,yellow
uuid-2569-2023,2569,2026-03-02,2026-03-08,75.0,75.0,0,1,0,4,0.0,,0,0,,,green
uuid-2569-2024,2569,2026-03-02,2026-03-08,100.0,100.0,0,1,0,2,0.0,,0,0,,,green
uuid-2569-2025,2569,2026-03-02,2026-03-08,66.66666666666667,66.66666666666667,0,0,0,3,0.0,,0,0,,,yellow
uuid-2569-2026,2569,2026-03-02,2026-03-08,100.0,100.0,0,1,0,4,0.0,,0,0,,,green
uuid-2569-2027,2569,2026-03-02,2026-03-08,,,0,0,0,4,0.0,,0,0,,,green
uuid-2569-2028,2569,2026-03-02,2026-03-08,50.0,50.0,0,0,0,4,0.0,,0,0,,,yellow
uuid-2569-2029,2569,2026-03-02,2026-03-08,50.0,50.0,0,0,0,2,0.0,,0,0,,,yellow
uuid-2569-2030,2569,2026-03-02,2026-03-08,,,0,0,0,4,0.0,,0,0,,,green
uuid-2569-2031,2569,2026-03-02,2026-03-08,50.0,50.0,0,0,0,4,0.0,,0,0,,,yellow
uuid-2569-2032,2569,2026-03-02,2026-03-08,,,0,0,0,3,0.0,,0,0,,,green
uuid-2569-2033,2569,2026-03-02,2026-03-08,100.0,100.0,0,1,0,2,0.0,,0,0,,,green
uuid-2569-2034,2569,2026-03-02,2026-03-08,,,0,0,0,4,0.0,,0,0,,,green
uuid-2569-2035,2569,2026-03-02,2026-03-08,,,0,0,0,3,0.0,,0,0,,,green
uuid-2569-2036,2569,2026-03-02,2026-03-08,100.0,100.0,0,1,0,2,0.0,,0,0,,,green
uuid-2569-2037,2569,2026-03-02,2026-03-08,100.0,100.0,0,1,0,4,0.0,,0,0,,,green
uuid-2569-2038,2569,2026-03-02,2026-03-08,100.0,100.0,0,1,0,3,0.0,,0,0,,,green
uuid-2569-2039,2569,2026-03-02,2026-03-08,75.0,75.0,0,1,0,4,0.0,,0,0,,,green
uuid-2569-2040,2569,2026-03-02,2026-03-08,,,0,0,0,4,0.0,,0,0,,,green
uuid-2569-2041,2569,2026-03-02,2026-03-08,50.0,50.0,0,0,0,4,0.0,,0,0,,,yellow
uuid-2569-2042,2569,2026-03-02,2026-03-08,,,0,0,0,4,0.0,,0,0,,,green
uuid-2569-2043,2569,2026-03-02,2026-03-08,,,0,0,0,4,0.0,,0,0,,,green
uuid-2569-2044,2569,2026-03-02,2026-03-08,50.0,50.0,0,0,0,4,0.0,,0,0,,,yellow
uuid-2569-2045,2569,2026-03-02,2026-03-08,,,0,0,0,4,0.0,,0,0,,,green
uuid-2569-2046,2569,2026-03-02,2026-03-08,,,0,0,0,4,0.0,,0,0,,,green
uuid-2569-2047,2569,2026-03-02,2026-03-08,100.0,100.0,0,1,0,4,0.0,,0,0,,,green
uuid-2569-2048,2569,2026-03-02,2026-03-08,100.0,100.0,0,1,0,4,0.0,,0,0,,,green
uuid-2569-2049,2569,2026-03-02,2026-03-08,50.0,50.0,0,0,0,4,0.0,,0,0,,,yellow
uuid-2569-2050,2569,2026-03-02,2026-03-08,,,0,0,0,4,0.0,,0,0,,,green
uuid-2569-2051,2569,2026-03-02,2026-03-08,,,0,0,0,4,0.0,,0,0,,,green
uuid-2569-2052,2569,2026-03-02,2026-03-08,,,0,0,0,2,0.0,,0,0,,,green
uuid-2569-2053,2569,2026-03-02,2026-03-08,100.0,100.0,0,1,0,4,0.0,,0,0,,,green
uuid-2569-2054,2569,2026-03-02,2026-03-08,75.0,75.0,0,1,0,4,0.0,,0,0,,,green
uuid-2569-2055,2569,2026-03-02,2026-03-08,100.0,100.0,0,1,0,4,0.0,,0,0,,,green
uuid-2569-2056,2569,2026-03-02,2026-03-08,,,0,0,0,4,0.0,,0,0,,,green
uuid-2569-2057,2569,2026-03-02,2026-03-08,,,0,0,0,4,0.0,,0,0,,,green
uuid-2569-2058,2569,2026-03-02,2026-03-08,,,0,0,0,4,0.0,,0,0,,,green
uuid-2569-2059,2569,2026-03-02,2026-03-08,100.0,100.0,0,1,0,2,0.0,,0,0,,,green
uuid-2569-2060,2569,2026-03-02,2026-03-08,50.0,50.0,0,0,0,4,0.0,,0,0,,,yellow
uuid-2569-2061,2569,2026-03-02,2026-03-08,50.0,50.0,0,0,0,4,0.0,,0,0,,,yellow
uuid-2569-2062,2569,2026-03-02,2026-03-08,100.0,100.0,0,1,0,3,0.0,,0,0,,,green
uuid-2569-2063,2569,2026-03-02,2026-03-08,100.0,100.0,0,1,0,4,0.0,,0,0,,,green
uuid-2569-2064,2569,2026-03-02,2026-03-08,,,0,0,0,4,0.0,,0,0,,,green
uuid-2569-2065,2569,2026-03-02,2026-03-08,100.0,100.0,0,1,0,3,0.0,,0,0,,,green
uuid-2569-2066,2569,2026-03-02,2026-03-08,,,0,0,0,4,0.0,,0,0,,,green
uuid-2569-2067,2569,2026-03-02,2026-03-08,100.0,100.0,0,1,0,3,0.0,,0,0,,,green
uuid-2569-2068,2569,2026-03-02,2026-03-08,50.0,50.0,0,0,0,4,0.0,,0,0,,,yellow
uuid-2569-2069,2569,2026-03-02,2026-03-08,,,0,0,0,2,0.0,,0,0,,,green
uuid-2569-2070,2569,2026-03-02,2026-03-08,50.0,50.0,0,0,0,4,0.0,,0,0,,,yellow
uuid-2569-2071,2569,2026-03-02,2026-03-08,50.0,50.0,0,0,0,4,0.0,,0,0,,,yellow
uuid-2569-2072,2569,2026-03-02,2026-03-08,100.0,100.0,0,1,0,2,0.0,,0,0,,,green
uuid-2569-2073,2569,2026-03-02,2026-03-08,,,0,0,0,4,0.0,,0,0,,,green
uuid-2569-2074,2569,2026-03-02,2026-03-08,100.0,100.0,0,1,0,2,0.0,,0,0,,,green
uuid-2569-2075,2569,2026-03-02,2026-03-08,100.0,100.0,0,1,0,4,0.0,,0,0,,,green
uuid-2569-2076,2569,2026-03-02,2026-03-08,50.0,50.0,0,0,0,4,0.0,,0,0,,,yellow
uuid-2569-2077,2569,2026-03-02,2026-03-08,100.0,100.0,0,1,0,4,0.0,,0,0,,,green
uuid-2569-2078,2569,2026-03-02,2026-03-08,50.0,50.0,0,0,0,4,0.0,,0,0,,,yellow
uuid-2569-2079,2569,2026-03-02,2026-03-08,100.0,100.0,0,1,0,4,0.0,,0,0,,,green
uuid-2569-2080,2569,2026-03-02,2026-03-08,100.0,100.0,0,1,0,4,0.0,,0,0,,,green
uuid-2569-2081,2569,2026-03-02,2026-03-08,100.0,100.0,0,1,0,4,0.0,,0,0,,,green
uuid-2569-2082,2569,2026-03-02,2026-03-08,50.0,50.0,0,0,0,2,0.0,,0,0,,,yellow
uuid-2569-2083,2569,2026-03-02,2026-03-08,75.0,75.0,0,1,0,4,0.0,,0,0,,,green
uuid-2569-2084,2569,2026-03-02,2026-03-08,100.0,100.0,0,1,0,4,0.0,,0,0,,,green
uuid-2569-2085,2569,2026-03-02,2026-03-08,100.0,100.0,0,1,0,4,0.0,,0,0,,,green
uuid-2569-2086,2569,2026-03-02,2026-03-08,100.0,100.0,0,1,0,4,0.0,,0,0,,,green
uuid-2569-2087,2569,2026-03-02,2026-03-08,100.0,100.0,0,1,0,4,0.0,,0,0,,,green
uuid-2569-2088,2569,2026-03-02,2026-03-08,0.0,0.0,1,0,0,2,0.0,,0,0,,,red
uuid-2569-2089,2569,2026-03-02,2026-03-08,100.0,100.0,0,1,0,2,0.0,,0,0,,,green
uuid-2569-2090,2569,2026-03-02,2026-03-08,75.0,75.0,0,1,0,4,0.0,,0,0,,,green
uuid-2569-2091,2569,2026-03-02,2026-03-08,100.0,100.0,0,1,0,2,0.0,,0,0,,,green
uuid-2569-2092,2569,2026-03-02,2026-03-08,,,0,0,0,4,0.0,,0,0,,,green
uuid-2569-2093,2569,2026-03-02,2026-03-08,66.66666666666667,66.66666666666667,0,0,0,3,0.0,,0,0,,,yellow
uuid-2569-2094,2569,2026-03-02,2026-03-08,,,0,0,0,4,0.0,,0,0,,,green
uuid-2569-2095,2569,2026-03-02,2026-03-08,50.0,50.0,0,0,0,2,0.0,,0,0,,,yellow
uuid-2569-2096,2569,2026-03-02,2026-03-08,100.0,100.0,0,1,0,2,0.0,,0,0,,,green
uuid-2569-2097,2569,2026-03-02,2026-03-08,66.66666666666667,66.66666666666667,0,0,0,3,0.0,,0,0,,,yellow
uuid-2569-2098,2569,2026-03-02,2026-03-08,50.0,50.0,0,0,0,4,0.0,,0,0,,,yellow
uuid-2569-2099,2569,2026-03-02,2026-03-08,50.0,50.0,0,0,0,4,0.0,,0,0,,,yellow
uuid-2569-2100,2569,2026-03-02,2026-03-08,,,0,0,0,4,0.0,,0,0,,,green
uuid-2569-2101,2569,2026-03-02,2026-03-08,100.0,100.0,0,1,0,2,0.0,,0,0,,,green
uuid-2569-2102,2569,2026-03-02,2026-03-08,50.0,50.0,0,0,0,2,0.0,,0,0,,,yellow
uuid-2569-2103,2569,2026-03-02,2026-03-08,100.0,100.0,0,1,0,4,0.0,,0,0,,,green
uuid-2569-2104,2569,2026-03-02,2026-03-08,50.0,50.0,0,0,0,4,0.0,,0,0,,,yellow
uuid-2569-2105,2569,2026-03-02,2026-03-08,0.0,0.0,1,0,0,4,0.0,,0,0,,,red
uuid-2569-2106,2569,2026-03-02,2026-03-08,100.0,100.0,0,1,0,4,0.0,,0,0,,,green
uuid-2569-2107,2569,2026-03-02,2026-03-08,,,0,0,0,4,0.0,,0,0,,,green
uuid-2569-2108,2569,2026-03-02,2026-03-08,75.0,75.0,0,1,0,4,0.0,,0,0,,,green
uuid-2569-2109,2569,2026-03-02,2026-03-08,100.0,100.0,0,1,0,4,0.0,,0,0,,,green
uuid-2569-2110,2569,2026-03-02,2026-03-08,75.0,75.0,0,1,0,4,0.0,,0,0,,,green
uuid-2569-2111,2569,2026-03-02,2026-03-08,100.0,100.0,0,1,0,4,0.0,,0,0,,,green
uuid-2569-2112,2569,2026-03-02,2026-03-08,75.0,75.0,0,1,0,4,0.0,,0,0,,,green
uuid-2569-2113,2569,2026-03-02,2026-03-08,100.0,100.0,0,1,0,3,0.0,,0,0,,,green
uuid-2569-2114,2569,2026-03-02,2026-03-08,75.0,75.0,0,1,0,4,0.0,,0,0,,,green
uuid-2569-2115,2569,2026-03-02,2026-03-08,25.0,25.0,0,0,0,4,0.0,,0,0,,,orange
uuid-2569-2116,2569,2026-03-02,2026-03-08,,,0,0,0,4,0.0,,0,0,,,green
uuid-2569-2117,2569,2026-03-02,2026-03-08,,,0,0,0,3,0.0,,0,0,,,green
uuid-2569-2118,2569,2026-03-02,2026-03-08,66.66666666666667,66.66666666666667,0,0,0,3,0.0,,0,0,,,yellow
uuid-2569-2119,2569,2026-03-02,2026-03-08,100.0,100.0,0,1,0,4,0.0,,0,0,,,green
uuid-2569-2120,2569,2026-03-02,2026-03-08,50.0,50.0,0,0,0,4,0.0,,0,0,,,yellow
uuid-2569-2121,2569,2026-03-02,2026-03-08,,,0,0,0,4,0.0,,0,0,,,green
uuid-2569-2122,2569,2026-03-02,2026-03-08,75.0,75.0,0,1,0,4,0.0,,0,0,,,green
uuid-2569-2123,2569,2026-03-02,2026-03-08,100.0,100.0,0,1,0,4,0.0,,0,0,,,green
uuid-2569-2124,2569,2026-03-02,2026-03-08,75.0,75.0,0,1,0,4,0.0,,0,0,,,green
uuid-2569-2125,2569,2026-03-02,2026-03-08,75.0,75.0,0,1,0,4,0.0,,0,0,,,green
uuid-2569-2126,2569,2026-03-02,2026-03-08,25.0,25.0,0,0,0,4,0.0,,0,0,,,orange
uuid-2569-2127,2569,2026-03-02,2026-03-08,,,0,0,0,4,0.0,,0,0,,,green
uuid-2569-2128,2569,2026-03-02,2026-03-08,,,0,0,0,3,0.0,,0,0,,,green
uuid-2569-2129,2569,2026-03-02,2026-03-08,,,0,0,0,3,0.0,,0,0,,,green
uuid-2569-2130,2569,2026-03-02,2026-03-08,,,0,0,0,4,0.0,,0,0,,,green
uuid-2569-2131,2569,2026-03-02,2026-03-08,33.333333333333336,33.333333333333336,0,0,0,3,0.0,,0,0,,,orange
uuid-2569-2132,2569,2026-03-02,2026-03-08,50.0,50.0,0,0,0,2,0.0,,0,0,,,yellow
uuid-2569-2133,2569,2026-03-02,2026-03-08,75.0,75.0,0,1,0,4,0.0,,0,0,,,green
uuid-2569-2134,2569,2026-03-02,2026-03-08,0.0,0.0,1,0,0,2,0.0,,0,0,,,red
uuid-2569-2135,2569,2026-03-02,2026-03-08,50.0,50.0,0,0,0,4,0.0,,0,0,,,yellow
uuid-2569-2136,2569,2026-03-02,2026-03-08,75.0,75.0,0,1,0,4,0.0,,0,0,,,green
uuid-2569-2137,2569,2026-03-02,2026-03-08,100.0,100.0,0,1,0,4,0.0,,0,0,,,green
uuid-2569-2138,2569,2026-03-02,2026-03-08,75.0,75.0,0,1,0,4,0.0,,0,0,,,green
uuid-2569-2139,2569,2026-03-02,2026-03-08,,,0,0,0,3,0.0,,0,0,,,green
uuid-2569-2140,2569,2026-03-02,2026-03-08,100.0,100.0,0,1,0,2,0.0,,0,0,,,green
uuid-2569-2141,2569,2026-03-02,2026-03-08,,,0,0,0,4,0.0,,0,0,,,green
uuid-2569-2142,2569,2026-03-02,2026-03-08,,,0,0,0,4,0.0,,0,0,,,green
uuid-2569-2143,2569,2026-03-02,2026-03-08,100.0,100.0,0,1,0,2,0.0,,0,0,,,green
uuid-2569-2144,2569,2026-03-02,2026-03-08,,,0,0,0,3,0.0,,0,0,,,green
uuid-2569-2145,2569,2026-03-02,2026-03-08,100.0,100.0,0,1,0,4,0.0,,0,0,,,green
uuid-2569-2146,2569,2026-03-02,2026-03-08,100.0,100.0,0,1,0,3,0.0,,0,0,,,green
uuid-2569-2147,2569,2026-03-02,2026-03-08,,,0,0,0,4,0.0,,0,0,,,green
uuid-2569-2148,2569,2026-03-02,2026-03-08,,,0,0,0,4,0.0,,0,0,,,green
uuid-2569-2149,2569,2026-03-02,2026-03-08,100.0,100.0,0,1,0,2,0.0,,0,0,,,green
uuid-2569-2150,2569,2026-03-02,2026-03-08,,,0,0,0,4,0.0,,0,0,,,green
uuid-2569-2001,2569,2026-03-09,2026-03-15,50.0,75.0,0,0,0,2,0.0,,0,0,,,yellow
uuid-2569-2002,2569,2026-03-09,2026-03-15,50.0,50.0,0,0,0,4,0.0,,0,0,,,yellow
uuid-2569-2003,2569,2026-03-09,2026-03-15,75.0,50.0,0,1,0,4,0.0,,0,0,,,green
uuid-2569-2004,2569,2026-03-09,2026-03-15,100.0,87.5,0,2,0,4,0.0,,0,0,,,green
uuid-2569-2005,2569,2026-03-09,2026-03-15,,,0,0,0,4,0.0,,0,0,,,green
uuid-2569-2006,2569,2026-03-09,2026-03-15,100.0,75.0,0,1,0,4,0.0,,0,0,,,green
uuid-2569-2007,2569,2026-03-09,2026-03-15,,,0,0,0,3,0.0,,0,0,,,green
uuid-2569-2008,2569,2026-03-09,2026-03-15,,,0,0,0,4,0.0,,0,0,,,green
uuid-2569-2009,2569,2026-03-09,2026-03-15,50.0,75.0,0,0,0,4,0.0,,0,0,,,yellow
uuid-2569-2010,2569,2026-03-09,2026-03-15,100.0,100.0,0,2,0,4,0.0,,0,0,,,green
uuid-2569-2011,2569,2026-03-09,2026-03-15,100.0,50.0,0,1,0,2,0.0,,0,0,,,green
uuid-2569-2012,2569,2026-03-09,2026-03-15,,,0,0,0,3,0.0,,0,0,,,green
uuid-2569-2013,2569,2026-03-09,2026-03-15,66.66666666666667,50.0,0,0,0,3,0.0,,0,0,,,yellow
uuid-2569-2014,2569,2026-03-09,2026-03-15,25.0,62.5,0,0,0,4,0.0,,0,0,,,orange
uuid-2569-2015,2569,2026-03-09,2026-03-15,66.66666666666667,66.66666666666667,0,0,0,3,0.0,,0,0,,,yellow
uuid-2569-2016,2569,2026-03-09,2026-03-15,50.0,50.0,0,0,0,4,0.0,,0,0,,,yellow
uuid-2569-2017,2569,2026-03-09,2026-03-15,75.0,75.0,0,2,0,4,0.0,,0,0,,,green
uuid-2569-2018,2569,2026-03-09,2026-03-15,25.0,25.0,0,0,0,4,0.0,,0,0,,,orange
uuid-2569-2019,2569,2026-03-09,2026-03-15,100.0,87.5,0,2,0,4,0.0,,0,0,,,green
uuid-2569-2020,2569,2026-03-09,2026-03-15,100.0,87.5,0,2,0,4,0.0,,0,0,,,green
uuid-2569-2021,2569,2026-03-09,2026-03-15,100.0,87.5,0,2,0,4,0.0,,0,0,,,green
uuid-2569-2022,2569,2026-03-09,2026-03-15,100.0,83.33333333333333,0,1,0,3,0.0,,0,0,,,green
uuid-2569-2023,2569,2026-03-09,2026-03-15,25.0,50.0,0,0,0,4,0.0,,0,0,,,orange
uuid-2569-2024,2569,2026-03-09,2026-03-15,100.0,100.0,0,2,0,2,0.0,,0,0,,,green
uuid-2569-2025,2569,2026-03-09,2026-03-15,66.66666666666667,66.66666666666667,0,0,0,3,0.0,,0,0,,,yellow
uuid-2569-2026,2569,2026-03-09,2026-03-15,100.0,100.0,0,2,0,4,0.0,,0,0,,,green
uuid-2569-2027,2569,2026-03-09,2026-03-15,,,0,0,0,4,0.0,,0,0,,,green
uuid-2569-2028,2569,2026-03-09,2026-03-15,50.0,50.0,0,0,0,4,0.0,,0,0,,,yellow
uuid-2569-2029,2569,2026-03-09,2026-03-15,50.0,50.0,0,0,0,2,0.0,,0,0,,,yellow
uuid-2569-2030,2569,2026-03-09,2026-03-15,,,0,0,0,4,0.0,,0,0,,,green
uuid-2569-2031,2569,2026-03-09,2026-03-15,75.0,62.5,0,1,0,4,0.0,,0,0,,,green
uuid-2569-2032,2569,2026-03-09,2026-03-15,,,0,0,0,3,0.0,,0,0,,,green
uuid-2569-2033,2569,2026-03-09,2026-03-15,100.0,100.0,0,2,0,2,0.0,,0,0,,,green
uuid-2569-2034,2569,2026-03-09,2026-03-15,,,0,0,0,4,0.0,,0,0,,,green
uuid-2569-2035,2569,2026-03-09,2026-03-15,,,0,0,0,3,0.0,,0,0,,,green
uuid-2569-2036,2569,2026-03-09,2026-03-15,100.0,100.0,0,2,0,2,0.0,,0,0,,,green
uuid-2569-2037,2569,2026-03-09,2026-03-15,75.0,87.5,0,2,0,4,0.0,,0,0,,,green
uuid-2569-2038,2569,2026-03-09,2026-03-15,100.0,100.0,0,2,0,3,0.0,,0,0,,,green
uuid-2569-2039,2569,2026-03-09,2026-03-15,25.0,50.0,0,0,0,4,0.0,,0,0,,,orange
uuid-2569-2040,2569,2026-03-09,2026-03-15,,,0,0,0,4,0.0,,0,0,,,green
uuid-2569-2041,2569,2026-03-09,2026-03-15,25.0,37.5,0,0,0,4,0.0,,0,0,,,orange
uuid-2569-2042,2569,2026-03-09,2026-03-15,,,0,0,0,4,0.0,,0,0,,,green
uuid-2569-2043,2569,2026-03-09,2026-03-15,,,0,0,0,4,0.0,,0,0,,,green
uuid-2569-2044,2569,2026-03-09,2026-03-15,75.0,62.5,0,1,0,4,0.0,,0,0,,,green
uuid-2569-2045,2569,2026-03-09,2026-03-15,,,0,0,0,4,0.0,,0,0,,,green
uuid-2569-2046,2569,2026-03-09,2026-03-15,,,0,0,0,4,0.0,,0,0,,,green
uuid-2569-2047,2569,2026-03-09,2026-03-15,100.0,100.0,0,2,0,4,0.0,,0,0,,,green
uuid-2569-2048,2569,2026-03-09,2026-03-15,100.0,100.0,0,2,0,4,0.0,,0,0,,,green
uuid-2569-2049,2569,2026-03-09,2026-03-15,75.0,62.5,0,1,0,4,0.0,,0,0,,,green
uuid-2569-2050,2569,2026-03-09,2026-03-15,,,0,0,0,4,0.0,,0,0,,,green
uuid-2569-2051,2569,2026-03-09,2026-03-15,,,0,0,0,4,0.0,,0,0,,,green
uuid-2569-2052,2569,2026-03-09,2026-03-15,,,0,0,0,2,0.0,,0,0,,,green
uuid-2569-2053,2569,2026-03-09,2026-03-15,100.0,100.0,0,2,0,4,0.0,,0,0,,,green
uuid-2569-2054,2569,2026-03-09,2026-03-15,25.0,50.0,0,0,0,4,0.0,,0,0,,,orange
uuid-2569-2055,2569,2026-03-09,2026-03-15,100.0,100.0,0,2,0,4,0.0,,0,0,,,green
uuid-2569-2056,2569,2026-03-09,2026-03-15,,,0,0,0,4,0.0,,0,0,,,green
uuid-2569-2057,2569,2026-03-09,2026-03-15,,,0,0,0,4,0.0,,0,0,,,green
uuid-2569-2058,2569,2026-03-09,2026-03-15,,,0,0,0,4,0.0,,0,0,,,green
uuid-2569-2059,2569,2026-03-09,2026-03-15,100.0,100.0,0,2,0,2,0.0,,0,0,,,green
uuid-2569-2060,2569,2026-03-09,2026-03-15,100.0,75.0,0,1,0,4,0.0,,0,0,,,green
uuid-2569-2061,2569,2026-03-09,2026-03-15,50.0,50.0,0,0,0,4,0.0,,0,0,,,yellow
uuid-2569-2062,2569,2026-03-09,2026-03-15,100.0,100.0,0,2,0,3,0.0,,0,0,,,green
uuid-2569-2063,2569,2026-03-09,2026-03-15,25.0,62.5,0,0,0,4,0.0,,0,0,,,orange
uuid-2569-2064,2569,2026-03-09,2026-03-15,,,0,0,0,4,0.0,,0,0,,,green
uuid-2569-2065,2569,2026-03-09,2026-03-15,66.66666666666667,83.33333333333333,0,0,0,3,0.0,,0,0,,,yellow
uuid-2569-2066,2569,2026-03-09,2026-03-15,,,0,0,0,4,0.0,,0,0,,,green
uuid-2569-2067,2569,2026-03-09,2026-03-15,66.66666666666667,83.33333333333333,0,0,0,3,0.0,,0,0,,,yellow
uuid-2569-2068,2569,2026-03-09,2026-03-15,25.0,37.5,0,0,0,4,0.0,,0,0,,,orange
uuid-2569-2069,2569,2026-03-09,2026-03-15,,,0,0,0,2,0.0,,0,0,,,green
uuid-2569-2070,2569,2026-03-09,2026-03-15,75.0,62.5,0,1,0,4,0.0,,0,0,,,green
uuid-2569-2071,2569,2026-03-09,2026-03-15,75.0,62.5,0,1,0,4,0.0,,0,0,,,green
uuid-2569-2072,2569,2026-03-09,2026-03-15,0.0,50.0,1,0,0,2,0.0,,0,0,,,red
uuid-2569-2073,2569,2026-03-09,2026-03-15,,,0,0,0,4,0.0,,0,0,,,green
uuid-2569-2074,2569,2026-03-09,2026-03-15,100.0,100.0,0,2,0,2,0.0,,0,0,,,green
uuid-2569-2075,2569,2026-03-09,2026-03-15,100.0,100.0,0,2,0,4,0.0,,0,0,,,green
uuid-2569-2076,2569,2026-03-09,2026-03-15,75.0,62.5,0,1,0,4,0.0,,0,0,,,green
uuid-2569-2077,2569,2026-03-09,2026-03-15,100.0,100.0,0,2,0,4,0.0,,0,0,,,green
uuid-2569-2078,2569,2026-03-09,2026-03-15,100.0,75.0,0,1,0,4,0.0,,0,0,,,green
uuid-2569-2079,2569,2026-03-09,2026-03-15,75.0,87.5,0,2,0,4,0.0,,0,0,,,green
uuid-2569-2080,2569,2026-03-09,2026-03-15,50.0,75.0,0,0,0,4,0.0,,0,0,,,yellow
uuid-2569-2081,2569,2026-03-09,2026-03-15,50.0,75.0,0,0,0,4,0.0,,0,0,,,yellow
uuid-2569-2082,2569,2026-03-09,2026-03-15,100.0,75.0,0,1,0,2,0.0,,0,0,,,green
uuid-2569-2083,2569,2026-03-09,2026-03-15,75.0,75.0,0,2,0,4,0.0,,0,0,,,green
uuid-2569-2084,2569,2026-03-09,2026-03-15,100.0,100.0,0,2,0,4,0.0,,0,0,,,green
uuid-2569-2085,2569,2026-03-09,2026-03-15,75.0,87.5,0,2,0,4,0.0,,0,0,,,green
uuid-2569-2086,2569,2026-03-09,2026-03-15,50.0,75.0,0,0,0,4,0.0,,0,0,,,yellow
uuid-2569-2087,2569,2026-03-09,2026-03-15,100.0,100.0,0,2,0,4,0.0,,0,0,,,green
uuid-2569-2088,2569,2026-03-09,2026-03-15,0.0,0.0,2,0,0,2,0.0,,0,0,,,red
uuid-2569-2089,2569,2026-03-09,2026-03-15,100.0,100.0,0,2,0,2,0.0,,0,0,,,green
uuid-2569-2090,2569,2026-03-09,2026-03-15,50.0,62.5,0,0,0,4,0.0,,0,0,,,yellow
uuid-2569-2091,2569,2026-03-09,2026-03-15,100.0,100.0,0,2,0,2,0.0,,0,0,,,green
uuid-2569-2092,2569,2026-03-09,2026-03-15,,,0,0,0,4,0.0,,0,0,,,green
uuid-2569-2093,2569,2026-03-09,2026-03-15,66.66666666666667,66.66666666666667,0,0,0,3,0.0,,0,0,,,yellow
uuid-2569-2094,2569,2026-03-09,2026-03-15,,,0,0,0,4,0.0,,0,0,,,green
uuid-2569-2095,2569,2026-03-09,2026-03-15,100.0,75.0,0,1,0,2,0.0,,0,0,,,green
uuid-2569-2096,2569,2026-03-09,2026-03-15,100.0,100.0,0,2,0,2,0.0,,0,0,,,green
uuid-2569-2097,2569,2026-03-09,2026-03-15,66.66666666666667,66.66666666666667,0,0,0,3,0.0,,0,0,,,yellow
uuid-2569-2098,2569,2026-03-09,2026-03-15,100.0,75.0,0,1,0,4,0.0,,0,0,,,green
uuid-2569-2099,2569,2026-03-09,2026-03-15,75.0,62.5,0,1,0,4,0.0,,0,0,,,green
uuid-2569-2100,2569,2026-03-09,2026-03-15,,,0,0,0,4,0.0,,0,0,,,green
uuid-2569-2101,2569,2026-03-09,2026-03-15,50.0,75.0,0,0,0,2,0.0,,0,0,,,yellow
uuid-2569-2102,2569,2026-03-09,2026-03-15,50.0,50.0,0,0,0,2,0.0,,0,0,,,yellow
uuid-2569-2103,2569,2026-03-09,2026-03-15,100.0,100.0,0,2,0,4,0.0,,0,0,,,green
uuid-2569-2104,2569,2026-03-09,2026-03-15,75.0,62.5,0,1,0,4,0.0,,0,0,,,green
uuid-2569-2105,2569,2026-03-09,2026-03-15,50.0,25.0,0,0,0,4,0.0,,0,0,,,yellow
uuid-2569-2106,2569,2026-03-09,2026-03-15,50.0,75.0,0,0,0,4,0.0,,0,0,,,yellow
uuid-2569-2107,2569,2026-03-09,2026-03-15,,,0,0,0,4,0.0,,0,0,,,green
uuid-2569-2108,2569,2026-03-09,2026-03-15,25.0,50.0,0,0,0,4,0.0,,0,0,,,orange
uuid-2569-2109,2569,2026-03-09,2026-03-15,100.0,100.0,0,2,0,4,0.0,,0,0,,,green
uuid-2569-2110,2569,2026-03-09,2026-03-15,100.0,87.5,0,2,0,4,0.0,,0,0,,,green
uuid-2569-2111,2569,2026-03-09,2026-03-15,75.0,87.5,0,2,0,4,0.0,,0,0,,,green
uuid-2569-2112,2569,2026-03-09,2026-03-15,100.0,87.5,0,2,0,4,0.0,,0,0,,,green
uuid-2569-2113,2569,2026-03-09,2026-03-15,66.66666666666667,83.33333333333333,0,0,0,3,0.0,,0,0,,,yellow
uuid-2569-2114,2569,2026-03-09,2026-03-15,75.0,75.0,0,2,0,4,0.0,,0,0,,,green
uuid-2569-2115,2569,2026-03-09,2026-03-15,75.0,50.0,0,1,0,4,0.0,,0,0,,,green
uuid-2569-2116,2569,2026-03-09,2026-03-15,,,0,0,0,4,0.0,,0,0,,,green
uuid-2569-2117,2569,2026-03-09,2026-03-15,,,0,0,0,3,0.0,,0,0,,,green
uuid-2569-2118,2569,2026-03-09,2026-03-15,66.66666666666667,66.66666666666667,0,0,0,3,0.0,,0,0,,,yellow
uuid-2569-2119,2569,2026-03-09,2026-03-15,100.0,100.0,0,2,0,4,0.0,,0,0,,,green
uuid-2569-2120,2569,2026-03-09,2026-03-15,75.0,62.5,0,1,0,4,0.0,,0,0,,,green
uuid-2569-2121,2569,2026-03-09,2026-03-15,,,0,0,0,4,0.0,,0,0,,,green
uuid-2569-2122,2569,2026-03-09,2026-03-15,50.0,62.5,0,0,0,4,0.0,,0,0,,,yellow
uuid-2569-2123,2569,2026-03-09,2026-03-15,75.0,87.5,0,2,0,4,0.0,,0,0,,,green
uuid-2569-2124,2569,2026-03-09,2026-03-15,100.0,87.5,0,2,0,4,0.0,,0,0,,,green
uuid-2569-2125,2569,2026-03-09,2026-03-15,75.0,75.0,0,2,0,4,0.0,,0,0,,,green
uuid-2569-2126,2569,2026-03-09,2026-03-15,0.0,12.5,1,0,0,4,0.0,,0,0,,,red
uuid-2569-2127,2569,2026-03-09,2026-03-15,,,0,0,0,4,0.0,,0,0,,,green
uuid-2569-2128,2569,2026-03-09,2026-03-15,,,0,0,0,3,0.0,,0,0,,,green
uuid-2569-2129,2569,2026-03-09,2026-03-15,,,0,0,0,3,0.0,,0,0,,,green
uuid-2569-2130,2569,2026-03-09,2026-03-15,,,0,0,0,4,0.0,,0,0,,,green
uuid-2569-2131,2569,2026-03-09,2026-03-15,100.0,66.66666666666667,0,1,0,3,0.0,,0,0,,,green
uuid-2569-2132,2569,2026-03-09,2026-03-15,100.0,75.0,0,1,0,2,0.0,,0,0,,,green
uuid-2569-2133,2569,2026-03-09,2026-03-15,100.0,87.5,0,2,0,4,0.0,,0,0,,,green
uuid-2569-2134,2569,2026-03-09,2026-03-15,100.0,50.0,0,1,0,2,0.0,,0,0,,,green
uuid-2569-2135,2569,2026-03-09,2026-03-15,75.0,62.5,0,1,0,4,0.0,,0,0,,,green
uuid-2569-2136,2569,2026-03-09,2026-03-15,75.0,75.0,0,2,0,4,0.0,,0,0,,,green
uuid-2569-2137,2569,2026-03-09,2026-03-15,100.0,100.0,0,2,0,4,0.0,,0,0,,,green
uuid-2569-2138,2569,2026-03-09,2026-03-15,75.0,75.0,0,2,0,4,0.0,,0,0,,,green
uuid-2569-2139,2569,2026-03-09,2026-03-15,,,0,0,0,3,0.0,,0,0,,,green
uuid-2569-2140,2569,2026-03-09,2026-03-15,50.0,75.0,0,0,0,2,0.0,,0,0,,,yellow
uuid-2569-2141,2569,2026-03-09,2026-03-15,,,0,0,0,4,0.0,,0,0,,,green
uuid-2569-2142,2569,2026-03-09,2026-03-15,,,0,0,0,4,0.0,,0,0,,,green
uuid-2569-2143,2569,2026-03-09,2026-03-15,100.0,100.0,0,2,0,2,0.0,,0,0,,,green
uuid-2569-2144,2569,2026-03-09,2026-03-15,,,0,0,0,3,0.0,,0,0,,,green
uuid-2569-2145,2569,2026-03-09,2026-03-15,75.0,87.5,0,2,0,4,0.0,,0,0,,,green
uuid-2569-2146,2569,2026-03-09,2026-03-15,100.0,100.0,0,2,0,3,0.0,,0,0,,,green
uuid-2569-2147,2569,2026-03-09,2026-03-15,,,0,0,0,4,0.0,,0,0,,,green
uuid-2569-2148,2569,2026-03-09,2026-03-15,,,0,0,0,4,0.0,,0,0,,,green
uuid-2569-2149,2569,2026-03-09,2026-03-15,50.0,75.0,0,0,0,2,0.0,,0,0,,,yellow
uuid-2569-2150,2569,2026-03-09,2026-03-15,,,0,0,0,4,0.0,,0,0,,,green
uuid-2569-2001,2569,2026-03-16,2026-03-22,100.0,83.33333333333333,0,1,2,4,50.0,89.19999999999999,0,0,,,green
uuid-2569-2002,2569,2026-03-16,2026-03-22,50.0,50.0,0,0,1,8,12.5,47.2,0,0,,,yellow
uuid-2569-2003,2569,2026-03-16,2026-03-22,75.0,58.333333333333336,0,2,1,8,12.5,66.1,0,0,,,green
uuid-2569-2004,2569,2026-03-16,2026-03-22,50.0,75.0,0,0,2,8,25.0,68.5,0,0,,,yellow
uuid-2569-2005,2569,2026-03-16,2026-03-22,,,0,0,0,8,0.0,,0,0,,,green
uuid-2569-2006,2569,2026-03-16,2026-03-22,25.0,58.333333333333336,0,0,2,8,25.0,82.9,0,0,,,orange
uuid-2569-2007,2569,2026-03-16,2026-03-22,,,0,0,0,6,0.0,,0,0,,,green
uuid-2569-2008,2569,2026-03-16,2026-03-22,,,0,0,0,8,0.0,,0,0,,,green
uuid-2569-2009,2569,2026-03-16,2026-03-22,25.0,58.333333333333336,0,0,3,8,37.5,70.9,0,0,,,orange
uuid-2569-2010,2569,2026-03-16,2026-03-22,75.0,91.66666666666667,0,3,3,8,37.5,87.60000000000001,0,0,,,green
uuid-2569-2011,2569,2026-03-16,2026-03-22,100.0,66.66666666666667,0,2,2,4,50.0,79.55000000000001,0,0,,,green
uuid-2569-2012,2569,2026-03-16,2026-03-22,,,0,0,0,6,0.0,,0,0,,,green
uuid-2569-2013,2569,2026-03-16,2026-03-22,33.333333333333336,44.44444444444444,0,0,3,6,50.0,68.83333333333333,0,0,,,orange
uuid-2569-2014,2569,2026-03-16,2026-03-22,75.0,66.66666666666667,0,1,2,8,25.0,59.7,0,0,,,green
uuid-2569-2015,2569,2026-03-16,2026-03-22,33.333333333333336,55.55555555555556,0,0,2,6,33.333333333333336,59.95,0,0,,,orange
uuid-2569-2016,2569,2026-03-16,2026-03-22,50.0,50.0,0,0,3,8,37.5,87.89999999999999,0,0,,,yellow
uuid-2569-2017,2569,2026-03-16,2026-03-22,25.0,58.333333333333336,0,0,1,8,12.5,62.9,0,0,,,orange
uuid-2569-2018,2569,2026-03-16,2026-03-22,25.0,25.0,0,0,3,8,37.5,63.76666666666667,0,0,,,orange
uuid-2569-2019,2569,2026-03-16,2026-03-22,100.0,91.66666666666667,0,3,2,8,25.0,76.4,0,0,,,green
uuid-2569-2020,2569,2026-03-16,2026-03-22,100.0,91.66666666666667,0,3,4,8,50.0,81.275,0,0,,,green
uuid-2569-2021,2569,2026-03-16,2026-03-22,75.0,83.33333333333333,0,3,2,8,25.0,73.6,0,0,,,green
uuid-2569-2022,2569,2026-03-16,2026-03-22,100.0,88.88888888888889,0,2,1,6,16.666666666666668,79.5,0,0,,,green
uuid-2569-2023,2569,2026-03-16,2026-03-22,50.0,50.0,0,0,4,8,50.0,60.175,0,0,,,yellow
uuid-2569-2024,2569,2026-03-16,2026-03-22,100.0,100.0,0,3,2,4,50.0,78.9,0,0,,,green
uuid-2569-2025,2569,2026-03-16,2026-03-22,33.333333333333336,55.55555555555556,0,0,1,6,16.666666666666668,71.6,0,0,,,orange
uuid-2569-2026,2569,2026-03-16,2026-03-22,100.0,100.0,0,3,1,8,12.5,76.2,0,0,,,green
uuid-2569-2027,2569,2026-03-16,2026-03-22,,,0,0,0,8,0.0,,0,0,,,green
uuid-2569-2028,2569,2026-03-16,2026-03-22,75.0,58.333333333333336,0,1,2,8,25.0,73.75,0,0,,,green
uuid-2569-2029,2569,2026-03-16,2026-03-22,100.0,66.66666666666667,0,1,2,4,50.0,81.44999999999999,0,0,,,green
uuid-2569-2030,2569,2026-03-16,2026-03-22,,,0,0,0,8,0.0,,0,0,,,green
uuid-2569-2031,2569,2026-03-16,2026-03-22,100.0,75.0,0,2,3,8,37.5,94.86666666666667,0,0,,,green
uuid-2569-2032,2569,2026-03-16,2026-03-22,,,0,0,0,6,0.0,,0,0,,,green
uuid-2569-2033,2569,2026-03-16,2026-03-22,50.0,83.33333333333333,0,0,2,4,50.0,87.9,0,0,,,yellow
uuid-2569-2034,2569,2026-03-16,2026-03-22,,,0,0,0,8,0.0,,0,0,,,green
uuid-2569-2035,2569,2026-03-16,2026-03-22,,,0,0,0,6,0.0,,0,0,,,green
uuid-2569-2036,2569,2026-03-16,2026-03-22,100.0,100.0,0,3,1,4,25.0,87.1,0,0,,,green
uuid-2569-2037,2569,2026-03-16,2026-03-22,100.0,91.66666666666667,0,3,4,8,50.0,90.30000000000001,0,0,,,green
uuid-2569-2038,2569,2026-03-16,2026-03-22,100.0,100.0,0,3,2,6,33.333333333333336,79.6,0,0,,,green
uuid-2569-2039,2569,2026-03-16,2026-03-22,75.0,58.333333333333336,0,1,1,8,12.5,63.2,0,0,,,green
uuid-2569-2040,2569,2026-03-16,2026-03-22,,,0,0,0,8,0.0,,0,0,,,green
uuid-2569-2041,2569,2026-03-16,2026-03-22,75.0,50.0,0,1,3,8,37.5,53.43333333333334,0,0,,,green
uuid-2569-2042,2569,2026-03-16,2026-03-22,,,0,0,0,8,0.0,,0,0,,,green
uuid-2569-2043,2569,2026-03-16,2026-03-22,,,0,0,0,8,0.0,,0,0,,,green
uuid-2569-2044,2569,2026-03-16,2026-03-22,75.0,66.66666666666667,0,2,2,8,25.0,85.9,0,0,,,green
uuid-2569-2045,2569,2026-03-16,2026-03-22,,,0,0,0,8,0.0,,0,0,,,green
uuid-2569-2046,2569,2026-03-16,2026-03-22,,,0,0,0,8,0.0,,0,0,,,green
uuid-2569-2047,2569,2026-03-16,2026-03-22,75.0,91.66666666666667,0,3,4,8,50.0,85.72500000000001,0,0,,,green
uuid-2569-2048,2569,2026-03-16,2026-03-22,100.0,100.0,0,3,2,8,25.0,80.9,0,0,,,green
uuid-2569-2049,2569,2026-03-16,2026-03-22,50.0,58.333333333333336,0,0,2,8,25.0,68.69999999999999,0,0,,,yellow
uuid-2569-2050,2569,2026-03-16,2026-03-22,,,0,0,0,8,0.0,,0,0,,,green
uuid-2569-2051,2569,2026-03-16,2026-03-22,,,0,0,0,8,0.0,,0,0,,,green
uuid-2569-2052,2569,2026-03-16,2026-03-22,,,0,0,0,4,0.0,,0,0,,,green
uuid-2569-2053,2569,2026-03-16,2026-03-22,50.0,83.33333333333333,0,0,4,8,50.0,86.95,0,0,,,yellow
uuid-2569-2054,2569,2026-03-16,2026-03-22,25.0,41.666666666666664,0,0,1,8,12.5,49.7,0,0,,,orange
uuid-2569-2055,2569,2026-03-16,2026-03-22,75.0,91.66666666666667,0,3,3,8,37.5,79.16666666666667,0,0,,,green
uuid-2569-2056,2569,2026-03-16,2026-03-22,,,0,0,0,8,0.0,,0,0,,,green
uuid-2569-2057,2569,2026-03-16,2026-03-22,,,0,0,0,8,0.0,,0,0,,,green
uuid-2569-2058,2569,2026-03-16,2026-03-22,,,0,0,0,8,0.0,,0,0,,,green
uuid-2569-2059,2569,2026-03-16,2026-03-22,100.0,100.0,0,3,2,4,50.0,90.1,0,0,,,green
uuid-2569-2060,2569,2026-03-16,2026-03-22,100.0,83.33333333333333,0,2,4,8,50.0,91.625,0,0,,,green
uuid-2569-2061,2569,2026-03-16,2026-03-22,50.0,50.0,0,0,2,8,25.0,82.5,0,0,,,yellow
uuid-2569-2062,2569,2026-03-16,2026-03-22,100.0,100.0,0,3,3,6,50.0,92.03333333333335,0,0,,,green
uuid-2569-2063,2569,2026-03-16,2026-03-22,75.0,66.66666666666667,0,1,0,8,0.0,,0,0,,,green
uuid-2569-2064,2569,2026-03-16,2026-03-22,,,0,0,0,8,0.0,,0,0,,,green
uuid-2569-2065,2569,2026-03-16,2026-03-22,100.0,88.88888888888889,0,1,2,6,33.333333333333336,84.55,0,0,,,green
uuid-2569-2066,2569,2026-03-16,2026-03-22,,,0,0,0,8,0.0,,0,0,,,green
uuid-2569-2067,2569,2026-03-16,2026-03-22,100.0,88.88888888888889,0,1,3,6,50.0,82.73333333333333,0,0,,,green
uuid-2569-2068,2569,2026-03-16,2026-03-22,25.0,33.333333333333336,0,0,2,8,25.0,75.65,0,0,,,orange
uuid-2569-2069,2569,2026-03-16,2026-03-22,,,0,0,0,4,0.0,,0,0,,,green
uuid-2569-2070,2569,2026-03-16,2026-03-22,100.0,75.0,0,2,2,8,25.0,85.1,0,0,,,green
uuid-2569-2071,2569,2026-03-16,2026-03-22,75.0,66.66666666666667,0,2,2,8,25.0,68.35,0,0,,,green
uuid-2569-2072,2569,2026-03-16,2026-03-22,100.0,66.66666666666667,0,1,2,4,50.0,89.7,0,0,,,green
uuid-2569-2073,2569,2026-03-16,2026-03-22,,,0,0,0,8,0.0,,0,0,,,green
uuid-2569-2074,2569,2026-03-16,2026-03-22,100.0,100.0,0,3,2,4,50.0,75.2,0,0,,,green
uuid-2569-2075,2569,2026-03-16,2026-03-22,75.0,91.66666666666667,0,3,2,8,25.0,94.05000000000001,0,0,,,green
uuid-2569-2076,2569,2026-03-16,2026-03-22,75.0,66.66666666666667,0,2,4,8,50.0,61.5,0,0,,,green
uuid-2569-2077,2569,2026-03-16,2026-03-22,100.0,100.0,0,3,4,8,50.0,87.77499999999999,0,0,,,green
uuid-2569-2078,2569,2026-03-16,2026-03-22,75.0,75.0,0,2,3,8,37.5,85.8,0,0,,,green
uuid-2569-2079,2569,2026-03-16,2026-03-22,100.0,91.66666666666667,0,3,4,8,50.0,90.375,0,0,,,green
uuid-2569-2080,2569,2026-03-16,2026-03-22,75.0,75.0,0,1,3,8,37.5,86.26666666666667,0,0,,,green
uuid-2569-2081,2569,2026-03-16,2026-03-22,50.0,66.66666666666667,0,0,3,8,37.5,89.8,0,0,,,yellow
uuid-2569-2082,2569,2026-03-16,2026-03-22,50.0,66.66666666666667,0,0,1,4,25.0,56.6,0,0,,,yellow
uuid-2569-2083,2569,2026-03-16,2026-03-22,50.0,66.66666666666667,0,0,3,8,37.5,79.3,0,0,,,yellow
uuid-2569-2084,2569,2026-03-16,2026-03-22,100.0,100.0,0,3,3,8,37.5,87.89999999999999,0,0,,,green
uuid-2569-2085,2569,2026-03-16,2026-03-22,100.0,91.66666666666667,0,3,3,8,37.5,91.43333333333334,0,0,,,green
uuid-2569-2086,2569,2026-03-16,2026-03-22,75.0,75.0,0,1,3,8,37.5,81.0,0,0,,,green
uuid-2569-2087,2569,2026-03-16,2026-03-22,100.0,100.0,0,3,3,8,37.5,91.53333333333335,0,0,,,green
uuid-2569-2088,2569,2026-03-16,2026-03-22,0.0,0.0,3,0,0,4,0.0,,0,0,,,red
uuid-2569-2089,2569,2026-03-16,2026-03-22,100.0,100.0,0,3,0,4,0.0,,0,0,,,green
uuid-2569-2090,2569,2026-03-16,2026-03-22,75.0,66.66666666666667,0,1,3,8,37.5,73.53333333333333,0,0,,,green
uuid-2569-2091,2569,2026-03-16,2026-03-22,100.0,100.0,0,3,2,4,50.0,83.1,0,0,,,green
uuid-2569-2092,2569,2026-03-16,2026-03-22,,,0,0,0,8,0.0,,0,0,,,green
uuid-2569-2093,2569,2026-03-16,2026-03-22,0.0,44.44444444444444,0,0,2,6,33.333333333333336,71.45,0,0,,,red
uuid-2569-2094,2569,2026-03-16,2026-03-22,,,0,0,0,8,0.0,,0,0,,,green
uuid-2569-2095,2569,2026-03-16,2026-03-22,100.0,83.33333333333333,0,2,2,4,50.0,88.5,0,0,,,green
uuid-2569-2096,2569,2026-03-16,2026-03-22,100.0,100.0,0,3,0,4,0.0,,0,0,,,green
uuid-2569-2097,2569,2026-03-16,2026-03-22,33.333333333333336,55.55555555555556,0,0,2,6,33.333333333333336,66.0,0,0,,,orange
uuid-2569-2098,2569,2026-03-16,2026-03-22,100.0,83.33333333333333,0,2,2,8,25.0,74.6,0,0,,,green
uuid-2569-2099,2569,2026-03-16,2026-03-22,50.0,58.333333333333336,0,0,0,8,0.0,,0,0,,,yellow
uuid-2569-2100,2569,2026-03-16,2026-03-22,,,0,0,0,8,0.0,,0,0,,,green
uuid-2569-2101,2569,2026-03-16,2026-03-22,100.0,83.33333333333333,0,1,0,4,0.0,,0,0,,,green
uuid-2569-2102,2569,2026-03-16,2026-03-22,100.0,66.66666666666667,0,1,2,4,50.0,68.75,0,0,,,green
uuid-2569-2103,2569,2026-03-16,2026-03-22,75.0,91.66666666666667,0,3,2,8,25.0,76.3,0,0,,,green
uuid-2569-2104,2569,2026-03-16,2026-03-22,25.0,50.0,0,0,4,8,50.0,70.5,0,0,,,orange
uuid-2569-2105,2569,2026-03-16,2026-03-22,0.0,16.666666666666668,0,0,2,8,25.0,66.2,0,0,,,red
uuid-2569-2106,2569,2026-03-16,2026-03-22,75.0,75.0,0,1,2,8,25.0,69.8,0,0,,,green
uuid-2569-2107,2569,2026-03-16,2026-03-22,,,0,0,0,8,0.0,,0,0,,,green
uuid-2569-2108,2569,2026-03-16,2026-03-22,50.0,50.0,0,0,4,8,50.0,86.42500000000001,0,0,,,yellow
uuid-2569-2109,2569,2026-03-16,2026-03-22,75.0,91.66666666666667,0,3,3,8,37.5,82.03333333333335,0,0,,,green
uuid-2569-2110,2569,2026-03-16,2026-03-22,100.0,91.66666666666667,0,3,4,8,50.0,91.475,0,0,,,green
uuid-2569-2111,2569,2026-03-16,2026-03-22,75.0,83.33333333333333,0,3,3,8,37.5,70.53333333333333,0,0,,,green
uuid-2569-2112,2569,2026-03-16,2026-03-22,100.0,91.66666666666667,0,3,2,8,25.0,80.30000000000001,0,0,,,green
uuid-2569-2113,2569,2026-03-16,2026-03-22,100.0,88.88888888888889,0,1,3,6,50.0,77.53333333333335,0,0,,,green
uuid-2569-2114,2569,2026-03-16,2026-03-22,75.0,75.0,0,3,1,8,12.5,67.4,0,0,,,green
uuid-2569-2115,2569,2026-03-16,2026-03-22,75.0,58.333333333333336,0,2,4,8,50.0,59.12500000000001,0,0,,,green
uuid-2569-2116,2569,2026-03-16,2026-03-22,,,0,0,0,8,0.0,,0,0,,,green
uuid-2569-2117,2569,2026-03-16,2026-03-22,,,0,0,0,6,0.0,,0,0,,,green
uuid-2569-2118,2569,2026-03-16,2026-03-22,100.0,77.77777777777777,0,1,1,6,16.666666666666668,97.4,0,0,,,green
uuid-2569-2119,2569,2026-03-16,2026-03-22,100.0,100.0,0,3,3,8,37.5,88.63333333333333,0,0,,,green
uuid-2569-2120,2569,2026-03-16,2026-03-22,75.0,66.66666666666667,0,2,1,8,12.5,51.2,0,0,,,green
uuid-2569-2121,2569,2026-03-16,2026-03-22,,,0,0,0,8,0.0,,0,0,,,green
uuid-2569-2122,2569,2026-03-16,2026-03-22,100.0,75.0,0,1,2,8,25.0,80.35,0,0,,,green
uuid-2569-2123,2569,2026-03-16,2026-03-22,75.0,83.33333333333333,0,3,4,8,50.0,87.075,0,0,,,green
uuid-2569-2124,2569,2026-03-16,2026-03-22,75.0,83.33333333333333,0,3,2,8,25.0,78.2,0,0,,,green
uuid-2569-2125,2569,2026-03-16,2026-03-22,100.0,83.33333333333333,0,3,3,8,37.5,72.30000000000001,0,0,,,green
uuid-2569-2126,2569,2026-03-16,2026-03-22,25.0,16.666666666666668,0,0,2,8,25.0,50.4,0,0,,,orange
uuid-2569-2127,2569,2026-03-16,2026-03-22,,,0,0,0,8,0.0,,0,0,,,green
uuid-2569-2128,2569,2026-03-16,2026-03-22,,,0,0,0,6,0.0,,0,0,,,green
uuid-2569-2129,2569,2026-03-16,2026-03-22,,,0,0,0,6,0.0,,0,0,,,green
uuid-2569-2130,2569,2026-03-16,2026-03-22,,,0,0,0,8,0.0,,0,0,,,green
uuid-2569-2131,2569,2026-03-16,2026-03-22,100.0,77.77777777777777,0,2,3,6,50.0,61.26666666666667,0,0,,,green
uuid-2569-2132,2569,2026-03-16,2026-03-22,100.0,83.33333333333333,0,2,2,4,50.0,68.8,0,0,,,green
uuid-2569-2133,2569,2026-03-16,2026-03-22,75.0,83.33333333333333,0,3,3,8,37.5,93.06666666666666,0,0,,,green
uuid-2569-2134,2569,2026-03-16,2026-03-22,0.0,33.333333333333336,0,0,2,4,50.0,77.25,0,0,,,red
uuid-2569-2135,2569,2026-03-16,2026-03-22,50.0,58.333333333333336,0,0,2,8,25.0,62.75,0,0,,,yellow
uuid-2569-2136,2569,2026-03-16,2026-03-22,25.0,58.333333333333336,0,0,3,8,37.5,77.33333333333333,0,0,,,orange
uuid-2569-2137,2569,2026-03-16,2026-03-22,100.0,100.0,0,3,4,8,50.0,87.35000000000001,0,0,,,green
uuid-2569-2138,2569,2026-03-16,2026-03-22,25.0,58.333333333333336,0,0,4,8,50.0,77.27499999999999,0,0,,,orange
uuid-2569-2139,2569,2026-03-16,2026-03-22,,,0,0,0,6,0.0,,0,0,,,green
uuid-2569-2140,2569,2026-03-16,2026-03-22,100.0,83.33333333333333,0,1,1,4,25.0,89.1,0,0,,,green
uuid-2569-2141,2569,2026-03-16,2026-03-22,,,0,0,0,8,0.0,,0,0,,,green
uuid-2569-2142,2569,2026-03-16,2026-03-22,,,0,0,0,8,0.0,,0,0,,,green
uuid-2569-2143,2569,2026-03-16,2026-03-22,100.0,100.0,0,3,1,4,25.0,63.8,0,0,,,green
uuid-2569-2144,2569,2026-03-16,2026-03-22,,,0,0,0,6,0.0,,0,0,,,green
uuid-2569-2145,2569,2026-03-16,2026-03-22,75.0,83.33333333333333,0,3,4,8,50.0,96.25,0,0,,,green
uuid-2569-2146,2569,2026-03-16,2026-03-22,100.0,100.0,0,3,2,6,33.333333333333336,80.5,0,0,,,green
uuid-2569-2147,2569,2026-03-16,2026-03-22,,,0,0,0,8,0.0,,0,0,,,green
uuid-2569-2148,2569,2026-03-16,2026-03-22,,,0,0,0,8,0.0,,0,0,,,green
uuid-2569-2149,2569,2026-03-16,2026-03-22,50.0,66.66666666666667,0,0,0,4,0.0,,0,0,,,yellow
uuid-2569-2150,2569,2026-03-16,2026-03-22,,,0,0,0,8,0.0,,0,0,,,green
uuid-2569-2001,2569,2026-03-23,2026-03-29,100.0,87.5,0,2,2,4,50.0,89.19999999999999,0,0,,,green
uuid-2569-2002,2569,2026-03-23,2026-03-29,25.0,43.75,0,0,1,8,12.5,47.2,0,0,,,orange
uuid-2569-2003,2569,2026-03-23,2026-03-29,75.0,62.5,0,3,1,8,12.5,66.1,0,0,,,green
uuid-2569-2004,2569,2026-03-23,2026-03-29,50.0,68.75,0,0,2,8,25.0,68.5,0,0,,,yellow
uuid-2569-2005,2569,2026-03-23,2026-03-29,,,0,0,0,8,0.0,,0,0,,,green
uuid-2569-2006,2569,2026-03-23,2026-03-29,0.0,43.75,1,0,2,8,25.0,82.9,0,0,,,red
uuid-2569-2007,2569,2026-03-23,2026-03-29,,,0,0,0,6,0.0,,0,0,,,green
uuid-2569-2008,2569,2026-03-23,2026-03-29,,,0,0,0,8,0.0,,0,0,,,green
uuid-2569-2009,2569,2026-03-23,2026-03-29,75.0,62.5,0,1,3,8,37.5,70.9,0,0,,,green
uuid-2569-2010,2569,2026-03-23,2026-03-29,100.0,93.75,0,4,3,8,37.5,87.60000000000001,0,0,,,green
uuid-2569-2011,2569,2026-03-23,2026-03-29,50.0,62.5,0,0,2,4,50.0,79.55000000000001,0,0,,,yellow
uuid-2569-2012,2569,2026-03-23,2026-03-29,,,0,0,0,6,0.0,,0,0,,,green
uuid-2569-2013,2569,2026-03-23,2026-03-29,33.333333333333336,41.666666666666664,0,0,3,6,50.0,68.83333333333333,0,0,,,orange
uuid-2569-2014,2569,2026-03-23,2026-03-29,50.0,62.5,0,0,2,8,25.0,59.7,0,0,,,yellow
uuid-2569-2015,2569,2026-03-23,2026-03-29,66.66666666666667,58.333333333333336,0,0,2,6,33.333333333333336,59.95,0,0,,,yellow
uuid-2569-2016,2569,2026-03-23,2026-03-29,100.0,62.5,0,1,3,8,37.5,87.89999999999999,0,0,,,green
uuid-2569-2017,2569,2026-03-23,2026-03-29,25.0,50.0,0,0,1,8,12.5,62.9,0,0,,,orange
uuid-2569-2018,2569,2026-03-23,2026-03-29,50.0,31.25,0,0,3,8,37.5,63.76666666666667,0,0,,,yellow
uuid-2569-2019,2569,2026-03-23,2026-03-29,100.0,93.75,0,4,2,8,25.0,76.4,0,0,,,green
uuid-2569-2020,2569,2026-03-23,2026-03-29,75.0,87.5,0,4,4,8,50.0,81.275,0,0,,,green
uuid-2569-2021,2569,2026-03-23,2026-03-29,25.0,68.75,0,0,2,8,25.0,73.6,0,0,,,orange
uuid-2569-2022,2569,2026-03-23,2026-03-29,100.0,91.66666666666667,0,3,1,6,16.666666666666668,79.5,0,0,,,green
uuid-2569-2023,2569,2026-03-23,2026-03-29,50.0,50.0,0,0,4,8,50.0,60.175,0,0,,,yellow
uuid-2569-2024,2569,2026-03-23,2026-03-29,0.0,75.0,1,0,2,4,50.0,78.9,0,0,,,red
uuid-2569-2025,2569,2026-03-23,2026-03-29,66.66666666666667,58.333333333333336,0,0,1,6,16.666666666666668,71.6,0,0,,,yellow
uuid-2569-2026,2569,2026-03-23,2026-03-29,100.0,100.0,0,4,1,8,12.5,76.2,0,0,,,green
uuid-2569-2027,2569,2026-03-23,2026-03-29,,,0,0,0,8,0.0,,0,0,,,green
uuid-2569-2028,2569,2026-03-23,2026-03-29,100.0,68.75,0,2,2,8,25.0,73.75,0,0,,,green
uuid-2569-2029,2569,2026-03-23,2026-03-29,50.0,62.5,0,0,2,4,50.0,81.44999999999999,0,0,,,yellow
uuid-2569-2030,2569,2026-03-23,2026-03-29,,,0,0,0,8,0.0,,0,0,,,green
uuid-2569-2031,2569,2026-03-23,2026-03-29,100.0,81.25,0,3,3,8,37.5,94.86666666666667,0,0,,,green
uuid-2569-2032,2569,2026-03-23,2026-03-29,,,0,0,0,6,0.0,,0,0,,,green
uuid-2569-2033,2569,2026-03-23,2026-03-29,100.0,87.5,0,1,2,4,50.0,87.9,0,0,,,green
uuid-2569-2034,2569,2026-03-23,2026-03-29,,,0,0,0,8,0.0,,0,0,,,green
uuid-2569-2035,2569,2026-03-23,2026-03-29,,,0,0,0,6,0.0,,0,0,,,green
uuid-2569-2036,2569,2026-03-23,2026-03-29,100.0,100.0,0,4,1,4,25.0,87.1,0,0,,,green
uuid-2569-2037,2569,2026-03-23,2026-03-29,100.0,93.75,0,4,4,8,50.0,90.30000000000001,0,0,,,green
uuid-2569-2038,2569,2026-03-23,2026-03-29,100.0,100.0,0,4,2,6,33.333333333333336,79.6,0,0,,,green
uuid-2569-2039,2569,2026-03-23,2026-03-29,75.0,62.5,0,2,1,8,12.5,63.2,0,0,,,green
uuid-2569-2040,2569,2026-03-23,2026-03-29,,,0,0,0,8,0.0,,0,0,,,green
uuid-2569-2041,2569,2026-03-23,2026-03-29,75.0,56.25,0,2,3,8,37.5,53.43333333333334,0,0,,,green
uuid-2569-2042,2569,2026-03-23,2026-03-29,,,0,0,0,8,0.0,,0,0,,,green
uuid-2569-2043,2569,2026-03-23,2026-03-29,,,0,0,0,8,0.0,,0,0,,,green
uuid-2569-2044,2569,2026-03-23,2026-03-29,25.0,56.25,0,0,2,8,25.0,85.9,0,0,,,orange
uuid-2569-2045,2569,2026-03-23,2026-03-29,,,0,0,0,8,0.0,,0,0,,,green
uuid-2569-2046,2569,2026-03-23,2026-03-29,,,0,0,0,8,0.0,,0,0,,,green
uuid-2569-2047,2569,2026-03-23,2026-03-29,100.0,93.75,0,4,4,8,50.0,85.72500000000001,0,0,,,green
uuid-2569-2048,2569,2026-03-23,2026-03-29,75.0,93.75,0,4,2,8,25.0,80.9,0,0,,,green
uuid-2569-2049,2569,2026-03-23,2026-03-29,75.0,62.5,0,1,2,8,25.0,68.69999999999999,0,0,,,green
uuid-2569-2050,2569,2026-03-23,2026-03-29,,,0,0,0,8,0.0,,0,0,,,green
uuid-2569-2051,2569,2026-03-23,2026-03-29,,,0,0,0,8,0.0,,0,0,,,green
uuid-2569-2052,2569,2026-03-23,2026-03-29,,,0,0,0,4,0.0,,0,0,,,green
uuid-2569-2053,2569,2026-03-23,2026-03-29,75.0,81.25,0,1,4,8,50.0,86.95,0,0,,,green
uuid-2569-2054,2569,2026-03-23,2026-03-29,25.0,37.5,0,0,1,8,12.5,49.7,0,0,,,orange
uuid-2569-2055,2569,2026-03-23,2026-03-29,75.0,87.5,0,4,3,8,37.5,79.16666666666667,0,0,,,green
uuid-2569-2056,2569,2026-03-23,2026-03-29,,,0,0,0,8,0.0,,0,0,,,green
uuid-2569-2057,2569,2026-03-23,2026-03-29,,,0,0,0,8,0.0,,0,0,,,green
uuid-2569-2058,2569,2026-03-23,2026-03-29,,,0,0,0,8,0.0,,0,0,,,green
uuid-2569-2059,2569,2026-03-23,2026-03-29,100.0,100.0,0,4,2,4,50.0,90.1,0,0,,,green
uuid-2569-2060,2569,2026-03-23,2026-03-29,100.0,87.5,0,3,4,8,50.0,91.625,0,0,,,green
uuid-2569-2061,2569,2026-03-23,2026-03-29,50.0,50.0,0,0,2,8,25.0,82.5,0,0,,,yellow
uuid-2569-2062,2569,2026-03-23,2026-03-29,100.0,100.0,0,4,3,6,50.0,92.03333333333335,0,0,,,green
uuid-2569-2063,2569,2026-03-23,2026-03-29,75.0,68.75,0,2,0,8,0.0,,0,0,,,green
uuid-2569-2064,2569,2026-03-23,2026-03-29,,,0,0,0,8,0.0,,0,0,,,green
uuid-2569-2065,2569,2026-03-23,2026-03-29,100.0,91.66666666666667,0,2,2,6,33.333333333333336,84.55,0,0,,,green
uuid-2569-2066,2569,2026-03-23,2026-03-29,,,0,0,0,8,0.0,,0,0,,,green
uuid-2569-2067,2569,2026-03-23,2026-03-29,100.0,91.66666666666667,0,2,3,6,50.0,82.73333333333333,0,0,,,green
uuid-2569-2068,2569,2026-03-23,2026-03-29,100.0,50.0,0,1,2,8,25.0,75.65,0,0,,,green
uuid-2569-2069,2569,2026-03-23,2026-03-29,,,0,0,0,4,0.0,,0,0,,,green
uuid-2569-2070,2569,2026-03-23,2026-03-29,25.0,62.5,0,0,2,8,25.0,85.1,0,0,,,orange
uuid-2569-2071,2569,2026-03-23,2026-03-29,100.0,75.0,0,3,2,8,25.0,68.35,0,0,,,green
uuid-2569-2072,2569,2026-03-23,2026-03-29,100.0,75.0,0,2,2,4,50.0,89.7,0,0,,,green
uuid-2569-2073,2569,2026-03-23,2026-03-29,,,0,0,0,8,0.0,,0,0,,,green
uuid-2569-2074,2569,2026-03-23,2026-03-29,100.0,100.0,0,4,2,4,50.0,75.2,0,0,,,green
uuid-2569-2075,2569,2026-03-23,2026-03-29,75.0,87.5,0,4,2,8,25.0,94.05000000000001,0,0,,,green
uuid-2569-2076,2569,2026-03-23,2026-03-29,100.0,75.0,0,3,4,8,50.0,61.5,0,0,,,green
uuid-2569-2077,2569,2026-03-23,2026-03-29,100.0,100.0,0,4,4,8,50.0,87.77499999999999,0,0,,,green
uuid-2569-2078,2569,2026-03-23,2026-03-29,50.0,68.75,0,0,3,8,37.5,85.8,0,0,,,yellow
uuid-2569-2079,2569,2026-03-23,2026-03-29,100.0,93.75,0,4,4,8,50.0,90.375,0,0,,,green
uuid-2569-2080,2569,2026-03-23,2026-03-29,100.0,81.25,0,2,3,8,37.5,86.26666666666667,0,0,,,green
uuid-2569-2081,2569,2026-03-23,2026-03-29,100.0,75.0,0,1,3,8,37.5,89.8,0,0,,,green
uuid-2569-2082,2569,2026-03-23,2026-03-29,50.0,62.5,0,0,1,4,25.0,56.6,0,0,,,yellow
uuid-2569-2083,2569,2026-03-23,2026-03-29,25.0,56.25,0,0,3,8,37.5,79.3,0,0,,,orange
uuid-2569-2084,2569,2026-03-23,2026-03-29,75.0,93.75,0,4,3,8,37.5,87.89999999999999,0,0,,,green
uuid-2569-2085,2569,2026-03-23,2026-03-29,75.0,87.5,0,4,3,8,37.5,91.43333333333334,0,0,,,green
uuid-2569-2086,2569,2026-03-23,2026-03-29,75.0,75.0,0,2,3,8,37.5,81.0,0,0,,,green
uuid-2569-2087,2569,2026-03-23,2026-03-29,100.0,100.0,0,4,3,8,37.5,91.53333333333335,0,0,,,green
uuid-2569-2088,2569,2026-03-23,2026-03-29,50.0,12.5,0,0,0,4,0.0,,0,0,,,yellow
uuid-2569-2089,2569,2026-03-23,2026-03-29,100.0,100.0,0,4,0,4,0.0,,0,0,,,green
uuid-2569-2090,2569,2026-03-23,2026-03-29,50.0,62.5,0,0,3,8,37.5,73.53333333333333,0,0,,,yellow
uuid-2569-2091,2569,2026-03-23,2026-03-29,100.0,100.0,0,4,2,4,50.0,83.1,0,0,,,green
uuid-2569-2092,2569,2026-03-23,2026-03-29,,,0,0,0,8,0.0,,0,0,,,green
uuid-2569-2093,2569,2026-03-23,2026-03-29,66.66666666666667,50.0,0,0,2,6,33.333333333333336,71.45,0,0,,,yellow
uuid-2569-2094,2569,2026-03-23,2026-03-29,,,0,0,0,8,0.0,,0,0,,,green
uuid-2569-2095,2569,2026-03-23,2026-03-29,100.0,87.5,0,3,2,4,50.0,88.5,0,0,,,green
uuid-2569-2096,2569,2026-03-23,2026-03-29,50.0,87.5,0,0,0,4,0.0,,0,0,,,yellow
uuid-2569-2097,2569,2026-03-23,2026-03-29,100.0,66.66666666666667,0,1,2,6,33.333333333333336,66.0,0,0,,,green
uuid-2569-2098,2569,2026-03-23,2026-03-29,75.0,81.25,0,3,2,8,25.0,74.6,0,0,,,green
uuid-2569-2099,2569,2026-03-23,2026-03-29,75.0,62.5,0,1,0,8,0.0,,0,0,,,green
uuid-2569-2100,2569,2026-03-23,2026-03-29,,,0,0,0,8,0.0,,0,0,,,green
uuid-2569-2101,2569,2026-03-23,2026-03-29,100.0,87.5,0,2,0,4,0.0,,0,0,,,green
uuid-2569-2102,2569,2026-03-23,2026-03-29,100.0,75.0,0,2,2,4,50.0,68.75,0,0,,,green
uuid-2569-2103,2569,2026-03-23,2026-03-29,25.0,75.0,0,0,2,8,25.0,76.3,0,0,,,orange
uuid-2569-2104,2569,2026-03-23,2026-03-29,75.0,56.25,0,1,4,8,50.0,70.5,0,0,,,green
uuid-2569-2105,2569,2026-03-23,2026-03-29,25.0,18.75,0,0,2,8,25.0,66.2,0,0,,,orange
uuid-2569-2106,2569,2026-03-23,2026-03-29,50.0,68.75,0,0,2,8,25.0,69.8,0,0,,,yellow
uuid-2569-2107,2569,2026-03-23,2026-03-29,,,0,0,0,8,0.0,,0,0,,,green
uuid-2569-2108,2569,2026-03-23,2026-03-29,100.0,62.5,0,1,4,8,50.0,86.42500000000001,0,0,,,green
uuid-2569-2109,2569,2026-03-23,2026-03-29,75.0,87.5,0,4,3,8,37.5,82.03333333333335,0,0,,,green
uuid-2569-2110,2569,2026-03-23,2026-03-29,100.0,93.75,0,4,4,8,50.0,91.475,0,0,,,green
uuid-2569-2111,2569,2026-03-23,2026-03-29,50.0,75.0,0,0,3,8,37.5,70.53333333333333,0,0,,,yellow
uuid-2569-2112,2569,2026-03-23,2026-03-29,50.0,81.25,0,0,2,8,25.0,80.30000000000001,0,0,,,yellow
uuid-2569-2113,2569,2026-03-23,2026-03-29,66.66666666666667,83.33333333333333,0,0,3,6,50.0,77.53333333333335,0,0,,,yellow
uuid-2569-2114,2569,2026-03-23,2026-03-29,75.0,75.0,0,4,1,8,12.5,67.4,0,0,,,green
uuid-2569-2115,2569,2026-03-23,2026-03-29,50.0,56.25,0,0,4,8,50.0,59.12500000000001,0,0,,,yellow
uuid-2569-2116,2569,2026-03-23,2026-03-29,,,0,0,0,8,0.0,,0,0,,,green
uuid-2569-2117,2569,2026-03-23,2026-03-29,,,0,0,0,6,0.0,,0,0,,,green
uuid-2569-2118,2569,2026-03-23,2026-03-29,66.66666666666667,75.0,0,0,1,6,16.666666666666668,97.4,0,0,,,yellow
uuid-2569-2119,2569,2026-03-23,2026-03-29,50.0,87.5,0,0,3,8,37.5,88.63333333333333,0,0,,,yellow
uuid-2569-2120,2569,2026-03-23,2026-03-29,100.0,75.0,0,3,1,8,12.5,51.2,0,0,,,green
uuid-2569-2121,2569,2026-03-23,2026-03-29,,,0,0,0,8,0.0,,0,0,,,green
uuid-2569-2122,2569,2026-03-23,2026-03-29,75.0,75.0,0,2,2,8,25.0,80.35,0,0,,,green
uuid-2569-2123,2569,2026-03-23,2026-03-29,75.0,81.25,0,4,4,8,50.0,87.075,0,0,,,green
uuid-2569-2124,2569,2026-03-23,2026-03-29,75.0,81.25,0,4,2,8,25.0,78.2,0,0,,,green
uuid-2569-2125,2569,2026-03-23,2026-03-29,50.0,75.0,0,0,3,8,37.5,72.30000000000001,0,0,,,yellow
uuid-2569-2126,2569,2026-03-23,2026-03-29,25.0,18.75,0,0,2,8,25.0,50.4,0,0,,,orange
uuid-2569-2127,2569,2026-03-23,2026-03-29,,,0,0,0,8,0.0,,0,0,,,green
uuid-2569-2128,2569,2026-03-23,2026-03-29,,,0,0,0,6,0.0,,0,0,,,green
uuid-2569-2129,2569,2026-03-23,2026-03-29,,,0,0,0,6,0.0,,0,0,,,green
uuid-2569-2130,2569,2026-03-23,2026-03-29,,,0,0,0,8,0.0,,0,0,,,green
uuid-2569-2131,2569,2026-03-23,2026-03-29,100.0,83.33333333333333,0,3,3,6,50.0,61.26666666666667,0,0,,,green
uuid-2569-2132,2569,2026-03-23,2026-03-29,0.0,62.5,1,0,2,4,50.0,68.8,0,0,,,red
uuid-2569-2133,2569,2026-03-23,2026-03-29,75.0,81.25,0,4,3,8,37.5,93.06666666666666,0,0,,,green
uuid-2569-2134,2569,2026-03-23,2026-03-29,50.0,37.5,0,0,2,4,50.0,77.25,0,0,,,yellow
uuid-2569-2135,2569,2026-03-23,2026-03-29,75.0,62.5,0,1,2,8,25.0,62.75,0,0,,,green
uuid-2569-2136,2569,2026-03-23,2026-03-29,50.0,56.25,0,0,3,8,37.5,77.33333333333333,0,0,,,yellow
uuid-2569-2137,2569,2026-03-23,2026-03-29,100.0,100.0,0,4,4,8,50.0,87.35000000000001,0,0,,,green
uuid-2569-2138,2569,2026-03-23,2026-03-29,25.0,50.0,0,0,4,8,50.0,77.27499999999999,0,0,,,orange
uuid-2569-2139,2569,2026-03-23,2026-03-29,,,0,0,0,6,0.0,,0,0,,,green
uuid-2569-2140,2569,2026-03-23,2026-03-29,50.0,75.0,0,0,1,4,25.0,89.1,0,0,,,yellow
uuid-2569-2141,2569,2026-03-23,2026-03-29,,,0,0,0,8,0.0,,0,0,,,green
uuid-2569-2142,2569,2026-03-23,2026-03-29,,,0,0,0,8,0.0,,0,0,,,green
uuid-2569-2143,2569,2026-03-23,2026-03-29,100.0,100.0,0,4,1,4,25.0,63.8,0,0,,,green
uuid-2569-2144,2569,2026-03-23,2026-03-29,,,0,0,0,6,0.0,,0,0,,,green
uuid-2569-2145,2569,2026-03-23,2026-03-29,100.0,87.5,0,4,4,8,50.0,96.25,0,0,,,green
uuid-2569-2146,2569,2026-03-23,2026-03-29,100.0,100.0,0,4,2,6,33.333333333333336,80.5,0,0,,,green
uuid-2569-2147,2569,2026-03-23,2026-03-29,,,0,0,0,8,0.0,,0,0,,,green
uuid-2569-2148,2569,2026-03-23,2026-03-29,,,0,0,0,8,0.0,,0,0,,,green
uuid-2569-2149,2569,2026-03-23,2026-03-29,50.0,62.5,0,0,0,4,0.0,,0,0,,,yellow
uuid-2569-2150,2569,2026-03-23,2026-03-29,,,0,0,0,8,0.0,,0,0,,,green
uuid-2569-2001,2569,2026-03-30,2026-04-05,100.0,90.0,0,3,2,4,50.0,89.19999999999999,2,2,100.0,90.15,green
uuid-2569-2002,2569,2026-03-30,2026-04-05,25.0,40.0,0,0,1,8,12.5,47.2,1,4,25.0,60.1,orange
uuid-2569-2003,2569,2026-03-30,2026-04-05,0.0,50.0,0,0,1,8,12.5,66.1,3,4,75.0,59.86666666666667,red
uuid-2569-2004,2569,2026-03-30,2026-04-05,50.0,65.0,0,0,2,8,25.0,68.5,3,4,75.0,74.4,yellow
uuid-2569-2005,2569,2026-03-30,2026-04-05,,,0,0,0,8,0.0,,0,4,0.0,,green
uuid-2569-2006,2569,2026-03-30,2026-04-05,75.0,50.0,0,1,2,8,25.0,82.9,2,4,50.0,77.30000000000001,green
uuid-2569-2007,2569,2026-03-30,2026-04-05,,,0,0,0,6,0.0,,0,3,0.0,,green
uuid-2569-2008,2569,2026-03-30,2026-04-05,,,0,0,0,8,0.0,,0,4,0.0,,green
uuid-2569-2009,2569,2026-03-30,2026-04-05,100.0,70.0,0,2,3,8,37.5,70.9,1,4,25.0,61.8,green
uuid-2569-2010,2569,2026-03-30,2026-04-05,100.0,95.0,0,5,3,8,37.5,87.60000000000001,4,4,100.0,92.875,green
uuid-2569-2011,2569,2026-03-30,2026-04-05,50.0,60.0,0,0,2,4,50.0,79.55000000000001,1,2,50.0,63.2,yellow
uuid-2569-2012,2569,2026-03-30,2026-04-05,,,0,0,0,6,0.0,,0,3,0.0,,green
uuid-2569-2013,2569,2026-03-30,2026-04-05,100.0,53.333333333333336,0,1,3,6,50.0,68.83333333333333,2,3,66.66666666666667,63.3,green
uuid-2569-2014,2569,2026-03-30,2026-04-05,50.0,60.0,0,0,2,8,25.0,59.7,4,4,100.0,68.17500000000001,yellow
uuid-2569-2015,2569,2026-03-30,2026-04-05,100.0,66.66666666666667,0,1,2,6,33.333333333333336,59.95,2,3,66.66666666666667,67.05,green
uuid-2569-2016,2569,2026-03-30,2026-04-05,75.0,65.0,0,2,3,8,37.5,87.89999999999999,4,4,100.0,86.875,green
uuid-2569-2017,2569,2026-03-30,2026-04-05,50.0,50.0,0,0,1,8,12.5,62.9,2,4,50.0,68.15,yellow
uuid-2569-2018,2569,2026-03-30,2026-04-05,75.0,40.0,0,1,3,8,37.5,63.76666666666667,3,4,75.0,64.93333333333334,green
uuid-2569-2019,2569,2026-03-30,2026-04-05,100.0,95.0,0,5,2,8,25.0,76.4,2,4,50.0,80.6,green
uuid-2569-2020,2569,2026-03-30,2026-04-05,100.0,90.0,0,5,4,8,50.0,81.275,3,4,75.0,65.5,green
uuid-2569-2021,2569,2026-03-30,2026-04-05,75.0,70.0,0,1,2,8,25.0,73.6,2,4,50.0,83.9,green
uuid-2569-2022,2569,2026-03-30,2026-04-05,100.0,93.33333333333333,0,4,1,6,16.666666666666668,79.5,3,3,100.0,77.03333333333333,green
uuid-2569-2023,2569,2026-03-30,2026-04-05,75.0,55.0,0,1,4,8,50.0,60.175,3,4,75.0,78.9,green
uuid-2569-2024,2569,2026-03-30,2026-04-05,50.0,70.0,0,0,2,4,50.0,78.9,1,2,50.0,59.0,yellow
uuid-2569-2025,2569,2026-03-30,2026-04-05,33.333333333333336,53.333333333333336,0,0,1,6,16.666666666666668,71.6,3,3,100.0,84.10000000000001,orange
uuid-2569-2026,2569,2026-03-30,2026-04-05,75.0,95.0,0,5,1,8,12.5,76.2,3,4,75.0,88.16666666666667,green
uuid-2569-2027,2569,2026-03-30,2026-04-05,,,0,0,0,8,0.0,,0,4,0.0,,green
uuid-2569-2028,2569,2026-03-30,2026-04-05,50.0,65.0,0,0,2,8,25.0,73.75,4,4,100.0,73.525,yellow
uuid-2569-2029,2569,2026-03-30,2026-04-05,100.0,70.0,0,1,2,4,50.0,81.44999999999999,1,2,50.0,87.9,green
uuid-2569-2030,2569,2026-03-30,2026-04-05,,,0,0,0,8,0.0,,0,4,0.0,,green
uuid-2569-2031,2569,2026-03-30,2026-04-05,75.0,80.0,0,4,3,8,37.5,94.86666666666667,4,4,100.0,86.325,green
uuid-2569-2032,2569,2026-03-30,2026-04-05,,,0,0,0,6,0.0,,0,3,0.0,,green
uuid-2569-2033,2569,2026-03-30,2026-04-05,0.0,70.0,0,0,2,4,50.0,87.9,1,2,50.0,66.0,red
uuid-2569-2034,2569,2026-03-30,2026-04-05,,,0,0,0,8,0.0,,0,4,0.0,,green
uuid-2569-2035,2569,2026-03-30,2026-04-05,,,0,0,0,6,0.0,,0,3,0.0,,green
uuid-2569-2036,2569,2026-03-30,2026-04-05,100.0,100.0,0,5,1,4,25.0,87.1,1,2,50.0,94.1,green
uuid-2569-2037,2569,2026-03-30,2026-04-05,100.0,95.0,0,5,4,8,50.0,90.30000000000001,4,4,100.0,88.175,green
uuid-2569-2038,2569,2026-03-30,2026-04-05,100.0,100.0,0,5,2,6,33.333333333333336,79.6,2,3,66.66666666666667,96.2,green
uuid-2569-2039,2569,2026-03-30,2026-04-05,75.0,65.0,0,3,1,8,12.5,63.2,1,4,25.0,65.5,green
uuid-2569-2040,2569,2026-03-30,2026-04-05,,,0,0,0,8,0.0,,0,4,0.0,,green
uuid-2569-2041,2569,2026-03-30,2026-04-05,100.0,65.0,0,3,3,8,37.5,53.43333333333334,3,4,75.0,81.76666666666667,green
uuid-2569-2042,2569,2026-03-30,2026-04-05,,,0,0,0,8,0.0,,0,4,0.0,,green
uuid-2569-2043,2569,2026-03-30,2026-04-05,,,0,0,0,8,0.0,,0,4,0.0,,green
uuid-2569-2044,2569,2026-03-30,2026-04-05,100.0,65.0,0,1,2,8,25.0,85.9,2,4,50.0,52.95,green
uuid-2569-2045,2569,2026-03-30,2026-04-05,,,0,0,0,8,0.0,,0,4,0.0,,green
uuid-2569-2046,2569,2026-03-30,2026-04-05,,,0,0,0,8,0.0,,0,4,0.0,,green
uuid-2569-2047,2569,2026-03-30,2026-04-05,100.0,95.0,0,5,4,8,50.0,85.72500000000001,3,4,75.0,84.26666666666667,green
uuid-2569-2048,2569,2026-03-30,2026-04-05,100.0,95.0,0,5,2,8,25.0,80.9,4,4,100.0,95.275,green
uuid-2569-2049,2569,2026-03-30,2026-04-05,75.0,65.0,0,2,2,8,25.0,68.69999999999999,1,4,25.0,66.4,green
uuid-2569-2050,2569,2026-03-30,2026-04-05,,,0,0,0,8,0.0,,0,4,0.0,,green
uuid-2569-2051,2569,2026-03-30,2026-04-05,,,0,0,0,8,0.0,,0,4,0.0,,green
uuid-2569-2052,2569,2026-03-30,2026-04-05,,,0,0,0,4,0.0,,0,2,0.0,,green
uuid-2569-2053,2569,2026-03-30,2026-04-05,75.0,80.0,0,2,4,8,50.0,86.95,3,4,75.0,71.86666666666666,green
uuid-2569-2054,2569,2026-03-30,2026-04-05,50.0,40.0,0,0,1,8,12.5,49.7,2,4,50.0,57.5,yellow
uuid-2569-2055,2569,2026-03-30,2026-04-05,100.0,90.0,0,5,3,8,37.5,79.16666666666667,3,4,75.0,84.36666666666666,green
uuid-2569-2056,2569,2026-03-30,2026-04-05,,,0,0,0,8,0.0,,0,4,0.0,,green
uuid-2569-2057,2569,2026-03-30,2026-04-05,,,0,0,0,8,0.0,,0,4,0.0,,green
uuid-2569-2058,2569,2026-03-30,2026-04-05,,,0,0,0,8,0.0,,0,4,0.0,,green
uuid-2569-2059,2569,2026-03-30,2026-04-05,100.0,100.0,0,5,2,4,50.0,90.1,1,2,50.0,83.9,green
uuid-2569-2060,2569,2026-03-30,2026-04-05,100.0,90.0,0,4,4,8,50.0,91.625,3,4,75.0,89.3,green
uuid-2569-2061,2569,2026-03-30,2026-04-05,75.0,55.0,0,1,2,8,25.0,82.5,3,4,75.0,72.86666666666666,green
uuid-2569-2062,2569,2026-03-30,2026-04-05,100.0,100.0,0,5,3,6,50.0,92.03333333333335,1,3,33.333333333333336,100.0,green
uuid-2569-2063,2569,2026-03-30,2026-04-05,75.0,70.0,0,3,0,8,0.0,,2,4,50.0,91.7,green
uuid-2569-2064,2569,2026-03-30,2026-04-05,,,0,0,0,8,0.0,,0,4,0.0,,green
uuid-2569-2065,2569,2026-03-30,2026-04-05,100.0,93.33333333333333,0,3,2,6,33.333333333333336,84.55,2,3,66.66666666666667,96.25,green
uuid-2569-2066,2569,2026-03-30,2026-04-05,,,0,0,0,8,0.0,,0,4,0.0,,green
uuid-2569-2067,2569,2026-03-30,2026-04-05,100.0,93.33333333333333,0,3,3,6,50.0,82.73333333333333,2,3,66.66666666666667,91.7,green
uuid-2569-2068,2569,2026-03-30,2026-04-05,100.0,60.0,0,2,2,8,25.0,75.65,4,4,100.0,79.375,green
uuid-2569-2069,2569,2026-03-30,2026-04-05,,,0,0,0,4,0.0,,0,2,0.0,,green
uuid-2569-2070,2569,2026-03-30,2026-04-05,50.0,60.0,0,0,2,8,25.0,85.1,1,4,25.0,87.1,yellow
uuid-2569-2071,2569,2026-03-30,2026-04-05,75.0,75.0,0,4,2,8,25.0,68.35,2,4,50.0,77.15,green
uuid-2569-2072,2569,2026-03-30,2026-04-05,50.0,70.0,0,0,2,4,50.0,89.7,2,2,100.0,85.15,yellow
uuid-2569-2073,2569,2026-03-30,2026-04-05,,,0,0,0,8,0.0,,0,4,0.0,,green
uuid-2569-2074,2569,2026-03-30,2026-04-05,100.0,100.0,0,5,2,4,50.0,75.2,1,2,50.0,86.1,green
uuid-2569-2075,2569,2026-03-30,2026-04-05,75.0,85.0,0,5,2,8,25.0,94.05000000000001,3,4,75.0,80.56666666666666,green
uuid-2569-2076,2569,2026-03-30,2026-04-05,75.0,75.0,0,4,4,8,50.0,61.5,2,4,50.0,75.6,green
uuid-2569-2077,2569,2026-03-30,2026-04-05,100.0,100.0,0,5,4,8,50.0,87.77499999999999,4,4,100.0,90.025,green
uuid-2569-2078,2569,2026-03-30,2026-04-05,75.0,70.0,0,1,3,8,37.5,85.8,1,4,25.0,74.7,green
uuid-2569-2079,2569,2026-03-30,2026-04-05,100.0,95.0,0,5,4,8,50.0,90.375,4,4,100.0,84.525,green
uuid-2569-2080,2569,2026-03-30,2026-04-05,100.0,85.0,0,3,3,8,37.5,86.26666666666667,4,4,100.0,92.475,green
uuid-2569-2081,2569,2026-03-30,2026-04-05,100.0,80.0,0,2,3,8,37.5,89.8,3,4,75.0,80.03333333333335,green
uuid-2569-2082,2569,2026-03-30,2026-04-05,100.0,70.0,0,1,1,4,25.0,56.6,2,2,100.0,67.9,green
uuid-2569-2083,2569,2026-03-30,2026-04-05,75.0,60.0,0,1,3,8,37.5,79.3,1,4,25.0,72.7,green
uuid-2569-2084,2569,2026-03-30,2026-04-05,100.0,95.0,0,5,3,8,37.5,87.89999999999999,4,4,100.0,89.925,green
uuid-2569-2085,2569,2026-03-30,2026-04-05,75.0,85.0,0,5,3,8,37.5,91.43333333333334,3,4,75.0,71.96666666666667,green
uuid-2569-2086,2569,2026-03-30,2026-04-05,100.0,80.0,0,3,3,8,37.5,81.0,4,4,100.0,76.675,green
uuid-2569-2087,2569,2026-03-30,2026-04-05,100.0,100.0,0,5,3,8,37.5,91.53333333333335,2,4,50.0,83.3,green
uuid-2569-2088,2569,2026-03-30,2026-04-05,0.0,10.0,1,0,0,4,0.0,,0,2,0.0,,red
uuid-2569-2089,2569,2026-03-30,2026-04-05,100.0,100.0,0,5,0,4,0.0,,0,2,0.0,,green
uuid-2569-2090,2569,2026-03-30,2026-04-05,75.0,65.0,0,1,3,8,37.5,73.53333333333333,3,4,75.0,71.2,green
uuid-2569-2091,2569,2026-03-30,2026-04-05,100.0,100.0,0,5,2,4,50.0,83.1,2,2,100.0,91.80000000000001,green
uuid-2569-2092,2569,2026-03-30,2026-04-05,,,0,0,0,8,0.0,,0,4,0.0,,green
uuid-2569-2093,2569,2026-03-30,2026-04-05,66.66666666666667,53.333333333333336,0,0,2,6,33.333333333333336,71.45,0,3,0.0,,yellow
uuid-2569-2094,2569,2026-03-30,2026-04-05,,,0,0,0,8,0.0,,0,4,0.0,,green
uuid-2569-2095,2569,2026-03-30,2026-04-05,100.0,90.0,0,4,2,4,50.0,88.5,1,2,50.0,92.3,green
uuid-2569-2096,2569,2026-03-30,2026-04-05,0.0,70.0,0,0,0,4,0.0,,1,2,50.0,92.7,red
uuid-2569-2097,2569,2026-03-30,2026-04-05,33.333333333333336,60.0,0,0,2,6,33.333333333333336,66.0,1,3,33.333333333333336,74.8,orange
uuid-2569-2098,2569,2026-03-30,2026-04-05,75.0,80.0,0,4,2,8,25.0,74.6,3,4,75.0,68.66666666666667,green
uuid-2569-2099,2569,2026-03-30,2026-04-05,50.0,60.0,0,0,0,8,0.0,,0,4,0.0,,yellow
uuid-2569-2100,2569,2026-03-30,2026-04-05,,,0,0,0,8,0.0,,0,4,0.0,,green
uuid-2569-2101,2569,2026-03-30,2026-04-05,100.0,90.0,0,3,0,4,0.0,,2,2,100.0,57.349999999999994,green
uuid-2569-2102,2569,2026-03-30,2026-04-05,50.0,70.0,0,0,2,4,50.0,68.75,1,2,50.0,57.9,yellow
uuid-2569-2103,2569,2026-03-30,2026-04-05,50.0,70.0,0,0,2,8,25.0,76.3,3,4,75.0,95.66666666666667,yellow
uuid-2569-2104,2569,2026-03-30,2026-04-05,100.0,65.0,0,2,4,8,50.0,70.5,1,4,25.0,86.1,green
uuid-2569-2105,2569,2026-03-30,2026-04-05,50.0,25.0,0,0,2,8,25.0,66.2,0,4,0.0,,yellow
uuid-2569-2106,2569,2026-03-30,2026-04-05,25.0,60.0,0,0,2,8,25.0,69.8,2,4,50.0,84.2,orange
uuid-2569-2107,2569,2026-03-30,2026-04-05,,,0,0,0,8,0.0,,0,4,0.0,,green
uuid-2569-2108,2569,2026-03-30,2026-04-05,100.0,70.0,0,2,4,8,50.0,86.42500000000001,3,4,75.0,86.39999999999999,green
uuid-2569-2109,2569,2026-03-30,2026-04-05,50.0,80.0,0,0,3,8,37.5,82.03333333333335,3,4,75.0,90.96666666666665,yellow
uuid-2569-2110,2569,2026-03-30,2026-04-05,100.0,95.0,0,5,4,8,50.0,91.475,4,4,100.0,90.35,green
uuid-2569-2111,2569,2026-03-30,2026-04-05,50.0,70.0,0,0,3,8,37.5,70.53333333333333,2,4,50.0,54.25,yellow
uuid-2569-2112,2569,2026-03-30,2026-04-05,100.0,85.0,0,1,2,8,25.0,80.30000000000001,3,4,75.0,78.5,green
uuid-2569-2113,2569,2026-03-30,2026-04-05,66.66666666666667,80.0,0,0,3,6,50.0,77.53333333333335,3,3,100.0,78.83333333333333,yellow
uuid-2569-2114,2569,2026-03-30,2026-04-05,50.0,70.0,0,0,1,8,12.5,67.4,2,4,50.0,59.45,yellow
uuid-2569-2115,2569,2026-03-30,2026-04-05,25.0,50.0,0,0,4,8,50.0,59.12500000000001,3,4,75.0,68.03333333333333,orange
uuid-2569-2116,2569,2026-03-30,2026-04-05,,,0,0,0,8,0.0,,0,4,0.0,,green
uuid-2569-2117,2569,2026-03-30,2026-04-05,,,0,0,0,6,0.0,,0,3,0.0,,green
uuid-2569-2118,2569,2026-03-30,2026-04-05,33.333333333333336,66.66666666666667,0,0,1,6,16.666666666666668,97.4,3,3,100.0,82.8,orange
uuid-2569-2119,2569,2026-03-30,2026-04-05,100.0,90.0,0,1,3,8,37.5,88.63333333333333,3,4,75.0,86.16666666666667,green
uuid-2569-2120,2569,2026-03-30,2026-04-05,100.0,80.0,0,4,1,8,12.5,51.2,1,4,25.0,85.1,green
uuid-2569-2121,2569,2026-03-30,2026-04-05,,,0,0,0,8,0.0,,0,4,0.0,,green
uuid-2569-2122,2569,2026-03-30,2026-04-05,75.0,75.0,0,3,2,8,25.0,80.35,3,4,75.0,87.26666666666665,green
uuid-2569-2123,2569,2026-03-30,2026-04-05,100.0,85.0,0,5,4,8,50.0,87.075,1,4,25.0,100.0,green
uuid-2569-2124,2569,2026-03-30,2026-04-05,75.0,80.0,0,5,2,8,25.0,78.2,1,4,25.0,70.3,green
uuid-2569-2125,2569,2026-03-30,2026-04-05,75.0,75.0,0,1,3,8,37.5,72.30000000000001,2,4,50.0,80.15,green
uuid-2569-2126,2569,2026-03-30,2026-04-05,0.0,15.0,0,0,2,8,25.0,50.4,2,4,50.0,57.550000000000004,red
uuid-2569-2127,2569,2026-03-30,2026-04-05,,,0,0,0,8,0.0,,0,4,0.0,,green
uuid-2569-2128,2569,2026-03-30,2026-04-05,,,0,0,0,6,0.0,,0,3,0.0,,green
uuid-2569-2129,2569,2026-03-30,2026-04-05,,,0,0,0,6,0.0,,0,3,0.0,,green
uuid-2569-2130,2569,2026-03-30,2026-04-05,,,0,0,0,8,0.0,,0,4,0.0,,green
uuid-2569-2131,2569,2026-03-30,2026-04-05,66.66666666666667,80.0,0,0,3,6,50.0,61.26666666666667,3,3,100.0,59.56666666666666,yellow
uuid-2569-2132,2569,2026-03-30,2026-04-05,100.0,70.0,0,1,2,4,50.0,68.8,2,2,100.0,74.3,green
uuid-2569-2133,2569,2026-03-30,2026-04-05,75.0,80.0,0,5,3,8,37.5,93.06666666666666,4,4,100.0,86.85,green
uuid-2569-2134,2569,2026-03-30,2026-04-05,0.0,30.0,0,0,2,4,50.0,77.25,1,2,50.0,87.4,red
uuid-2569-2135,2569,2026-03-30,2026-04-05,75.0,65.0,0,2,2,8,25.0,62.75,2,4,50.0,71.8,green
uuid-2569-2136,2569,2026-03-30,2026-04-05,25.0,50.0,0,0,3,8,37.5,77.33333333333333,4,4,100.0,72.25,orange
uuid-2569-2137,2569,2026-03-30,2026-04-05,100.0,100.0,0,5,4,8,50.0,87.35000000000001,3,4,75.0,83.83333333333333,green
uuid-2569-2138,2569,2026-03-30,2026-04-05,50.0,50.0,0,0,4,8,50.0,77.27499999999999,4,4,100.0,84.975,yellow
uuid-2569-2139,2569,2026-03-30,2026-04-05,,,0,0,0,6,0.0,,0,3,0.0,,green
uuid-2569-2140,2569,2026-03-30,2026-04-05,50.0,70.0,0,0,1,4,25.0,89.1,1,2,50.0,82.5,yellow
uuid-2569-2141,2569,2026-03-30,2026-04-05,,,0,0,0,8,0.0,,0,4,0.0,,green
uuid-2569-2142,2569,2026-03-30,2026-04-05,,,0,0,0,8,0.0,,0,4,0.0,,green
uuid-2569-2143,2569,2026-03-30,2026-04-05,100.0,100.0,0,5,1,4,25.0,63.8,1,2,50.0,84.0,green
uuid-2569-2144,2569,2026-03-30,2026-04-05,,,0,0,0,6,0.0,,0,3,0.0,,green
uuid-2569-2145,2569,2026-03-30,2026-04-05,100.0,90.0,0,5,4,8,50.0,96.25,4,4,100.0,92.2,green
uuid-2569-2146,2569,2026-03-30,2026-04-05,66.66666666666667,93.33333333333333,0,0,2,6,33.333333333333336,80.5,3,3,100.0,80.63333333333334,yellow
uuid-2569-2147,2569,2026-03-30,2026-04-05,,,0,0,0,8,0.0,,0,4,0.0,,green
uuid-2569-2148,2569,2026-03-30,2026-04-05,,,0,0,0,8,0.0,,0,4,0.0,,green
uuid-2569-2149,2569,2026-03-30,2026-04-05,100.0,70.0,0,1,0,4,0.0,,1,2,50.0,59.1,green
uuid-2569-2150,2569,2026-03-30,2026-04-05,,,0,0,0,8,0.0,,0,4,0.0,,green
uuid-2569-2001,2569,2026-04-06,2026-04-12,100.0,91.66666666666667,0,4,4,6,66.66666666666667,88.625,2,2,100.0,90.15,green
uuid-2569-2002,2569,2026-04-06,2026-04-12,25.0,37.5,0,0,1,12,8.333333333333334,47.2,1,4,25.0,60.1,orange
uuid-2569-2003,2569,2026-04-06,2026-04-12,75.0,54.166666666666664,0,1,4,12,33.333333333333336,73.44999999999999,3,4,75.0,59.86666666666667,green
uuid-2569-2004,2569,2026-04-06,2026-04-12,75.0,66.66666666666667,0,1,3,12,25.0,76.93333333333334,3,4,75.0,74.4,green
uuid-2569-2005,2569,2026-04-06,2026-04-12,100.0,100.0,0,1,4,12,33.333333333333336,93.92500000000001,0,4,0.0,,green
uuid-2569-2006,2569,2026-04-06,2026-04-12,50.0,50.0,0,0,5,12,41.666666666666664,73.24,2,4,50.0,77.30000000000001,yellow
uuid-2569-2007,2569,2026-04-06,2026-04-12,100.0,100.0,0,1,2,9,22.22222222222222,72.65,0,3,0.0,,green
uuid-2569-2008,2569,2026-04-06,2026-04-12,75.0,75.0,0,1,3,12,25.0,71.46666666666667,0,4,0.0,,green
uuid-2569-2009,2569,2026-04-06,2026-04-12,50.0,66.66666666666667,0,0,4,12,33.333333333333336,69.2,1,4,25.0,61.8,yellow
uuid-2569-2010,2569,2026-04-06,2026-04-12,100.0,95.83333333333333,0,6,7,12,58.333333333333336,87.20000000000002,4,4,100.0,92.875,green
uuid-2569-2011,2569,2026-04-06,2026-04-12,100.0,66.66666666666667,0,1,2,6,33.333333333333336,79.55000000000001,1,2,50.0,63.2,green
uuid-2569-2012,2569,2026-04-06,2026-04-12,66.66666666666667,66.66666666666667,0,0,2,9,22.22222222222222,81.9,0,3,0.0,,yellow
uuid-2569-2013,2569,2026-04-06,2026-04-12,,53.333333333333336,0,1,3,9,33.333333333333336,68.83333333333333,2,3,66.66666666666667,63.3,green
uuid-2569-2014,2569,2026-04-06,2026-04-12,100.0,66.66666666666667,0,1,4,12,33.333333333333336,60.10000000000001,4,4,100.0,68.17500000000001,green
uuid-2569-2015,2569,2026-04-06,2026-04-12,66.66666666666667,66.66666666666667,0,0,5,9,55.55555555555556,61.06,2,3,66.66666666666667,67.05,yellow
uuid-2569-2016,2569,2026-04-06,2026-04-12,50.0,62.5,0,0,6,12,50.0,90.36666666666667,4,4,100.0,86.875,yellow
uuid-2569-2017,2569,2026-04-06,2026-04-12,75.0,54.166666666666664,0,1,4,12,33.333333333333336,62.85,2,4,50.0,68.15,green
uuid-2569-2018,2569,2026-04-06,2026-04-12,75.0,45.833333333333336,0,2,5,12,41.666666666666664,70.12,3,4,75.0,64.93333333333334,green
uuid-2569-2019,2569,2026-04-06,2026-04-12,,95.0,0,5,2,12,16.666666666666668,76.4,2,4,50.0,80.6,green
uuid-2569-2020,2569,2026-04-06,2026-04-12,100.0,91.66666666666667,0,6,8,12,66.66666666666667,84.475,3,4,75.0,65.5,green
uuid-2569-2021,2569,2026-04-06,2026-04-12,75.0,70.83333333333333,0,2,5,12,41.666666666666664,75.42,2,4,50.0,83.9,green
uuid-2569-2022,2569,2026-04-06,2026-04-12,,93.33333333333333,0,4,1,9,11.11111111111111,79.5,3,3,100.0,77.03333333333333,green
uuid-2569-2023,2569,2026-04-06,2026-04-12,50.0,54.166666666666664,0,0,8,12,66.66666666666667,71.625,3,4,75.0,78.9,yellow
uuid-2569-2024,2569,2026-04-06,2026-04-12,100.0,75.0,0,1,4,6,66.66666666666667,85.80000000000001,1,2,50.0,59.0,green
uuid-2569-2025,2569,2026-04-06,2026-04-12,66.66666666666667,55.55555555555556,0,0,2,9,22.22222222222222,70.55,3,3,100.0,84.10000000000001,yellow
uuid-2569-2026,2569,2026-04-06,2026-04-12,100.0,95.83333333333333,0,6,4,12,33.333333333333336,85.025,3,4,75.0,88.16666666666667,green
uuid-2569-2027,2569,2026-04-06,2026-04-12,,,0,0,0,12,0.0,,0,4,0.0,,green
uuid-2569-2028,2569,2026-04-06,2026-04-12,,65.0,0,0,2,12,16.666666666666668,73.75,4,4,100.0,73.525,green
uuid-2569-2029,2569,2026-04-06,2026-04-12,50.0,66.66666666666667,0,0,4,6,66.66666666666667,80.02499999999999,1,2,50.0,87.9,yellow
uuid-2569-2030,2569,2026-04-06,2026-04-12,100.0,100.0,0,1,1,12,8.333333333333334,95.9,0,4,0.0,,green
uuid-2569-2031,2569,2026-04-06,2026-04-12,50.0,75.0,0,0,5,12,41.666666666666664,94.74000000000001,4,4,100.0,86.325,yellow
uuid-2569-2032,2569,2026-04-06,2026-04-12,100.0,100.0,0,1,3,9,33.333333333333336,74.56666666666666,0,3,0.0,,green
uuid-2569-2033,2569,2026-04-06,2026-04-12,100.0,75.0,0,1,4,6,66.66666666666667,89.6,1,2,50.0,66.0,green
uuid-2569-2034,2569,2026-04-06,2026-04-12,100.0,100.0,0,1,4,12,33.333333333333336,82.025,0,4,0.0,,green
uuid-2569-2035,2569,2026-04-06,2026-04-12,66.66666666666667,66.66666666666667,0,0,3,9,33.333333333333336,73.63333333333333,0,3,0.0,,yellow
uuid-2569-2036,2569,2026-04-06,2026-04-12,100.0,100.0,0,6,3,6,50.0,81.43333333333332,1,2,50.0,94.1,green
uuid-2569-2037,2569,2026-04-06,2026-04-12,100.0,95.83333333333333,0,6,7,12,58.333333333333336,86.24285714285715,4,4,100.0,88.175,green
uuid-2569-2038,2569,2026-04-06,2026-04-12,66.66666666666667,94.44444444444444,0,0,5,9,55.55555555555556,78.3,2,3,66.66666666666667,96.2,yellow
uuid-2569-2039,2569,2026-04-06,2026-04-12,25.0,58.333333333333336,0,0,3,12,25.0,79.9,1,4,25.0,65.5,orange
uuid-2569-2040,2569,2026-04-06,2026-04-12,,,0,0,0,12,0.0,,0,4,0.0,,green
uuid-2569-2041,2569,2026-04-06,2026-04-12,75.0,66.66666666666667,0,4,6,12,50.0,64.26666666666667,3,4,75.0,81.76666666666667,green
uuid-2569-2042,2569,2026-04-06,2026-04-12,25.0,25.0,0,0,2,12,16.666666666666668,75.3,0,4,0.0,,orange
uuid-2569-2043,2569,2026-04-06,2026-04-12,100.0,100.0,0,1,3,12,25.0,78.46666666666665,0,4,0.0,,green
uuid-2569-2044,2569,2026-04-06,2026-04-12,75.0,66.66666666666667,0,2,3,12,25.0,87.13333333333333,2,4,50.0,52.95,green
uuid-2569-2045,2569,2026-04-06,2026-04-12,100.0,100.0,0,1,4,12,33.333333333333336,80.9,0,4,0.0,,green
uuid-2569-2046,2569,2026-04-06,2026-04-12,25.0,25.0,0,0,4,12,33.333333333333336,78.35000000000001,0,4,0.0,,orange
uuid-2569-2047,2569,2026-04-06,2026-04-12,100.0,95.83333333333333,0,6,8,12,66.66666666666667,88.125,3,4,75.0,84.26666666666667,green
uuid-2569-2048,2569,2026-04-06,2026-04-12,100.0,95.83333333333333,0,6,5,12,41.666666666666664,75.94000000000001,4,4,100.0,95.275,green
uuid-2569-2049,2569,2026-04-06,2026-04-12,50.0,62.5,0,0,3,12,25.0,69.49999999999999,1,4,25.0,66.4,yellow
uuid-2569-2050,2569,2026-04-06,2026-04-12,100.0,100.0,0,1,3,12,25.0,76.10000000000001,0,4,0.0,,green
uuid-2569-2051,2569,2026-04-06,2026-04-12,,,0,0,0,12,0.0,,0,4,0.0,,green
uuid-2569-2052,2569,2026-04-06,2026-04-12,0.0,0.0,0,0,1,6,16.666666666666668,64.0,0,2,0.0,,red
uuid-2569-2053,2569,2026-04-06,2026-04-12,100.0,83.33333333333333,0,3,7,12,58.333333333333336,88.57142857142857,3,4,75.0,71.86666666666666,green
uuid-2569-2054,2569,2026-04-06,2026-04-12,25.0,37.5,0,0,3,12,25.0,60.03333333333333,2,4,50.0,57.5,orange
uuid-2569-2055,2569,2026-04-06,2026-04-12,100.0,91.66666666666667,0,6,7,12,58.333333333333336,79.87142857142858,3,4,75.0,84.36666666666666,green
uuid-2569-2056,2569,2026-04-06,2026-04-12,,,0,0,0,12,0.0,,0,4,0.0,,green
uuid-2569-2057,2569,2026-04-06,2026-04-12,,,0,0,0,12,0.0,,0,4,0.0,,green
uuid-2569-2058,2569,2026-04-06,2026-04-12,50.0,50.0,0,0,2,12,16.666666666666668,69.15,0,4,0.0,,yellow
uuid-2569-2059,2569,2026-04-06,2026-04-12,100.0,100.0,0,6,4,6,66.66666666666667,89.29999999999998,1,2,50.0,83.9,green
uuid-2569-2060,2569,2026-04-06,2026-04-12,100.0,91.66666666666667,0,5,8,12,66.66666666666667,91.3125,3,4,75.0,89.3,green
uuid-2569-2061,2569,2026-04-06,2026-04-12,,55.0,0,1,2,12,16.666666666666668,82.5,3,4,75.0,72.86666666666666,green
uuid-2569-2062,2569,2026-04-06,2026-04-12,100.0,100.0,0,6,6,9,66.66666666666667,88.21666666666668,1,3,33.333333333333336,100.0,green
uuid-2569-2063,2569,2026-04-06,2026-04-12,75.0,70.83333333333333,0,4,1,12,8.333333333333334,90.4,2,4,50.0,91.7,green
uuid-2569-2064,2569,2026-04-06,2026-04-12,75.0,75.0,0,1,3,12,25.0,80.46666666666667,0,4,0.0,,green
uuid-2569-2065,2569,2026-04-06,2026-04-12,100.0,94.44444444444444,0,4,4,9,44.44444444444444,88.9,2,3,66.66666666666667,96.25,green
uuid-2569-2066,2569,2026-04-06,2026-04-12,,,0,0,0,12,0.0,,0,4,0.0,,green
uuid-2569-2067,2569,2026-04-06,2026-04-12,100.0,94.44444444444444,0,4,5,9,55.55555555555556,86.9,2,3,66.66666666666667,91.7,green
uuid-2569-2068,2569,2026-04-06,2026-04-12,25.0,54.166666666666664,0,0,6,12,50.0,69.3,4,4,100.0,79.375,orange
uuid-2569-2069,2569,2026-04-06,2026-04-12,,,0,0,0,6,0.0,,0,2,0.0,,green
uuid-2569-2070,2569,2026-04-06,2026-04-12,50.0,58.333333333333336,0,0,6,12,50.0,77.0,1,4,25.0,87.1,yellow
uuid-2569-2071,2569,2026-04-06,2026-04-12,100.0,79.16666666666667,0,5,4,12,33.333333333333336,71.375,2,4,50.0,77.15,green
uuid-2569-2072,2569,2026-04-06,2026-04-12,50.0,66.66666666666667,0,0,3,6,50.0,84.7,2,2,100.0,85.15,yellow
uuid-2569-2073,2569,2026-04-06,2026-04-12,25.0,25.0,0,0,3,12,25.0,74.39999999999999,0,4,0.0,,orange
uuid-2569-2074,2569,2026-04-06,2026-04-12,100.0,100.0,0,6,4,6,66.66666666666667,71.575,1,2,50.0,86.1,green
uuid-2569-2075,2569,2026-04-06,2026-04-12,50.0,79.16666666666667,0,0,6,12,50.0,86.65000000000002,3,4,75.0,80.56666666666666,yellow
uuid-2569-2076,2569,2026-04-06,2026-04-12,25.0,66.66666666666667,0,0,6,12,50.0,68.05,2,4,50.0,75.6,orange
uuid-2569-2077,2569,2026-04-06,2026-04-12,100.0,100.0,0,6,8,12,66.66666666666667,89.15,4,4,100.0,90.025,green
uuid-2569-2078,2569,2026-04-06,2026-04-12,50.0,66.66666666666667,0,0,6,12,50.0,83.81666666666666,1,4,25.0,74.7,yellow
uuid-2569-2079,2569,2026-04-06,2026-04-12,100.0,95.83333333333333,0,6,7,12,58.333333333333336,90.68571428571428,4,4,100.0,84.525,green
uuid-2569-2080,2569,2026-04-06,2026-04-12,100.0,87.5,0,4,6,12,50.0,84.86666666666667,4,4,100.0,92.475,green
uuid-2569-2081,2569,2026-04-06,2026-04-12,100.0,83.33333333333333,0,3,6,12,50.0,82.01666666666667,3,4,75.0,80.03333333333335,green
uuid-2569-2082,2569,2026-04-06,2026-04-12,50.0,66.66666666666667,0,0,3,6,50.0,57.46666666666667,2,2,100.0,67.9,yellow
uuid-2569-2083,2569,2026-04-06,2026-04-12,50.0,58.333333333333336,0,0,3,12,25.0,79.3,1,4,25.0,72.7,yellow
uuid-2569-2084,2569,2026-04-06,2026-04-12,100.0,95.83333333333333,0,6,6,12,50.0,90.08333333333333,4,4,100.0,89.925,green
uuid-2569-2085,2569,2026-04-06,2026-04-12,75.0,83.33333333333333,0,6,7,12,58.333333333333336,88.65714285714284,3,4,75.0,71.96666666666667,green
uuid-2569-2086,2569,2026-04-06,2026-04-12,100.0,83.33333333333333,0,4,6,12,50.0,80.60000000000001,4,4,100.0,76.675,green
uuid-2569-2087,2569,2026-04-06,2026-04-12,75.0,95.83333333333333,0,6,5,12,41.666666666666664,85.06,2,4,50.0,83.3,green
uuid-2569-2088,2569,2026-04-06,2026-04-12,,10.0,1,0,0,6,0.0,,0,2,0.0,,green
uuid-2569-2089,2569,2026-04-06,2026-04-12,50.0,91.66666666666667,0,0,2,6,33.333333333333336,56.95,0,2,0.0,,yellow
uuid-2569-2090,2569,2026-04-06,2026-04-12,75.0,66.66666666666667,0,2,4,12,33.333333333333336,74.625,3,4,75.0,71.2,green
uuid-2569-2091,2569,2026-04-06,2026-04-12,,100.0,0,5,2,6,33.333333333333336,83.1,2,2,100.0,91.80000000000001,green
uuid-2569-2092,2569,2026-04-06,2026-04-12,100.0,100.0,0,1,2,12,16.666666666666668,76.05000000000001,0,4,0.0,,green
uuid-2569-2093,2569,2026-04-06,2026-04-12,33.333333333333336,50.0,0,0,4,9,44.44444444444444,72.125,0,3,0.0,,orange
uuid-2569-2094,2569,2026-04-06,2026-04-12,100.0,100.0,0,1,3,12,25.0,66.10000000000001,0,4,0.0,,green
uuid-2569-2095,2569,2026-04-06,2026-04-12,100.0,91.66666666666667,0,5,4,6,66.66666666666667,88.35,1,2,50.0,92.3,green
uuid-2569-2096,2569,2026-04-06,2026-04-12,100.0,75.0,0,1,1,6,16.666666666666668,83.8,1,2,50.0,92.7,green
uuid-2569-2097,2569,2026-04-06,2026-04-12,33.333333333333336,55.55555555555556,0,0,4,9,44.44444444444444,72.75,1,3,33.333333333333336,74.8,orange
uuid-2569-2098,2569,2026-04-06,2026-04-12,100.0,83.33333333333333,0,5,4,12,33.333333333333336,69.2,3,4,75.0,68.66666666666667,green
uuid-2569-2099,2569,2026-04-06,2026-04-12,25.0,54.166666666666664,0,0,2,12,16.666666666666668,68.15,0,4,0.0,,orange
uuid-2569-2100,2569,2026-04-06,2026-04-12,,,0,0,0,12,0.0,,0,4,0.0,,green
uuid-2569-2101,2569,2026-04-06,2026-04-12,100.0,91.66666666666667,0,4,1,6,16.666666666666668,93.4,2,2,100.0,57.349999999999994,green
uuid-2569-2102,2569,2026-04-06,2026-04-12,100.0,75.0,0,1,3,6,50.0,78.36666666666666,1,2,50.0,57.9,green
uuid-2569-2103,2569,2026-04-06,2026-04-12,100.0,75.0,0,1,5,12,41.666666666666664,79.82000000000001,3,4,75.0,95.66666666666667,green
uuid-2569-2104,2569,2026-04-06,2026-04-12,75.0,66.66666666666667,0,3,7,12,58.333333333333336,70.62857142857143,1,4,25.0,86.1,green
uuid-2569-2105,2569,2026-04-06,2026-04-12,,25.0,0,0,2,12,16.666666666666668,66.2,0,4,0.0,,green
uuid-2569-2106,2569,2026-04-06,2026-04-12,0.0,50.0,0,0,3,12,25.0,72.76666666666667,2,4,50.0,84.2,red
uuid-2569-2107,2569,2026-04-06,2026-04-12,,,0,0,0,12,0.0,,0,4,0.0,,green
uuid-2569-2108,2569,2026-04-06,2026-04-12,75.0,70.83333333333333,0,3,8,12,66.66666666666667,85.0125,3,4,75.0,86.39999999999999,green
uuid-2569-2109,2569,2026-04-06,2026-04-12,50.0,75.0,0,0,6,12,50.0,81.75000000000001,3,4,75.0,90.96666666666665,yellow
uuid-2569-2110,2569,2026-04-06,2026-04-12,100.0,95.83333333333333,0,6,8,12,66.66666666666667,85.85,4,4,100.0,90.35,green
uuid-2569-2111,2569,2026-04-06,2026-04-12,50.0,66.66666666666667,0,0,5,12,41.666666666666664,63.419999999999995,2,4,50.0,54.25,yellow
uuid-2569-2112,2569,2026-04-06,2026-04-12,100.0,87.5,0,2,5,12,41.666666666666664,86.5,3,4,75.0,78.5,green
uuid-2569-2113,2569,2026-04-06,2026-04-12,66.66666666666667,77.77777777777777,0,0,4,9,44.44444444444444,82.825,3,3,100.0,78.83333333333333,yellow
uuid-2569-2114,2569,2026-04-06,2026-04-12,25.0,62.5,0,0,3,12,25.0,69.2,2,4,50.0,59.45,orange
uuid-2569-2115,2569,2026-04-06,2026-04-12,,50.0,0,0,4,12,33.333333333333336,59.12500000000001,3,4,75.0,68.03333333333333,green
uuid-2569-2116,2569,2026-04-06,2026-04-12,75.0,75.0,0,1,3,12,25.0,82.10000000000001,0,4,0.0,,green
uuid-2569-2117,2569,2026-04-06,2026-04-12,100.0,100.0,0,1,3,9,33.333333333333336,95.43333333333334,0,3,0.0,,green
uuid-2569-2118,2569,2026-04-06,2026-04-12,,66.66666666666667,0,0,1,9,11.11111111111111,97.4,3,3,100.0,82.8,green
uuid-2569-2119,2569,2026-04-06,2026-04-12,100.0,91.66666666666667,0,2,6,12,50.0,90.48333333333333,3,4,75.0,86.16666666666667,green
uuid-2569-2120,2569,2026-04-06,2026-04-12,75.0,79.16666666666667,0,5,4,12,33.333333333333336,67.525,1,4,25.0,85.1,green
uuid-2569-2121,2569,2026-04-06,2026-04-12,100.0,100.0,0,1,3,12,25.0,91.3,0,4,0.0,,green
uuid-2569-2122,2569,2026-04-06,2026-04-12,100.0,79.16666666666667,0,4,6,12,50.0,81.95,3,4,75.0,87.26666666666665,green
uuid-2569-2123,2569,2026-04-06,2026-04-12,75.0,83.33333333333333,0,6,8,12,66.66666666666667,84.86250000000001,1,4,25.0,100.0,green
uuid-2569-2124,2569,2026-04-06,2026-04-12,25.0,70.83333333333333,0,0,4,12,33.333333333333336,72.075,1,4,25.0,70.3,orange
uuid-2569-2125,2569,2026-04-06,2026-04-12,75.0,75.0,0,2,6,12,50.0,70.66666666666667,2,4,50.0,80.15,green
uuid-2569-2126,2569,2026-04-06,2026-04-12,0.0,12.5,0,0,3,12,25.0,60.76666666666667,2,4,50.0,57.550000000000004,red
uuid-2569-2127,2569,2026-04-06,2026-04-12,,,0,0,0,12,0.0,,0,4,0.0,,green
uuid-2569-2128,2569,2026-04-06,2026-04-12,,,0,0,0,9,0.0,,0,3,0.0,,green
uuid-2569-2129,2569,2026-04-06,2026-04-12,100.0,100.0,0,1,3,9,33.333333333333336,86.16666666666667,0,3,0.0,,green
uuid-2569-2130,2569,2026-04-06,2026-04-12,75.0,75.0,0,1,3,12,25.0,87.8,0,4,0.0,,green
uuid-2569-2131,2569,2026-04-06,2026-04-12,100.0,83.33333333333333,0,1,5,9,55.55555555555556,68.44,3,3,100.0,59.56666666666666,green
uuid-2569-2132,2569,2026-04-06,2026-04-12,50.0,66.66666666666667,0,0,3,6,50.0,70.7,2,2,100.0,74.3,yellow
uuid-2569-2133,2569,2026-04-06,2026-04-12,100.0,83.33333333333333,0,6,5,12,41.666666666666664,87.44,4,4,100.0,86.85,green
uuid-2569-2134,2569,2026-04-06,2026-04-12,0.0,25.0,0,0,3,6,50.0,67.60000000000001,1,2,50.0,87.4,red
uuid-2569-2135,2569,2026-04-06,2026-04-12,100.0,70.83333333333333,0,3,5,12,41.666666666666664,74.25999999999999,2,4,50.0,71.8,green
uuid-2569-2136,2569,2026-04-06,2026-04-12,50.0,50.0,0,0,5,12,41.666666666666664,74.47999999999999,4,4,100.0,72.25,yellow
uuid-2569-2137,2569,2026-04-06,2026-04-12,100.0,100.0,0,6,8,12,66.66666666666667,87.13749999999999,3,4,75.0,83.83333333333333,green
uuid-2569-2138,2569,2026-04-06,2026-04-12,100.0,58.333333333333336,0,1,8,12,66.66666666666667,78.325,4,4,100.0,84.975,green
uuid-2569-2139,2569,2026-04-06,2026-04-12,100.0,100.0,0,1,2,9,22.22222222222222,63.75,0,3,0.0,,green
uuid-2569-2140,2569,2026-04-06,2026-04-12,,70.0,0,0,1,6,16.666666666666668,89.1,1,2,50.0,82.5,green
uuid-2569-2141,2569,2026-04-06,2026-04-12,100.0,100.0,0,1,4,12,33.333333333333336,74.775,0,4,0.0,,green
uuid-2569-2142,2569,2026-04-06,2026-04-12,,,0,0,0,12,0.0,,0,4,0.0,,green
uuid-2569-2143,2569,2026-04-06,2026-04-12,,100.0,0,5,1,6,16.666666666666668,63.8,1,2,50.0,84.0,green
uuid-2569-2144,2569,2026-04-06,2026-04-12,66.66666666666667,66.66666666666667,0,0,1,9,11.11111111111111,66.8,0,3,0.0,,yellow
uuid-2569-2145,2569,2026-04-06,2026-04-12,,90.0,0,5,4,12,33.333333333333336,96.25,4,4,100.0,92.2,green
uuid-2569-2146,2569,2026-04-06,2026-04-12,100.0,94.44444444444444,0,1,4,9,44.44444444444444,83.575,3,3,100.0,80.63333333333334,green
uuid-2569-2147,2569,2026-04-06,2026-04-12,,,0,0,0,12,0.0,,0,4,0.0,,green
uuid-2569-2148,2569,2026-04-06,2026-04-12,75.0,75.0,0,1,3,12,25.0,83.73333333333333,0,4,0.0,,green
uuid-2569-2149,2569,2026-04-06,2026-04-12,0.0,58.333333333333336,0,0,2,6,33.333333333333336,70.9,1,2,50.0,59.1,red
uuid-2569-2150,2569,2026-04-06,2026-04-12,100.0,100.0,0,1,3,12,25.0,90.66666666666667,0,4,0.0,,green
uuid-2569-2001,2569,2026-04-13,2026-04-19,100.0,92.85714285714286,0,5,4,6,66.66666666666667,88.625,2,2,100.0,90.15,green
uuid-2569-2002,2569,2026-04-13,2026-04-19,0.0,32.142857142857146,1,0,1,12,8.333333333333334,47.2,1,4,25.0,60.1,red
uuid-2569-2003,2569,2026-04-13,2026-04-19,100.0,60.714285714285715,0,2,4,12,33.333333333333336,73.44999999999999,3,4,75.0,59.86666666666667,green
uuid-2569-2004,2569,2026-04-13,2026-04-19,75.0,67.85714285714286,0,2,3,12,25.0,76.93333333333334,3,4,75.0,74.4,green
uuid-2569-2005,2569,2026-04-13,2026-04-19,100.0,100.0,0,2,4,12,33.333333333333336,93.92500000000001,0,4,0.0,,green
uuid-2569-2006,2569,2026-04-13,2026-04-19,50.0,50.0,0,0,5,12,41.666666666666664,73.24,2,4,50.0,77.30000000000001,yellow
uuid-2569-2007,2569,2026-04-13,2026-04-19,100.0,100.0,0,2,2,9,22.22222222222222,72.65,0,3,0.0,,green
uuid-2569-2008,2569,2026-04-13,2026-04-19,75.0,75.0,0,2,3,12,25.0,71.46666666666667,0,4,0.0,,green
uuid-2569-2009,2569,2026-04-13,2026-04-19,75.0,67.85714285714286,0,1,4,12,33.333333333333336,69.2,1,4,25.0,61.8,green
uuid-2569-2010,2569,2026-04-13,2026-04-19,100.0,96.42857142857143,0,7,7,12,58.333333333333336,87.20000000000002,4,4,100.0,92.875,green
uuid-2569-2011,2569,2026-04-13,2026-04-19,50.0,64.28571428571429,0,0,2,6,33.333333333333336,79.55000000000001,1,2,50.0,63.2,yellow
uuid-2569-2012,2569,2026-04-13,2026-04-19,66.66666666666667,66.66666666666667,0,0,2,9,22.22222222222222,81.9,0,3,0.0,,yellow
uuid-2569-2013,2569,2026-04-13,2026-04-19,,53.333333333333336,0,1,3,9,33.333333333333336,68.83333333333333,2,3,66.66666666666667,63.3,green
uuid-2569-2014,2569,2026-04-13,2026-04-19,100.0,71.42857142857143,0,2,4,12,33.333333333333336,60.10000000000001,4,4,100.0,68.17500000000001,green
uuid-2569-2015,2569,2026-04-13,2026-04-19,100.0,71.42857142857143,0,1,5,9,55.55555555555556,61.06,2,3,66.66666666666667,67.05,green
uuid-2569-2016,2569,2026-04-13,2026-04-19,50.0,60.714285714285715,0,0,6,12,50.0,90.36666666666667,4,4,100.0,86.875,yellow
uuid-2569-2017,2569,2026-04-13,2026-04-19,50.0,53.57142857142857,0,0,4,12,33.333333333333336,62.85,2,4,50.0,68.15,yellow
uuid-2569-2018,2569,2026-04-13,2026-04-19,0.0,39.285714285714285,1,0,5,12,41.666666666666664,70.12,3,4,75.0,64.93333333333334,red
uuid-2569-2019,2569,2026-04-13,2026-04-19,,95.0,0,5,2,12,16.666666666666668,76.4,2,4,50.0,80.6,green
uuid-2569-2020,2569,2026-04-13,2026-04-19,75.0,89.28571428571429,0,7,8,12,66.66666666666667,84.475,3,4,75.0,65.5,green
uuid-2569-2021,2569,2026-04-13,2026-04-19,50.0,67.85714285714286,0,0,5,12,41.666666666666664,75.42,2,4,50.0,83.9,yellow
uuid-2569-2022,2569,2026-04-13,2026-04-19,,93.33333333333333,0,4,1,9,11.11111111111111,79.5,3,3,100.0,77.03333333333333,green
uuid-2569-2023,2569,2026-04-13,2026-04-19,50.0,53.57142857142857,0,0,8,12,66.66666666666667,71.625,3,4,75.0,78.9,yellow
uuid-2569-2024,2569,2026-04-13,2026-04-19,100.0,78.57142857142857,0,2,4,6,66.66666666666667,85.80000000000001,1,2,50.0,59.0,green
uuid-2569-2025,2569,2026-04-13,2026-04-19,33.333333333333336,52.38095238095238,0,0,2,9,22.22222222222222,70.55,3,3,100.0,84.10000000000001,orange
uuid-2569-2026,2569,2026-04-13,2026-04-19,100.0,96.42857142857143,0,7,4,12,33.333333333333336,85.025,3,4,75.0,88.16666666666667,green
uuid-2569-2027,2569,2026-04-13,2026-04-19,,,0,0,0,12,0.0,,0,4,0.0,,green
uuid-2569-2028,2569,2026-04-13,2026-04-19,,65.0,0,0,2,12,16.666666666666668,73.75,4,4,100.0,73.525,green
uuid-2569-2029,2569,2026-04-13,2026-04-19,100.0,71.42857142857143,0,1,4,6,66.66666666666667,80.02499999999999,1,2,50.0,87.9,green
uuid-2569-2030,2569,2026-04-13,2026-04-19,100.0,100.0,0,2,1,12,8.333333333333334,95.9,0,4,0.0,,green
uuid-2569-2031,2569,2026-04-13,2026-04-19,100.0,78.57142857142857,0,1,5,12,41.666666666666664,94.74000000000001,4,4,100.0,86.325,green
uuid-2569-2032,2569,2026-04-13,2026-04-19,66.66666666666667,83.33333333333333,0,0,3,9,33.333333333333336,74.56666666666666,0,3,0.0,,yellow
uuid-2569-2033,2569,2026-04-13,2026-04-19,100.0,78.57142857142857,0,2,4,6,66.66666666666667,89.6,1,2,50.0,66.0,green
uuid-2569-2034,2569,2026-04-13,2026-04-19,75.0,87.5,0,2,4,12,33.333333333333336,82.025,0,4,0.0,,green
uuid-2569-2035,2569,2026-04-13,2026-04-19,100.0,83.33333333333333,0,1,3,9,33.333333333333336,73.63333333333333,0,3,0.0,,green
uuid-2569-2036,2569,2026-04-13,2026-04-19,100.0,100.0,0,7,3,6,50.0,81.43333333333332,1,2,50.0,94.1,green
uuid-2569-2037,2569,2026-04-13,2026-04-19,100.0,96.42857142857143,0,7,7,12,58.333333333333336,86.24285714285715,4,4,100.0,88.175,green
uuid-2569-2038,2569,2026-04-13,2026-04-19,100.0,95.23809523809524,0,1,5,9,55.55555555555556,78.3,2,3,66.66666666666667,96.2,green
uuid-2569-2039,2569,2026-04-13,2026-04-19,25.0,53.57142857142857,0,0,3,12,25.0,79.9,1,4,25.0,65.5,orange
uuid-2569-2040,2569,2026-04-13,2026-04-19,,,0,0,0,12,0.0,,0,4,0.0,,green
uuid-2569-2041,2569,2026-04-13,2026-04-19,75.0,67.85714285714286,0,5,6,12,50.0,64.26666666666667,3,4,75.0,81.76666666666667,green
uuid-2569-2042,2569,2026-04-13,2026-04-19,75.0,50.0,0,1,2,12,16.666666666666668,75.3,0,4,0.0,,green
uuid-2569-2043,2569,2026-04-13,2026-04-19,75.0,87.5,0,2,3,12,25.0,78.46666666666665,0,4,0.0,,green
uuid-2569-2044,2569,2026-04-13,2026-04-19,75.0,67.85714285714286,0,3,3,12,25.0,87.13333333333333,2,4,50.0,52.95,green
uuid-2569-2045,2569,2026-04-13,2026-04-19,100.0,100.0,0,2,4,12,33.333333333333336,80.9,0,4,0.0,,green
uuid-2569-2046,2569,2026-04-13,2026-04-19,50.0,37.5,0,0,4,12,33.333333333333336,78.35000000000001,0,4,0.0,,yellow
uuid-2569-2047,2569,2026-04-13,2026-04-19,75.0,92.85714285714286,0,7,8,12,66.66666666666667,88.125,3,4,75.0,84.26666666666667,green
uuid-2569-2048,2569,2026-04-13,2026-04-19,100.0,96.42857142857143,0,7,5,12,41.666666666666664,75.94000000000001,4,4,100.0,95.275,green
uuid-2569-2049,2569,2026-04-13,2026-04-19,75.0,64.28571428571429,0,1,3,12,25.0,69.49999999999999,1,4,25.0,66.4,green
uuid-2569-2050,2569,2026-04-13,2026-04-19,100.0,100.0,0,2,3,12,25.0,76.10000000000001,0,4,0.0,,green
uuid-2569-2051,2569,2026-04-13,2026-04-19,,,0,0,0,12,0.0,,0,4,0.0,,green
uuid-2569-2052,2569,2026-04-13,2026-04-19,100.0,50.0,0,1,1,6,16.666666666666668,64.0,0,2,0.0,,green
uuid-2569-2053,2569,2026-04-13,2026-04-19,75.0,82.14285714285714,0,4,7,12,58.333333333333336,88.57142857142857,3,4,75.0,71.86666666666666,green
uuid-2569-2054,2569,2026-04-13,2026-04-19,25.0,35.714285714285715,0,0,3,12,25.0,60.03333333333333,2,4,50.0,57.5,orange
uuid-2569-2055,2569,2026-04-13,2026-04-19,100.0,92.85714285714286,0,7,7,12,58.333333333333336,79.87142857142858,3,4,75.0,84.36666666666666,green
uuid-2569-2056,2569,2026-04-13,2026-04-19,,,0,0,0,12,0.0,,0,4,0.0,,green
uuid-2569-2057,2569,2026-04-13,2026-04-19,,,0,0,0,12,0.0,,0,4,0.0,,green
uuid-2569-2058,2569,2026-04-13,2026-04-19,50.0,50.0,0,0,2,12,16.666666666666668,69.15,0,4,0.0,,yellow
uuid-2569-2059,2569,2026-04-13,2026-04-19,100.0,100.0,0,7,4,6,66.66666666666667,89.29999999999998,1,2,50.0,83.9,green
uuid-2569-2060,2569,2026-04-13,2026-04-19,100.0,92.85714285714286,0,6,8,12,66.66666666666667,91.3125,3,4,75.0,89.3,green
uuid-2569-2061,2569,2026-04-13,2026-04-19,,55.0,0,1,2,12,16.666666666666668,82.5,3,4,75.0,72.86666666666666,green
uuid-2569-2062,2569,2026-04-13,2026-04-19,100.0,100.0,0,7,6,9,66.66666666666667,88.21666666666668,1,3,33.333333333333336,100.0,green
uuid-2569-2063,2569,2026-04-13,2026-04-19,25.0,64.28571428571429,0,0,1,12,8.333333333333334,90.4,2,4,50.0,91.7,orange
uuid-2569-2064,2569,2026-04-13,2026-04-19,75.0,75.0,0,2,3,12,25.0,80.46666666666667,0,4,0.0,,green
uuid-2569-2065,2569,2026-04-13,2026-04-19,100.0,95.23809523809524,0,5,4,9,44.44444444444444,88.9,2,3,66.66666666666667,96.25,green
uuid-2569-2066,2569,2026-04-13,2026-04-19,,,0,0,0,12,0.0,,0,4,0.0,,green
uuid-2569-2067,2569,2026-04-13,2026-04-19,100.0,95.23809523809524,0,5,5,9,55.55555555555556,86.9,2,3,66.66666666666667,91.7,green
uuid-2569-2068,2569,2026-04-13,2026-04-19,75.0,57.142857142857146,0,1,6,12,50.0,69.3,4,4,100.0,79.375,green
uuid-2569-2069,2569,2026-04-13,2026-04-19,,,0,0,0,6,0.0,,0,2,0.0,,green
uuid-2569-2070,2569,2026-04-13,2026-04-19,50.0,57.142857142857146,0,0,6,12,50.0,77.0,1,4,25.0,87.1,yellow
uuid-2569-2071,2569,2026-04-13,2026-04-19,100.0,82.14285714285714,0,6,4,12,33.333333333333336,71.375,2,4,50.0,77.15,green
uuid-2569-2072,2569,2026-04-13,2026-04-19,100.0,71.42857142857143,0,1,3,6,50.0,84.7,2,2,100.0,85.15,green
uuid-2569-2073,2569,2026-04-13,2026-04-19,75.0,50.0,0,1,3,12,25.0,74.39999999999999,0,4,0.0,,green
uuid-2569-2074,2569,2026-04-13,2026-04-19,100.0,100.0,0,7,4,6,66.66666666666667,71.575,1,2,50.0,86.1,green
uuid-2569-2075,2569,2026-04-13,2026-04-19,100.0,82.14285714285714,0,1,6,12,50.0,86.65000000000002,3,4,75.0,80.56666666666666,green
uuid-2569-2076,2569,2026-04-13,2026-04-19,75.0,67.85714285714286,0,1,6,12,50.0,68.05,2,4,50.0,75.6,green
uuid-2569-2077,2569,2026-04-13,2026-04-19,100.0,100.0,0,7,8,12,66.66666666666667,89.15,4,4,100.0,90.025,green
uuid-2569-2078,2569,2026-04-13,2026-04-19,100.0,71.42857142857143,0,1,6,12,50.0,83.81666666666666,1,4,25.0,74.7,green
uuid-2569-2079,2569,2026-04-13,2026-04-19,100.0,96.42857142857143,0,7,7,12,58.333333333333336,90.68571428571428,4,4,100.0,84.525,green
uuid-2569-2080,2569,2026-04-13,2026-04-19,75.0,85.71428571428571,0,5,6,12,50.0,84.86666666666667,4,4,100.0,92.475,green
uuid-2569-2081,2569,2026-04-13,2026-04-19,100.0,85.71428571428571,0,4,6,12,50.0,82.01666666666667,3,4,75.0,80.03333333333335,green
uuid-2569-2082,2569,2026-04-13,2026-04-19,100.0,71.42857142857143,0,1,3,6,50.0,57.46666666666667,2,2,100.0,67.9,green
uuid-2569-2083,2569,2026-04-13,2026-04-19,75.0,60.714285714285715,0,1,3,12,25.0,79.3,1,4,25.0,72.7,green
uuid-2569-2084,2569,2026-04-13,2026-04-19,100.0,96.42857142857143,0,7,6,12,50.0,90.08333333333333,4,4,100.0,89.925,green
uuid-2569-2085,2569,2026-04-13,2026-04-19,100.0,85.71428571428571,0,7,7,12,58.333333333333336,88.65714285714284,3,4,75.0,71.96666666666667,green
uuid-2569-2086,2569,2026-04-13,2026-04-19,75.0,82.14285714285714,0,5,6,12,50.0,80.60000000000001,4,4,100.0,76.675,green
uuid-2569-2087,2569,2026-04-13,2026-04-19,100.0,96.42857142857143,0,7,5,12,41.666666666666664,85.06,2,4,50.0,83.3,green
uuid-2569-2088,2569,2026-04-13,2026-04-19,,10.0,1,0,0,6,0.0,,0,2,0.0,,green
uuid-2569-2089,2569,2026-04-13,2026-04-19,0.0,78.57142857142857,1,0,2,6,33.333333333333336,56.95,0,2,0.0,,red
uuid-2569-2090,2569,2026-04-13,2026-04-19,100.0,71.42857142857143,0,3,4,12,33.333333333333336,74.625,3,4,75.0,71.2,green
uuid-2569-2091,2569,2026-04-13,2026-04-19,,100.0,0,5,2,6,33.333333333333336,83.1,2,2,100.0,91.80000000000001,green
uuid-2569-2092,2569,2026-04-13,2026-04-19,75.0,87.5,0,2,2,12,16.666666666666668,76.05000000000001,0,4,0.0,,green
uuid-2569-2093,2569,2026-04-13,2026-04-19,66.66666666666667,52.38095238095238,0,0,4,9,44.44444444444444,72.125,0,3,0.0,,yellow
uuid-2569-2094,2569,2026-04-13,2026-04-19,100.0,100.0,0,2,3,12,25.0,66.10000000000001,0,4,0.0,,green
uuid-2569-2095,2569,2026-04-13,2026-04-19,100.0,92.85714285714286,0,6,4,6,66.66666666666667,88.35,1,2,50.0,92.3,green
uuid-2569-2096,2569,2026-04-13,2026-04-19,50.0,71.42857142857143,0,0,1,6,16.666666666666668,83.8,1,2,50.0,92.7,yellow
uuid-2569-2097,2569,2026-04-13,2026-04-19,33.333333333333336,52.38095238095238,0,0,4,9,44.44444444444444,72.75,1,3,33.333333333333336,74.8,orange
uuid-2569-2098,2569,2026-04-13,2026-04-19,100.0,85.71428571428571,0,6,4,12,33.333333333333336,69.2,3,4,75.0,68.66666666666667,green
uuid-2569-2099,2569,2026-04-13,2026-04-19,25.0,50.0,0,0,2,12,16.666666666666668,68.15,0,4,0.0,,orange
uuid-2569-2100,2569,2026-04-13,2026-04-19,,,0,0,0,12,0.0,,0,4,0.0,,green
uuid-2569-2101,2569,2026-04-13,2026-04-19,100.0,92.85714285714286,0,5,1,6,16.666666666666668,93.4,2,2,100.0,57.349999999999994,green
uuid-2569-2102,2569,2026-04-13,2026-04-19,50.0,71.42857142857143,0,0,3,6,50.0,78.36666666666666,1,2,50.0,57.9,yellow
uuid-2569-2103,2569,2026-04-13,2026-04-19,50.0,71.42857142857143,0,0,5,12,41.666666666666664,79.82000000000001,3,4,75.0,95.66666666666667,yellow
uuid-2569-2104,2569,2026-04-13,2026-04-19,50.0,64.28571428571429,0,0,7,12,58.333333333333336,70.62857142857143,1,4,25.0,86.1,yellow
uuid-2569-2105,2569,2026-04-13,2026-04-19,,25.0,0,0,2,12,16.666666666666668,66.2,0,4,0.0,,green
uuid-2569-2106,2569,2026-04-13,2026-04-19,75.0,53.57142857142857,0,1,3,12,25.0,72.76666666666667,2,4,50.0,84.2,green
uuid-2569-2107,2569,2026-04-13,2026-04-19,,,0,0,0,12,0.0,,0,4,0.0,,green
uuid-2569-2108,2569,2026-04-13,2026-04-19,25.0,64.28571428571429,0,0,8,12,66.66666666666667,85.0125,3,4,75.0,86.39999999999999,orange
uuid-2569-2109,2569,2026-04-13,2026-04-19,75.0,75.0,0,1,6,12,50.0,81.75000000000001,3,4,75.0,90.96666666666665,green
uuid-2569-2110,2569,2026-04-13,2026-04-19,100.0,96.42857142857143,0,7,8,12,66.66666666666667,85.85,4,4,100.0,90.35,green
uuid-2569-2111,2569,2026-04-13,2026-04-19,75.0,67.85714285714286,0,1,5,12,41.666666666666664,63.419999999999995,2,4,50.0,54.25,green
uuid-2569-2112,2569,2026-04-13,2026-04-19,50.0,82.14285714285714,0,0,5,12,41.666666666666664,86.5,3,4,75.0,78.5,yellow
uuid-2569-2113,2569,2026-04-13,2026-04-19,100.0,80.95238095238095,0,1,4,9,44.44444444444444,82.825,3,3,100.0,78.83333333333333,green
uuid-2569-2114,2569,2026-04-13,2026-04-19,75.0,64.28571428571429,0,1,3,12,25.0,69.2,2,4,50.0,59.45,green
uuid-2569-2115,2569,2026-04-13,2026-04-19,,50.0,0,0,4,12,33.333333333333336,59.12500000000001,3,4,75.0,68.03333333333333,green
uuid-2569-2116,2569,2026-04-13,2026-04-19,100.0,87.5,0,2,3,12,25.0,82.10000000000001,0,4,0.0,,green
uuid-2569-2117,2569,2026-04-13,2026-04-19,100.0,100.0,0,2,3,9,33.333333333333336,95.43333333333334,0,3,0.0,,green
uuid-2569-2118,2569,2026-04-13,2026-04-19,,66.66666666666667,0,0,1,9,11.11111111111111,97.4,3,3,100.0,82.8,green
uuid-2569-2119,2569,2026-04-13,2026-04-19,100.0,92.85714285714286,0,3,6,12,50.0,90.48333333333333,3,4,75.0,86.16666666666667,green
uuid-2569-2120,2569,2026-04-13,2026-04-19,75.0,78.57142857142857,0,6,4,12,33.333333333333336,67.525,1,4,25.0,85.1,green
uuid-2569-2121,2569,2026-04-13,2026-04-19,100.0,100.0,0,2,3,12,25.0,91.3,0,4,0.0,,green
uuid-2569-2122,2569,2026-04-13,2026-04-19,100.0,82.14285714285714,0,5,6,12,50.0,81.95,3,4,75.0,87.26666666666665,green
uuid-2569-2123,2569,2026-04-13,2026-04-19,100.0,85.71428571428571,0,7,8,12,66.66666666666667,84.86250000000001,1,4,25.0,100.0,green
uuid-2569-2124,2569,2026-04-13,2026-04-19,100.0,75.0,0,1,4,12,33.333333333333336,72.075,1,4,25.0,70.3,green
uuid-2569-2125,2569,2026-04-13,2026-04-19,75.0,75.0,0,3,6,12,50.0,70.66666666666667,2,4,50.0,80.15,green
uuid-2569-2126,2569,2026-04-13,2026-04-19,50.0,17.857142857142858,0,0,3,12,25.0,60.76666666666667,2,4,50.0,57.550000000000004,yellow
uuid-2569-2127,2569,2026-04-13,2026-04-19,,,0,0,0,12,0.0,,0,4,0.0,,green
uuid-2569-2128,2569,2026-04-13,2026-04-19,,,0,0,0,9,0.0,,0,3,0.0,,green
uuid-2569-2129,2569,2026-04-13,2026-04-19,100.0,100.0,0,2,3,9,33.333333333333336,86.16666666666667,0,3,0.0,,green
uuid-2569-2130,2569,2026-04-13,2026-04-19,100.0,87.5,0,2,3,12,25.0,87.8,0,4,0.0,,green
uuid-2569-2131,2569,2026-04-13,2026-04-19,66.66666666666667,80.95238095238095,0,0,5,9,55.55555555555556,68.44,3,3,100.0,59.56666666666666,yellow
uuid-2569-2132,2569,2026-04-13,2026-04-19,100.0,71.42857142857143,0,1,3,6,50.0,70.7,2,2,100.0,74.3,green
uuid-2569-2133,2569,2026-04-13,2026-04-19,100.0,85.71428571428571,0,7,5,12,41.666666666666664,87.44,4,4,100.0,86.85,green
uuid-2569-2134,2569,2026-04-13,2026-04-19,50.0,28.571428571428573,0,0,3,6,50.0,67.60000000000001,1,2,50.0,87.4,yellow
uuid-2569-2135,2569,2026-04-13,2026-04-19,75.0,71.42857142857143,0,4,5,12,41.666666666666664,74.25999999999999,2,4,50.0,71.8,green
uuid-2569-2136,2569,2026-04-13,2026-04-19,50.0,50.0,0,0,5,12,41.666666666666664,74.47999999999999,4,4,100.0,72.25,yellow
uuid-2569-2137,2569,2026-04-13,2026-04-19,100.0,100.0,0,7,8,12,66.66666666666667,87.13749999999999,3,4,75.0,83.83333333333333,green
uuid-2569-2138,2569,2026-04-13,2026-04-19,100.0,64.28571428571429,0,2,8,12,66.66666666666667,78.325,4,4,100.0,84.975,green
uuid-2569-2139,2569,2026-04-13,2026-04-19,100.0,100.0,0,2,2,9,22.22222222222222,63.75,0,3,0.0,,green
uuid-2569-2140,2569,2026-04-13,2026-04-19,,70.0,0,0,1,6,16.666666666666668,89.1,1,2,50.0,82.5,green
uuid-2569-2141,2569,2026-04-13,2026-04-19,100.0,100.0,0,2,4,12,33.333333333333336,74.775,0,4,0.0,,green
uuid-2569-2142,2569,2026-04-13,2026-04-19,,,0,0,0,12,0.0,,0,4,0.0,,green
uuid-2569-2143,2569,2026-04-13,2026-04-19,,100.0,0,5,1,6,16.666666666666668,63.8,1,2,50.0,84.0,green
uuid-2569-2144,2569,2026-04-13,2026-04-19,100.0,83.33333333333333,0,1,1,9,11.11111111111111,66.8,0,3,0.0,,green
uuid-2569-2145,2569,2026-04-13,2026-04-19,,90.0,0,5,4,12,33.333333333333336,96.25,4,4,100.0,92.2,green
uuid-2569-2146,2569,2026-04-13,2026-04-19,66.66666666666667,90.47619047619048,0,0,4,9,44.44444444444444,83.575,3,3,100.0,80.63333333333334,yellow
uuid-2569-2147,2569,2026-04-13,2026-04-19,,,0,0,0,12,0.0,,0,4,0.0,,green
uuid-2569-2148,2569,2026-04-13,2026-04-19,100.0,87.5,0,2,3,12,25.0,83.73333333333333,0,4,0.0,,green
uuid-2569-2149,2569,2026-04-13,2026-04-19,50.0,57.142857142857146,0,0,2,6,33.333333333333336,70.9,1,2,50.0,59.1,yellow
uuid-2569-2150,2569,2026-04-13,2026-04-19,100.0,100.0,0,2,3,12,25.0,90.66666666666667,0,4,0.0,,green
uuid-2569-2001,2569,2026-04-20,2026-04-26,100.0,93.75,0,6,4,6,66.66666666666667,88.625,2,2,100.0,90.15,green
uuid-2569-2002,2569,2026-04-20,2026-04-26,0.0,28.125,2,0,1,12,8.333333333333334,47.2,1,4,25.0,60.1,red
uuid-2569-2003,2569,2026-04-20,2026-04-26,75.0,62.5,0,3,4,12,33.333333333333336,73.44999999999999,3,4,75.0,59.86666666666667,green
uuid-2569-2004,2569,2026-04-20,2026-04-26,75.0,68.75,0,3,3,12,25.0,76.93333333333334,3,4,75.0,74.4,green
uuid-2569-2005,2569,2026-04-20,2026-04-26,100.0,100.0,0,3,4,12,33.333333333333336,93.92500000000001,0,4,0.0,,green
uuid-2569-2006,2569,2026-04-20,2026-04-26,50.0,50.0,0,0,5,12,41.666666666666664,73.24,2,4,50.0,77.30000000000001,yellow
uuid-2569-2007,2569,2026-04-20,2026-04-26,100.0,100.0,0,3,2,9,22.22222222222222,72.65,0,3,0.0,,green
uuid-2569-2008,2569,2026-04-20,2026-04-26,75.0,75.0,0,3,3,12,25.0,71.46666666666667,0,4,0.0,,green
uuid-2569-2009,2569,2026-04-20,2026-04-26,100.0,71.875,0,2,4,12,33.333333333333336,69.2,1,4,25.0,61.8,green
uuid-2569-2010,2569,2026-04-20,2026-04-26,100.0,96.875,0,8,7,12,58.333333333333336,87.20000000000002,4,4,100.0,92.875,green
uuid-2569-2011,2569,2026-04-20,2026-04-26,50.0,62.5,0,0,2,6,33.333333333333336,79.55000000000001,1,2,50.0,63.2,yellow
uuid-2569-2012,2569,2026-04-20,2026-04-26,100.0,77.77777777777777,0,1,2,9,22.22222222222222,81.9,0,3,0.0,,green
uuid-2569-2013,2569,2026-04-20,2026-04-26,,53.333333333333336,0,1,3,9,33.333333333333336,68.83333333333333,2,3,66.66666666666667,63.3,green
uuid-2569-2014,2569,2026-04-20,2026-04-26,100.0,75.0,0,3,4,12,33.333333333333336,60.10000000000001,4,4,100.0,68.17500000000001,green
uuid-2569-2015,2569,2026-04-20,2026-04-26,66.66666666666667,70.83333333333333,0,0,5,9,55.55555555555556,61.06,2,3,66.66666666666667,67.05,yellow
uuid-2569-2016,2569,2026-04-20,2026-04-26,25.0,56.25,0,0,6,12,50.0,90.36666666666667,4,4,100.0,86.875,orange
uuid-2569-2017,2569,2026-04-20,2026-04-26,25.0,50.0,0,0,4,12,33.333333333333336,62.85,2,4,50.0,68.15,orange
uuid-2569-2018,2569,2026-04-20,2026-04-26,50.0,40.625,0,0,5,12,41.666666666666664,70.12,3,4,75.0,64.93333333333334,yellow
uuid-2569-2019,2569,2026-04-20,2026-04-26,,95.0,0,5,2,12,16.666666666666668,76.4,2,4,50.0,80.6,green
uuid-2569-2020,2569,2026-04-20,2026-04-26,100.0,90.625,0,8,8,12,66.66666666666667,84.475,3,4,75.0,65.5,green
uuid-2569-2021,2569,2026-04-20,2026-04-26,75.0,68.75,0,1,5,12,41.666666666666664,75.42,2,4,50.0,83.9,green
uuid-2569-2022,2569,2026-04-20,2026-04-26,,93.33333333333333,0,4,1,9,11.11111111111111,79.5,3,3,100.0,77.03333333333333,green
uuid-2569-2023,2569,2026-04-20,2026-04-26,75.0,56.25,0,1,8,12,66.66666666666667,71.625,3,4,75.0,78.9,green
uuid-2569-2024,2569,2026-04-20,2026-04-26,100.0,81.25,0,3,4,6,66.66666666666667,85.80000000000001,1,2,50.0,59.0,green
uuid-2569-2025,2569,2026-04-20,2026-04-26,66.66666666666667,54.166666666666664,0,0,2,9,22.22222222222222,70.55,3,3,100.0,84.10000000000001,yellow
uuid-2569-2026,2569,2026-04-20,2026-04-26,100.0,96.875,0,8,4,12,33.333333333333336,85.025,3,4,75.0,88.16666666666667,green
uuid-2569-2027,2569,2026-04-20,2026-04-26,,,0,0,0,12,0.0,,0,4,0.0,,green
uuid-2569-2028,2569,2026-04-20,2026-04-26,,65.0,0,0,2,12,16.666666666666668,73.75,4,4,100.0,73.525,green
uuid-2569-2029,2569,2026-04-20,2026-04-26,50.0,68.75,0,0,4,6,66.66666666666667,80.02499999999999,1,2,50.0,87.9,yellow
uuid-2569-2030,2569,2026-04-20,2026-04-26,100.0,100.0,0,3,1,12,8.333333333333334,95.9,0,4,0.0,,green
uuid-2569-2031,2569,2026-04-20,2026-04-26,75.0,78.125,0,2,5,12,41.666666666666664,94.74000000000001,4,4,100.0,86.325,green
uuid-2569-2032,2569,2026-04-20,2026-04-26,66.66666666666667,77.77777777777777,0,0,3,9,33.333333333333336,74.56666666666666,0,3,0.0,,yellow
uuid-2569-2033,2569,2026-04-20,2026-04-26,100.0,81.25,0,3,4,6,66.66666666666667,89.6,1,2,50.0,66.0,green
uuid-2569-2034,2569,2026-04-20,2026-04-26,75.0,83.33333333333333,0,3,4,12,33.333333333333336,82.025,0,4,0.0,,green
uuid-2569-2035,2569,2026-04-20,2026-04-26,100.0,88.88888888888889,0,2,3,9,33.333333333333336,73.63333333333333,0,3,0.0,,green
uuid-2569-2036,2569,2026-04-20,2026-04-26,100.0,100.0,0,8,3,6,50.0,81.43333333333332,1,2,50.0,94.1,green
uuid-2569-2037,2569,2026-04-20,2026-04-26,100.0,96.875,0,8,7,12,58.333333333333336,86.24285714285715,4,4,100.0,88.175,green
uuid-2569-2038,2569,2026-04-20,2026-04-26,66.66666666666667,91.66666666666667,0,0,5,9,55.55555555555556,78.3,2,3,66.66666666666667,96.2,yellow
uuid-2569-2039,2569,2026-04-20,2026-04-26,25.0,50.0,0,0,3,12,25.0,79.9,1,4,25.0,65.5,orange
uuid-2569-2040,2569,2026-04-20,2026-04-26,,,0,0,0,12,0.0,,0,4,0.0,,green
uuid-2569-2041,2569,2026-04-20,2026-04-26,75.0,68.75,0,6,6,12,50.0,64.26666666666667,3,4,75.0,81.76666666666667,green
uuid-2569-2042,2569,2026-04-20,2026-04-26,75.0,58.333333333333336,0,2,2,12,16.666666666666668,75.3,0,4,0.0,,green
uuid-2569-2043,2569,2026-04-20,2026-04-26,50.0,75.0,0,0,3,12,25.0,78.46666666666665,0,4,0.0,,yellow
uuid-2569-2044,2569,2026-04-20,2026-04-26,50.0,65.625,0,0,3,12,25.0,87.13333333333333,2,4,50.0,52.95,yellow
uuid-2569-2045,2569,2026-04-20,2026-04-26,100.0,100.0,0,3,4,12,33.333333333333336,80.9,0,4,0.0,,green
uuid-2569-2046,2569,2026-04-20,2026-04-26,75.0,50.0,0,1,4,12,33.333333333333336,78.35000000000001,0,4,0.0,,green
uuid-2569-2047,2569,2026-04-20,2026-04-26,100.0,93.75,0,8,8,12,66.66666666666667,88.125,3,4,75.0,84.26666666666667,green
uuid-2569-2048,2569,2026-04-20,2026-04-26,100.0,96.875,0,8,5,12,41.666666666666664,75.94000000000001,4,4,100.0,95.275,green
uuid-2569-2049,2569,2026-04-20,2026-04-26,25.0,59.375,0,0,3,12,25.0,69.49999999999999,1,4,25.0,66.4,orange
uuid-2569-2050,2569,2026-04-20,2026-04-26,75.0,91.66666666666667,0,3,3,12,25.0,76.10000000000001,0,4,0.0,,green
uuid-2569-2051,2569,2026-04-20,2026-04-26,,,0,0,0,12,0.0,,0,4,0.0,,green
uuid-2569-2052,2569,2026-04-20,2026-04-26,50.0,50.0,0,0,1,6,16.666666666666668,64.0,0,2,0.0,,yellow
uuid-2569-2053,2569,2026-04-20,2026-04-26,75.0,81.25,0,5,7,12,58.333333333333336,88.57142857142857,3,4,75.0,71.86666666666666,green
uuid-2569-2054,2569,2026-04-20,2026-04-26,0.0,31.25,1,0,3,12,25.0,60.03333333333333,2,4,50.0,57.5,red
uuid-2569-2055,2569,2026-04-20,2026-04-26,100.0,93.75,0,8,7,12,58.333333333333336,79.87142857142858,3,4,75.0,84.36666666666666,green
uuid-2569-2056,2569,2026-04-20,2026-04-26,,,0,0,0,12,0.0,,0,4,0.0,,green
uuid-2569-2057,2569,2026-04-20,2026-04-26,,,0,0,0,12,0.0,,0,4,0.0,,green
uuid-2569-2058,2569,2026-04-20,2026-04-26,75.0,58.333333333333336,0,1,2,12,16.666666666666668,69.15,0,4,0.0,,green
uuid-2569-2059,2569,2026-04-20,2026-04-26,50.0,93.75,0,0,4,6,66.66666666666667,89.29999999999998,1,2,50.0,83.9,yellow
uuid-2569-2060,2569,2026-04-20,2026-04-26,100.0,93.75,0,7,8,12,66.66666666666667,91.3125,3,4,75.0,89.3,green
uuid-2569-2061,2569,2026-04-20,2026-04-26,,55.0,0,1,2,12,16.666666666666668,82.5,3,4,75.0,72.86666666666666,green
uuid-2569-2062,2569,2026-04-20,2026-04-26,100.0,100.0,0,8,6,9,66.66666666666667,88.21666666666668,1,3,33.333333333333336,100.0,green
uuid-2569-2063,2569,2026-04-20,2026-04-26,0.0,56.25,1,0,1,12,8.333333333333334,90.4,2,4,50.0,91.7,red
uuid-2569-2064,2569,2026-04-20,2026-04-26,75.0,75.0,0,3,3,12,25.0,80.46666666666667,0,4,0.0,,green
uuid-2569-2065,2569,2026-04-20,2026-04-26,100.0,95.83333333333333,0,6,4,9,44.44444444444444,88.9,2,3,66.66666666666667,96.25,green
uuid-2569-2066,2569,2026-04-20,2026-04-26,,,0,0,0,12,0.0,,0,4,0.0,,green
uuid-2569-2067,2569,2026-04-20,2026-04-26,100.0,95.83333333333333,0,6,5,9,55.55555555555556,86.9,2,3,66.66666666666667,91.7,green
uuid-2569-2068,2569,2026-04-20,2026-04-26,50.0,56.25,0,0,6,12,50.0,69.3,4,4,100.0,79.375,yellow
uuid-2569-2069,2569,2026-04-20,2026-04-26,,,0,0,0,6,0.0,,0,2,0.0,,green
uuid-2569-2070,2569,2026-04-20,2026-04-26,100.0,62.5,0,1,6,12,50.0,77.0,1,4,25.0,87.1,green
uuid-2569-2071,2569,2026-04-20,2026-04-26,100.0,84.375,0,7,4,12,33.333333333333336,71.375,2,4,50.0,77.15,green
uuid-2569-2072,2569,2026-04-20,2026-04-26,100.0,75.0,0,2,3,6,50.0,84.7,2,2,100.0,85.15,green
uuid-2569-2073,2569,2026-04-20,2026-04-26,75.0,58.333333333333336,0,2,3,12,25.0,74.39999999999999,0,4,0.0,,green
uuid-2569-2074,2569,2026-04-20,2026-04-26,100.0,100.0,0,8,4,6,66.66666666666667,71.575,1,2,50.0,86.1,green
uuid-2569-2075,2569,2026-04-20,2026-04-26,75.0,81.25,0,2,6,12,50.0,86.65000000000002,3,4,75.0,80.56666666666666,green
uuid-2569-2076,2569,2026-04-20,2026-04-26,75.0,68.75,0,2,6,12,50.0,68.05,2,4,50.0,75.6,green
uuid-2569-2077,2569,2026-04-20,2026-04-26,100.0,100.0,0,8,8,12,66.66666666666667,89.15,4,4,100.0,90.025,green
uuid-2569-2078,2569,2026-04-20,2026-04-26,100.0,75.0,0,2,6,12,50.0,83.81666666666666,1,4,25.0,74.7,green
uuid-2569-2079,2569,2026-04-20,2026-04-26,100.0,96.875,0,8,7,12,58.333333333333336,90.68571428571428,4,4,100.0,84.525,green
uuid-2569-2080,2569,2026-04-20,2026-04-26,50.0,81.25,0,0,6,12,50.0,84.86666666666667,4,4,100.0,92.475,yellow
uuid-2569-2081,2569,2026-04-20,2026-04-26,100.0,87.5,0,5,6,12,50.0,82.01666666666667,3,4,75.0,80.03333333333335,green
uuid-2569-2082,2569,2026-04-20,2026-04-26,100.0,75.0,0,2,3,6,50.0,57.46666666666667,2,2,100.0,67.9,green
uuid-2569-2083,2569,2026-04-20,2026-04-26,25.0,56.25,0,0,3,12,25.0,79.3,1,4,25.0,72.7,orange
uuid-2569-2084,2569,2026-04-20,2026-04-26,100.0,96.875,0,8,6,12,50.0,90.08333333333333,4,4,100.0,89.925,green
uuid-2569-2085,2569,2026-04-20,2026-04-26,75.0,84.375,0,8,7,12,58.333333333333336,88.65714285714284,3,4,75.0,71.96666666666667,green
uuid-2569-2086,2569,2026-04-20,2026-04-26,50.0,78.125,0,0,6,12,50.0,80.60000000000001,4,4,100.0,76.675,yellow
uuid-2569-2087,2569,2026-04-20,2026-04-26,100.0,96.875,0,8,5,12,41.666666666666664,85.06,2,4,50.0,83.3,green
uuid-2569-2088,2569,2026-04-20,2026-04-26,,10.0,1,0,0,6,0.0,,0,2,0.0,,green
uuid-2569-2089,2569,2026-04-20,2026-04-26,0.0,68.75,2,0,2,6,33.333333333333336,56.95,0,2,0.0,,red
uuid-2569-2090,2569,2026-04-20,2026-04-26,75.0,71.875,0,4,4,12,33.333333333333336,74.625,3,4,75.0,71.2,green
uuid-2569-2091,2569,2026-04-20,2026-04-26,,100.0,0,5,2,6,33.333333333333336,83.1,2,2,100.0,91.80000000000001,green
uuid-2569-2092,2569,2026-04-20,2026-04-26,75.0,83.33333333333333,0,3,2,12,16.666666666666668,76.05000000000001,0,4,0.0,,green
uuid-2569-2093,2569,2026-04-20,2026-04-26,66.66666666666667,54.166666666666664,0,0,4,9,44.44444444444444,72.125,0,3,0.0,,yellow
uuid-2569-2094,2569,2026-04-20,2026-04-26,100.0,100.0,0,3,3,12,25.0,66.10000000000001,0,4,0.0,,green
uuid-2569-2095,2569,2026-04-20,2026-04-26,100.0,93.75,0,7,4,6,66.66666666666667,88.35,1,2,50.0,92.3,green
uuid-2569-2096,2569,2026-04-20,2026-04-26,100.0,75.0,0,1,1,6,16.666666666666668,83.8,1,2,50.0,92.7,green
uuid-2569-2097,2569,2026-04-20,2026-04-26,66.66666666666667,54.166666666666664,0,0,4,9,44.44444444444444,72.75,1,3,33.333333333333336,74.8,yellow
uuid-2569-2098,2569,2026-04-20,2026-04-26,75.0,84.375,0,7,4,12,33.333333333333336,69.2,3,4,75.0,68.66666666666667,green
uuid-2569-2099,2569,2026-04-20,2026-04-26,25.0,46.875,0,0,2,12,16.666666666666668,68.15,0,4,0.0,,orange
uuid-2569-2100,2569,2026-04-20,2026-04-26,,,0,0,0,12,0.0,,0,4,0.0,,green
uuid-2569-2101,2569,2026-04-20,2026-04-26,100.0,93.75,0,6,1,6,16.666666666666668,93.4,2,2,100.0,57.349999999999994,green
uuid-2569-2102,2569,2026-04-20,2026-04-26,100.0,75.0,0,1,3,6,50.0,78.36666666666666,1,2,50.0,57.9,green
uuid-2569-2103,2569,2026-04-20,2026-04-26,75.0,71.875,0,1,5,12,41.666666666666664,79.82000000000001,3,4,75.0,95.66666666666667,green
uuid-2569-2104,2569,2026-04-20,2026-04-26,100.0,68.75,0,1,7,12,58.333333333333336,70.62857142857143,1,4,25.0,86.1,green
uuid-2569-2105,2569,2026-04-20,2026-04-26,,25.0,0,0,2,12,16.666666666666668,66.2,0,4,0.0,,green
uuid-2569-2106,2569,2026-04-20,2026-04-26,75.0,56.25,0,2,3,12,25.0,72.76666666666667,2,4,50.0,84.2,green
uuid-2569-2107,2569,2026-04-20,2026-04-26,,,0,0,0,12,0.0,,0,4,0.0,,green
uuid-2569-2108,2569,2026-04-20,2026-04-26,75.0,65.625,0,1,8,12,66.66666666666667,85.0125,3,4,75.0,86.39999999999999,green
uuid-2569-2109,2569,2026-04-20,2026-04-26,100.0,78.125,0,2,6,12,50.0,81.75000000000001,3,4,75.0,90.96666666666665,green
uuid-2569-2110,2569,2026-04-20,2026-04-26,100.0,96.875,0,8,8,12,66.66666666666667,85.85,4,4,100.0,90.35,green
uuid-2569-2111,2569,2026-04-20,2026-04-26,25.0,62.5,0,0,5,12,41.666666666666664,63.419999999999995,2,4,50.0,54.25,orange
uuid-2569-2112,2569,2026-04-20,2026-04-26,75.0,81.25,0,1,5,12,41.666666666666664,86.5,3,4,75.0,78.5,green
uuid-2569-2113,2569,2026-04-20,2026-04-26,33.333333333333336,75.0,0,0,4,9,44.44444444444444,82.825,3,3,100.0,78.83333333333333,orange
uuid-2569-2114,2569,2026-04-20,2026-04-26,75.0,65.625,0,2,3,12,25.0,69.2,2,4,50.0,59.45,green
uuid-2569-2115,2569,2026-04-20,2026-04-26,,50.0,0,0,4,12,33.333333333333336,59.12500000000001,3,4,75.0,68.03333333333333,green
uuid-2569-2116,2569,2026-04-20,2026-04-26,75.0,83.33333333333333,0,3,3,12,25.0,82.10000000000001,0,4,0.0,,green
uuid-2569-2117,2569,2026-04-20,2026-04-26,100.0,100.0,0,3,3,9,33.333333333333336,95.43333333333334,0,3,0.0,,green
uuid-2569-2118,2569,2026-04-20,2026-04-26,,66.66666666666667,0,0,1,9,11.11111111111111,97.4,3,3,100.0,82.8,green
uuid-2569-2119,2569,2026-04-20,2026-04-26,75.0,90.625,0,4,6,12,50.0,90.48333333333333,3,4,75.0,86.16666666666667,green
uuid-2569-2120,2569,2026-04-20,2026-04-26,100.0,81.25,0,7,4,12,33.333333333333336,67.525,1,4,25.0,85.1,green
uuid-2569-2121,2569,2026-04-20,2026-04-26,100.0,100.0,0,3,3,12,25.0,91.3,0,4,0.0,,green
uuid-2569-2122,2569,2026-04-20,2026-04-26,100.0,84.375,0,6,6,12,50.0,81.95,3,4,75.0,87.26666666666665,green
uuid-2569-2123,2569,2026-04-20,2026-04-26,75.0,84.375,0,8,8,12,66.66666666666667,84.86250000000001,1,4,25.0,100.0,green
uuid-2569-2124,2569,2026-04-20,2026-04-26,100.0,78.125,0,2,4,12,33.333333333333336,72.075,1,4,25.0,70.3,green
uuid-2569-2125,2569,2026-04-20,2026-04-26,100.0,78.125,0,4,6,12,50.0,70.66666666666667,2,4,50.0,80.15,green
uuid-2569-2126,2569,2026-04-20,2026-04-26,25.0,18.75,0,0,3,12,25.0,60.76666666666667,2,4,50.0,57.550000000000004,orange
uuid-2569-2127,2569,2026-04-20,2026-04-26,,,0,0,0,12,0.0,,0,4,0.0,,green
uuid-2569-2128,2569,2026-04-20,2026-04-26,,,0,0,0,9,0.0,,0,3,0.0,,green
uuid-2569-2129,2569,2026-04-20,2026-04-26,100.0,100.0,0,3,3,9,33.333333333333336,86.16666666666667,0,3,0.0,,green
uuid-2569-2130,2569,2026-04-20,2026-04-26,100.0,91.66666666666667,0,3,3,12,25.0,87.8,0,4,0.0,,green
uuid-2569-2131,2569,2026-04-20,2026-04-26,33.333333333333336,75.0,0,0,5,9,55.55555555555556,68.44,3,3,100.0,59.56666666666666,orange
uuid-2569-2132,2569,2026-04-20,2026-04-26,100.0,75.0,0,2,3,6,50.0,70.7,2,2,100.0,74.3,green
uuid-2569-2133,2569,2026-04-20,2026-04-26,75.0,84.375,0,8,5,12,41.666666666666664,87.44,4,4,100.0,86.85,green
uuid-2569-2134,2569,2026-04-20,2026-04-26,0.0,25.0,1,0,3,6,50.0,67.60000000000001,1,2,50.0,87.4,red
uuid-2569-2135,2569,2026-04-20,2026-04-26,100.0,75.0,0,5,5,12,41.666666666666664,74.25999999999999,2,4,50.0,71.8,green
uuid-2569-2136,2569,2026-04-20,2026-04-26,75.0,53.125,0,1,5,12,41.666666666666664,74.47999999999999,4,4,100.0,72.25,green
uuid-2569-2137,2569,2026-04-20,2026-04-26,100.0,100.0,0,8,8,12,66.66666666666667,87.13749999999999,3,4,75.0,83.83333333333333,green
uuid-2569-2138,2569,2026-04-20,2026-04-26,100.0,68.75,0,3,8,12,66.66666666666667,78.325,4,4,100.0,84.975,green
uuid-2569-2139,2569,2026-04-20,2026-04-26,33.333333333333336,77.77777777777777,0,0,2,9,22.22222222222222,63.75,0,3,0.0,,orange
uuid-2569-2140,2569,2026-04-20,2026-04-26,,70.0,0,0,1,6,16.666666666666668,89.1,1,2,50.0,82.5,green
uuid-2569-2141,2569,2026-04-20,2026-04-26,50.0,83.33333333333333,0,0,4,12,33.333333333333336,74.775,0,4,0.0,,yellow
uuid-2569-2142,2569,2026-04-20,2026-04-26,,,0,0,0,12,0.0,,0,4,0.0,,green
uuid-2569-2143,2569,2026-04-20,2026-04-26,,100.0,0,5,1,6,16.666666666666668,63.8,1,2,50.0,84.0,green
uuid-2569-2144,2569,2026-04-20,2026-04-26,66.66666666666667,77.77777777777777,0,0,1,9,11.11111111111111,66.8,0,3,0.0,,yellow
uuid-2569-2145,2569,2026-04-20,2026-04-26,,90.0,0,5,4,12,33.333333333333336,96.25,4,4,100.0,92.2,green
uuid-2569-2146,2569,2026-04-20,2026-04-26,100.0,91.66666666666667,0,1,4,9,44.44444444444444,83.575,3,3,100.0,80.63333333333334,green
uuid-2569-2147,2569,2026-04-20,2026-04-26,,,0,0,0,12,0.0,,0,4,0.0,,green
uuid-2569-2148,2569,2026-04-20,2026-04-26,25.0,66.66666666666667,0,0,3,12,25.0,83.73333333333333,0,4,0.0,,orange
uuid-2569-2149,2569,2026-04-20,2026-04-26,100.0,62.5,0,1,2,6,33.333333333333336,70.9,1,2,50.0,59.1,green
uuid-2569-2150,2569,2026-04-20,2026-04-26,100.0,100.0,0,3,3,12,25.0,90.66666666666667,0,4,0.0,,green
uuid-2569-2001,2569,2026-04-27,2026-05-03,50.0,88.88888888888889,0,0,6,8,75.0,91.45,2,2,100.0,90.15,yellow
uuid-2569-2002,2569,2026-04-27,2026-05-03,25.0,27.77777777777778,0,0,2,16,12.5,52.650000000000006,1,4,25.0,60.1,orange
uuid-2569-2003,2569,2026-04-27,2026-05-03,50.0,61.111111111111114,0,0,5,16,31.25,71.17999999999999,3,4,75.0,59.86666666666667,yellow
uuid-2569-2004,2569,2026-04-27,2026-05-03,75.0,69.44444444444444,0,4,4,16,25.0,73.575,3,4,75.0,74.4,green
uuid-2569-2005,2569,2026-04-27,2026-05-03,100.0,100.0,0,4,8,16,50.0,92.13749999999999,0,4,0.0,,green
uuid-2569-2006,2569,2026-04-27,2026-05-03,75.0,52.77777777777778,0,1,8,16,50.0,75.7875,2,4,50.0,77.30000000000001,green
uuid-2569-2007,2569,2026-04-27,2026-05-03,66.66666666666667,91.66666666666667,0,0,5,12,41.666666666666664,72.74,0,3,0.0,,yellow
uuid-2569-2008,2569,2026-04-27,2026-05-03,100.0,81.25,0,4,5,16,31.25,72.53999999999999,0,4,0.0,,green
uuid-2569-2009,2569,2026-04-27,2026-05-03,25.0,66.66666666666667,0,0,7,16,43.75,71.37142857142857,1,4,25.0,61.8,orange
uuid-2569-2010,2569,2026-04-27,2026-05-03,75.0,94.44444444444444,0,9,11,16,68.75,88.21818181818183,4,4,100.0,92.875,green
uuid-2569-2011,2569,2026-04-27,2026-05-03,50.0,61.111111111111114,0,0,3,8,37.5,81.10000000000001,1,2,50.0,63.2,yellow
uuid-2569-2012,2569,2026-04-27,2026-05-03,100.0,83.33333333333333,0,2,5,12,41.666666666666664,85.88000000000001,0,3,0.0,,green
uuid-2569-2013,2569,2026-04-27,2026-05-03,,53.333333333333336,0,1,3,12,25.0,68.83333333333333,2,3,66.66666666666667,63.3,green
uuid-2569-2014,2569,2026-04-27,2026-05-03,25.0,69.44444444444444,0,0,7,16,43.75,63.30000000000001,4,4,100.0,68.17500000000001,orange
uuid-2569-2015,2569,2026-04-27,2026-05-03,66.66666666666667,70.37037037037037,0,0,6,12,50.0,60.1,2,3,66.66666666666667,67.05,yellow
uuid-2569-2016,2569,2026-04-27,2026-05-03,50.0,55.55555555555556,0,0,8,16,50.0,88.35,4,4,100.0,86.875,yellow
uuid-2569-2017,2569,2026-04-27,2026-05-03,25.0,47.22222222222222,0,0,6,16,37.5,68.05,2,4,50.0,68.15,orange
uuid-2569-2018,2569,2026-04-27,2026-05-03,50.0,41.666666666666664,0,0,8,16,50.0,66.7625,3,4,75.0,64.93333333333334,yellow
uuid-2569-2019,2569,2026-04-27,2026-05-03,,95.0,0,5,2,16,12.5,76.4,2,4,50.0,80.6,green
uuid-2569-2020,2569,2026-04-27,2026-05-03,75.0,88.88888888888889,0,9,12,16,75.0,85.93333333333332,3,4,75.0,65.5,green
uuid-2569-2021,2569,2026-04-27,2026-05-03,100.0,72.22222222222223,0,2,9,16,56.25,77.14444444444445,2,4,50.0,83.9,green
uuid-2569-2022,2569,2026-04-27,2026-05-03,,93.33333333333333,0,4,1,12,8.333333333333334,79.5,3,3,100.0,77.03333333333333,green
uuid-2569-2023,2569,2026-04-27,2026-05-03,0.0,50.0,0,0,12,16,75.0,72.4,3,4,75.0,78.9,red
uuid-2569-2024,2569,2026-04-27,2026-05-03,100.0,83.33333333333333,0,4,4,8,50.0,85.80000000000001,1,2,50.0,59.0,green
uuid-2569-2025,2569,2026-04-27,2026-05-03,100.0,59.25925925925926,0,1,3,12,25.0,75.36666666666666,3,3,100.0,84.10000000000001,green
uuid-2569-2026,2569,2026-04-27,2026-05-03,100.0,97.22222222222223,0,9,7,16,43.75,83.42857142857143,3,4,75.0,88.16666666666667,green
uuid-2569-2027,2569,2026-04-27,2026-05-03,,,0,0,0,16,0.0,,0,4,0.0,,green
uuid-2569-2028,2569,2026-04-27,2026-05-03,,65.0,0,0,2,16,12.5,73.75,4,4,100.0,73.525,green
uuid-2569-2029,2569,2026-04-27,2026-05-03,50.0,66.66666666666667,0,0,5,8,62.5,80.1,1,2,50.0,87.9,yellow
uuid-2569-2030,2569,2026-04-27,2026-05-03,100.0,100.0,0,4,5,16,31.25,81.94,0,4,0.0,,green
uuid-2569-2031,2569,2026-04-27,2026-05-03,50.0,75.0,0,0,9,16,56.25,90.44444444444444,4,4,100.0,86.325,yellow
uuid-2569-2032,2569,2026-04-27,2026-05-03,66.66666666666667,75.0,0,0,6,12,50.0,77.95,0,3,0.0,,yellow
uuid-2569-2033,2569,2026-04-27,2026-05-03,100.0,83.33333333333333,0,4,5,8,62.5,87.53999999999999,1,2,50.0,66.0,green
uuid-2569-2034,2569,2026-04-27,2026-05-03,100.0,87.5,0,4,7,16,43.75,86.67142857142858,0,4,0.0,,green
uuid-2569-2035,2569,2026-04-27,2026-05-03,100.0,91.66666666666667,0,3,5,12,41.666666666666664,74.35999999999999,0,3,0.0,,green
uuid-2569-2036,2569,2026-04-27,2026-05-03,100.0,100.0,0,9,5,8,62.5,77.85999999999999,1,2,50.0,94.1,green
uuid-2569-2037,2569,2026-04-27,2026-05-03,75.0,94.44444444444444,0,9,11,16,68.75,86.91818181818182,4,4,100.0,88.175,green
uuid-2569-2038,2569,2026-04-27,2026-05-03,100.0,92.5925925925926,0,1,5,12,41.666666666666664,78.3,2,3,66.66666666666667,96.2,green
uuid-2569-2039,2569,2026-04-27,2026-05-03,25.0,47.22222222222222,0,0,5,16,31.25,76.74000000000001,1,4,25.0,65.5,orange
uuid-2569-2040,2569,2026-04-27,2026-05-03,,,0,0,0,16,0.0,,0,4,0.0,,green
uuid-2569-2041,2569,2026-04-27,2026-05-03,50.0,66.66666666666667,0,0,9,16,56.25,68.33333333333333,3,4,75.0,81.76666666666667,yellow
uuid-2569-2042,2569,2026-04-27,2026-05-03,75.0,62.5,0,3,4,16,25.0,73.35,0,4,0.0,,green
uuid-2569-2043,2569,2026-04-27,2026-05-03,75.0,75.0,0,1,5,16,31.25,74.63999999999999,0,4,0.0,,green
uuid-2569-2044,2569,2026-04-27,2026-05-03,75.0,66.66666666666667,0,1,6,16,37.5,77.96666666666665,2,4,50.0,52.95,green
uuid-2569-2045,2569,2026-04-27,2026-05-03,100.0,100.0,0,4,8,16,50.0,78.8375,0,4,0.0,,green
uuid-2569-2046,2569,2026-04-27,2026-05-03,100.0,62.5,0,2,7,16,43.75,76.22857142857143,0,4,0.0,,green
uuid-2569-2047,2569,2026-04-27,2026-05-03,100.0,94.44444444444444,0,9,12,16,75.0,87.88333333333334,3,4,75.0,84.26666666666667,green
uuid-2569-2048,2569,2026-04-27,2026-05-03,100.0,97.22222222222223,0,9,8,16,50.0,81.16250000000001,4,4,100.0,95.275,green
uuid-2569-2049,2569,2026-04-27,2026-05-03,50.0,58.333333333333336,0,0,5,16,31.25,64.58,1,4,25.0,66.4,yellow
uuid-2569-2050,2569,2026-04-27,2026-05-03,100.0,93.75,0,4,6,16,37.5,79.7,0,4,0.0,,green
uuid-2569-2051,2569,2026-04-27,2026-05-03,,,0,0,0,16,0.0,,0,4,0.0,,green
uuid-2569-2052,2569,2026-04-27,2026-05-03,50.0,50.0,0,0,3,8,37.5,70.0,0,2,0.0,,yellow
uuid-2569-2053,2569,2026-04-27,2026-05-03,75.0,80.55555555555556,0,6,10,16,62.5,86.75,3,4,75.0,71.86666666666666,green
uuid-2569-2054,2569,2026-04-27,2026-05-03,25.0,30.555555555555557,0,0,3,16,18.75,60.03333333333333,2,4,50.0,57.5,orange
uuid-2569-2055,2569,2026-04-27,2026-05-03,100.0,94.44444444444444,0,9,10,16,62.5,81.75999999999999,3,4,75.0,84.36666666666666,green
uuid-2569-2056,2569,2026-04-27,2026-05-03,,,0,0,0,16,0.0,,0,4,0.0,,green
uuid-2569-2057,2569,2026-04-27,2026-05-03,,,0,0,0,16,0.0,,0,4,0.0,,green
uuid-2569-2058,2569,2026-04-27,2026-05-03,50.0,56.25,0,0,4,16,25.0,66.025,0,4,0.0,,yellow
uuid-2569-2059,2569,2026-04-27,2026-05-03,50.0,88.88888888888889,0,0,6,8,75.0,86.5,1,2,50.0,83.9,yellow
uuid-2569-2060,2569,2026-04-27,2026-05-03,75.0,91.66666666666667,0,8,11,16,68.75,87.73636363636365,3,4,75.0,89.3,green
uuid-2569-2061,2569,2026-04-27,2026-05-03,,55.0,0,1,2,16,12.5,82.5,3,4,75.0,72.86666666666666,green
uuid-2569-2062,2569,2026-04-27,2026-05-03,100.0,100.0,0,9,8,12,66.66666666666667,87.8625,1,3,33.333333333333336,100.0,green
uuid-2569-2063,2569,2026-04-27,2026-05-03,25.0,52.77777777777778,0,0,1,16,6.25,90.4,2,4,50.0,91.7,orange
uuid-2569-2064,2569,2026-04-27,2026-05-03,75.0,75.0,0,4,6,16,37.5,73.39999999999999,0,4,0.0,,green
uuid-2569-2065,2569,2026-04-27,2026-05-03,100.0,96.29629629629629,0,7,7,12,58.333333333333336,87.54285714285716,2,3,66.66666666666667,96.25,green
uuid-2569-2066,2569,2026-04-27,2026-05-03,,,0,0,0,16,0.0,,0,4,0.0,,green
uuid-2569-2067,2569,2026-04-27,2026-05-03,100.0,96.29629629629629,0,7,8,12,66.66666666666667,85.9625,2,3,66.66666666666667,91.7,green
uuid-2569-2068,2569,2026-04-27,2026-05-03,75.0,58.333333333333336,0,1,7,16,43.75,70.25714285714285,4,4,100.0,79.375,green
uuid-2569-2069,2569,2026-04-27,2026-05-03,,,0,0,0,8,0.0,,0,2,0.0,,green
uuid-2569-2070,2569,2026-04-27,2026-05-03,75.0,63.888888888888886,0,2,8,16,50.0,80.3875,1,4,25.0,87.1,green
uuid-2569-2071,2569,2026-04-27,2026-05-03,75.0,83.33333333333333,0,8,7,16,43.75,73.01428571428572,2,4,50.0,77.15,green
uuid-2569-2072,2569,2026-04-27,2026-05-03,100.0,77.77777777777777,0,3,4,8,50.0,80.85000000000001,2,2,100.0,85.15,green
uuid-2569-2073,2569,2026-04-27,2026-05-03,50.0,56.25,0,0,6,16,37.5,72.56666666666668,0,4,0.0,,yellow
uuid-2569-2074,2569,2026-04-27,2026-05-03,100.0,100.0,0,9,5,8,62.5,73.32000000000001,1,2,50.0,86.1,green
uuid-2569-2075,2569,2026-04-27,2026-05-03,100.0,83.33333333333333,0,3,10,16,62.5,82.05,3,4,75.0,80.56666666666666,green
uuid-2569-2076,2569,2026-04-27,2026-05-03,50.0,66.66666666666667,0,0,9,16,56.25,70.04444444444445,2,4,50.0,75.6,yellow
uuid-2569-2077,2569,2026-04-27,2026-05-03,100.0,100.0,0,9,12,16,75.0,88.58333333333333,4,4,100.0,90.025,green
uuid-2569-2078,2569,2026-04-27,2026-05-03,100.0,77.77777777777777,0,3,9,16,56.25,73.74444444444444,1,4,25.0,74.7,green
uuid-2569-2079,2569,2026-04-27,2026-05-03,100.0,97.22222222222223,0,9,9,16,56.25,90.38888888888889,4,4,100.0,84.525,green
uuid-2569-2080,2569,2026-04-27,2026-05-03,75.0,80.55555555555556,0,1,9,16,56.25,84.37777777777778,4,4,100.0,92.475,green
uuid-2569-2081,2569,2026-04-27,2026-05-03,100.0,88.88888888888889,0,6,9,16,56.25,80.87777777777778,3,4,75.0,80.03333333333335,green
uuid-2569-2082,2569,2026-04-27,2026-05-03,100.0,77.77777777777777,0,3,3,8,37.5,57.46666666666667,2,2,100.0,67.9,green
uuid-2569-2083,2569,2026-04-27,2026-05-03,75.0,58.333333333333336,0,1,4,16,25.0,82.27499999999999,1,4,25.0,72.7,green
uuid-2569-2084,2569,2026-04-27,2026-05-03,100.0,97.22222222222223,0,9,9,16,56.25,84.55555555555556,4,4,100.0,89.925,green
uuid-2569-2085,2569,2026-04-27,2026-05-03,75.0,83.33333333333333,0,9,9,16,56.25,82.77777777777777,3,4,75.0,71.96666666666667,green
uuid-2569-2086,2569,2026-04-27,2026-05-03,100.0,80.55555555555556,0,1,10,16,62.5,82.37,4,4,100.0,76.675,green
uuid-2569-2087,2569,2026-04-27,2026-05-03,100.0,97.22222222222223,0,9,7,16,43.75,88.04285714285713,2,4,50.0,83.3,green
uuid-2569-2088,2569,2026-04-27,2026-05-03,,10.0,1,0,0,8,0.0,,0,2,0.0,,green
uuid-2569-2089,2569,2026-04-27,2026-05-03,100.0,72.22222222222223,0,1,4,8,50.0,57.425000000000004,0,2,0.0,,green
uuid-2569-2090,2569,2026-04-27,2026-05-03,100.0,75.0,0,5,6,16,37.5,77.11666666666667,3,4,75.0,71.2,green
uuid-2569-2091,2569,2026-04-27,2026-05-03,,100.0,0,5,2,8,25.0,83.1,2,2,100.0,91.80000000000001,green
uuid-2569-2092,2569,2026-04-27,2026-05-03,100.0,87.5,0,4,5,16,31.25,77.62,0,4,0.0,,green
uuid-2569-2093,2569,2026-04-27,2026-05-03,100.0,59.25925925925926,0,1,6,12,50.0,70.88333333333333,0,3,0.0,,green
uuid-2569-2094,2569,2026-04-27,2026-05-03,75.0,93.75,0,4,7,16,43.75,73.01428571428572,0,4,0.0,,green
uuid-2569-2095,2569,2026-04-27,2026-05-03,100.0,94.44444444444444,0,8,6,8,75.0,89.61666666666666,1,2,50.0,92.3,green
uuid-2569-2096,2569,2026-04-27,2026-05-03,100.0,77.77777777777777,0,2,3,8,37.5,79.83333333333333,1,2,50.0,92.7,green
uuid-2569-2097,2569,2026-04-27,2026-05-03,33.333333333333336,51.851851851851855,0,0,6,12,50.0,70.11666666666667,1,3,33.333333333333336,74.8,orange
uuid-2569-2098,2569,2026-04-27,2026-05-03,100.0,86.11111111111111,0,8,8,16,50.0,79.225,3,4,75.0,68.66666666666667,green
uuid-2569-2099,2569,2026-04-27,2026-05-03,25.0,44.44444444444444,0,0,3,16,18.75,62.96666666666667,0,4,0.0,,orange
uuid-2569-2100,2569,2026-04-27,2026-05-03,,,0,0,0,16,0.0,,0,4,0.0,,green
uuid-2569-2101,2569,2026-04-27,2026-05-03,100.0,94.44444444444444,0,7,3,8,37.5,81.96666666666667,2,2,100.0,57.349999999999994,green
uuid-2569-2102,2569,2026-04-27,2026-05-03,50.0,72.22222222222223,0,0,4,8,50.0,77.825,1,2,50.0,57.9,yellow
uuid-2569-2103,2569,2026-04-27,2026-05-03,75.0,72.22222222222223,0,2,9,16,56.25,76.5111111111111,3,4,75.0,95.66666666666667,green
uuid-2569-2104,2569,2026-04-27,2026-05-03,75.0,69.44444444444444,0,2,9,16,56.25,73.52222222222223,1,4,25.0,86.1,green
uuid-2569-2105,2569,2026-04-27,2026-05-03,,25.0,0,0,2,16,12.5,66.2,0,4,0.0,,green
uuid-2569-2106,2569,2026-04-27,2026-05-03,75.0,58.333333333333336,0,3,7,16,43.75,73.32857142857144,2,4,50.0,84.2,green
uuid-2569-2107,2569,2026-04-27,2026-05-03,,,0,0,0,16,0.0,,0,4,0.0,,green
uuid-2569-2108,2569,2026-04-27,2026-05-03,75.0,66.66666666666667,0,2,10,16,62.5,84.42,3,4,75.0,86.39999999999999,green
uuid-2569-2109,2569,2026-04-27,2026-05-03,100.0,80.55555555555556,0,3,9,16,56.25,85.10000000000001,3,4,75.0,90.96666666666665,green
uuid-2569-2110,2569,2026-04-27,2026-05-03,100.0,97.22222222222223,0,9,11,16,68.75,88.13636363636363,4,4,100.0,90.35,green
uuid-2569-2111,2569,2026-04-27,2026-05-03,25.0,58.333333333333336,0,0,6,16,37.5,62.18333333333333,2,4,50.0,54.25,orange
uuid-2569-2112,2569,2026-04-27,2026-05-03,75.0,80.55555555555556,0,2,9,16,56.25,81.8111111111111,3,4,75.0,78.5,green
uuid-2569-2113,2569,2026-04-27,2026-05-03,100.0,77.77777777777777,0,1,7,12,58.333333333333336,75.92857142857143,3,3,100.0,78.83333333333333,green
uuid-2569-2114,2569,2026-04-27,2026-05-03,25.0,61.111111111111114,0,0,6,16,37.5,62.31666666666667,2,4,50.0,59.45,orange
uuid-2569-2115,2569,2026-04-27,2026-05-03,,50.0,0,0,4,16,25.0,59.12500000000001,3,4,75.0,68.03333333333333,green
uuid-2569-2116,2569,2026-04-27,2026-05-03,75.0,81.25,0,4,7,16,43.75,83.52857142857144,0,4,0.0,,green
uuid-2569-2117,2569,2026-04-27,2026-05-03,100.0,100.0,0,4,5,12,41.666666666666664,97.26,0,3,0.0,,green
uuid-2569-2118,2569,2026-04-27,2026-05-03,,66.66666666666667,0,0,1,12,8.333333333333334,97.4,3,3,100.0,82.8,green
uuid-2569-2119,2569,2026-04-27,2026-05-03,100.0,91.66666666666667,0,5,9,16,56.25,91.53333333333335,3,4,75.0,86.16666666666667,green
uuid-2569-2120,2569,2026-04-27,2026-05-03,75.0,80.55555555555556,0,8,6,16,37.5,73.25,1,4,25.0,85.1,green
uuid-2569-2121,2569,2026-04-27,2026-05-03,75.0,93.75,0,4,7,16,43.75,88.54285714285713,0,4,0.0,,green
uuid-2569-2122,2569,2026-04-27,2026-05-03,50.0,80.55555555555556,0,0,10,16,62.5,83.34,3,4,75.0,87.26666666666665,yellow
uuid-2569-2123,2569,2026-04-27,2026-05-03,100.0,86.11111111111111,0,9,12,16,75.0,84.81666666666668,1,4,25.0,100.0,green
uuid-2569-2124,2569,2026-04-27,2026-05-03,75.0,77.77777777777777,0,3,7,16,43.75,66.25714285714285,1,4,25.0,70.3,green
uuid-2569-2125,2569,2026-04-27,2026-05-03,100.0,80.55555555555556,0,5,9,16,56.25,69.73333333333333,2,4,50.0,80.15,green
uuid-2569-2126,2569,2026-04-27,2026-05-03,50.0,22.22222222222222,0,0,3,16,18.75,60.76666666666667,2,4,50.0,57.550000000000004,yellow
uuid-2569-2127,2569,2026-04-27,2026-05-03,,,0,0,0,16,0.0,,0,4,0.0,,green
uuid-2569-2128,2569,2026-04-27,2026-05-03,,,0,0,0,12,0.0,,0,3,0.0,,green
uuid-2569-2129,2569,2026-04-27,2026-05-03,100.0,100.0,0,4,5,12,41.666666666666664,85.2,0,3,0.0,,green
uuid-2569-2130,2569,2026-04-27,2026-05-03,75.0,87.5,0,4,7,16,43.75,82.44285714285715,0,4,0.0,,green
uuid-2569-2131,2569,2026-04-27,2026-05-03,66.66666666666667,74.07407407407408,0,0,6,12,50.0,70.08333333333333,3,3,100.0,59.56666666666666,yellow
uuid-2569-2132,2569,2026-04-27,2026-05-03,100.0,77.77777777777777,0,3,3,8,37.5,70.7,2,2,100.0,74.3,green
uuid-2569-2133,2569,2026-04-27,2026-05-03,75.0,83.33333333333333,0,9,9,16,56.25,88.24444444444445,4,4,100.0,86.85,green
uuid-2569-2134,2569,2026-04-27,2026-05-03,50.0,27.77777777777778,0,0,3,8,37.5,67.60000000000001,1,2,50.0,87.4,yellow
uuid-2569-2135,2569,2026-04-27,2026-05-03,50.0,72.22222222222223,0,0,8,16,50.0,77.1625,2,4,50.0,71.8,yellow
uuid-2569-2136,2569,2026-04-27,2026-05-03,75.0,55.55555555555556,0,2,7,16,43.75,74.84285714285714,4,4,100.0,72.25,green
uuid-2569-2137,2569,2026-04-27,2026-05-03,100.0,100.0,0,9,12,16,75.0,87.18333333333332,3,4,75.0,83.83333333333333,green
uuid-2569-2138,2569,2026-04-27,2026-05-03,50.0,66.66666666666667,0,0,8,16,50.0,78.325,4,4,100.0,84.975,yellow
uuid-2569-2139,2569,2026-04-27,2026-05-03,100.0,83.33333333333333,0,1,4,12,33.333333333333336,67.47500000000001,0,3,0.0,,green
uuid-2569-2140,2569,2026-04-27,2026-05-03,,70.0,0,0,1,8,12.5,89.1,1,2,50.0,82.5,green
uuid-2569-2141,2569,2026-04-27,2026-05-03,75.0,81.25,0,1,7,16,43.75,76.10000000000001,0,4,0.0,,green
uuid-2569-2142,2569,2026-04-27,2026-05-03,,,0,0,0,16,0.0,,0,4,0.0,,green
uuid-2569-2143,2569,2026-04-27,2026-05-03,,100.0,0,5,1,8,12.5,63.8,1,2,50.0,84.0,green
uuid-2569-2144,2569,2026-04-27,2026-05-03,66.66666666666667,75.0,0,0,3,12,25.0,67.33333333333333,0,3,0.0,,yellow
uuid-2569-2145,2569,2026-04-27,2026-05-03,,90.0,0,5,4,16,25.0,96.25,4,4,100.0,92.2,green
uuid-2569-2146,2569,2026-04-27,2026-05-03,100.0,92.5925925925926,0,2,5,12,41.666666666666664,83.82000000000001,3,3,100.0,80.63333333333334,green
uuid-2569-2147,2569,2026-04-27,2026-05-03,,,0,0,0,16,0.0,,0,4,0.0,,green
uuid-2569-2148,2569,2026-04-27,2026-05-03,100.0,75.0,0,1,6,16,37.5,79.06666666666666,0,4,0.0,,green
uuid-2569-2149,2569,2026-04-27,2026-05-03,100.0,66.66666666666667,0,2,3,8,37.5,68.36666666666667,1,2,50.0,59.1,green
uuid-2569-2150,2569,2026-04-27,2026-05-03,100.0,100.0,0,4,7,16,43.75,85.62857142857145,0,4,0.0,,green
uuid-2569-2001,2569,2026-05-04,2026-05-10,100.0,90.0,0,1,6,8,75.0,91.45,2,2,100.0,90.15,green
uuid-2569-2002,2569,2026-05-04,2026-05-10,25.0,27.5,0,0,2,16,12.5,52.650000000000006,1,4,25.0,60.1,orange
uuid-2569-2003,2569,2026-05-04,2026-05-10,75.0,62.5,0,1,5,16,31.25,71.17999999999999,3,4,75.0,59.86666666666667,green
uuid-2569-2004,2569,2026-05-04,2026-05-10,50.0,67.5,0,0,4,16,25.0,73.575,3,4,75.0,74.4,yellow
uuid-2569-2005,2569,2026-05-04,2026-05-10,100.0,100.0,0,5,8,16,50.0,92.13749999999999,0,4,0.0,,green
uuid-2569-2006,2569,2026-05-04,2026-05-10,75.0,55.0,0,2,8,16,50.0,75.7875,2,4,50.0,77.30000000000001,green
uuid-2569-2007,2569,2026-05-04,2026-05-10,66.66666666666667,86.66666666666667,0,0,5,12,41.666666666666664,72.74,0,3,0.0,,yellow
uuid-2569-2008,2569,2026-05-04,2026-05-10,75.0,80.0,0,5,5,16,31.25,72.53999999999999,0,4,0.0,,green
uuid-2569-2009,2569,2026-05-04,2026-05-10,50.0,65.0,0,0,7,16,43.75,71.37142857142857,1,4,25.0,61.8,yellow
uuid-2569-2010,2569,2026-05-04,2026-05-10,100.0,95.0,0,10,11,16,68.75,88.21818181818183,4,4,100.0,92.875,green
uuid-2569-2011,2569,2026-05-04,2026-05-10,,61.111111111111114,0,0,3,8,37.5,81.10000000000001,1,2,50.0,63.2,green
uuid-2569-2012,2569,2026-05-04,2026-05-10,66.66666666666667,80.0,0,0,5,12,41.666666666666664,85.88000000000001,0,3,0.0,,yellow
uuid-2569-2013,2569,2026-05-04,2026-05-10,,53.333333333333336,0,1,3,12,25.0,68.83333333333333,2,3,66.66666666666667,63.3,green
uuid-2569-2014,2569,2026-05-04,2026-05-10,25.0,65.0,0,0,7,16,43.75,63.30000000000001,4,4,100.0,68.17500000000001,orange
uuid-2569-2015,2569,2026-05-04,2026-05-10,,70.37037037037037,0,0,6,12,50.0,60.1,2,3,66.66666666666667,67.05,green
uuid-2569-2016,2569,2026-05-04,2026-05-10,100.0,60.0,0,1,8,16,50.0,88.35,4,4,100.0,86.875,green
uuid-2569-2017,2569,2026-05-04,2026-05-10,,47.22222222222222,0,0,6,16,37.5,68.05,2,4,50.0,68.15,green
uuid-2569-2018,2569,2026-05-04,2026-05-10,,41.666666666666664,0,0,8,16,50.0,66.7625,3,4,75.0,64.93333333333334,green
uuid-2569-2019,2569,2026-05-04,2026-05-10,,95.0,0,5,2,16,12.5,76.4,2,4,50.0,80.6,green
uuid-2569-2020,2569,2026-05-04,2026-05-10,75.0,87.5,0,10,12,16,75.0,85.93333333333332,3,4,75.0,65.5,green
uuid-2569-2021,2569,2026-05-04,2026-05-10,50.0,70.0,0,0,9,16,56.25,77.14444444444445,2,4,50.0,83.9,yellow
uuid-2569-2022,2569,2026-05-04,2026-05-10,,93.33333333333333,0,4,1,12,8.333333333333334,79.5,3,3,100.0,77.03333333333333,green
uuid-2569-2023,2569,2026-05-04,2026-05-10,75.0,52.5,0,1,12,16,75.0,72.4,3,4,75.0,78.9,green
uuid-2569-2024,2569,2026-05-04,2026-05-10,100.0,85.0,0,5,4,8,50.0,85.80000000000001,1,2,50.0,59.0,green
uuid-2569-2025,2569,2026-05-04,2026-05-10,,59.25925925925926,0,1,3,12,25.0,75.36666666666666,3,3,100.0,84.10000000000001,green
uuid-2569-2026,2569,2026-05-04,2026-05-10,100.0,97.5,0,10,7,16,43.75,83.42857142857143,3,4,75.0,88.16666666666667,green
uuid-2569-2027,2569,2026-05-04,2026-05-10,,,0,0,0,16,0.0,,0,4,0.0,,green
uuid-2569-2028,2569,2026-05-04,2026-05-10,,65.0,0,0,2,16,12.5,73.75,4,4,100.0,73.525,green
uuid-2569-2029,2569,2026-05-04,2026-05-10,100.0,70.0,0,1,5,8,62.5,80.1,1,2,50.0,87.9,green
uuid-2569-2030,2569,2026-05-04,2026-05-10,100.0,100.0,0,5,5,16,31.25,81.94,0,4,0.0,,green
uuid-2569-2031,2569,2026-05-04,2026-05-10,100.0,77.5,0,1,9,16,56.25,90.44444444444444,4,4,100.0,86.325,green
uuid-2569-2032,2569,2026-05-04,2026-05-10,100.0,80.0,0,1,6,12,50.0,77.95,0,3,0.0,,green
uuid-2569-2033,2569,2026-05-04,2026-05-10,100.0,85.0,0,5,5,8,62.5,87.53999999999999,1,2,50.0,66.0,green
uuid-2569-2034,2569,2026-05-04,2026-05-10,100.0,90.0,0,5,7,16,43.75,86.67142857142858,0,4,0.0,,green
uuid-2569-2035,2569,2026-05-04,2026-05-10,100.0,93.33333333333333,0,4,5,12,41.666666666666664,74.35999999999999,0,3,0.0,,green
uuid-2569-2036,2569,2026-05-04,2026-05-10,100.0,100.0,0,10,5,8,62.5,77.85999999999999,1,2,50.0,94.1,green
uuid-2569-2037,2569,2026-05-04,2026-05-10,75.0,92.5,0,10,11,16,68.75,86.91818181818182,4,4,100.0,88.175,green
uuid-2569-2038,2569,2026-05-04,2026-05-10,100.0,93.33333333333333,0,2,5,12,41.666666666666664,78.3,2,3,66.66666666666667,96.2,green
uuid-2569-2039,2569,2026-05-04,2026-05-10,,47.22222222222222,0,0,5,16,31.25,76.74000000000001,1,4,25.0,65.5,green
uuid-2569-2040,2569,2026-05-04,2026-05-10,,,0,0,0,16,0.0,,0,4,0.0,,green
uuid-2569-2041,2569,2026-05-04,2026-05-10,50.0,65.0,0,0,9,16,56.25,68.33333333333333,3,4,75.0,81.76666666666667,yellow
uuid-2569-2042,2569,2026-05-04,2026-05-10,100.0,70.0,0,4,4,16,25.0,73.35,0,4,0.0,,green
uuid-2569-2043,2569,2026-05-04,2026-05-10,100.0,80.0,0,2,5,16,31.25,74.63999999999999,0,4,0.0,,green
uuid-2569-2044,2569,2026-05-04,2026-05-10,75.0,67.5,0,2,6,16,37.5,77.96666666666665,2,4,50.0,52.95,green
uuid-2569-2045,2569,2026-05-04,2026-05-10,50.0,90.0,0,0,8,16,50.0,78.8375,0,4,0.0,,yellow
uuid-2569-2046,2569,2026-05-04,2026-05-10,75.0,65.0,0,3,7,16,43.75,76.22857142857143,0,4,0.0,,green
uuid-2569-2047,2569,2026-05-04,2026-05-10,100.0,95.0,0,10,12,16,75.0,87.88333333333334,3,4,75.0,84.26666666666667,green
uuid-2569-2048,2569,2026-05-04,2026-05-10,100.0,97.5,0,10,8,16,50.0,81.16250000000001,4,4,100.0,95.275,green
uuid-2569-2049,2569,2026-05-04,2026-05-10,,58.333333333333336,0,0,5,16,31.25,64.58,1,4,25.0,66.4,green
uuid-2569-2050,2569,2026-05-04,2026-05-10,50.0,85.0,0,0,6,16,37.5,79.7,0,4,0.0,,yellow
uuid-2569-2051,2569,2026-05-04,2026-05-10,75.0,75.0,0,1,0,16,0.0,,0,4,0.0,,green
uuid-2569-2052,2569,2026-05-04,2026-05-10,,50.0,0,0,3,8,37.5,70.0,0,2,0.0,,green
uuid-2569-2053,2569,2026-05-04,2026-05-10,100.0,82.5,0,7,10,16,62.5,86.75,3,4,75.0,71.86666666666666,green
uuid-2569-2054,2569,2026-05-04,2026-05-10,25.0,30.0,0,0,3,16,18.75,60.03333333333333,2,4,50.0,57.5,orange
uuid-2569-2055,2569,2026-05-04,2026-05-10,100.0,95.0,0,10,10,16,62.5,81.75999999999999,3,4,75.0,84.36666666666666,green
uuid-2569-2056,2569,2026-05-04,2026-05-10,,,0,0,0,16,0.0,,0,4,0.0,,green
uuid-2569-2057,2569,2026-05-04,2026-05-10,75.0,75.0,0,1,0,16,0.0,,0,4,0.0,,green
uuid-2569-2058,2569,2026-05-04,2026-05-10,0.0,45.0,1,0,4,16,25.0,66.025,0,4,0.0,,red
uuid-2569-2059,2569,2026-05-04,2026-05-10,100.0,90.0,0,1,6,8,75.0,86.5,1,2,50.0,83.9,green
uuid-2569-2060,2569,2026-05-04,2026-05-10,75.0,90.0,0,9,11,16,68.75,87.73636363636365,3,4,75.0,89.3,green
uuid-2569-2061,2569,2026-05-04,2026-05-10,,55.0,0,1,2,16,12.5,82.5,3,4,75.0,72.86666666666666,green
uuid-2569-2062,2569,2026-05-04,2026-05-10,66.66666666666667,96.66666666666667,0,0,8,12,66.66666666666667,87.8625,1,3,33.333333333333336,100.0,yellow
uuid-2569-2063,2569,2026-05-04,2026-05-10,75.0,55.0,0,1,1,16,6.25,90.4,2,4,50.0,91.7,green
uuid-2569-2064,2569,2026-05-04,2026-05-10,50.0,70.0,0,0,6,16,37.5,73.39999999999999,0,4,0.0,,yellow
uuid-2569-2065,2569,2026-05-04,2026-05-10,100.0,96.66666666666667,0,8,7,12,58.333333333333336,87.54285714285716,2,3,66.66666666666667,96.25,green
uuid-2569-2066,2569,2026-05-04,2026-05-10,25.0,25.0,0,0,0,16,0.0,,0,4,0.0,,orange
uuid-2569-2067,2569,2026-05-04,2026-05-10,100.0,96.66666666666667,0,8,8,12,66.66666666666667,85.9625,2,3,66.66666666666667,91.7,green
uuid-2569-2068,2569,2026-05-04,2026-05-10,50.0,57.5,0,0,7,16,43.75,70.25714285714285,4,4,100.0,79.375,yellow
uuid-2569-2069,2569,2026-05-04,2026-05-10,100.0,100.0,0,1,0,8,0.0,,0,2,0.0,,green
uuid-2569-2070,2569,2026-05-04,2026-05-10,50.0,62.5,0,0,8,16,50.0,80.3875,1,4,25.0,87.1,yellow
uuid-2569-2071,2569,2026-05-04,2026-05-10,,83.33333333333333,0,8,7,16,43.75,73.01428571428572,2,4,50.0,77.15,green
uuid-2569-2072,2569,2026-05-04,2026-05-10,100.0,80.0,0,4,4,8,50.0,80.85000000000001,2,2,100.0,85.15,green
uuid-2569-2073,2569,2026-05-04,2026-05-10,75.0,60.0,0,1,6,16,37.5,72.56666666666668,0,4,0.0,,green
uuid-2569-2074,2569,2026-05-04,2026-05-10,100.0,100.0,0,10,5,8,62.5,73.32000000000001,1,2,50.0,86.1,green
uuid-2569-2075,2569,2026-05-04,2026-05-10,50.0,80.0,0,0,10,16,62.5,82.05,3,4,75.0,80.56666666666666,yellow
uuid-2569-2076,2569,2026-05-04,2026-05-10,100.0,70.0,0,1,9,16,56.25,70.04444444444445,2,4,50.0,75.6,green
uuid-2569-2077,2569,2026-05-04,2026-05-10,100.0,100.0,0,10,12,16,75.0,88.58333333333333,4,4,100.0,90.025,green
uuid-2569-2078,2569,2026-05-04,2026-05-10,75.0,77.5,0,4,9,16,56.25,73.74444444444444,1,4,25.0,74.7,green
uuid-2569-2079,2569,2026-05-04,2026-05-10,75.0,95.0,0,10,9,16,56.25,90.38888888888889,4,4,100.0,84.525,green
uuid-2569-2080,2569,2026-05-04,2026-05-10,100.0,82.5,0,2,9,16,56.25,84.37777777777778,4,4,100.0,92.475,green
uuid-2569-2081,2569,2026-05-04,2026-05-10,100.0,90.0,0,7,9,16,56.25,80.87777777777778,3,4,75.0,80.03333333333335,green
uuid-2569-2082,2569,2026-05-04,2026-05-10,50.0,75.0,0,0,3,8,37.5,57.46666666666667,2,2,100.0,67.9,yellow
uuid-2569-2083,2569,2026-05-04,2026-05-10,25.0,55.0,0,0,4,16,25.0,82.27499999999999,1,4,25.0,72.7,orange
uuid-2569-2084,2569,2026-05-04,2026-05-10,100.0,97.5,0,10,9,16,56.25,84.55555555555556,4,4,100.0,89.925,green
uuid-2569-2085,2569,2026-05-04,2026-05-10,75.0,82.5,0,10,9,16,56.25,82.77777777777777,3,4,75.0,71.96666666666667,green
uuid-2569-2086,2569,2026-05-04,2026-05-10,75.0,80.0,0,2,10,16,62.5,82.37,4,4,100.0,76.675,green
uuid-2569-2087,2569,2026-05-04,2026-05-10,,97.22222222222223,0,9,7,16,43.75,88.04285714285713,2,4,50.0,83.3,green
uuid-2569-2088,2569,2026-05-04,2026-05-10,,10.0,1,0,0,8,0.0,,0,2,0.0,,green
uuid-2569-2089,2569,2026-05-04,2026-05-10,50.0,70.0,0,0,4,8,50.0,57.425000000000004,0,2,0.0,,yellow
uuid-2569-2090,2569,2026-05-04,2026-05-10,50.0,72.5,0,0,6,16,37.5,77.11666666666667,3,4,75.0,71.2,yellow
uuid-2569-2091,2569,2026-05-04,2026-05-10,,100.0,0,5,2,8,25.0,83.1,2,2,100.0,91.80000000000001,green
uuid-2569-2092,2569,2026-05-04,2026-05-10,75.0,85.0,0,5,5,16,31.25,77.62,0,4,0.0,,green
uuid-2569-2093,2569,2026-05-04,2026-05-10,33.333333333333336,56.666666666666664,0,0,6,12,50.0,70.88333333333333,0,3,0.0,,orange
uuid-2569-2094,2569,2026-05-04,2026-05-10,100.0,95.0,0,5,7,16,43.75,73.01428571428572,0,4,0.0,,green
uuid-2569-2095,2569,2026-05-04,2026-05-10,100.0,95.0,0,9,6,8,75.0,89.61666666666666,1,2,50.0,92.3,green
uuid-2569-2096,2569,2026-05-04,2026-05-10,50.0,75.0,0,0,3,8,37.5,79.83333333333333,1,2,50.0,92.7,yellow
uuid-2569-2097,2569,2026-05-04,2026-05-10,100.0,56.666666666666664,0,1,6,12,50.0,70.11666666666667,1,3,33.333333333333336,74.8,green
uuid-2569-2098,2569,2026-05-04,2026-05-10,50.0,82.5,0,0,8,16,50.0,79.225,3,4,75.0,68.66666666666667,yellow
uuid-2569-2099,2569,2026-05-04,2026-05-10,0.0,40.0,1,0,3,16,18.75,62.96666666666667,0,4,0.0,,red
uuid-2569-2100,2569,2026-05-04,2026-05-10,75.0,75.0,0,1,0,16,0.0,,0,4,0.0,,green
uuid-2569-2101,2569,2026-05-04,2026-05-10,0.0,85.0,1,0,3,8,37.5,81.96666666666667,2,2,100.0,57.349999999999994,red
uuid-2569-2102,2569,2026-05-04,2026-05-10,,72.22222222222223,0,0,4,8,50.0,77.825,1,2,50.0,57.9,green
uuid-2569-2103,2569,2026-05-04,2026-05-10,75.0,72.5,0,3,9,16,56.25,76.5111111111111,3,4,75.0,95.66666666666667,green
uuid-2569-2104,2569,2026-05-04,2026-05-10,50.0,67.5,0,0,9,16,56.25,73.52222222222223,1,4,25.0,86.1,yellow
uuid-2569-2105,2569,2026-05-04,2026-05-10,,25.0,0,0,2,16,12.5,66.2,0,4,0.0,,green
uuid-2569-2106,2569,2026-05-04,2026-05-10,100.0,62.5,0,4,7,16,43.75,73.32857142857144,2,4,50.0,84.2,green
uuid-2569-2107,2569,2026-05-04,2026-05-10,75.0,75.0,0,1,0,16,0.0,,0,4,0.0,,green
uuid-2569-2108,2569,2026-05-04,2026-05-10,0.0,60.0,1,0,10,16,62.5,84.42,3,4,75.0,86.39999999999999,red
uuid-2569-2109,2569,2026-05-04,2026-05-10,75.0,80.0,0,4,9,16,56.25,85.10000000000001,3,4,75.0,90.96666666666665,green
uuid-2569-2110,2569,2026-05-04,2026-05-10,100.0,97.5,0,10,11,16,68.75,88.13636363636363,4,4,100.0,90.35,green
uuid-2569-2111,2569,2026-05-04,2026-05-10,25.0,55.0,0,0,6,16,37.5,62.18333333333333,2,4,50.0,54.25,orange
uuid-2569-2112,2569,2026-05-04,2026-05-10,75.0,80.0,0,3,9,16,56.25,81.8111111111111,3,4,75.0,78.5,green
uuid-2569-2113,2569,2026-05-04,2026-05-10,0.0,70.0,1,0,7,12,58.333333333333336,75.92857142857143,3,3,100.0,78.83333333333333,red
uuid-2569-2114,2569,2026-05-04,2026-05-10,75.0,62.5,0,1,6,16,37.5,62.31666666666667,2,4,50.0,59.45,green
uuid-2569-2115,2569,2026-05-04,2026-05-10,,50.0,0,0,4,16,25.0,59.12500000000001,3,4,75.0,68.03333333333333,green
uuid-2569-2116,2569,2026-05-04,2026-05-10,100.0,85.0,0,5,7,16,43.75,83.52857142857144,0,4,0.0,,green
uuid-2569-2117,2569,2026-05-04,2026-05-10,100.0,100.0,0,5,5,12,41.666666666666664,97.26,0,3,0.0,,green
uuid-2569-2118,2569,2026-05-04,2026-05-10,,66.66666666666667,0,0,1,12,8.333333333333334,97.4,3,3,100.0,82.8,green
uuid-2569-2119,2569,2026-05-04,2026-05-10,100.0,92.5,0,6,9,16,56.25,91.53333333333335,3,4,75.0,86.16666666666667,green
uuid-2569-2120,2569,2026-05-04,2026-05-10,25.0,75.0,0,0,6,16,37.5,73.25,1,4,25.0,85.1,orange
uuid-2569-2121,2569,2026-05-04,2026-05-10,100.0,95.0,0,5,7,16,43.75,88.54285714285713,0,4,0.0,,green
uuid-2569-2122,2569,2026-05-04,2026-05-10,100.0,82.5,0,1,10,16,62.5,83.34,3,4,75.0,87.26666666666665,green
uuid-2569-2123,2569,2026-05-04,2026-05-10,100.0,87.5,0,10,12,16,75.0,84.81666666666668,1,4,25.0,100.0,green
uuid-2569-2124,2569,2026-05-04,2026-05-10,50.0,75.0,0,0,7,16,43.75,66.25714285714285,1,4,25.0,70.3,yellow
uuid-2569-2125,2569,2026-05-04,2026-05-10,100.0,82.5,0,6,9,16,56.25,69.73333333333333,2,4,50.0,80.15,green
uuid-2569-2126,2569,2026-05-04,2026-05-10,50.0,25.0,0,0,3,16,18.75,60.76666666666667,2,4,50.0,57.550000000000004,yellow
uuid-2569-2127,2569,2026-05-04,2026-05-10,,,0,0,0,16,0.0,,0,4,0.0,,green
uuid-2569-2128,2569,2026-05-04,2026-05-10,66.66666666666667,66.66666666666667,0,0,0,12,0.0,,0,3,0.0,,yellow
uuid-2569-2129,2569,2026-05-04,2026-05-10,100.0,100.0,0,5,5,12,41.666666666666664,85.2,0,3,0.0,,green
uuid-2569-2130,2569,2026-05-04,2026-05-10,100.0,90.0,0,5,7,16,43.75,82.44285714285715,0,4,0.0,,green
uuid-2569-2131,2569,2026-05-04,2026-05-10,66.66666666666667,73.33333333333333,0,0,6,12,50.0,70.08333333333333,3,3,100.0,59.56666666666666,yellow
uuid-2569-2132,2569,2026-05-04,2026-05-10,100.0,80.0,0,4,3,8,37.5,70.7,2,2,100.0,74.3,green
uuid-2569-2133,2569,2026-05-04,2026-05-10,75.0,82.5,0,10,9,16,56.25,88.24444444444445,4,4,100.0,86.85,green
uuid-2569-2134,2569,2026-05-04,2026-05-10,,27.77777777777778,0,0,3,8,37.5,67.60000000000001,1,2,50.0,87.4,green
uuid-2569-2135,2569,2026-05-04,2026-05-10,75.0,72.5,0,1,8,16,50.0,77.1625,2,4,50.0,71.8,green
uuid-2569-2136,2569,2026-05-04,2026-05-10,100.0,60.0,0,3,7,16,43.75,74.84285714285714,4,4,100.0,72.25,green
uuid-2569-2137,2569,2026-05-04,2026-05-10,100.0,100.0,0,10,12,16,75.0,87.18333333333332,3,4,75.0,83.83333333333333,green
uuid-2569-2138,2569,2026-05-04,2026-05-10,,66.66666666666667,0,0,8,16,50.0,78.325,4,4,100.0,84.975,green
uuid-2569-2139,2569,2026-05-04,2026-05-10,66.66666666666667,80.0,0,0,4,12,33.333333333333336,67.47500000000001,0,3,0.0,,yellow
uuid-2569-2140,2569,2026-05-04,2026-05-10,,70.0,0,0,1,8,12.5,89.1,1,2,50.0,82.5,green
uuid-2569-2141,2569,2026-05-04,2026-05-10,100.0,85.0,0,2,7,16,43.75,76.10000000000001,0,4,0.0,,green
uuid-2569-2142,2569,2026-05-04,2026-05-10,,,0,0,0,16,0.0,,0,4,0.0,,green
uuid-2569-2143,2569,2026-05-04,2026-05-10,,100.0,0,5,1,8,12.5,63.8,1,2,50.0,84.0,green
uuid-2569-2144,2569,2026-05-04,2026-05-10,100.0,80.0,0,1,3,12,25.0,67.33333333333333,0,3,0.0,,green
uuid-2569-2145,2569,2026-05-04,2026-05-10,,90.0,0,5,4,16,25.0,96.25,4,4,100.0,92.2,green
uuid-2569-2146,2569,2026-05-04,2026-05-10,66.66666666666667,90.0,0,0,5,12,41.666666666666664,83.82000000000001,3,3,100.0,80.63333333333334,yellow
uuid-2569-2147,2569,2026-05-04,2026-05-10,75.0,75.0,0,1,0,16,0.0,,0,4,0.0,,green
uuid-2569-2148,2569,2026-05-04,2026-05-10,50.0,70.0,0,0,6,16,37.5,79.06666666666666,0,4,0.0,,yellow
uuid-2569-2149,2569,2026-05-04,2026-05-10,50.0,65.0,0,0,3,8,37.5,68.36666666666667,1,2,50.0,59.1,yellow
uuid-2569-2150,2569,2026-05-04,2026-05-10,75.0,95.0,0,5,7,16,43.75,85.62857142857145,0,4,0.0,,green
uuid-2569-2001,2569,2026-05-11,2026-05-17,100.0,90.9090909090909,0,2,6,8,75.0,91.45,4,4,100.0,91.725,green
uuid-2569-2002,2569,2026-05-11,2026-05-17,75.0,31.818181818181817,0,1,2,16,12.5,52.650000000000006,2,8,25.0,51.2,green
uuid-2569-2003,2569,2026-05-11,2026-05-17,100.0,65.9090909090909,0,2,5,16,31.25,71.17999999999999,4,8,50.0,58.325,green
uuid-2569-2004,2569,2026-05-11,2026-05-17,100.0,70.45454545454545,0,1,4,16,25.0,73.575,5,8,62.5,71.06,green
uuid-2569-2005,2569,2026-05-11,2026-05-17,75.0,95.83333333333333,0,6,8,16,50.0,92.13749999999999,4,8,50.0,84.525,green
uuid-2569-2006,2569,2026-05-11,2026-05-17,100.0,59.09090909090909,0,3,8,16,50.0,75.7875,4,8,50.0,76.4,green
uuid-2569-2007,2569,2026-05-11,2026-05-17,66.66666666666667,83.33333333333333,0,0,5,12,41.666666666666664,72.74,2,6,33.333333333333336,68.6,yellow
uuid-2569-2008,2569,2026-05-11,2026-05-17,100.0,83.33333333333333,0,6,5,16,31.25,72.53999999999999,2,8,25.0,98.7,green
uuid-2569-2009,2569,2026-05-11,2026-05-17,75.0,65.9090909090909,0,1,7,16,43.75,71.37142857142857,2,8,25.0,73.69999999999999,green
uuid-2569-2010,2569,2026-05-11,2026-05-17,100.0,95.45454545454545,0,11,11,16,68.75,88.21818181818183,6,8,75.0,91.7,green
uuid-2569-2011,2569,2026-05-11,2026-05-17,,61.111111111111114,0,0,3,8,37.5,81.10000000000001,1,4,25.0,63.2,green
uuid-2569-2012,2569,2026-05-11,2026-05-17,100.0,83.33333333333333,0,1,5,12,41.666666666666664,85.88000000000001,3,6,50.0,94.93333333333334,green
uuid-2569-2013,2569,2026-05-11,2026-05-17,,53.333333333333336,0,1,3,12,25.0,68.83333333333333,2,6,33.333333333333336,63.3,green
uuid-2569-2014,2569,2026-05-11,2026-05-17,50.0,63.63636363636363,0,0,7,16,43.75,63.30000000000001,5,8,62.5,71.80000000000001,yellow
uuid-2569-2015,2569,2026-05-11,2026-05-17,,70.37037037037037,0,0,6,12,50.0,60.1,2,6,33.333333333333336,67.05,green
uuid-2569-2016,2569,2026-05-11,2026-05-17,100.0,63.63636363636363,0,2,8,16,50.0,88.35,7,8,87.5,81.97142857142856,green
uuid-2569-2017,2569,2026-05-11,2026-05-17,,47.22222222222222,0,0,6,16,37.5,68.05,2,8,25.0,68.15,green
uuid-2569-2018,2569,2026-05-11,2026-05-17,,41.666666666666664,0,0,8,16,50.0,66.7625,3,8,37.5,64.93333333333334,green
uuid-2569-2019,2569,2026-05-11,2026-05-17,,95.0,0,5,2,16,12.5,76.4,2,8,25.0,80.6,green
uuid-2569-2020,2569,2026-05-11,2026-05-17,100.0,88.63636363636364,0,11,12,16,75.0,85.93333333333332,7,8,87.5,73.95714285714287,green
uuid-2569-2021,2569,2026-05-11,2026-05-17,75.0,70.45454545454545,0,1,9,16,56.25,77.14444444444445,4,8,50.0,77.0,green
uuid-2569-2022,2569,2026-05-11,2026-05-17,,93.33333333333333,0,4,1,12,8.333333333333334,79.5,3,6,50.0,77.03333333333333,green
uuid-2569-2023,2569,2026-05-11,2026-05-17,75.0,54.54545454545455,0,2,12,16,75.0,72.4,6,8,75.0,76.36666666666666,green
uuid-2569-2024,2569,2026-05-11,2026-05-17,50.0,81.81818181818181,0,0,4,8,50.0,85.80000000000001,2,4,50.0,63.5,yellow
uuid-2569-2025,2569,2026-05-11,2026-05-17,,59.25925925925926,0,1,3,12,25.0,75.36666666666666,3,6,50.0,84.10000000000001,green
uuid-2569-2026,2569,2026-05-11,2026-05-17,75.0,95.45454545454545,0,11,7,16,43.75,83.42857142857143,7,8,87.5,84.85714285714286,green
uuid-2569-2027,2569,2026-05-11,2026-05-17,,,0,0,0,16,0.0,,0,8,0.0,,green
uuid-2569-2028,2569,2026-05-11,2026-05-17,,65.0,0,0,2,16,12.5,73.75,4,8,50.0,73.525,green
uuid-2569-2029,2569,2026-05-11,2026-05-17,100.0,72.72727272727273,0,2,5,8,62.5,80.1,2,4,50.0,84.95,green
uuid-2569-2030,2569,2026-05-11,2026-05-17,100.0,100.0,0,6,5,16,31.25,81.94,4,8,50.0,85.325,green
uuid-2569-2031,2569,2026-05-11,2026-05-17,75.0,77.27272727272727,0,2,9,16,56.25,90.44444444444444,7,8,87.5,82.48571428571428,green
uuid-2569-2032,2569,2026-05-11,2026-05-17,100.0,83.33333333333333,0,2,6,12,50.0,77.95,3,6,50.0,73.86666666666667,green
uuid-2569-2033,2569,2026-05-11,2026-05-17,100.0,86.36363636363636,0,6,5,8,62.5,87.53999999999999,2,4,50.0,83.0,green
uuid-2569-2034,2569,2026-05-11,2026-05-17,75.0,87.5,0,6,7,16,43.75,86.67142857142858,2,8,25.0,72.75,green
uuid-2569-2035,2569,2026-05-11,2026-05-17,100.0,94.44444444444444,0,5,5,12,41.666666666666664,74.35999999999999,3,6,50.0,86.90000000000002,green
uuid-2569-2036,2569,2026-05-11,2026-05-17,100.0,100.0,0,11,5,8,62.5,77.85999999999999,3,4,75.0,80.66666666666666,green
uuid-2569-2037,2569,2026-05-11,2026-05-17,100.0,93.18181818181819,0,11,11,16,68.75,86.91818181818182,5,8,62.5,90.53999999999999,green
uuid-2569-2038,2569,2026-05-11,2026-05-17,100.0,93.93939393939394,0,3,5,12,41.666666666666664,78.3,5,6,83.33333333333333,83.67999999999999,green
uuid-2569-2039,2569,2026-05-11,2026-05-17,,47.22222222222222,0,0,5,16,31.25,76.74000000000001,1,8,12.5,65.5,green
uuid-2569-2040,2569,2026-05-11,2026-05-17,,,0,0,0,16,0.0,,0,8,0.0,,green
uuid-2569-2041,2569,2026-05-11,2026-05-17,50.0,63.63636363636363,0,0,9,16,56.25,68.33333333333333,6,8,75.0,81.48333333333332,yellow
uuid-2569-2042,2569,2026-05-11,2026-05-17,75.0,70.83333333333333,0,5,4,16,25.0,73.35,3,8,37.5,82.2,green
uuid-2569-2043,2569,2026-05-11,2026-05-17,75.0,79.16666666666667,0,3,5,16,31.25,74.63999999999999,2,8,25.0,60.85,green
uuid-2569-2044,2569,2026-05-11,2026-05-17,75.0,68.18181818181819,0,3,6,16,37.5,77.96666666666665,4,8,50.0,68.275,green
uuid-2569-2045,2569,2026-05-11,2026-05-17,100.0,91.66666666666667,0,1,8,16,50.0,78.8375,2,8,25.0,93.95,green
uuid-2569-2046,2569,2026-05-11,2026-05-17,75.0,66.66666666666667,0,4,7,16,43.75,76.22857142857143,3,8,37.5,78.56666666666666,green
uuid-2569-2047,2569,2026-05-11,2026-05-17,100.0,95.45454545454545,0,11,12,16,75.0,87.88333333333334,7,8,87.5,88.71428571428571,green
uuid-2569-2048,2569,2026-05-11,2026-05-17,100.0,97.72727272727273,0,11,8,16,50.0,81.16250000000001,8,8,100.0,92.67500000000001,green
uuid-2569-2049,2569,2026-05-11,2026-05-17,,58.333333333333336,0,0,5,16,31.25,64.58,1,8,12.5,66.4,green
uuid-2569-2050,2569,2026-05-11,2026-05-17,100.0,87.5,0,1,6,16,37.5,79.7,3,8,37.5,59.63333333333333,green
uuid-2569-2051,2569,2026-05-11,2026-05-17,75.0,75.0,0,2,0,16,0.0,,2,8,25.0,86.8,green
uuid-2569-2052,2569,2026-05-11,2026-05-17,,50.0,0,0,3,8,37.5,70.0,0,4,0.0,,green
uuid-2569-2053,2569,2026-05-11,2026-05-17,75.0,81.81818181818181,0,8,10,16,62.5,86.75,6,8,75.0,73.68333333333334,green
uuid-2569-2054,2569,2026-05-11,2026-05-17,75.0,34.09090909090909,0,1,3,16,18.75,60.03333333333333,4,8,50.0,65.75,green
uuid-2569-2055,2569,2026-05-11,2026-05-17,75.0,93.18181818181819,0,11,10,16,62.5,81.75999999999999,6,8,75.0,82.01666666666667,green
uuid-2569-2056,2569,2026-05-11,2026-05-17,,,0,0,0,16,0.0,,0,8,0.0,,green
uuid-2569-2057,2569,2026-05-11,2026-05-17,50.0,62.5,0,0,0,16,0.0,,2,8,25.0,67.5,yellow
uuid-2569-2058,2569,2026-05-11,2026-05-17,75.0,50.0,0,1,4,16,25.0,66.025,0,8,0.0,,green
uuid-2569-2059,2569,2026-05-11,2026-05-17,100.0,90.9090909090909,0,2,6,8,75.0,86.5,3,4,75.0,93.90000000000002,green
uuid-2569-2060,2569,2026-05-11,2026-05-17,75.0,88.63636363636364,0,10,11,16,68.75,87.73636363636365,7,8,87.5,87.74285714285713,green
uuid-2569-2061,2569,2026-05-11,2026-05-17,,55.0,0,1,2,16,12.5,82.5,3,8,37.5,72.86666666666666,green
uuid-2569-2062,2569,2026-05-11,2026-05-17,100.0,96.96969696969697,0,1,8,12,66.66666666666667,87.8625,4,6,66.66666666666667,90.25,green
uuid-2569-2063,2569,2026-05-11,2026-05-17,50.0,54.54545454545455,0,0,1,16,6.25,90.4,5,8,62.5,80.16000000000001,yellow
uuid-2569-2064,2569,2026-05-11,2026-05-17,75.0,70.83333333333333,0,1,6,16,37.5,73.39999999999999,1,8,12.5,72.4,green
uuid-2569-2065,2569,2026-05-11,2026-05-17,100.0,96.96969696969697,0,9,7,12,58.333333333333336,87.54285714285716,4,6,66.66666666666667,87.075,green
uuid-2569-2066,2569,2026-05-11,2026-05-17,75.0,50.0,0,1,0,16,0.0,,3,8,37.5,74.5,green
uuid-2569-2067,2569,2026-05-11,2026-05-17,100.0,96.96969696969697,0,9,8,12,66.66666666666667,85.9625,4,6,66.66666666666667,94.875,green
uuid-2569-2068,2569,2026-05-11,2026-05-17,50.0,56.81818181818182,0,0,7,16,43.75,70.25714285714285,8,8,100.0,73.3125,yellow
uuid-2569-2069,2569,2026-05-11,2026-05-17,100.0,100.0,0,2,0,8,0.0,,1,4,25.0,65.0,green
uuid-2569-2070,2569,2026-05-11,2026-05-17,50.0,61.36363636363637,0,0,8,16,50.0,80.3875,4,8,50.0,72.75,yellow
uuid-2569-2071,2569,2026-05-11,2026-05-17,,83.33333333333333,0,8,7,16,43.75,73.01428571428572,2,8,25.0,77.15,green
uuid-2569-2072,2569,2026-05-11,2026-05-17,50.0,77.27272727272727,0,0,4,8,50.0,80.85000000000001,3,4,75.0,89.16666666666667,yellow
uuid-2569-2073,2569,2026-05-11,2026-05-17,100.0,66.66666666666667,0,2,6,16,37.5,72.56666666666668,3,8,37.5,81.93333333333334,green
uuid-2569-2074,2569,2026-05-11,2026-05-17,100.0,100.0,0,11,5,8,62.5,73.32000000000001,3,4,75.0,74.1,green
uuid-2569-2075,2569,2026-05-11,2026-05-17,75.0,79.54545454545455,0,1,10,16,62.5,82.05,6,8,75.0,80.48333333333333,green
uuid-2569-2076,2569,2026-05-11,2026-05-17,25.0,65.9090909090909,0,0,9,16,56.25,70.04444444444445,4,8,50.0,77.05,orange
uuid-2569-2077,2569,2026-05-11,2026-05-17,100.0,100.0,0,11,12,16,75.0,88.58333333333333,8,8,100.0,93.7875,green
uuid-2569-2078,2569,2026-05-11,2026-05-17,50.0,75.0,0,0,9,16,56.25,73.74444444444444,2,8,25.0,62.95,yellow
uuid-2569-2079,2569,2026-05-11,2026-05-17,100.0,95.45454545454545,0,11,9,16,56.25,90.38888888888889,8,8,100.0,84.23750000000001,green
uuid-2569-2080,2569,2026-05-11,2026-05-17,100.0,84.0909090909091,0,3,9,16,56.25,84.37777777777778,6,8,75.0,94.08333333333333,green
uuid-2569-2081,2569,2026-05-11,2026-05-17,75.0,88.63636363636364,0,8,9,16,56.25,80.87777777777778,6,8,75.0,82.18333333333334,green
uuid-2569-2082,2569,2026-05-11,2026-05-17,100.0,77.27272727272727,0,1,3,8,37.5,57.46666666666667,4,4,100.0,73.22500000000001,green
uuid-2569-2083,2569,2026-05-11,2026-05-17,0.0,50.0,0,0,4,16,25.0,82.27499999999999,2,8,25.0,74.25,red
uuid-2569-2084,2569,2026-05-11,2026-05-17,100.0,97.72727272727273,0,11,9,16,56.25,84.55555555555556,8,8,100.0,87.375,green
uuid-2569-2085,2569,2026-05-11,2026-05-17,75.0,81.81818181818181,0,11,9,16,56.25,82.77777777777777,6,8,75.0,72.35000000000001,green
uuid-2569-2086,2569,2026-05-11,2026-05-17,100.0,81.81818181818181,0,3,10,16,62.5,82.37,7,8,87.5,73.0,green
uuid-2569-2087,2569,2026-05-11,2026-05-17,,97.22222222222223,0,9,7,16,43.75,88.04285714285713,2,8,25.0,83.3,green
uuid-2569-2088,2569,2026-05-11,2026-05-17,,10.0,1,0,0,8,0.0,,0,4,0.0,,green
uuid-2569-2089,2569,2026-05-11,2026-05-17,100.0,72.72727272727273,0,1,4,8,50.0,57.425000000000004,2,4,50.0,71.95,green
uuid-2569-2090,2569,2026-05-11,2026-05-17,100.0,75.0,0,1,6,16,37.5,77.11666666666667,7,8,87.5,75.0857142857143,green
uuid-2569-2091,2569,2026-05-11,2026-05-17,,100.0,0,5,2,8,25.0,83.1,2,4,50.0,91.80000000000001,green
uuid-2569-2092,2569,2026-05-11,2026-05-17,100.0,87.5,0,6,5,16,31.25,77.62,3,8,37.5,84.56666666666666,green
uuid-2569-2093,2569,2026-05-11,2026-05-17,66.66666666666667,57.57575757575758,0,0,6,12,50.0,70.88333333333333,2,6,33.333333333333336,81.45,yellow
uuid-2569-2094,2569,2026-05-11,2026-05-17,100.0,95.83333333333333,0,6,7,16,43.75,73.01428571428572,3,8,37.5,89.40000000000002,green
uuid-2569-2095,2569,2026-05-11,2026-05-17,100.0,95.45454545454545,0,10,6,8,75.0,89.61666666666666,3,4,75.0,90.83333333333333,green
uuid-2569-2096,2569,2026-05-11,2026-05-17,50.0,72.72727272727273,0,0,3,8,37.5,79.83333333333333,3,4,75.0,91.46666666666665,yellow
uuid-2569-2097,2569,2026-05-11,2026-05-17,100.0,60.60606060606061,0,2,6,12,50.0,70.11666666666667,3,6,50.0,80.56666666666666,green
uuid-2569-2098,2569,2026-05-11,2026-05-17,50.0,79.54545454545455,0,0,8,16,50.0,79.225,5,8,62.5,72.32000000000001,yellow
uuid-2569-2099,2569,2026-05-11,2026-05-17,50.0,40.90909090909091,0,0,3,16,18.75,62.96666666666667,1,8,12.5,52.3,yellow
uuid-2569-2100,2569,2026-05-11,2026-05-17,100.0,87.5,0,2,0,16,0.0,,3,8,37.5,69.53333333333335,green
uuid-2569-2101,2569,2026-05-11,2026-05-17,0.0,77.27272727272727,2,0,3,8,37.5,81.96666666666667,2,4,50.0,57.349999999999994,red
uuid-2569-2102,2569,2026-05-11,2026-05-17,,72.22222222222223,0,0,4,8,50.0,77.825,1,4,25.0,57.9,green
uuid-2569-2103,2569,2026-05-11,2026-05-17,100.0,75.0,0,4,9,16,56.25,76.5111111111111,7,8,87.5,88.37142857142858,green
uuid-2569-2104,2569,2026-05-11,2026-05-17,75.0,68.18181818181819,0,1,9,16,56.25,73.52222222222223,5,8,62.5,79.08,green
uuid-2569-2105,2569,2026-05-11,2026-05-17,,25.0,0,0,2,16,12.5,66.2,0,8,0.0,,green
uuid-2569-2106,2569,2026-05-11,2026-05-17,75.0,63.63636363636363,0,5,7,16,43.75,73.32857142857144,4,8,50.0,84.025,green
uuid-2569-2107,2569,2026-05-11,2026-05-17,50.0,62.5,0,0,0,16,0.0,,0,8,0.0,,yellow
uuid-2569-2108,2569,2026-05-11,2026-05-17,75.0,61.36363636363637,0,1,10,16,62.5,84.42,5,8,62.5,87.05999999999999,green
uuid-2569-2109,2569,2026-05-11,2026-05-17,75.0,79.54545454545455,0,5,9,16,56.25,85.10000000000001,5,8,62.5,87.13999999999999,green
uuid-2569-2110,2569,2026-05-11,2026-05-17,100.0,97.72727272727273,0,11,11,16,68.75,88.13636363636363,7,8,87.5,91.38571428571427,green
uuid-2569-2111,2569,2026-05-11,2026-05-17,50.0,54.54545454545455,0,0,6,16,37.5,62.18333333333333,4,8,50.0,54.599999999999994,yellow
uuid-2569-2112,2569,2026-05-11,2026-05-17,100.0,81.81818181818181,0,4,9,16,56.25,81.8111111111111,7,8,87.5,78.47142857142858,green
uuid-2569-2113,2569,2026-05-11,2026-05-17,66.66666666666667,69.6969696969697,0,0,7,12,58.333333333333336,75.92857142857143,4,6,66.66666666666667,82.45,yellow
uuid-2569-2114,2569,2026-05-11,2026-05-17,50.0,61.36363636363637,0,0,6,16,37.5,62.31666666666667,3,8,37.5,61.5,yellow
uuid-2569-2115,2569,2026-05-11,2026-05-17,,50.0,0,0,4,16,25.0,59.12500000000001,3,8,37.5,68.03333333333333,green
uuid-2569-2116,2569,2026-05-11,2026-05-17,100.0,87.5,0,6,7,16,43.75,83.52857142857144,4,8,50.0,89.525,green
uuid-2569-2117,2569,2026-05-11,2026-05-17,100.0,100.0,0,6,5,12,41.666666666666664,97.26,3,6,50.0,88.33333333333333,green
uuid-2569-2118,2569,2026-05-11,2026-05-17,,66.66666666666667,0,0,1,12,8.333333333333334,97.4,3,6,50.0,82.8,green
uuid-2569-2119,2569,2026-05-11,2026-05-17,100.0,93.18181818181819,0,7,9,16,56.25,91.53333333333335,5,8,62.5,90.54,green
uuid-2569-2120,2569,2026-05-11,2026-05-17,75.0,75.0,0,1,6,16,37.5,73.25,4,8,50.0,86.19999999999999,green
uuid-2569-2121,2569,2026-05-11,2026-05-17,100.0,95.83333333333333,0,6,7,16,43.75,88.54285714285713,2,8,25.0,88.85,green
uuid-2569-2122,2569,2026-05-11,2026-05-17,100.0,84.0909090909091,0,2,10,16,62.5,83.34,7,8,87.5,88.44285714285714,green
uuid-2569-2123,2569,2026-05-11,2026-05-17,100.0,88.63636363636364,0,11,12,16,75.0,84.81666666666668,4,8,50.0,86.925,green
uuid-2569-2124,2569,2026-05-11,2026-05-17,100.0,77.27272727272727,0,1,7,16,43.75,66.25714285714285,4,8,50.0,62.4,green
uuid-2569-2125,2569,2026-05-11,2026-05-17,50.0,79.54545454545455,0,0,9,16,56.25,69.73333333333333,6,8,75.0,68.18333333333332,yellow
uuid-2569-2126,2569,2026-05-11,2026-05-17,75.0,29.545454545454547,0,1,3,16,18.75,60.76666666666667,2,8,25.0,57.550000000000004,green
uuid-2569-2127,2569,2026-05-11,2026-05-17,,,0,0,0,16,0.0,,0,8,0.0,,green
uuid-2569-2128,2569,2026-05-11,2026-05-17,66.66666666666667,66.66666666666667,0,0,0,12,0.0,,2,6,33.333333333333336,75.35,yellow
uuid-2569-2129,2569,2026-05-11,2026-05-17,66.66666666666667,94.44444444444444,0,0,5,12,41.666666666666664,85.2,3,6,50.0,91.83333333333333,yellow
uuid-2569-2130,2569,2026-05-11,2026-05-17,75.0,87.5,0,6,7,16,43.75,82.44285714285715,4,8,50.0,89.025,green
uuid-2569-2131,2569,2026-05-11,2026-05-17,33.333333333333336,69.6969696969697,0,0,6,12,50.0,70.08333333333333,5,6,83.33333333333333,63.620000000000005,orange
uuid-2569-2132,2569,2026-05-11,2026-05-17,50.0,77.27272727272727,0,0,3,8,37.5,70.7,4,4,100.0,77.0,yellow
uuid-2569-2133,2569,2026-05-11,2026-05-17,75.0,81.81818181818181,0,11,9,16,56.25,88.24444444444445,8,8,100.0,84.9875,green
uuid-2569-2134,2569,2026-05-11,2026-05-17,,27.77777777777778,0,0,3,8,37.5,67.60000000000001,1,4,25.0,87.4,green
uuid-2569-2135,2569,2026-05-11,2026-05-17,50.0,70.45454545454545,0,0,8,16,50.0,77.1625,5,8,62.5,79.7,yellow
uuid-2569-2136,2569,2026-05-11,2026-05-17,75.0,61.36363636363637,0,4,7,16,43.75,74.84285714285714,8,8,100.0,75.075,green
uuid-2569-2137,2569,2026-05-11,2026-05-17,100.0,100.0,0,11,12,16,75.0,87.18333333333332,7,8,87.5,85.97142857142856,green
uuid-2569-2138,2569,2026-05-11,2026-05-17,,66.66666666666667,0,0,8,16,50.0,78.325,4,8,50.0,84.975,green
uuid-2569-2139,2569,2026-05-11,2026-05-17,33.333333333333336,72.22222222222223,0,0,4,12,33.333333333333336,67.47500000000001,0,6,0.0,,orange
uuid-2569-2140,2569,2026-05-11,2026-05-17,,70.0,0,0,1,8,12.5,89.1,1,4,25.0,82.5,green
uuid-2569-2141,2569,2026-05-11,2026-05-17,75.0,83.33333333333333,0,3,7,16,43.75,76.10000000000001,2,8,25.0,77.5,green
uuid-2569-2142,2569,2026-05-11,2026-05-17,,,0,0,0,16,0.0,,0,8,0.0,,green
uuid-2569-2143,2569,2026-05-11,2026-05-17,,100.0,0,5,1,8,12.5,63.8,1,4,25.0,84.0,green
uuid-2569-2144,2569,2026-05-11,2026-05-17,66.66666666666667,77.77777777777777,0,0,3,12,25.0,67.33333333333333,2,6,33.333333333333336,72.9,yellow
uuid-2569-2145,2569,2026-05-11,2026-05-17,,90.0,0,5,4,16,25.0,96.25,4,8,50.0,92.2,green
uuid-2569-2146,2569,2026-05-11,2026-05-17,100.0,90.9090909090909,0,1,5,12,41.666666666666664,83.82000000000001,6,6,100.0,84.08333333333333,green
uuid-2569-2147,2569,2026-05-11,2026-05-17,50.0,62.5,0,0,0,16,0.0,,0,8,0.0,,yellow
uuid-2569-2148,2569,2026-05-11,2026-05-17,100.0,75.0,0,1,6,16,37.5,79.06666666666666,4,8,50.0,79.925,green
uuid-2569-2149,2569,2026-05-11,2026-05-17,100.0,68.18181818181819,0,1,3,8,37.5,68.36666666666667,3,4,75.0,59.5,green
uuid-2569-2150,2569,2026-05-11,2026-05-17,100.0,95.83333333333333,0,6,7,16,43.75,85.62857142857145,3,8,37.5,87.66666666666667,green
uuid-2569-2001,2569,2026-05-18,2026-05-24,50.0,87.5,0,0,8,10,80.0,89.94999999999999,4,4,100.0,91.725,yellow
uuid-2569-2002,2569,2026-05-18,2026-05-24,50.0,33.333333333333336,0,0,4,20,20.0,53.925,2,8,25.0,51.2,yellow
uuid-2569-2003,2569,2026-05-18,2026-05-24,75.0,66.66666666666667,0,3,7,20,35.0,70.67142857142856,4,8,50.0,58.325,green
uuid-2569-2004,2569,2026-05-18,2026-05-24,75.0,70.83333333333333,0,2,7,20,35.0,77.18571428571428,5,8,62.5,71.06,green
uuid-2569-2005,2569,2026-05-18,2026-05-24,100.0,96.42857142857143,0,7,12,20,60.0,91.04166666666667,4,8,50.0,84.525,green
uuid-2569-2006,2569,2026-05-18,2026-05-24,50.0,58.333333333333336,0,0,11,20,55.0,74.68181818181819,4,8,50.0,76.4,yellow
uuid-2569-2007,2569,2026-05-18,2026-05-24,100.0,85.71428571428571,0,1,8,15,53.333333333333336,71.8375,2,6,33.333333333333336,68.6,green
uuid-2569-2008,2569,2026-05-18,2026-05-24,75.0,82.14285714285714,0,7,9,20,45.0,71.85555555555555,2,8,25.0,98.7,green
uuid-2569-2009,2569,2026-05-18,2026-05-24,75.0,66.66666666666667,0,2,10,20,50.0,71.04,2,8,25.0,73.69999999999999,green
uuid-2569-2010,2569,2026-05-18,2026-05-24,100.0,95.83333333333333,0,12,14,20,70.0,89.22857142857143,6,8,75.0,91.7,green
uuid-2569-2011,2569,2026-05-18,2026-05-24,,61.111111111111114,0,0,3,10,30.0,81.10000000000001,1,4,25.0,63.2,green
uuid-2569-2012,2569,2026-05-18,2026-05-24,100.0,85.71428571428571,0,2,7,15,46.666666666666664,82.65714285714286,3,6,50.0,94.93333333333334,green
uuid-2569-2013,2569,2026-05-18,2026-05-24,,53.333333333333336,0,1,3,15,20.0,68.83333333333333,2,6,33.333333333333336,63.3,green
uuid-2569-2014,2569,2026-05-18,2026-05-24,75.0,64.58333333333333,0,1,8,20,40.0,63.337500000000006,5,8,62.5,71.80000000000001,green
uuid-2569-2015,2569,2026-05-18,2026-05-24,,70.37037037037037,0,0,6,15,40.0,60.1,2,6,33.333333333333336,67.05,green
uuid-2569-2016,2569,2026-05-18,2026-05-24,75.0,64.58333333333333,0,3,12,20,60.0,82.24166666666666,7,8,87.5,81.97142857142856,green
uuid-2569-2017,2569,2026-05-18,2026-05-24,,47.22222222222222,0,0,6,20,30.0,68.05,2,8,25.0,68.15,green
uuid-2569-2018,2569,2026-05-18,2026-05-24,,41.666666666666664,0,0,8,20,40.0,66.7625,3,8,37.5,64.93333333333334,green
uuid-2569-2019,2569,2026-05-18,2026-05-24,,95.0,0,5,2,20,10.0,76.4,2,8,25.0,80.6,green
uuid-2569-2020,2569,2026-05-18,2026-05-24,100.0,89.58333333333333,0,12,15,20,75.0,83.79999999999998,7,8,87.5,73.95714285714287,green
uuid-2569-2021,2569,2026-05-18,2026-05-24,75.0,70.83333333333333,0,2,12,20,60.0,79.49166666666666,4,8,50.0,77.0,green
uuid-2569-2022,2569,2026-05-18,2026-05-24,,93.33333333333333,0,4,1,15,6.666666666666667,79.5,3,6,50.0,77.03333333333333,green
uuid-2569-2023,2569,2026-05-18,2026-05-24,100.0,58.333333333333336,0,3,15,20,75.0,72.74000000000001,6,8,75.0,76.36666666666666,green
uuid-2569-2024,2569,2026-05-18,2026-05-24,100.0,83.33333333333333,0,1,4,10,40.0,85.80000000000001,2,4,50.0,63.5,green
uuid-2569-2025,2569,2026-05-18,2026-05-24,,59.25925925925926,0,1,3,15,20.0,75.36666666666666,3,6,50.0,84.10000000000001,green
uuid-2569-2026,2569,2026-05-18,2026-05-24,100.0,95.83333333333333,0,12,11,20,55.0,86.32727272727273,7,8,87.5,84.85714285714286,green
uuid-2569-2027,2569,2026-05-18,2026-05-24,,,0,0,0,20,0.0,,0,8,0.0,,green
uuid-2569-2028,2569,2026-05-18,2026-05-24,,65.0,0,0,2,20,10.0,73.75,4,8,50.0,73.525,green
uuid-2569-2029,2569,2026-05-18,2026-05-24,100.0,75.0,0,3,7,10,70.0,80.18571428571428,2,4,50.0,84.95,green
uuid-2569-2030,2569,2026-05-18,2026-05-24,100.0,100.0,0,7,7,20,35.0,83.79999999999998,4,8,50.0,85.325,green
uuid-2569-2031,2569,2026-05-18,2026-05-24,100.0,79.16666666666667,0,3,11,20,55.0,90.5,7,8,87.5,82.48571428571428,green
uuid-2569-2032,2569,2026-05-18,2026-05-24,66.66666666666667,80.95238095238095,0,0,9,15,60.0,81.73333333333333,3,6,50.0,73.86666666666667,yellow
uuid-2569-2033,2569,2026-05-18,2026-05-24,50.0,83.33333333333333,0,0,6,10,60.0,84.8,2,4,50.0,83.0,yellow
uuid-2569-2034,2569,2026-05-18,2026-05-24,50.0,82.14285714285714,0,0,11,20,55.0,86.06363636363636,2,8,25.0,72.75,yellow
uuid-2569-2035,2569,2026-05-18,2026-05-24,66.66666666666667,90.47619047619048,0,0,8,15,53.333333333333336,74.0375,3,6,50.0,86.90000000000002,yellow
uuid-2569-2036,2569,2026-05-18,2026-05-24,100.0,100.0,0,12,6,10,60.0,80.46666666666665,3,4,75.0,80.66666666666666,green
uuid-2569-2037,2569,2026-05-18,2026-05-24,100.0,93.75,0,12,14,20,70.0,89.2,5,8,62.5,90.53999999999999,green
uuid-2569-2038,2569,2026-05-18,2026-05-24,100.0,94.44444444444444,0,4,8,15,53.333333333333336,78.025,5,6,83.33333333333333,83.67999999999999,green
uuid-2569-2039,2569,2026-05-18,2026-05-24,,47.22222222222222,0,0,5,20,25.0,76.74000000000001,1,8,12.5,65.5,green
uuid-2569-2040,2569,2026-05-18,2026-05-24,,,0,0,0,20,0.0,,0,8,0.0,,green
uuid-2569-2041,2569,2026-05-18,2026-05-24,75.0,64.58333333333333,0,1,11,20,55.0,71.62727272727273,6,8,75.0,81.48333333333332,green
uuid-2569-2042,2569,2026-05-18,2026-05-24,100.0,75.0,0,6,7,20,35.0,79.25714285714285,3,8,37.5,82.2,green
uuid-2569-2043,2569,2026-05-18,2026-05-24,50.0,75.0,0,0,9,20,45.0,71.92222222222222,2,8,25.0,60.85,yellow
uuid-2569-2044,2569,2026-05-18,2026-05-24,100.0,70.83333333333333,0,4,9,20,45.0,74.51111111111112,4,8,50.0,68.275,green
uuid-2569-2045,2569,2026-05-18,2026-05-24,100.0,92.85714285714286,0,2,10,20,50.0,78.37,2,8,25.0,93.95,green
uuid-2569-2046,2569,2026-05-18,2026-05-24,75.0,67.85714285714286,0,5,9,20,45.0,77.33333333333333,3,8,37.5,78.56666666666666,green
uuid-2569-2047,2569,2026-05-18,2026-05-24,100.0,95.83333333333333,0,12,15,20,75.0,87.62666666666668,7,8,87.5,88.71428571428571,green
uuid-2569-2048,2569,2026-05-18,2026-05-24,100.0,97.91666666666667,0,12,12,20,60.0,84.73333333333333,8,8,100.0,92.67500000000001,green
uuid-2569-2049,2569,2026-05-18,2026-05-24,,58.333333333333336,0,0,5,20,25.0,64.58,1,8,12.5,66.4,green
uuid-2569-2050,2569,2026-05-18,2026-05-24,100.0,89.28571428571429,0,2,10,20,50.0,80.02000000000001,3,8,37.5,59.63333333333333,green
uuid-2569-2051,2569,2026-05-18,2026-05-24,75.0,75.0,0,3,3,20,15.0,91.10000000000001,2,8,25.0,86.8,green
uuid-2569-2052,2569,2026-05-18,2026-05-24,,50.0,0,0,3,10,30.0,70.0,0,4,0.0,,green
uuid-2569-2053,2569,2026-05-18,2026-05-24,75.0,81.25,0,9,14,20,70.0,86.67142857142858,6,8,75.0,73.68333333333334,green
uuid-2569-2054,2569,2026-05-18,2026-05-24,50.0,35.416666666666664,0,0,4,20,20.0,63.575,4,8,50.0,65.75,yellow
uuid-2569-2055,2569,2026-05-18,2026-05-24,100.0,93.75,0,12,14,20,70.0,84.47142857142856,6,8,75.0,82.01666666666667,green
uuid-2569-2056,2569,2026-05-18,2026-05-24,,,0,0,0,20,0.0,,0,8,0.0,,green
uuid-2569-2057,2569,2026-05-18,2026-05-24,50.0,58.333333333333336,0,0,2,20,10.0,69.80000000000001,2,8,25.0,67.5,yellow
uuid-2569-2058,2569,2026-05-18,2026-05-24,75.0,53.57142857142857,0,2,6,20,30.0,64.01666666666667,0,8,0.0,,green
uuid-2569-2059,2569,2026-05-18,2026-05-24,100.0,91.66666666666667,0,3,8,10,80.0,85.975,3,4,75.0,93.90000000000002,green
uuid-2569-2060,2569,2026-05-18,2026-05-24,100.0,89.58333333333333,0,11,15,20,75.0,88.32000000000001,7,8,87.5,87.74285714285713,green
uuid-2569-2061,2569,2026-05-18,2026-05-24,,55.0,0,1,2,20,10.0,82.5,3,8,37.5,72.86666666666666,green
uuid-2569-2062,2569,2026-05-18,2026-05-24,100.0,97.22222222222223,0,2,11,15,73.33333333333333,88.60909090909091,4,6,66.66666666666667,90.25,green
uuid-2569-2063,2569,2026-05-18,2026-05-24,75.0,56.25,0,1,4,20,20.0,75.55,5,8,62.5,80.16000000000001,green
uuid-2569-2064,2569,2026-05-18,2026-05-24,50.0,67.85714285714286,0,0,9,20,45.0,75.57777777777777,1,8,12.5,72.4,yellow
uuid-2569-2065,2569,2026-05-18,2026-05-24,100.0,97.22222222222223,0,10,9,15,60.0,88.12222222222223,4,6,66.66666666666667,87.075,green
uuid-2569-2066,2569,2026-05-18,2026-05-24,50.0,50.0,0,0,1,20,5.0,60.6,3,8,37.5,74.5,yellow
uuid-2569-2067,2569,2026-05-18,2026-05-24,100.0,97.22222222222223,0,10,11,15,73.33333333333333,86.05454545454546,4,6,66.66666666666667,94.875,green
uuid-2569-2068,2569,2026-05-18,2026-05-24,50.0,56.25,0,0,10,20,50.0,70.81,8,8,100.0,73.3125,yellow
uuid-2569-2069,2569,2026-05-18,2026-05-24,100.0,100.0,0,3,1,10,10.0,69.6,1,4,25.0,65.0,green
uuid-2569-2070,2569,2026-05-18,2026-05-24,75.0,62.5,0,1,10,20,50.0,81.46000000000001,4,8,50.0,72.75,green
uuid-2569-2071,2569,2026-05-18,2026-05-24,,83.33333333333333,0,8,7,20,35.0,73.01428571428572,2,8,25.0,77.15,green
uuid-2569-2072,2569,2026-05-18,2026-05-24,100.0,79.16666666666667,0,1,6,10,60.0,82.56666666666668,3,4,75.0,89.16666666666667,green
uuid-2569-2073,2569,2026-05-18,2026-05-24,100.0,71.42857142857143,0,3,10,20,50.0,75.63000000000001,3,8,37.5,81.93333333333334,green
uuid-2569-2074,2569,2026-05-18,2026-05-24,50.0,95.83333333333333,0,0,7,10,70.0,75.58571428571429,3,4,75.0,74.1,yellow
uuid-2569-2075,2569,2026-05-18,2026-05-24,100.0,81.25,0,2,12,20,60.0,84.29166666666667,6,8,75.0,80.48333333333333,green
uuid-2569-2076,2569,2026-05-18,2026-05-24,50.0,64.58333333333333,0,0,11,20,55.0,73.11818181818182,4,8,50.0,77.05,yellow
uuid-2569-2077,2569,2026-05-18,2026-05-24,100.0,100.0,0,12,16,20,80.0,86.50625,8,8,100.0,93.7875,green
uuid-2569-2078,2569,2026-05-18,2026-05-24,75.0,75.0,0,1,10,20,50.0,72.46,2,8,25.0,62.95,green
uuid-2569-2079,2569,2026-05-18,2026-05-24,75.0,93.75,0,12,12,20,60.0,89.13333333333334,8,8,100.0,84.23750000000001,green
uuid-2569-2080,2569,2026-05-18,2026-05-24,100.0,85.41666666666667,0,4,12,20,60.0,87.43333333333334,6,8,75.0,94.08333333333333,green
uuid-2569-2081,2569,2026-05-18,2026-05-24,100.0,89.58333333333333,0,9,12,20,60.0,80.43333333333332,6,8,75.0,82.18333333333334,green
uuid-2569-2082,2569,2026-05-18,2026-05-24,100.0,79.16666666666667,0,2,4,10,40.0,57.675,4,4,100.0,73.22500000000001,green
uuid-2569-2083,2569,2026-05-18,2026-05-24,100.0,54.166666666666664,0,1,6,20,30.0,79.63333333333334,2,8,25.0,74.25,green
uuid-2569-2084,2569,2026-05-18,2026-05-24,100.0,97.91666666666667,0,12,13,20,65.0,85.23076923076923,8,8,100.0,87.375,green
uuid-2569-2085,2569,2026-05-18,2026-05-24,75.0,81.25,0,12,12,20,60.0,81.15,6,8,75.0,72.35000000000001,green
uuid-2569-2086,2569,2026-05-18,2026-05-24,100.0,83.33333333333333,0,4,14,20,70.0,83.03571428571429,7,8,87.5,73.0,green
uuid-2569-2087,2569,2026-05-18,2026-05-24,,97.22222222222223,0,9,7,20,35.0,88.04285714285713,2,8,25.0,83.3,green
uuid-2569-2088,2569,2026-05-18,2026-05-24,,10.0,1,0,0,10,0.0,,0,4,0.0,,green
uuid-2569-2089,2569,2026-05-18,2026-05-24,0.0,66.66666666666667,1,0,4,10,40.0,57.425000000000004,2,4,50.0,71.95,red
uuid-2569-2090,2569,2026-05-18,2026-05-24,75.0,75.0,0,2,8,20,40.0,77.225,7,8,87.5,75.0857142857143,green
uuid-2569-2091,2569,2026-05-18,2026-05-24,,100.0,0,5,2,10,20.0,83.1,2,4,50.0,91.80000000000001,green
uuid-2569-2092,2569,2026-05-18,2026-05-24,75.0,85.71428571428571,0,7,9,20,45.0,78.38888888888889,3,8,37.5,84.56666666666666,green
uuid-2569-2093,2569,2026-05-18,2026-05-24,33.333333333333336,55.55555555555556,0,0,7,15,46.666666666666664,71.21428571428571,2,6,33.333333333333336,81.45,orange
uuid-2569-2094,2569,2026-05-18,2026-05-24,100.0,96.42857142857143,0,7,10,20,50.0,75.11999999999999,3,8,37.5,89.40000000000002,green
uuid-2569-2095,2569,2026-05-18,2026-05-24,50.0,91.66666666666667,0,0,8,10,80.0,88.125,3,4,75.0,90.83333333333333,yellow
uuid-2569-2096,2569,2026-05-18,2026-05-24,50.0,70.83333333333333,0,0,5,10,50.0,76.14,3,4,75.0,91.46666666666665,yellow
uuid-2569-2097,2569,2026-05-18,2026-05-24,100.0,63.888888888888886,0,3,7,15,46.666666666666664,71.9,3,6,50.0,80.56666666666666,green
uuid-2569-2098,2569,2026-05-18,2026-05-24,100.0,81.25,0,1,10,20,50.0,79.15,5,8,62.5,72.32000000000001,green
uuid-2569-2099,2569,2026-05-18,2026-05-24,50.0,41.666666666666664,0,0,6,20,30.0,63.28333333333333,1,8,12.5,52.3,yellow
uuid-2569-2100,2569,2026-05-18,2026-05-24,75.0,83.33333333333333,0,3,3,20,15.0,72.13333333333334,3,8,37.5,69.53333333333335,green
uuid-2569-2101,2569,2026-05-18,2026-05-24,50.0,75.0,0,0,3,10,30.0,81.96666666666667,2,4,50.0,57.349999999999994,yellow
uuid-2569-2102,2569,2026-05-18,2026-05-24,,72.22222222222223,0,0,4,10,40.0,77.825,1,4,25.0,57.9,green
uuid-2569-2103,2569,2026-05-18,2026-05-24,100.0,77.08333333333333,0,5,12,20,60.0,77.07499999999999,7,8,87.5,88.37142857142858,green
uuid-2569-2104,2569,2026-05-18,2026-05-24,75.0,68.75,0,2,13,20,65.0,73.15384615384616,5,8,62.5,79.08,green
uuid-2569-2105,2569,2026-05-18,2026-05-24,,25.0,0,0,2,20,10.0,66.2,0,8,0.0,,green
uuid-2569-2106,2569,2026-05-18,2026-05-24,50.0,62.5,0,0,8,20,40.0,72.975,4,8,50.0,84.025,yellow
uuid-2569-2107,2569,2026-05-18,2026-05-24,100.0,75.0,0,1,4,20,20.0,79.675,0,8,0.0,,green
uuid-2569-2108,2569,2026-05-18,2026-05-24,50.0,60.416666666666664,0,0,12,20,60.0,83.69166666666668,5,8,62.5,87.05999999999999,yellow
uuid-2569-2109,2569,2026-05-18,2026-05-24,50.0,77.08333333333333,0,0,13,20,65.0,82.3076923076923,5,8,62.5,87.13999999999999,yellow
uuid-2569-2110,2569,2026-05-18,2026-05-24,100.0,97.91666666666667,0,12,14,20,70.0,88.94999999999997,7,8,87.5,91.38571428571427,green
uuid-2569-2111,2569,2026-05-18,2026-05-24,75.0,56.25,0,1,9,20,45.0,62.111111111111114,4,8,50.0,54.599999999999994,green
uuid-2569-2112,2569,2026-05-18,2026-05-24,50.0,79.16666666666667,0,0,13,20,65.0,81.76153846153845,7,8,87.5,78.47142857142858,yellow
uuid-2569-2113,2569,2026-05-18,2026-05-24,66.66666666666667,69.44444444444444,0,0,9,15,60.0,77.73333333333333,4,6,66.66666666666667,82.45,yellow
uuid-2569-2114,2569,2026-05-18,2026-05-24,50.0,60.416666666666664,0,0,8,20,40.0,64.325,3,8,37.5,61.5,yellow
uuid-2569-2115,2569,2026-05-18,2026-05-24,,50.0,0,0,4,20,20.0,59.12500000000001,3,8,37.5,68.03333333333333,green
uuid-2569-2116,2569,2026-05-18,2026-05-24,100.0,89.28571428571429,0,7,11,20,55.0,85.89090909090909,4,8,50.0,89.525,green
uuid-2569-2117,2569,2026-05-18,2026-05-24,100.0,100.0,0,7,8,15,53.333333333333336,93.7,3,6,50.0,88.33333333333333,green
uuid-2569-2118,2569,2026-05-18,2026-05-24,,66.66666666666667,0,0,1,15,6.666666666666667,97.4,3,6,50.0,82.8,green
uuid-2569-2119,2569,2026-05-18,2026-05-24,100.0,93.75,0,8,11,20,55.0,89.18181818181819,5,8,62.5,90.54,green
uuid-2569-2120,2569,2026-05-18,2026-05-24,100.0,77.08333333333333,0,2,9,20,45.0,80.4888888888889,4,8,50.0,86.19999999999999,green
uuid-2569-2121,2569,2026-05-18,2026-05-24,100.0,96.42857142857143,0,7,11,20,55.0,87.85454545454546,2,8,25.0,88.85,green
uuid-2569-2122,2569,2026-05-18,2026-05-24,100.0,85.41666666666667,0,3,11,20,55.0,82.29090909090908,7,8,87.5,88.44285714285714,green
uuid-2569-2123,2569,2026-05-18,2026-05-24,100.0,89.58333333333333,0,12,15,20,75.0,85.68,4,8,50.0,86.925,green
uuid-2569-2124,2569,2026-05-18,2026-05-24,100.0,79.16666666666667,0,2,10,20,50.0,66.72999999999999,4,8,50.0,62.4,green
uuid-2569-2125,2569,2026-05-18,2026-05-24,25.0,75.0,0,0,12,20,60.0,65.175,6,8,75.0,68.18333333333332,orange
uuid-2569-2126,2569,2026-05-18,2026-05-24,0.0,27.083333333333332,0,0,6,20,30.0,57.70000000000001,2,8,25.0,57.550000000000004,red
uuid-2569-2127,2569,2026-05-18,2026-05-24,,,0,0,0,20,0.0,,0,8,0.0,,green
uuid-2569-2128,2569,2026-05-18,2026-05-24,33.333333333333336,55.55555555555556,0,0,1,15,6.666666666666667,74.0,2,6,33.333333333333336,75.35,orange
uuid-2569-2129,2569,2026-05-18,2026-05-24,100.0,95.23809523809524,0,1,8,15,53.333333333333336,87.0,3,6,50.0,91.83333333333333,green
uuid-2569-2130,2569,2026-05-18,2026-05-24,100.0,89.28571428571429,0,7,11,20,55.0,81.58181818181818,4,8,50.0,89.025,green
uuid-2569-2131,2569,2026-05-18,2026-05-24,100.0,72.22222222222223,0,1,9,15,60.0,70.05555555555556,5,6,83.33333333333333,63.620000000000005,green
uuid-2569-2132,2569,2026-05-18,2026-05-24,100.0,79.16666666666667,0,1,4,10,40.0,71.6,4,4,100.0,77.0,green
uuid-2569-2133,2569,2026-05-18,2026-05-24,100.0,83.33333333333333,0,12,13,20,65.0,85.08461538461538,8,8,100.0,84.9875,green
uuid-2569-2134,2569,2026-05-18,2026-05-24,,27.77777777777778,0,0,3,10,30.0,67.60000000000001,1,4,25.0,87.4,green
uuid-2569-2135,2569,2026-05-18,2026-05-24,50.0,68.75,0,0,10,20,50.0,76.61999999999999,5,8,62.5,79.7,yellow
uuid-2569-2136,2569,2026-05-18,2026-05-24,75.0,62.5,0,5,8,20,40.0,74.36250000000001,8,8,100.0,75.075,green
uuid-2569-2137,2569,2026-05-18,2026-05-24,100.0,100.0,0,12,16,20,80.0,86.6375,7,8,87.5,85.97142857142856,green
uuid-2569-2138,2569,2026-05-18,2026-05-24,,66.66666666666667,0,0,8,20,40.0,78.325,4,8,50.0,84.975,green
uuid-2569-2139,2569,2026-05-18,2026-05-24,0.0,61.904761904761905,0,0,6,15,40.0,68.13333333333334,0,6,0.0,,red
uuid-2569-2140,2569,2026-05-18,2026-05-24,,70.0,0,0,1,10,10.0,89.1,1,4,25.0,82.5,green
uuid-2569-2141,2569,2026-05-18,2026-05-24,50.0,78.57142857142857,0,0,11,20,55.0,74.24545454545454,2,8,25.0,77.5,yellow
uuid-2569-2142,2569,2026-05-18,2026-05-24,,,0,0,0,20,0.0,,0,8,0.0,,green
uuid-2569-2143,2569,2026-05-18,2026-05-24,,100.0,0,5,1,10,10.0,63.8,1,4,25.0,84.0,green
uuid-2569-2144,2569,2026-05-18,2026-05-24,66.66666666666667,76.19047619047619,0,0,5,15,33.333333333333336,70.28,2,6,33.333333333333336,72.9,yellow
uuid-2569-2145,2569,2026-05-18,2026-05-24,,90.0,0,5,4,20,20.0,96.25,4,8,50.0,92.2,green
uuid-2569-2146,2569,2026-05-18,2026-05-24,100.0,91.66666666666667,0,2,8,15,53.333333333333336,82.25,6,6,100.0,84.08333333333333,green
uuid-2569-2147,2569,2026-05-18,2026-05-24,50.0,58.333333333333336,0,0,2,20,10.0,80.1,0,8,0.0,,yellow
uuid-2569-2148,2569,2026-05-18,2026-05-24,100.0,78.57142857142857,0,2,9,20,45.0,81.83333333333333,4,8,50.0,79.925,green
uuid-2569-2149,2569,2026-05-18,2026-05-24,50.0,66.66666666666667,0,0,5,10,50.0,70.12,3,4,75.0,59.5,yellow
uuid-2569-2150,2569,2026-05-18,2026-05-24,100.0,96.42857142857143,0,7,10,20,50.0,85.9,3,8,37.5,87.66666666666667,green
uuid-2569-2001,2569,2026-05-25,2026-05-31,50.0,84.61538461538461,0,0,8,10,80.0,89.94999999999999,4,4,100.0,91.725,yellow
uuid-2569-2002,2569,2026-05-25,2026-05-31,50.0,34.61538461538461,0,0,4,20,20.0,53.925,2,8,25.0,51.2,yellow
uuid-2569-2003,2569,2026-05-25,2026-05-31,75.0,67.3076923076923,0,4,7,20,35.0,70.67142857142856,4,8,50.0,58.325,green
uuid-2569-2004,2569,2026-05-25,2026-05-31,75.0,71.15384615384616,0,3,7,20,35.0,77.18571428571428,5,8,62.5,71.06,green
uuid-2569-2005,2569,2026-05-25,2026-05-31,100.0,96.875,0,8,12,20,60.0,91.04166666666667,4,8,50.0,84.525,green
uuid-2569-2006,2569,2026-05-25,2026-05-31,75.0,59.61538461538461,0,1,11,20,55.0,74.68181818181819,4,8,50.0,76.4,green
uuid-2569-2007,2569,2026-05-25,2026-05-31,100.0,87.5,0,2,8,15,53.333333333333336,71.8375,2,6,33.333333333333336,68.6,green
uuid-2569-2008,2569,2026-05-25,2026-05-31,100.0,84.375,0,8,9,20,45.0,71.85555555555555,2,8,25.0,98.7,green
uuid-2569-2009,2569,2026-05-25,2026-05-31,50.0,65.38461538461539,0,0,10,20,50.0,71.04,2,8,25.0,73.69999999999999,yellow
uuid-2569-2010,2569,2026-05-25,2026-05-31,100.0,96.15384615384616,0,13,14,20,70.0,89.22857142857143,6,8,75.0,91.7,green
uuid-2569-2011,2569,2026-05-25,2026-05-31,,61.111111111111114,0,0,3,10,30.0,81.10000000000001,1,4,25.0,63.2,green
uuid-2569-2012,2569,2026-05-25,2026-05-31,100.0,87.5,0,3,7,15,46.666666666666664,82.65714285714286,3,6,50.0,94.93333333333334,green
uuid-2569-2013,2569,2026-05-25,2026-05-31,,53.333333333333336,0,1,3,15,20.0,68.83333333333333,2,6,33.333333333333336,63.3,green
uuid-2569-2014,2569,2026-05-25,2026-05-31,0.0,59.61538461538461,1,0,8,20,40.0,63.337500000000006,5,8,62.5,71.80000000000001,red
uuid-2569-2015,2569,2026-05-25,2026-05-31,,70.37037037037037,0,0,6,15,40.0,60.1,2,6,33.333333333333336,67.05,green
uuid-2569-2016,2569,2026-05-25,2026-05-31,50.0,63.46153846153846,0,0,12,20,60.0,82.24166666666666,7,8,87.5,81.97142857142856,yellow
uuid-2569-2017,2569,2026-05-25,2026-05-31,,47.22222222222222,0,0,6,20,30.0,68.05,2,8,25.0,68.15,green
uuid-2569-2018,2569,2026-05-25,2026-05-31,,41.666666666666664,0,0,8,20,40.0,66.7625,3,8,37.5,64.93333333333334,green
uuid-2569-2019,2569,2026-05-25,2026-05-31,,95.0,0,5,2,20,10.0,76.4,2,8,25.0,80.6,green
uuid-2569-2020,2569,2026-05-25,2026-05-31,100.0,90.38461538461539,0,13,15,20,75.0,83.79999999999998,7,8,87.5,73.95714285714287,green
uuid-2569-2021,2569,2026-05-25,2026-05-31,50.0,69.23076923076923,0,0,12,20,60.0,79.49166666666666,4,8,50.0,77.0,yellow
uuid-2569-2022,2569,2026-05-25,2026-05-31,,93.33333333333333,0,4,1,15,6.666666666666667,79.5,3,6,50.0,77.03333333333333,green
uuid-2569-2023,2569,2026-05-25,2026-05-31,75.0,59.61538461538461,0,4,15,20,75.0,72.74000000000001,6,8,75.0,76.36666666666666,green
uuid-2569-2024,2569,2026-05-25,2026-05-31,100.0,84.61538461538461,0,2,4,10,40.0,85.80000000000001,2,4,50.0,63.5,green
uuid-2569-2025,2569,2026-05-25,2026-05-31,,59.25925925925926,0,1,3,15,20.0,75.36666666666666,3,6,50.0,84.10000000000001,green
uuid-2569-2026,2569,2026-05-25,2026-05-31,100.0,96.15384615384616,0,13,11,20,55.0,86.32727272727273,7,8,87.5,84.85714285714286,green
uuid-2569-2027,2569,2026-05-25,2026-05-31,,,0,0,0,20,0.0,,0,8,0.0,,green
uuid-2569-2028,2569,2026-05-25,2026-05-31,,65.0,0,0,2,20,10.0,73.75,4,8,50.0,73.525,green
uuid-2569-2029,2569,2026-05-25,2026-05-31,50.0,73.07692307692308,0,0,7,10,70.0,80.18571428571428,2,4,50.0,84.95,yellow
uuid-2569-2030,2569,2026-05-25,2026-05-31,100.0,100.0,0,8,7,20,35.0,83.79999999999998,4,8,50.0,85.325,green
uuid-2569-2031,2569,2026-05-25,2026-05-31,75.0,78.84615384615384,0,4,11,20,55.0,90.5,7,8,87.5,82.48571428571428,green
uuid-2569-2032,2569,2026-05-25,2026-05-31,66.66666666666667,79.16666666666667,0,0,9,15,60.0,81.73333333333333,3,6,50.0,73.86666666666667,yellow
uuid-2569-2033,2569,2026-05-25,2026-05-31,100.0,84.61538461538461,0,1,6,10,60.0,84.8,2,4,50.0,83.0,green
uuid-2569-2034,2569,2026-05-25,2026-05-31,50.0,78.125,0,0,11,20,55.0,86.06363636363636,2,8,25.0,72.75,yellow
uuid-2569-2035,2569,2026-05-25,2026-05-31,33.333333333333336,83.33333333333333,0,0,8,15,53.333333333333336,74.0375,3,6,50.0,86.90000000000002,orange
uuid-2569-2036,2569,2026-05-25,2026-05-31,100.0,100.0,0,13,6,10,60.0,80.46666666666665,3,4,75.0,80.66666666666666,green
uuid-2569-2037,2569,2026-05-25,2026-05-31,100.0,94.23076923076923,0,13,14,20,70.0,89.2,5,8,62.5,90.53999999999999,green
uuid-2569-2038,2569,2026-05-25,2026-05-31,66.66666666666667,92.3076923076923,0,0,8,15,53.333333333333336,78.025,5,6,83.33333333333333,83.67999999999999,yellow
uuid-2569-2039,2569,2026-05-25,2026-05-31,,47.22222222222222,0,0,5,20,25.0,76.74000000000001,1,8,12.5,65.5,green
uuid-2569-2040,2569,2026-05-25,2026-05-31,,,0,0,0,20,0.0,,0,8,0.0,,green
uuid-2569-2041,2569,2026-05-25,2026-05-31,75.0,65.38461538461539,0,2,11,20,55.0,71.62727272727273,6,8,75.0,81.48333333333332,green
uuid-2569-2042,2569,2026-05-25,2026-05-31,75.0,75.0,0,7,7,20,35.0,79.25714285714285,3,8,37.5,82.2,green
uuid-2569-2043,2569,2026-05-25,2026-05-31,100.0,78.125,0,1,9,20,45.0,71.92222222222222,2,8,25.0,60.85,green
uuid-2569-2044,2569,2026-05-25,2026-05-31,50.0,69.23076923076923,0,0,9,20,45.0,74.51111111111112,4,8,50.0,68.275,yellow
uuid-2569-2045,2569,2026-05-25,2026-05-31,100.0,93.75,0,3,10,20,50.0,78.37,2,8,25.0,93.95,green
uuid-2569-2046,2569,2026-05-25,2026-05-31,50.0,65.625,0,0,9,20,45.0,77.33333333333333,3,8,37.5,78.56666666666666,yellow
uuid-2569-2047,2569,2026-05-25,2026-05-31,100.0,96.15384615384616,0,13,15,20,75.0,87.62666666666668,7,8,87.5,88.71428571428571,green
uuid-2569-2048,2569,2026-05-25,2026-05-31,100.0,98.07692307692308,0,13,12,20,60.0,84.73333333333333,8,8,100.0,92.67500000000001,green
uuid-2569-2049,2569,2026-05-25,2026-05-31,,58.333333333333336,0,0,5,20,25.0,64.58,1,8,12.5,66.4,green
uuid-2569-2050,2569,2026-05-25,2026-05-31,50.0,84.375,0,0,10,20,50.0,80.02000000000001,3,8,37.5,59.63333333333333,yellow
uuid-2569-2051,2569,2026-05-25,2026-05-31,75.0,75.0,0,4,3,20,15.0,91.10000000000001,2,8,25.0,86.8,green
uuid-2569-2052,2569,2026-05-25,2026-05-31,,50.0,0,0,3,10,30.0,70.0,0,4,0.0,,green
uuid-2569-2053,2569,2026-05-25,2026-05-31,75.0,80.76923076923077,0,10,14,20,70.0,86.67142857142858,6,8,75.0,73.68333333333334,green
uuid-2569-2054,2569,2026-05-25,2026-05-31,25.0,34.61538461538461,0,0,4,20,20.0,63.575,4,8,50.0,65.75,orange
uuid-2569-2055,2569,2026-05-25,2026-05-31,100.0,94.23076923076923,0,13,14,20,70.0,84.47142857142856,6,8,75.0,82.01666666666667,green
uuid-2569-2056,2569,2026-05-25,2026-05-31,,,0,0,0,20,0.0,,0,8,0.0,,green
uuid-2569-2057,2569,2026-05-25,2026-05-31,50.0,56.25,0,0,2,20,10.0,69.80000000000001,2,8,25.0,67.5,yellow
uuid-2569-2058,2569,2026-05-25,2026-05-31,25.0,50.0,0,0,6,20,30.0,64.01666666666667,0,8,0.0,,orange
uuid-2569-2059,2569,2026-05-25,2026-05-31,100.0,92.3076923076923,0,4,8,10,80.0,85.975,3,4,75.0,93.90000000000002,green
uuid-2569-2060,2569,2026-05-25,2026-05-31,75.0,88.46153846153847,0,12,15,20,75.0,88.32000000000001,7,8,87.5,87.74285714285713,green
uuid-2569-2061,2569,2026-05-25,2026-05-31,,55.0,0,1,2,20,10.0,82.5,3,8,37.5,72.86666666666666,green
uuid-2569-2062,2569,2026-05-25,2026-05-31,100.0,97.43589743589743,0,3,11,15,73.33333333333333,88.60909090909091,4,6,66.66666666666667,90.25,green
uuid-2569-2063,2569,2026-05-25,2026-05-31,75.0,57.69230769230769,0,2,4,20,20.0,75.55,5,8,62.5,80.16000000000001,green
uuid-2569-2064,2569,2026-05-25,2026-05-31,75.0,68.75,0,1,9,20,45.0,75.57777777777777,1,8,12.5,72.4,green
uuid-2569-2065,2569,2026-05-25,2026-05-31,100.0,97.43589743589743,0,11,9,15,60.0,88.12222222222223,4,6,66.66666666666667,87.075,green
uuid-2569-2066,2569,2026-05-25,2026-05-31,100.0,62.5,0,1,1,20,5.0,60.6,3,8,37.5,74.5,green
uuid-2569-2067,2569,2026-05-25,2026-05-31,100.0,97.43589743589743,0,11,11,15,73.33333333333333,86.05454545454546,4,6,66.66666666666667,94.875,green
uuid-2569-2068,2569,2026-05-25,2026-05-31,50.0,55.76923076923077,0,0,10,20,50.0,70.81,8,8,100.0,73.3125,yellow
uuid-2569-2069,2569,2026-05-25,2026-05-31,100.0,100.0,0,4,1,10,10.0,69.6,1,4,25.0,65.0,green
uuid-2569-2070,2569,2026-05-25,2026-05-31,75.0,63.46153846153846,0,2,10,20,50.0,81.46000000000001,4,8,50.0,72.75,green
uuid-2569-2071,2569,2026-05-25,2026-05-31,,83.33333333333333,0,8,7,20,35.0,73.01428571428572,2,8,25.0,77.15,green
uuid-2569-2072,2569,2026-05-25,2026-05-31,100.0,80.76923076923077,0,2,6,10,60.0,82.56666666666668,3,4,75.0,89.16666666666667,green
uuid-2569-2073,2569,2026-05-25,2026-05-31,100.0,75.0,0,4,10,20,50.0,75.63000000000001,3,8,37.5,81.93333333333334,green
uuid-2569-2074,2569,2026-05-25,2026-05-31,100.0,96.15384615384616,0,1,7,10,70.0,75.58571428571429,3,4,75.0,74.1,green
uuid-2569-2075,2569,2026-05-25,2026-05-31,100.0,82.6923076923077,0,3,12,20,60.0,84.29166666666667,6,8,75.0,80.48333333333333,green
uuid-2569-2076,2569,2026-05-25,2026-05-31,100.0,67.3076923076923,0,1,11,20,55.0,73.11818181818182,4,8,50.0,77.05,green
uuid-2569-2077,2569,2026-05-25,2026-05-31,100.0,100.0,0,13,16,20,80.0,86.50625,8,8,100.0,93.7875,green
uuid-2569-2078,2569,2026-05-25,2026-05-31,50.0,73.07692307692308,0,0,10,20,50.0,72.46,2,8,25.0,62.95,yellow
uuid-2569-2079,2569,2026-05-25,2026-05-31,75.0,92.3076923076923,0,13,12,20,60.0,89.13333333333334,8,8,100.0,84.23750000000001,green
uuid-2569-2080,2569,2026-05-25,2026-05-31,75.0,84.61538461538461,0,5,12,20,60.0,87.43333333333334,6,8,75.0,94.08333333333333,green
uuid-2569-2081,2569,2026-05-25,2026-05-31,75.0,88.46153846153847,0,10,12,20,60.0,80.43333333333332,6,8,75.0,82.18333333333334,green
uuid-2569-2082,2569,2026-05-25,2026-05-31,50.0,76.92307692307692,0,0,4,10,40.0,57.675,4,4,100.0,73.22500000000001,yellow
uuid-2569-2083,2569,2026-05-25,2026-05-31,25.0,51.92307692307692,0,0,6,20,30.0,79.63333333333334,2,8,25.0,74.25,orange
uuid-2569-2084,2569,2026-05-25,2026-05-31,75.0,96.15384615384616,0,13,13,20,65.0,85.23076923076923,8,8,100.0,87.375,green
uuid-2569-2085,2569,2026-05-25,2026-05-31,75.0,80.76923076923077,0,13,12,20,60.0,81.15,6,8,75.0,72.35000000000001,green
uuid-2569-2086,2569,2026-05-25,2026-05-31,75.0,82.6923076923077,0,5,14,20,70.0,83.03571428571429,7,8,87.5,73.0,green
uuid-2569-2087,2569,2026-05-25,2026-05-31,,97.22222222222223,0,9,7,20,35.0,88.04285714285713,2,8,25.0,83.3,green
uuid-2569-2088,2569,2026-05-25,2026-05-31,,10.0,1,0,0,10,0.0,,0,4,0.0,,green
uuid-2569-2089,2569,2026-05-25,2026-05-31,50.0,65.38461538461539,0,0,4,10,40.0,57.425000000000004,2,4,50.0,71.95,yellow
uuid-2569-2090,2569,2026-05-25,2026-05-31,50.0,73.07692307692308,0,0,8,20,40.0,77.225,7,8,87.5,75.0857142857143,yellow
uuid-2569-2091,2569,2026-05-25,2026-05-31,,100.0,0,5,2,10,20.0,83.1,2,4,50.0,91.80000000000001,green
uuid-2569-2092,2569,2026-05-25,2026-05-31,75.0,84.375,0,8,9,20,45.0,78.38888888888889,3,8,37.5,84.56666666666666,green
uuid-2569-2093,2569,2026-05-25,2026-05-31,33.333333333333336,53.84615384615385,0,0,7,15,46.666666666666664,71.21428571428571,2,6,33.333333333333336,81.45,orange
uuid-2569-2094,2569,2026-05-25,2026-05-31,100.0,96.875,0,8,10,20,50.0,75.11999999999999,3,8,37.5,89.40000000000002,green
uuid-2569-2095,2569,2026-05-25,2026-05-31,100.0,92.3076923076923,0,1,8,10,80.0,88.125,3,4,75.0,90.83333333333333,green
uuid-2569-2096,2569,2026-05-25,2026-05-31,100.0,73.07692307692308,0,1,5,10,50.0,76.14,3,4,75.0,91.46666666666665,green
uuid-2569-2097,2569,2026-05-25,2026-05-31,100.0,66.66666666666667,0,4,7,15,46.666666666666664,71.9,3,6,50.0,80.56666666666666,green
uuid-2569-2098,2569,2026-05-25,2026-05-31,25.0,76.92307692307692,0,0,10,20,50.0,79.15,5,8,62.5,72.32000000000001,orange
uuid-2569-2099,2569,2026-05-25,2026-05-31,75.0,44.23076923076923,0,1,6,20,30.0,63.28333333333333,1,8,12.5,52.3,green
uuid-2569-2100,2569,2026-05-25,2026-05-31,75.0,81.25,0,4,3,20,15.0,72.13333333333334,3,8,37.5,69.53333333333335,green
uuid-2569-2101,2569,2026-05-25,2026-05-31,50.0,73.07692307692308,0,0,3,10,30.0,81.96666666666667,2,4,50.0,57.349999999999994,yellow
uuid-2569-2102,2569,2026-05-25,2026-05-31,,72.22222222222223,0,0,4,10,40.0,77.825,1,4,25.0,57.9,green
uuid-2569-2103,2569,2026-05-25,2026-05-31,75.0,76.92307692307692,0,6,12,20,60.0,77.07499999999999,7,8,87.5,88.37142857142858,green
uuid-2569-2104,2569,2026-05-25,2026-05-31,50.0,67.3076923076923,0,0,13,20,65.0,73.15384615384616,5,8,62.5,79.08,yellow
uuid-2569-2105,2569,2026-05-25,2026-05-31,,25.0,0,0,2,20,10.0,66.2,0,8,0.0,,green
uuid-2569-2106,2569,2026-05-25,2026-05-31,75.0,63.46153846153846,0,1,8,20,40.0,72.975,4,8,50.0,84.025,green
uuid-2569-2107,2569,2026-05-25,2026-05-31,75.0,75.0,0,2,4,20,20.0,79.675,0,8,0.0,,green
uuid-2569-2108,2569,2026-05-25,2026-05-31,50.0,59.61538461538461,0,0,12,20,60.0,83.69166666666668,5,8,62.5,87.05999999999999,yellow
uuid-2569-2109,2569,2026-05-25,2026-05-31,50.0,75.0,0,0,13,20,65.0,82.3076923076923,5,8,62.5,87.13999999999999,yellow
uuid-2569-2110,2569,2026-05-25,2026-05-31,100.0,98.07692307692308,0,13,14,20,70.0,88.94999999999997,7,8,87.5,91.38571428571427,green
uuid-2569-2111,2569,2026-05-25,2026-05-31,50.0,55.76923076923077,0,0,9,20,45.0,62.111111111111114,4,8,50.0,54.599999999999994,yellow
uuid-2569-2112,2569,2026-05-25,2026-05-31,100.0,80.76923076923077,0,1,13,20,65.0,81.76153846153845,7,8,87.5,78.47142857142858,green
uuid-2569-2113,2569,2026-05-25,2026-05-31,100.0,71.7948717948718,0,1,9,15,60.0,77.73333333333333,4,6,66.66666666666667,82.45,green
uuid-2569-2114,2569,2026-05-25,2026-05-31,50.0,59.61538461538461,0,0,8,20,40.0,64.325,3,8,37.5,61.5,yellow
uuid-2569-2115,2569,2026-05-25,2026-05-31,,50.0,0,0,4,20,20.0,59.12500000000001,3,8,37.5,68.03333333333333,green
uuid-2569-2116,2569,2026-05-25,2026-05-31,100.0,90.625,0,8,11,20,55.0,85.89090909090909,4,8,50.0,89.525,green
uuid-2569-2117,2569,2026-05-25,2026-05-31,100.0,100.0,0,8,8,15,53.333333333333336,93.7,3,6,50.0,88.33333333333333,green
uuid-2569-2118,2569,2026-05-25,2026-05-31,,66.66666666666667,0,0,1,15,6.666666666666667,97.4,3,6,50.0,82.8,green
uuid-2569-2119,2569,2026-05-25,2026-05-31,100.0,94.23076923076923,0,9,11,20,55.0,89.18181818181819,5,8,62.5,90.54,green
uuid-2569-2120,2569,2026-05-25,2026-05-31,100.0,78.84615384615384,0,3,9,20,45.0,80.4888888888889,4,8,50.0,86.19999999999999,green
uuid-2569-2121,2569,2026-05-25,2026-05-31,100.0,96.875,0,8,11,20,55.0,87.85454545454546,2,8,25.0,88.85,green
uuid-2569-2122,2569,2026-05-25,2026-05-31,75.0,84.61538461538461,0,4,11,20,55.0,82.29090909090908,7,8,87.5,88.44285714285714,green
uuid-2569-2123,2569,2026-05-25,2026-05-31,100.0,90.38461538461539,0,13,15,20,75.0,85.68,4,8,50.0,86.925,green
uuid-2569-2124,2569,2026-05-25,2026-05-31,75.0,78.84615384615384,0,3,10,20,50.0,66.72999999999999,4,8,50.0,62.4,green
uuid-2569-2125,2569,2026-05-25,2026-05-31,50.0,73.07692307692308,0,0,12,20,60.0,65.175,6,8,75.0,68.18333333333332,yellow
uuid-2569-2126,2569,2026-05-25,2026-05-31,25.0,26.923076923076923,0,0,6,20,30.0,57.70000000000001,2,8,25.0,57.550000000000004,orange
uuid-2569-2127,2569,2026-05-25,2026-05-31,,,0,0,0,20,0.0,,0,8,0.0,,green
uuid-2569-2128,2569,2026-05-25,2026-05-31,100.0,66.66666666666667,0,1,1,15,6.666666666666667,74.0,2,6,33.333333333333336,75.35,green
uuid-2569-2129,2569,2026-05-25,2026-05-31,100.0,95.83333333333333,0,2,8,15,53.333333333333336,87.0,3,6,50.0,91.83333333333333,green
uuid-2569-2130,2569,2026-05-25,2026-05-31,75.0,87.5,0,8,11,20,55.0,81.58181818181818,4,8,50.0,89.025,green
uuid-2569-2131,2569,2026-05-25,2026-05-31,66.66666666666667,71.7948717948718,0,0,9,15,60.0,70.05555555555556,5,6,83.33333333333333,63.620000000000005,yellow
uuid-2569-2132,2569,2026-05-25,2026-05-31,50.0,76.92307692307692,0,0,4,10,40.0,71.6,4,4,100.0,77.0,yellow
uuid-2569-2133,2569,2026-05-25,2026-05-31,100.0,84.61538461538461,0,13,13,20,65.0,85.08461538461538,8,8,100.0,84.9875,green
uuid-2569-2134,2569,2026-05-25,2026-05-31,,27.77777777777778,0,0,3,10,30.0,67.60000000000001,1,4,25.0,87.4,green
uuid-2569-2135,2569,2026-05-25,2026-05-31,75.0,69.23076923076923,0,1,10,20,50.0,76.61999999999999,5,8,62.5,79.7,green
uuid-2569-2136,2569,2026-05-25,2026-05-31,100.0,65.38461538461539,0,6,8,20,40.0,74.36250000000001,8,8,100.0,75.075,green
uuid-2569-2137,2569,2026-05-25,2026-05-31,100.0,100.0,0,13,16,20,80.0,86.6375,7,8,87.5,85.97142857142856,green
uuid-2569-2138,2569,2026-05-25,2026-05-31,,66.66666666666667,0,0,8,20,40.0,78.325,4,8,50.0,84.975,green
uuid-2569-2139,2569,2026-05-25,2026-05-31,66.66666666666667,62.5,0,0,6,15,40.0,68.13333333333334,0,6,0.0,,yellow
uuid-2569-2140,2569,2026-05-25,2026-05-31,,70.0,0,0,1,10,10.0,89.1,1,4,25.0,82.5,green
uuid-2569-2141,2569,2026-05-25,2026-05-31,50.0,75.0,0,0,11,20,55.0,74.24545454545454,2,8,25.0,77.5,yellow
uuid-2569-2142,2569,2026-05-25,2026-05-31,,,0,0,0,20,0.0,,0,8,0.0,,green
uuid-2569-2143,2569,2026-05-25,2026-05-31,,100.0,0,5,1,10,10.0,63.8,1,4,25.0,84.0,green
uuid-2569-2144,2569,2026-05-25,2026-05-31,66.66666666666667,75.0,0,0,5,15,33.333333333333336,70.28,2,6,33.333333333333336,72.9,yellow
uuid-2569-2145,2569,2026-05-25,2026-05-31,,90.0,0,5,4,20,20.0,96.25,4,8,50.0,92.2,green
uuid-2569-2146,2569,2026-05-25,2026-05-31,100.0,92.3076923076923,0,3,8,15,53.333333333333336,82.25,6,6,100.0,84.08333333333333,green
uuid-2569-2147,2569,2026-05-25,2026-05-31,75.0,62.5,0,1,2,20,10.0,80.1,0,8,0.0,,green
uuid-2569-2148,2569,2026-05-25,2026-05-31,50.0,75.0,0,0,9,20,45.0,81.83333333333333,4,8,50.0,79.925,yellow
uuid-2569-2149,2569,2026-05-25,2026-05-31,100.0,69.23076923076923,0,1,5,10,50.0,70.12,3,4,75.0,59.5,green
uuid-2569-2150,2569,2026-05-25,2026-05-31,100.0,96.875,0,8,10,20,50.0,85.9,3,8,37.5,87.66666666666667,green
uuid-2569-2001,2569,2026-06-01,2026-06-07,50.0,82.14285714285714,0,0,8,10,80.0,89.94999999999999,4,4,100.0,91.725,yellow
uuid-2569-2002,2569,2026-06-01,2026-06-07,25.0,33.92857142857143,0,0,4,20,20.0,53.925,2,8,25.0,51.2,orange
uuid-2569-2003,2569,2026-06-01,2026-06-07,50.0,66.07142857142857,0,0,7,20,35.0,70.67142857142856,4,8,50.0,58.325,yellow
uuid-2569-2004,2569,2026-06-01,2026-06-07,75.0,71.42857142857143,0,4,7,20,35.0,77.18571428571428,5,8,62.5,71.06,green
uuid-2569-2005,2569,2026-06-01,2026-06-07,100.0,97.22222222222223,0,9,12,20,60.0,91.04166666666667,4,8,50.0,84.525,green
uuid-2569-2006,2569,2026-06-01,2026-06-07,25.0,57.142857142857146,0,0,11,20,55.0,74.68181818181819,4,8,50.0,76.4,orange
uuid-2569-2007,2569,2026-06-01,2026-06-07,100.0,88.88888888888889,0,3,8,15,53.333333333333336,71.8375,2,6,33.333333333333336,68.6,green
uuid-2569-2008,2569,2026-06-01,2026-06-07,100.0,86.11111111111111,0,9,9,20,45.0,71.85555555555555,2,8,25.0,98.7,green
uuid-2569-2009,2569,2026-06-01,2026-06-07,,65.38461538461539,0,0,10,20,50.0,71.04,2,8,25.0,73.69999999999999,green
uuid-2569-2010,2569,2026-06-01,2026-06-07,100.0,96.42857142857143,0,14,14,20,70.0,89.22857142857143,6,8,75.0,91.7,green
uuid-2569-2011,2569,2026-06-01,2026-06-07,,61.111111111111114,0,0,3,10,30.0,81.10000000000001,1,4,25.0,63.2,green
uuid-2569-2012,2569,2026-06-01,2026-06-07,66.66666666666667,85.18518518518519,0,0,7,15,46.666666666666664,82.65714285714286,3,6,50.0,94.93333333333334,yellow
uuid-2569-2013,2569,2026-06-01,2026-06-07,,53.333333333333336,0,1,3,15,20.0,68.83333333333333,2,6,33.333333333333336,63.3,green
uuid-2569-2014,2569,2026-06-01,2026-06-07,75.0,60.714285714285715,0,1,8,20,40.0,63.337500000000006,5,8,62.5,71.80000000000001,green
uuid-2569-2015,2569,2026-06-01,2026-06-07,,70.37037037037037,0,0,6,15,40.0,60.1,2,6,33.333333333333336,67.05,green
uuid-2569-2016,2569,2026-06-01,2026-06-07,50.0,62.5,0,0,12,20,60.0,82.24166666666666,7,8,87.5,81.97142857142856,yellow
uuid-2569-2017,2569,2026-06-01,2026-06-07,,47.22222222222222,0,0,6,20,30.0,68.05,2,8,25.0,68.15,green
uuid-2569-2018,2569,2026-06-01,2026-06-07,,41.666666666666664,0,0,8,20,40.0,66.7625,3,8,37.5,64.93333333333334,green
uuid-2569-2019,2569,2026-06-01,2026-06-07,,95.0,0,5,2,20,10.0,76.4,2,8,25.0,80.6,green
uuid-2569-2020,2569,2026-06-01,2026-06-07,100.0,91.07142857142857,0,14,15,20,75.0,83.79999999999998,7,8,87.5,73.95714285714287,green
uuid-2569-2021,2569,2026-06-01,2026-06-07,50.0,67.85714285714286,0,0,12,20,60.0,79.49166666666666,4,8,50.0,77.0,yellow
uuid-2569-2022,2569,2026-06-01,2026-06-07,,93.33333333333333,0,4,1,15,6.666666666666667,79.5,3,6,50.0,77.03333333333333,green
uuid-2569-2023,2569,2026-06-01,2026-06-07,50.0,58.92857142857143,0,0,15,20,75.0,72.74000000000001,6,8,75.0,76.36666666666666,yellow
uuid-2569-2024,2569,2026-06-01,2026-06-07,100.0,85.71428571428571,0,3,4,10,40.0,85.80000000000001,2,4,50.0,63.5,green
uuid-2569-2025,2569,2026-06-01,2026-06-07,,59.25925925925926,0,1,3,15,20.0,75.36666666666666,3,6,50.0,84.10000000000001,green
uuid-2569-2026,2569,2026-06-01,2026-06-07,75.0,94.64285714285714,0,14,11,20,55.0,86.32727272727273,7,8,87.5,84.85714285714286,green
uuid-2569-2027,2569,2026-06-01,2026-06-07,75.0,75.0,0,1,0,20,0.0,,0,8,0.0,,green
uuid-2569-2028,2569,2026-06-01,2026-06-07,,65.0,0,0,2,20,10.0,73.75,4,8,50.0,73.525,green
uuid-2569-2029,2569,2026-06-01,2026-06-07,0.0,67.85714285714286,1,0,7,10,70.0,80.18571428571428,2,4,50.0,84.95,red
uuid-2569-2030,2569,2026-06-01,2026-06-07,100.0,100.0,0,9,7,20,35.0,83.79999999999998,4,8,50.0,85.325,green
uuid-2569-2031,2569,2026-06-01,2026-06-07,75.0,78.57142857142857,0,5,11,20,55.0,90.5,7,8,87.5,82.48571428571428,green
uuid-2569-2032,2569,2026-06-01,2026-06-07,100.0,81.48148148148148,0,1,9,15,60.0,81.73333333333333,3,6,50.0,73.86666666666667,green
uuid-2569-2033,2569,2026-06-01,2026-06-07,100.0,85.71428571428571,0,2,6,10,60.0,84.8,2,4,50.0,83.0,green
uuid-2569-2034,2569,2026-06-01,2026-06-07,100.0,80.55555555555556,0,1,11,20,55.0,86.06363636363636,2,8,25.0,72.75,green
uuid-2569-2035,2569,2026-06-01,2026-06-07,100.0,85.18518518518519,0,1,8,15,53.333333333333336,74.0375,3,6,50.0,86.90000000000002,green
uuid-2569-2036,2569,2026-06-01,2026-06-07,100.0,100.0,0,14,6,10,60.0,80.46666666666665,3,4,75.0,80.66666666666666,green
uuid-2569-2037,2569,2026-06-01,2026-06-07,100.0,94.64285714285714,0,14,14,20,70.0,89.2,5,8,62.5,90.53999999999999,green
uuid-2569-2038,2569,2026-06-01,2026-06-07,66.66666666666667,90.47619047619048,0,0,8,15,53.333333333333336,78.025,5,6,83.33333333333333,83.67999999999999,yellow
uuid-2569-2039,2569,2026-06-01,2026-06-07,,47.22222222222222,0,0,5,20,25.0,76.74000000000001,1,8,12.5,65.5,green
uuid-2569-2040,2569,2026-06-01,2026-06-07,75.0,75.0,0,1,0,20,0.0,,0,8,0.0,,green
uuid-2569-2041,2569,2026-06-01,2026-06-07,100.0,67.85714285714286,0,3,11,20,55.0,71.62727272727273,6,8,75.0,81.48333333333332,green
uuid-2569-2042,2569,2026-06-01,2026-06-07,75.0,75.0,0,8,7,20,35.0,79.25714285714285,3,8,37.5,82.2,green
uuid-2569-2043,2569,2026-06-01,2026-06-07,,78.125,0,1,9,20,45.0,71.92222222222222,2,8,25.0,60.85,green
uuid-2569-2044,2569,2026-06-01,2026-06-07,75.0,69.64285714285714,0,1,9,20,45.0,74.51111111111112,4,8,50.0,68.275,green
uuid-2569-2045,2569,2026-06-01,2026-06-07,50.0,88.88888888888889,0,0,10,20,50.0,78.37,2,8,25.0,93.95,yellow
uuid-2569-2046,2569,2026-06-01,2026-06-07,,65.625,0,0,9,20,45.0,77.33333333333333,3,8,37.5,78.56666666666666,green
uuid-2569-2047,2569,2026-06-01,2026-06-07,100.0,96.42857142857143,0,14,15,20,75.0,87.62666666666668,7,8,87.5,88.71428571428571,green
uuid-2569-2048,2569,2026-06-01,2026-06-07,100.0,98.21428571428571,0,14,12,20,60.0,84.73333333333333,8,8,100.0,92.67500000000001,green
uuid-2569-2049,2569,2026-06-01,2026-06-07,,58.333333333333336,0,0,5,20,25.0,64.58,1,8,12.5,66.4,green
uuid-2569-2050,2569,2026-06-01,2026-06-07,100.0,86.11111111111111,0,1,10,20,50.0,80.02000000000001,3,8,37.5,59.63333333333333,green
uuid-2569-2051,2569,2026-06-01,2026-06-07,75.0,75.0,0,5,3,20,15.0,91.10000000000001,2,8,25.0,86.8,green
uuid-2569-2052,2569,2026-06-01,2026-06-07,,50.0,0,0,3,10,30.0,70.0,0,4,0.0,,green
uuid-2569-2053,2569,2026-06-01,2026-06-07,100.0,82.14285714285714,0,11,14,20,70.0,86.67142857142858,6,8,75.0,73.68333333333334,green
uuid-2569-2054,2569,2026-06-01,2026-06-07,75.0,37.5,0,1,4,20,20.0,63.575,4,8,50.0,65.75,green
uuid-2569-2055,2569,2026-06-01,2026-06-07,,94.23076923076923,0,13,14,20,70.0,84.47142857142856,6,8,75.0,82.01666666666667,green
uuid-2569-2056,2569,2026-06-01,2026-06-07,50.0,50.0,0,0,0,20,0.0,,0,8,0.0,,yellow
uuid-2569-2057,2569,2026-06-01,2026-06-07,,56.25,0,0,2,20,10.0,69.80000000000001,2,8,25.0,67.5,green
uuid-2569-2058,2569,2026-06-01,2026-06-07,,50.0,0,0,6,20,30.0,64.01666666666667,0,8,0.0,,green
uuid-2569-2059,2569,2026-06-01,2026-06-07,50.0,89.28571428571429,0,0,8,10,80.0,85.975,3,4,75.0,93.90000000000002,yellow
uuid-2569-2060,2569,2026-06-01,2026-06-07,100.0,89.28571428571429,0,13,15,20,75.0,88.32000000000001,7,8,87.5,87.74285714285713,green
uuid-2569-2061,2569,2026-06-01,2026-06-07,,55.0,0,1,2,20,10.0,82.5,3,8,37.5,72.86666666666666,green
uuid-2569-2062,2569,2026-06-01,2026-06-07,100.0,97.61904761904762,0,4,11,15,73.33333333333333,88.60909090909091,4,6,66.66666666666667,90.25,green
uuid-2569-2063,2569,2026-06-01,2026-06-07,75.0,58.92857142857143,0,3,4,20,20.0,75.55,5,8,62.5,80.16000000000001,green
uuid-2569-2064,2569,2026-06-01,2026-06-07,75.0,69.44444444444444,0,2,9,20,45.0,75.57777777777777,1,8,12.5,72.4,green
uuid-2569-2065,2569,2026-06-01,2026-06-07,100.0,97.61904761904762,0,12,9,15,60.0,88.12222222222223,4,6,66.66666666666667,87.075,green
uuid-2569-2066,2569,2026-06-01,2026-06-07,75.0,65.0,0,2,1,20,5.0,60.6,3,8,37.5,74.5,green
uuid-2569-2067,2569,2026-06-01,2026-06-07,100.0,97.61904761904762,0,12,11,15,73.33333333333333,86.05454545454546,4,6,66.66666666666667,94.875,green
uuid-2569-2068,2569,2026-06-01,2026-06-07,75.0,57.142857142857146,0,1,10,20,50.0,70.81,8,8,100.0,73.3125,green
uuid-2569-2069,2569,2026-06-01,2026-06-07,100.0,100.0,0,5,1,10,10.0,69.6,1,4,25.0,65.0,green
uuid-2569-2070,2569,2026-06-01,2026-06-07,75.0,64.28571428571429,0,3,10,20,50.0,81.46000000000001,4,8,50.0,72.75,green
uuid-2569-2071,2569,2026-06-01,2026-06-07,,83.33333333333333,0,8,7,20,35.0,73.01428571428572,2,8,25.0,77.15,green
uuid-2569-2072,2569,2026-06-01,2026-06-07,100.0,82.14285714285714,0,3,6,10,60.0,82.56666666666668,3,4,75.0,89.16666666666667,green
uuid-2569-2073,2569,2026-06-01,2026-06-07,,75.0,0,4,10,20,50.0,75.63000000000001,3,8,37.5,81.93333333333334,green
uuid-2569-2074,2569,2026-06-01,2026-06-07,100.0,96.42857142857143,0,2,7,10,70.0,75.58571428571429,3,4,75.0,74.1,green
uuid-2569-2075,2569,2026-06-01,2026-06-07,75.0,82.14285714285714,0,4,12,20,60.0,84.29166666666667,6,8,75.0,80.48333333333333,green
uuid-2569-2076,2569,2026-06-01,2026-06-07,100.0,69.64285714285714,0,2,11,20,55.0,73.11818181818182,4,8,50.0,77.05,green
uuid-2569-2077,2569,2026-06-01,2026-06-07,100.0,100.0,0,14,16,20,80.0,86.50625,8,8,100.0,93.7875,green
uuid-2569-2078,2569,2026-06-01,2026-06-07,50.0,71.42857142857143,0,0,10,20,50.0,72.46,2,8,25.0,62.95,yellow
uuid-2569-2079,2569,2026-06-01,2026-06-07,100.0,92.85714285714286,0,14,12,20,60.0,89.13333333333334,8,8,100.0,84.23750000000001,green
uuid-2569-2080,2569,2026-06-01,2026-06-07,100.0,85.71428571428571,0,6,12,20,60.0,87.43333333333334,6,8,75.0,94.08333333333333,green
uuid-2569-2081,2569,2026-06-01,2026-06-07,100.0,89.28571428571429,0,11,12,20,60.0,80.43333333333332,6,8,75.0,82.18333333333334,green
uuid-2569-2082,2569,2026-06-01,2026-06-07,0.0,71.42857142857143,1,0,4,10,40.0,57.675,4,4,100.0,73.22500000000001,red
uuid-2569-2083,2569,2026-06-01,2026-06-07,,51.92307692307692,0,0,6,20,30.0,79.63333333333334,2,8,25.0,74.25,green
uuid-2569-2084,2569,2026-06-01,2026-06-07,100.0,96.42857142857143,0,14,13,20,65.0,85.23076923076923,8,8,100.0,87.375,green
uuid-2569-2085,2569,2026-06-01,2026-06-07,50.0,78.57142857142857,0,0,12,20,60.0,81.15,6,8,75.0,72.35000000000001,yellow
uuid-2569-2086,2569,2026-06-01,2026-06-07,100.0,83.92857142857143,0,6,14,20,70.0,83.03571428571429,7,8,87.5,73.0,green
uuid-2569-2087,2569,2026-06-01,2026-06-07,,97.22222222222223,0,9,7,20,35.0,88.04285714285713,2,8,25.0,83.3,green
uuid-2569-2088,2569,2026-06-01,2026-06-07,,10.0,1,0,0,10,0.0,,0,4,0.0,,green
uuid-2569-2089,2569,2026-06-01,2026-06-07,50.0,64.28571428571429,0,0,4,10,40.0,57.425000000000004,2,4,50.0,71.95,yellow
uuid-2569-2090,2569,2026-06-01,2026-06-07,75.0,73.21428571428571,0,1,8,20,40.0,77.225,7,8,87.5,75.0857142857143,green
uuid-2569-2091,2569,2026-06-01,2026-06-07,,100.0,0,5,2,10,20.0,83.1,2,4,50.0,91.80000000000001,green
uuid-2569-2092,2569,2026-06-01,2026-06-07,75.0,83.33333333333333,0,9,9,20,45.0,78.38888888888889,3,8,37.5,84.56666666666666,green
uuid-2569-2093,2569,2026-06-01,2026-06-07,66.66666666666667,54.76190476190476,0,0,7,15,46.666666666666664,71.21428571428571,2,6,33.333333333333336,81.45,yellow
uuid-2569-2094,2569,2026-06-01,2026-06-07,100.0,97.22222222222223,0,9,10,20,50.0,75.11999999999999,3,8,37.5,89.40000000000002,green
uuid-2569-2095,2569,2026-06-01,2026-06-07,50.0,89.28571428571429,0,0,8,10,80.0,88.125,3,4,75.0,90.83333333333333,yellow
uuid-2569-2096,2569,2026-06-01,2026-06-07,100.0,75.0,0,2,5,10,50.0,76.14,3,4,75.0,91.46666666666665,green
uuid-2569-2097,2569,2026-06-01,2026-06-07,33.333333333333336,64.28571428571429,0,0,7,15,46.666666666666664,71.9,3,6,50.0,80.56666666666666,orange
uuid-2569-2098,2569,2026-06-01,2026-06-07,,76.92307692307692,0,0,10,20,50.0,79.15,5,8,62.5,72.32000000000001,green
uuid-2569-2099,2569,2026-06-01,2026-06-07,50.0,44.642857142857146,0,0,6,20,30.0,63.28333333333333,1,8,12.5,52.3,yellow
uuid-2569-2100,2569,2026-06-01,2026-06-07,50.0,75.0,0,0,3,20,15.0,72.13333333333334,3,8,37.5,69.53333333333335,yellow
uuid-2569-2101,2569,2026-06-01,2026-06-07,,73.07692307692308,0,0,3,10,30.0,81.96666666666667,2,4,50.0,57.349999999999994,green
uuid-2569-2102,2569,2026-06-01,2026-06-07,,72.22222222222223,0,0,4,10,40.0,77.825,1,4,25.0,57.9,green
uuid-2569-2103,2569,2026-06-01,2026-06-07,75.0,76.78571428571429,0,7,12,20,60.0,77.07499999999999,7,8,87.5,88.37142857142858,green
uuid-2569-2104,2569,2026-06-01,2026-06-07,75.0,67.85714285714286,0,1,13,20,65.0,73.15384615384616,5,8,62.5,79.08,green
uuid-2569-2105,2569,2026-06-01,2026-06-07,,25.0,0,0,2,20,10.0,66.2,0,8,0.0,,green
uuid-2569-2106,2569,2026-06-01,2026-06-07,25.0,60.714285714285715,0,0,8,20,40.0,72.975,4,8,50.0,84.025,orange
uuid-2569-2107,2569,2026-06-01,2026-06-07,100.0,80.0,0,3,4,20,20.0,79.675,0,8,0.0,,green
uuid-2569-2108,2569,2026-06-01,2026-06-07,50.0,58.92857142857143,0,0,12,20,60.0,83.69166666666668,5,8,62.5,87.05999999999999,yellow
uuid-2569-2109,2569,2026-06-01,2026-06-07,100.0,76.78571428571429,0,1,13,20,65.0,82.3076923076923,5,8,62.5,87.13999999999999,green
uuid-2569-2110,2569,2026-06-01,2026-06-07,100.0,98.21428571428571,0,14,14,20,70.0,88.94999999999997,7,8,87.5,91.38571428571427,green
uuid-2569-2111,2569,2026-06-01,2026-06-07,50.0,55.357142857142854,0,0,9,20,45.0,62.111111111111114,4,8,50.0,54.599999999999994,yellow
uuid-2569-2112,2569,2026-06-01,2026-06-07,75.0,80.35714285714286,0,2,13,20,65.0,81.76153846153845,7,8,87.5,78.47142857142858,green
uuid-2569-2113,2569,2026-06-01,2026-06-07,100.0,73.80952380952381,0,2,9,15,60.0,77.73333333333333,4,6,66.66666666666667,82.45,green
uuid-2569-2114,2569,2026-06-01,2026-06-07,50.0,58.92857142857143,0,0,8,20,40.0,64.325,3,8,37.5,61.5,yellow
uuid-2569-2115,2569,2026-06-01,2026-06-07,,50.0,0,0,4,20,20.0,59.12500000000001,3,8,37.5,68.03333333333333,green
uuid-2569-2116,2569,2026-06-01,2026-06-07,100.0,91.66666666666667,0,9,11,20,55.0,85.89090909090909,4,8,50.0,89.525,green
uuid-2569-2117,2569,2026-06-01,2026-06-07,100.0,100.0,0,9,8,15,53.333333333333336,93.7,3,6,50.0,88.33333333333333,green
uuid-2569-2118,2569,2026-06-01,2026-06-07,,66.66666666666667,0,0,1,15,6.666666666666667,97.4,3,6,50.0,82.8,green
uuid-2569-2119,2569,2026-06-01,2026-06-07,100.0,94.64285714285714,0,10,11,20,55.0,89.18181818181819,5,8,62.5,90.54,green
uuid-2569-2120,2569,2026-06-01,2026-06-07,100.0,80.35714285714286,0,4,9,20,45.0,80.4888888888889,4,8,50.0,86.19999999999999,green
uuid-2569-2121,2569,2026-06-01,2026-06-07,100.0,97.22222222222223,0,9,11,20,55.0,87.85454545454546,2,8,25.0,88.85,green
uuid-2569-2122,2569,2026-06-01,2026-06-07,75.0,83.92857142857143,0,5,11,20,55.0,82.29090909090908,7,8,87.5,88.44285714285714,green
uuid-2569-2123,2569,2026-06-01,2026-06-07,75.0,89.28571428571429,0,14,15,20,75.0,85.68,4,8,50.0,86.925,green
uuid-2569-2124,2569,2026-06-01,2026-06-07,75.0,78.57142857142857,0,4,10,20,50.0,66.72999999999999,4,8,50.0,62.4,green
uuid-2569-2125,2569,2026-06-01,2026-06-07,100.0,75.0,0,1,12,20,60.0,65.175,6,8,75.0,68.18333333333332,green
uuid-2569-2126,2569,2026-06-01,2026-06-07,50.0,28.571428571428573,0,0,6,20,30.0,57.70000000000001,2,8,25.0,57.550000000000004,yellow
uuid-2569-2127,2569,2026-06-01,2026-06-07,75.0,75.0,0,1,0,20,0.0,,0,8,0.0,,green
uuid-2569-2128,2569,2026-06-01,2026-06-07,,66.66666666666667,0,1,1,15,6.666666666666667,74.0,2,6,33.333333333333336,75.35,green
uuid-2569-2129,2569,2026-06-01,2026-06-07,100.0,96.29629629629629,0,3,8,15,53.333333333333336,87.0,3,6,50.0,91.83333333333333,green
uuid-2569-2130,2569,2026-06-01,2026-06-07,100.0,88.88888888888889,0,9,11,20,55.0,81.58181818181818,4,8,50.0,89.025,green
uuid-2569-2131,2569,2026-06-01,2026-06-07,100.0,73.80952380952381,0,1,9,15,60.0,70.05555555555556,5,6,83.33333333333333,63.620000000000005,green
uuid-2569-2132,2569,2026-06-01,2026-06-07,50.0,75.0,0,0,4,10,40.0,71.6,4,4,100.0,77.0,yellow
uuid-2569-2133,2569,2026-06-01,2026-06-07,50.0,82.14285714285714,0,0,13,20,65.0,85.08461538461538,8,8,100.0,84.9875,yellow
uuid-2569-2134,2569,2026-06-01,2026-06-07,,27.77777777777778,0,0,3,10,30.0,67.60000000000001,1,4,25.0,87.4,green
uuid-2569-2135,2569,2026-06-01,2026-06-07,100.0,71.42857142857143,0,2,10,20,50.0,76.61999999999999,5,8,62.5,79.7,green
uuid-2569-2136,2569,2026-06-01,2026-06-07,100.0,67.85714285714286,0,7,8,20,40.0,74.36250000000001,8,8,100.0,75.075,green
uuid-2569-2137,2569,2026-06-01,2026-06-07,100.0,100.0,0,14,16,20,80.0,86.6375,7,8,87.5,85.97142857142856,green
uuid-2569-2138,2569,2026-06-01,2026-06-07,,66.66666666666667,0,0,8,20,40.0,78.325,4,8,50.0,84.975,green
uuid-2569-2139,2569,2026-06-01,2026-06-07,66.66666666666667,62.96296296296296,0,0,6,15,40.0,68.13333333333334,0,6,0.0,,yellow
uuid-2569-2140,2569,2026-06-01,2026-06-07,,70.0,0,0,1,10,10.0,89.1,1,4,25.0,82.5,green
uuid-2569-2141,2569,2026-06-01,2026-06-07,75.0,75.0,0,1,11,20,55.0,74.24545454545454,2,8,25.0,77.5,green
uuid-2569-2142,2569,2026-06-01,2026-06-07,100.0,100.0,0,1,0,20,0.0,,0,8,0.0,,green
uuid-2569-2143,2569,2026-06-01,2026-06-07,,100.0,0,5,1,10,10.0,63.8,1,4,25.0,84.0,green
uuid-2569-2144,2569,2026-06-01,2026-06-07,33.333333333333336,70.37037037037037,0,0,5,15,33.333333333333336,70.28,2,6,33.333333333333336,72.9,orange
uuid-2569-2145,2569,2026-06-01,2026-06-07,,90.0,0,5,4,20,20.0,96.25,4,8,50.0,92.2,green
uuid-2569-2146,2569,2026-06-01,2026-06-07,100.0,92.85714285714286,0,4,8,15,53.333333333333336,82.25,6,6,100.0,84.08333333333333,green
uuid-2569-2147,2569,2026-06-01,2026-06-07,75.0,65.0,0,2,2,20,10.0,80.1,0,8,0.0,,green
uuid-2569-2148,2569,2026-06-01,2026-06-07,100.0,77.77777777777777,0,1,9,20,45.0,81.83333333333333,4,8,50.0,79.925,green
uuid-2569-2149,2569,2026-06-01,2026-06-07,100.0,71.42857142857143,0,2,5,10,50.0,70.12,3,4,75.0,59.5,green
uuid-2569-2150,2569,2026-06-01,2026-06-07,100.0,97.22222222222223,0,9,10,20,50.0,85.9,3,8,37.5,87.66666666666667,green
uuid-2569-2001,2569,2026-06-08,2026-06-14,100.0,83.33333333333333,0,1,10,12,83.33333333333333,84.52999999999999,4,4,100.0,91.725,green
uuid-2569-2002,2569,2026-06-08,2026-06-14,25.0,33.333333333333336,0,0,5,24,20.833333333333332,50.959999999999994,2,8,25.0,51.2,orange
uuid-2569-2003,2569,2026-06-08,2026-06-14,75.0,66.66666666666667,0,1,9,24,37.5,69.01111111111112,4,8,50.0,58.325,green
uuid-2569-2004,2569,2026-06-08,2026-06-14,50.0,70.0,0,0,10,24,41.666666666666664,78.79,5,8,62.5,71.06,yellow
uuid-2569-2005,2569,2026-06-08,2026-06-14,100.0,97.5,0,10,16,24,66.66666666666667,87.9375,4,8,50.0,84.525,green
uuid-2569-2006,2569,2026-06-08,2026-06-14,100.0,60.0,0,1,13,24,54.166666666666664,73.5,4,8,50.0,76.4,green
uuid-2569-2007,2569,2026-06-08,2026-06-14,66.66666666666667,86.66666666666667,0,0,11,18,61.111111111111114,77.04545454545455,2,6,33.333333333333336,68.6,yellow
uuid-2569-2008,2569,2026-06-08,2026-06-14,100.0,87.5,0,10,13,24,54.166666666666664,71.83846153846153,2,8,25.0,98.7,green
uuid-2569-2009,2569,2026-06-08,2026-06-14,,65.38461538461539,0,0,10,24,41.666666666666664,71.04,2,8,25.0,73.69999999999999,green
uuid-2569-2010,2569,2026-06-08,2026-06-14,100.0,96.66666666666667,0,15,16,24,66.66666666666667,90.0375,6,8,75.0,91.7,green
uuid-2569-2011,2569,2026-06-08,2026-06-14,,61.111111111111114,0,0,3,12,25.0,81.10000000000001,1,4,25.0,63.2,green
uuid-2569-2012,2569,2026-06-08,2026-06-14,100.0,86.66666666666667,0,1,9,18,50.0,82.80000000000001,3,6,50.0,94.93333333333334,green
uuid-2569-2013,2569,2026-06-08,2026-06-14,,53.333333333333336,0,1,3,18,16.666666666666668,68.83333333333333,2,6,33.333333333333336,63.3,green
uuid-2569-2014,2569,2026-06-08,2026-06-14,25.0,58.333333333333336,0,0,8,24,33.333333333333336,63.337500000000006,5,8,62.5,71.80000000000001,orange
uuid-2569-2015,2569,2026-06-08,2026-06-14,,70.37037037037037,0,0,6,18,33.333333333333336,60.1,2,6,33.333333333333336,67.05,green
uuid-2569-2016,2569,2026-06-08,2026-06-14,75.0,63.333333333333336,0,1,13,24,54.166666666666664,81.98461538461538,7,8,87.5,81.97142857142856,green
uuid-2569-2017,2569,2026-06-08,2026-06-14,,47.22222222222222,0,0,6,24,25.0,68.05,2,8,25.0,68.15,green
uuid-2569-2018,2569,2026-06-08,2026-06-14,,41.666666666666664,0,0,8,24,33.333333333333336,66.7625,3,8,37.5,64.93333333333334,green
uuid-2569-2019,2569,2026-06-08,2026-06-14,,95.0,0,5,2,24,8.333333333333334,76.4,2,8,25.0,80.6,green
uuid-2569-2020,2569,2026-06-08,2026-06-14,75.0,90.0,0,15,19,24,79.16666666666667,85.50526315789473,7,8,87.5,73.95714285714287,green
uuid-2569-2021,2569,2026-06-08,2026-06-14,75.0,68.33333333333333,0,1,15,24,62.5,79.73333333333333,4,8,50.0,77.0,green
uuid-2569-2022,2569,2026-06-08,2026-06-14,,93.33333333333333,0,4,1,18,5.555555555555555,79.5,3,6,50.0,77.03333333333333,green
uuid-2569-2023,2569,2026-06-08,2026-06-14,25.0,56.666666666666664,0,0,19,24,79.16666666666667,73.63684210526316,6,8,75.0,76.36666666666666,orange
uuid-2569-2024,2569,2026-06-08,2026-06-14,100.0,86.66666666666667,0,4,5,12,41.666666666666664,88.62,2,4,50.0,63.5,green
uuid-2569-2025,2569,2026-06-08,2026-06-14,,59.25925925925926,0,1,3,18,16.666666666666668,75.36666666666666,3,6,50.0,84.10000000000001,green
uuid-2569-2026,2569,2026-06-08,2026-06-14,100.0,95.0,0,15,15,24,62.5,86.14,7,8,87.5,84.85714285714286,green
uuid-2569-2027,2569,2026-06-08,2026-06-14,25.0,50.0,0,0,4,24,16.666666666666668,79.85,0,8,0.0,,orange
uuid-2569-2028,2569,2026-06-08,2026-06-14,,65.0,0,0,2,24,8.333333333333334,73.75,4,8,50.0,73.525,green
uuid-2569-2029,2569,2026-06-08,2026-06-14,50.0,66.66666666666667,0,0,8,12,66.66666666666667,80.55,2,4,50.0,84.95,yellow
uuid-2569-2030,2569,2026-06-08,2026-06-14,100.0,100.0,0,10,11,24,45.833333333333336,83.17272727272726,4,8,50.0,85.325,green
uuid-2569-2031,2569,2026-06-08,2026-06-14,100.0,80.0,0,6,14,24,58.333333333333336,90.76428571428572,7,8,87.5,82.48571428571428,green
uuid-2569-2032,2569,2026-06-08,2026-06-14,100.0,83.33333333333333,0,2,11,18,61.111111111111114,81.96363636363637,3,6,50.0,73.86666666666667,green
uuid-2569-2033,2569,2026-06-08,2026-06-14,100.0,86.66666666666667,0,3,8,12,66.66666666666667,86.35,2,4,50.0,83.0,green
uuid-2569-2034,2569,2026-06-08,2026-06-14,75.0,80.0,0,2,15,24,62.5,85.44666666666667,2,8,25.0,72.75,green
uuid-2569-2035,2569,2026-06-08,2026-06-14,66.66666666666667,83.33333333333333,0,0,9,18,50.0,72.52222222222221,3,6,50.0,86.90000000000002,yellow
uuid-2569-2036,2569,2026-06-08,2026-06-14,100.0,100.0,0,15,8,12,66.66666666666667,79.9875,3,4,75.0,80.66666666666666,green
uuid-2569-2037,2569,2026-06-08,2026-06-14,50.0,91.66666666666667,0,0,18,24,75.0,90.09444444444445,5,8,62.5,90.53999999999999,yellow
uuid-2569-2038,2569,2026-06-08,2026-06-14,100.0,91.11111111111111,0,1,9,18,50.0,76.38888888888889,5,6,83.33333333333333,83.67999999999999,green
uuid-2569-2039,2569,2026-06-08,2026-06-14,,47.22222222222222,0,0,5,24,20.833333333333332,76.74000000000001,1,8,12.5,65.5,green
uuid-2569-2040,2569,2026-06-08,2026-06-14,75.0,75.0,0,2,1,24,4.166666666666667,89.4,0,8,0.0,,green
uuid-2569-2041,2569,2026-06-08,2026-06-14,25.0,65.0,0,0,12,24,50.0,72.00833333333334,6,8,75.0,81.48333333333332,orange
uuid-2569-2042,2569,2026-06-08,2026-06-14,75.0,75.0,0,9,9,24,37.5,79.51111111111112,3,8,37.5,82.2,green
uuid-2569-2043,2569,2026-06-08,2026-06-14,,78.125,0,1,9,24,37.5,71.92222222222222,2,8,25.0,60.85,green
uuid-2569-2044,2569,2026-06-08,2026-06-14,75.0,70.0,0,2,13,24,54.166666666666664,75.53846153846155,4,8,50.0,68.275,green
uuid-2569-2045,2569,2026-06-08,2026-06-14,75.0,87.5,0,1,13,24,54.166666666666664,79.45384615384616,2,8,25.0,93.95,green
uuid-2569-2046,2569,2026-06-08,2026-06-14,,65.625,0,0,9,24,37.5,77.33333333333333,3,8,37.5,78.56666666666666,green
uuid-2569-2047,2569,2026-06-08,2026-06-14,100.0,96.66666666666667,0,15,19,24,79.16666666666667,86.99473684210525,7,8,87.5,88.71428571428571,green
uuid-2569-2048,2569,2026-06-08,2026-06-14,100.0,98.33333333333333,0,15,16,24,66.66666666666667,86.46875,8,8,100.0,92.67500000000001,green
uuid-2569-2049,2569,2026-06-08,2026-06-14,,58.333333333333336,0,0,5,24,20.833333333333332,64.58,1,8,12.5,66.4,green
uuid-2569-2050,2569,2026-06-08,2026-06-14,50.0,82.5,0,0,12,24,50.0,78.50833333333334,3,8,37.5,59.63333333333333,yellow
uuid-2569-2051,2569,2026-06-08,2026-06-14,75.0,75.0,0,6,6,24,25.0,84.58333333333334,2,8,25.0,86.8,green
uuid-2569-2052,2569,2026-06-08,2026-06-14,,50.0,0,0,3,12,25.0,70.0,0,4,0.0,,green
uuid-2569-2053,2569,2026-06-08,2026-06-14,75.0,81.66666666666667,0,12,17,24,70.83333333333333,83.37058823529412,6,8,75.0,73.68333333333334,green
uuid-2569-2054,2569,2026-06-08,2026-06-14,25.0,36.666666666666664,0,0,6,24,25.0,65.61666666666666,4,8,50.0,65.75,orange
uuid-2569-2055,2569,2026-06-08,2026-06-14,,94.23076923076923,0,13,14,24,58.333333333333336,84.47142857142856,6,8,75.0,82.01666666666667,green
uuid-2569-2056,2569,2026-06-08,2026-06-14,75.0,62.5,0,1,2,24,8.333333333333334,77.4,0,8,0.0,,green
uuid-2569-2057,2569,2026-06-08,2026-06-14,,56.25,0,0,2,24,8.333333333333334,69.80000000000001,2,8,25.0,67.5,green
uuid-2569-2058,2569,2026-06-08,2026-06-14,,50.0,0,0,6,24,25.0,64.01666666666667,0,8,0.0,,green
uuid-2569-2059,2569,2026-06-08,2026-06-14,50.0,86.66666666666667,0,0,8,12,66.66666666666667,85.975,3,4,75.0,93.90000000000002,yellow
uuid-2569-2060,2569,2026-06-08,2026-06-14,75.0,88.33333333333333,0,14,18,24,75.0,87.46111111111111,7,8,87.5,87.74285714285713,green
uuid-2569-2061,2569,2026-06-08,2026-06-14,,55.0,0,1,2,24,8.333333333333334,82.5,3,8,37.5,72.86666666666666,green
uuid-2569-2062,2569,2026-06-08,2026-06-14,100.0,97.77777777777777,0,5,14,18,77.77777777777777,90.21428571428571,4,6,66.66666666666667,90.25,green
uuid-2569-2063,2569,2026-06-08,2026-06-14,25.0,56.666666666666664,0,0,6,24,25.0,77.18333333333334,5,8,62.5,80.16000000000001,orange
uuid-2569-2064,2569,2026-06-08,2026-06-14,75.0,70.0,0,3,11,24,45.833333333333336,73.34545454545454,1,8,12.5,72.4,green
uuid-2569-2065,2569,2026-06-08,2026-06-14,100.0,97.77777777777777,0,13,11,18,61.111111111111114,86.42727272727274,4,6,66.66666666666667,87.075,green
uuid-2569-2066,2569,2026-06-08,2026-06-14,50.0,62.5,0,0,2,24,8.333333333333334,60.25,3,8,37.5,74.5,yellow
uuid-2569-2067,2569,2026-06-08,2026-06-14,100.0,97.77777777777777,0,13,14,18,77.77777777777777,85.50714285714287,4,6,66.66666666666667,94.875,green
uuid-2569-2068,2569,2026-06-08,2026-06-14,50.0,56.666666666666664,0,0,14,24,58.333333333333336,72.72857142857143,8,8,100.0,73.3125,yellow
uuid-2569-2069,2569,2026-06-08,2026-06-14,100.0,100.0,0,6,3,12,25.0,67.86666666666666,1,4,25.0,65.0,green
uuid-2569-2070,2569,2026-06-08,2026-06-14,50.0,63.333333333333336,0,0,13,24,54.166666666666664,79.33076923076922,4,8,50.0,72.75,yellow
uuid-2569-2071,2569,2026-06-08,2026-06-14,,83.33333333333333,0,8,7,24,29.166666666666668,73.01428571428572,2,8,25.0,77.15,green
uuid-2569-2072,2569,2026-06-08,2026-06-14,50.0,80.0,0,0,7,12,58.333333333333336,79.87142857142858,3,4,75.0,89.16666666666667,yellow
uuid-2569-2073,2569,2026-06-08,2026-06-14,,75.0,0,4,10,24,41.666666666666664,75.63000000000001,3,8,37.5,81.93333333333334,green
uuid-2569-2074,2569,2026-06-08,2026-06-14,100.0,96.66666666666667,0,3,9,12,75.0,78.45555555555556,3,4,75.0,74.1,green
uuid-2569-2075,2569,2026-06-08,2026-06-14,100.0,83.33333333333333,0,5,14,24,58.333333333333336,83.0,6,8,75.0,80.48333333333333,green
uuid-2569-2076,2569,2026-06-08,2026-06-14,50.0,68.33333333333333,0,0,13,24,54.166666666666664,71.78461538461539,4,8,50.0,77.05,yellow
uuid-2569-2077,2569,2026-06-08,2026-06-14,100.0,100.0,0,15,20,24,83.33333333333333,87.07,8,8,100.0,93.7875,green
uuid-2569-2078,2569,2026-06-08,2026-06-14,75.0,71.66666666666667,0,1,12,24,50.0,71.95833333333333,2,8,25.0,62.95,green
uuid-2569-2079,2569,2026-06-08,2026-06-14,100.0,93.33333333333333,0,15,14,24,58.333333333333336,88.2357142857143,8,8,100.0,84.23750000000001,green
uuid-2569-2080,2569,2026-06-08,2026-06-14,100.0,86.66666666666667,0,7,16,24,66.66666666666667,86.8375,6,8,75.0,94.08333333333333,green
uuid-2569-2081,2569,2026-06-08,2026-06-14,100.0,90.0,0,12,15,24,62.5,80.51333333333332,6,8,75.0,82.18333333333334,green
uuid-2569-2082,2569,2026-06-08,2026-06-14,50.0,70.0,0,0,6,12,50.0,64.10000000000001,4,4,100.0,73.22500000000001,yellow
uuid-2569-2083,2569,2026-06-08,2026-06-14,,51.92307692307692,0,0,6,24,25.0,79.63333333333334,2,8,25.0,74.25,green
uuid-2569-2084,2569,2026-06-08,2026-06-14,100.0,96.66666666666667,0,15,17,24,70.83333333333333,87.37058823529412,8,8,100.0,87.375,green
uuid-2569-2085,2569,2026-06-08,2026-06-14,75.0,78.33333333333333,0,1,15,24,62.5,80.62000000000002,6,8,75.0,72.35000000000001,green
uuid-2569-2086,2569,2026-06-08,2026-06-14,100.0,85.0,0,7,16,24,66.66666666666667,84.39375,7,8,87.5,73.0,green
uuid-2569-2087,2569,2026-06-08,2026-06-14,,97.22222222222223,0,9,7,24,29.166666666666668,88.04285714285713,2,8,25.0,83.3,green
uuid-2569-2088,2569,2026-06-08,2026-06-14,,10.0,1,0,0,12,0.0,,0,4,0.0,,green
uuid-2569-2089,2569,2026-06-08,2026-06-14,100.0,66.66666666666667,0,1,5,12,41.666666666666664,59.14000000000001,2,4,50.0,71.95,green
uuid-2569-2090,2569,2026-06-08,2026-06-14,50.0,71.66666666666667,0,0,11,24,45.833333333333336,77.18181818181817,7,8,87.5,75.0857142857143,yellow
uuid-2569-2091,2569,2026-06-08,2026-06-14,,100.0,0,5,2,12,16.666666666666668,83.1,2,4,50.0,91.80000000000001,green
uuid-2569-2092,2569,2026-06-08,2026-06-14,100.0,85.0,0,10,12,24,50.0,79.22500000000001,3,8,37.5,84.56666666666666,green
uuid-2569-2093,2569,2026-06-08,2026-06-14,66.66666666666667,55.55555555555556,0,0,8,18,44.44444444444444,71.8875,2,6,33.333333333333336,81.45,yellow
uuid-2569-2094,2569,2026-06-08,2026-06-14,100.0,97.5,0,10,11,24,45.833333333333336,73.71818181818182,3,8,37.5,89.40000000000002,green
uuid-2569-2095,2569,2026-06-08,2026-06-14,100.0,90.0,0,1,9,12,75.0,87.87777777777778,3,4,75.0,90.83333333333333,green
uuid-2569-2096,2569,2026-06-08,2026-06-14,100.0,76.66666666666667,0,3,7,12,58.333333333333336,80.31428571428572,3,4,75.0,91.46666666666665,green
uuid-2569-2097,2569,2026-06-08,2026-06-14,66.66666666666667,64.44444444444444,0,0,9,18,50.0,72.34444444444443,3,6,50.0,80.56666666666666,yellow
uuid-2569-2098,2569,2026-06-08,2026-06-14,,76.92307692307692,0,0,10,24,41.666666666666664,79.15,5,8,62.5,72.32000000000001,green
uuid-2569-2099,2569,2026-06-08,2026-06-14,50.0,45.0,0,0,6,24,25.0,63.28333333333333,1,8,12.5,52.3,yellow
uuid-2569-2100,2569,2026-06-08,2026-06-14,100.0,79.16666666666667,0,1,5,24,20.833333333333332,75.75999999999999,3,8,37.5,69.53333333333335,green
uuid-2569-2101,2569,2026-06-08,2026-06-14,,73.07692307692308,0,0,3,12,25.0,81.96666666666667,2,4,50.0,57.349999999999994,green
uuid-2569-2102,2569,2026-06-08,2026-06-14,,72.22222222222223,0,0,4,12,33.333333333333336,77.825,1,4,25.0,57.9,green
uuid-2569-2103,2569,2026-06-08,2026-06-14,100.0,78.33333333333333,0,8,15,24,62.5,76.30666666666666,7,8,87.5,88.37142857142858,green
uuid-2569-2104,2569,2026-06-08,2026-06-14,50.0,66.66666666666667,0,0,16,24,66.66666666666667,71.79375,5,8,62.5,79.08,yellow
uuid-2569-2105,2569,2026-06-08,2026-06-14,,25.0,0,0,2,24,8.333333333333334,66.2,0,8,0.0,,green
uuid-2569-2106,2569,2026-06-08,2026-06-14,75.0,61.666666666666664,0,1,11,24,45.833333333333336,75.0,4,8,50.0,84.025,green
uuid-2569-2107,2569,2026-06-08,2026-06-14,50.0,75.0,0,0,7,24,29.166666666666668,78.71428571428571,0,8,0.0,,yellow
uuid-2569-2108,2569,2026-06-08,2026-06-14,25.0,56.666666666666664,0,0,14,24,58.333333333333336,83.29285714285716,5,8,62.5,87.05999999999999,orange
uuid-2569-2109,2569,2026-06-08,2026-06-14,100.0,78.33333333333333,0,2,15,24,62.5,81.74666666666667,5,8,62.5,87.13999999999999,green
uuid-2569-2110,2569,2026-06-08,2026-06-14,75.0,96.66666666666667,0,15,18,24,75.0,89.42222222222223,7,8,87.5,91.38571428571427,green
uuid-2569-2111,2569,2026-06-08,2026-06-14,100.0,58.333333333333336,0,1,9,24,37.5,62.111111111111114,4,8,50.0,54.599999999999994,green
uuid-2569-2112,2569,2026-06-08,2026-06-14,25.0,76.66666666666667,0,0,16,24,66.66666666666667,82.6,7,8,87.5,78.47142857142858,orange
uuid-2569-2113,2569,2026-06-08,2026-06-14,66.66666666666667,73.33333333333333,0,0,11,18,61.111111111111114,75.50000000000001,4,6,66.66666666666667,82.45,yellow
uuid-2569-2114,2569,2026-06-08,2026-06-14,50.0,58.333333333333336,0,0,8,24,33.333333333333336,64.325,3,8,37.5,61.5,yellow
uuid-2569-2115,2569,2026-06-08,2026-06-14,,50.0,0,0,4,24,16.666666666666668,59.12500000000001,3,8,37.5,68.03333333333333,green
uuid-2569-2116,2569,2026-06-08,2026-06-14,100.0,92.5,0,10,15,24,62.5,85.98666666666666,4,8,50.0,89.525,green
uuid-2569-2117,2569,2026-06-08,2026-06-14,100.0,100.0,0,10,11,18,61.111111111111114,88.68181818181819,3,6,50.0,88.33333333333333,green
uuid-2569-2118,2569,2026-06-08,2026-06-14,,66.66666666666667,0,0,1,18,5.555555555555555,97.4,3,6,50.0,82.8,green
uuid-2569-2119,2569,2026-06-08,2026-06-14,75.0,93.33333333333333,0,11,15,24,62.5,88.52666666666667,5,8,62.5,90.54,green
uuid-2569-2120,2569,2026-06-08,2026-06-14,50.0,78.33333333333333,0,0,11,24,45.833333333333336,79.6909090909091,4,8,50.0,86.19999999999999,yellow
uuid-2569-2121,2569,2026-06-08,2026-06-14,100.0,97.5,0,10,15,24,62.5,89.82666666666667,2,8,25.0,88.85,green
uuid-2569-2122,2569,2026-06-08,2026-06-14,100.0,85.0,0,6,15,24,62.5,82.8,7,8,87.5,88.44285714285714,green
uuid-2569-2123,2569,2026-06-08,2026-06-14,75.0,88.33333333333333,0,15,17,24,70.83333333333333,84.96470588235294,4,8,50.0,86.925,green
uuid-2569-2124,2569,2026-06-08,2026-06-14,50.0,76.66666666666667,0,0,10,24,41.666666666666664,66.72999999999999,4,8,50.0,62.4,yellow
uuid-2569-2125,2569,2026-06-08,2026-06-14,75.0,75.0,0,2,15,24,62.5,68.09333333333332,6,8,75.0,68.18333333333332,green
uuid-2569-2126,2569,2026-06-08,2026-06-14,25.0,28.333333333333332,0,0,7,24,29.166666666666668,58.48571428571429,2,8,25.0,57.550000000000004,orange
uuid-2569-2127,2569,2026-06-08,2026-06-14,75.0,75.0,0,2,4,24,16.666666666666668,89.95,0,8,0.0,,green
uuid-2569-2128,2569,2026-06-08,2026-06-14,,66.66666666666667,0,1,1,18,5.555555555555555,74.0,2,6,33.333333333333336,75.35,green
uuid-2569-2129,2569,2026-06-08,2026-06-14,100.0,96.66666666666667,0,4,11,18,61.111111111111114,88.54545454545455,3,6,50.0,91.83333333333333,green
uuid-2569-2130,2569,2026-06-08,2026-06-14,75.0,87.5,0,10,14,24,58.333333333333336,82.78571428571429,4,8,50.0,89.025,green
uuid-2569-2131,2569,2026-06-08,2026-06-14,66.66666666666667,73.33333333333333,0,0,11,18,61.111111111111114,71.71818181818182,5,6,83.33333333333333,63.620000000000005,yellow
uuid-2569-2132,2569,2026-06-08,2026-06-14,100.0,76.66666666666667,0,1,5,12,41.666666666666664,72.3,4,4,100.0,77.0,green
uuid-2569-2133,2569,2026-06-08,2026-06-14,75.0,81.66666666666667,0,1,16,24,66.66666666666667,87.26875,8,8,100.0,84.9875,green
uuid-2569-2134,2569,2026-06-08,2026-06-14,,27.77777777777778,0,0,3,12,25.0,67.60000000000001,1,4,25.0,87.4,green
uuid-2569-2135,2569,2026-06-08,2026-06-14,100.0,73.33333333333333,0,3,13,24,54.166666666666664,78.76153846153846,5,8,62.5,79.7,green
uuid-2569-2136,2569,2026-06-08,2026-06-14,50.0,66.66666666666667,0,0,11,24,45.833333333333336,76.64545454545456,8,8,100.0,75.075,yellow
uuid-2569-2137,2569,2026-06-08,2026-06-14,100.0,100.0,0,15,20,24,83.33333333333333,86.2,7,8,87.5,85.97142857142856,green
uuid-2569-2138,2569,2026-06-08,2026-06-14,,66.66666666666667,0,0,8,24,33.333333333333336,78.325,4,8,50.0,84.975,green
uuid-2569-2139,2569,2026-06-08,2026-06-14,33.333333333333336,60.0,0,0,9,18,50.0,68.84444444444445,0,6,0.0,,orange
uuid-2569-2140,2569,2026-06-08,2026-06-14,,70.0,0,0,1,12,8.333333333333334,89.1,1,4,25.0,82.5,green
uuid-2569-2141,2569,2026-06-08,2026-06-14,75.0,75.0,0,2,14,24,58.333333333333336,76.6,2,8,25.0,77.5,green
uuid-2569-2142,2569,2026-06-08,2026-06-14,75.0,87.5,0,2,1,24,4.166666666666667,86.6,0,8,0.0,,green
uuid-2569-2143,2569,2026-06-08,2026-06-14,,100.0,0,5,1,12,8.333333333333334,63.8,1,4,25.0,84.0,green
uuid-2569-2144,2569,2026-06-08,2026-06-14,33.333333333333336,66.66666666666667,0,0,7,18,38.888888888888886,67.49999999999999,2,6,33.333333333333336,72.9,orange
uuid-2569-2145,2569,2026-06-08,2026-06-14,,90.0,0,5,4,24,16.666666666666668,96.25,4,8,50.0,92.2,green
uuid-2569-2146,2569,2026-06-08,2026-06-14,100.0,93.33333333333333,0,5,11,18,61.111111111111114,83.75454545454546,6,6,100.0,84.08333333333333,green
uuid-2569-2147,2569,2026-06-08,2026-06-14,50.0,62.5,0,0,6,24,25.0,74.61666666666666,0,8,0.0,,yellow
uuid-2569-2148,2569,2026-06-08,2026-06-14,50.0,75.0,0,0,11,24,45.833333333333336,82.08181818181819,4,8,50.0,79.925,yellow
uuid-2569-2149,2569,2026-06-08,2026-06-14,100.0,73.33333333333333,0,3,6,12,50.0,67.66666666666667,3,4,75.0,59.5,green
uuid-2569-2150,2569,2026-06-08,2026-06-14,100.0,97.5,0,10,14,24,58.333333333333336,84.17857142857143,3,8,37.5,87.66666666666667,green
uuid-2569-2001,2569,2026-06-15,2026-06-21,100.0,84.375,0,2,10,12,83.33333333333333,84.52999999999999,4,4,100.0,91.725,green
uuid-2569-2002,2569,2026-06-15,2026-06-21,50.0,34.375,0,0,5,24,20.833333333333332,50.959999999999994,2,8,25.0,51.2,yellow
uuid-2569-2003,2569,2026-06-15,2026-06-21,75.0,67.1875,0,2,9,24,37.5,69.01111111111112,4,8,50.0,58.325,green
uuid-2569-2004,2569,2026-06-15,2026-06-21,100.0,71.875,0,1,10,24,41.666666666666664,78.79,5,8,62.5,71.06,green
uuid-2569-2005,2569,2026-06-15,2026-06-21,100.0,97.72727272727273,0,11,16,24,66.66666666666667,87.9375,4,8,50.0,84.525,green
uuid-2569-2006,2569,2026-06-15,2026-06-21,50.0,59.375,0,0,13,24,54.166666666666664,73.5,4,8,50.0,76.4,yellow
uuid-2569-2007,2569,2026-06-15,2026-06-21,100.0,87.87878787878788,0,1,11,18,61.111111111111114,77.04545454545455,2,6,33.333333333333336,68.6,green
uuid-2569-2008,2569,2026-06-15,2026-06-21,100.0,88.63636363636364,0,11,13,24,54.166666666666664,71.83846153846153,2,8,25.0,98.7,green
uuid-2569-2009,2569,2026-06-15,2026-06-21,,65.38461538461539,0,0,10,24,41.666666666666664,71.04,2,8,25.0,73.69999999999999,green
uuid-2569-2010,2569,2026-06-15,2026-06-21,100.0,96.875,0,16,16,24,66.66666666666667,90.0375,6,8,75.0,91.7,green
uuid-2569-2011,2569,2026-06-15,2026-06-21,,61.111111111111114,0,0,3,12,25.0,81.10000000000001,1,4,25.0,63.2,green
uuid-2569-2012,2569,2026-06-15,2026-06-21,100.0,87.87878787878788,0,2,9,18,50.0,82.80000000000001,3,6,50.0,94.93333333333334,green
uuid-2569-2013,2569,2026-06-15,2026-06-21,,53.333333333333336,0,1,3,18,16.666666666666668,68.83333333333333,2,6,33.333333333333336,63.3,green
uuid-2569-2014,2569,2026-06-15,2026-06-21,50.0,57.8125,0,0,8,24,33.333333333333336,63.337500000000006,5,8,62.5,71.80000000000001,yellow
uuid-2569-2015,2569,2026-06-15,2026-06-21,,70.37037037037037,0,0,6,18,33.333333333333336,60.1,2,6,33.333333333333336,67.05,green
uuid-2569-2016,2569,2026-06-15,2026-06-21,100.0,65.625,0,2,13,24,54.166666666666664,81.98461538461538,7,8,87.5,81.97142857142856,green
uuid-2569-2017,2569,2026-06-15,2026-06-21,,47.22222222222222,0,0,6,24,25.0,68.05,2,8,25.0,68.15,green
uuid-2569-2018,2569,2026-06-15,2026-06-21,,41.666666666666664,0,0,8,24,33.333333333333336,66.7625,3,8,37.5,64.93333333333334,green
uuid-2569-2019,2569,2026-06-15,2026-06-21,,95.0,0,5,2,24,8.333333333333334,76.4,2,8,25.0,80.6,green
uuid-2569-2020,2569,2026-06-15,2026-06-21,100.0,90.625,0,16,19,24,79.16666666666667,85.50526315789473,7,8,87.5,73.95714285714287,green
uuid-2569-2021,2569,2026-06-15,2026-06-21,25.0,65.625,0,0,15,24,62.5,79.73333333333333,4,8,50.0,77.0,orange
uuid-2569-2022,2569,2026-06-15,2026-06-21,,93.33333333333333,0,4,1,18,5.555555555555555,79.5,3,6,50.0,77.03333333333333,green
uuid-2569-2023,2569,2026-06-15,2026-06-21,25.0,54.6875,0,0,19,24,79.16666666666667,73.63684210526316,6,8,75.0,76.36666666666666,orange
uuid-2569-2024,2569,2026-06-15,2026-06-21,50.0,84.375,0,0,5,12,41.666666666666664,88.62,2,4,50.0,63.5,yellow
uuid-2569-2025,2569,2026-06-15,2026-06-21,,59.25925925925926,0,1,3,18,16.666666666666668,75.36666666666666,3,6,50.0,84.10000000000001,green
uuid-2569-2026,2569,2026-06-15,2026-06-21,75.0,93.75,0,16,15,24,62.5,86.14,7,8,87.5,84.85714285714286,green
uuid-2569-2027,2569,2026-06-15,2026-06-21,75.0,58.333333333333336,0,1,4,24,16.666666666666668,79.85,0,8,0.0,,green
uuid-2569-2028,2569,2026-06-15,2026-06-21,,65.0,0,0,2,24,8.333333333333334,73.75,4,8,50.0,73.525,green
uuid-2569-2029,2569,2026-06-15,2026-06-21,100.0,68.75,0,1,8,12,66.66666666666667,80.55,2,4,50.0,84.95,green
uuid-2569-2030,2569,2026-06-15,2026-06-21,50.0,95.45454545454545,0,0,11,24,45.833333333333336,83.17272727272726,4,8,50.0,85.325,yellow
uuid-2569-2031,2569,2026-06-15,2026-06-21,100.0,81.25,0,7,14,24,58.333333333333336,90.76428571428572,7,8,87.5,82.48571428571428,green
uuid-2569-2032,2569,2026-06-15,2026-06-21,100.0,84.84848484848484,0,3,11,18,61.111111111111114,81.96363636363637,3,6,50.0,73.86666666666667,green
uuid-2569-2033,2569,2026-06-15,2026-06-21,100.0,87.5,0,4,8,12,66.66666666666667,86.35,2,4,50.0,83.0,green
uuid-2569-2034,2569,2026-06-15,2026-06-21,100.0,81.81818181818181,0,3,15,24,62.5,85.44666666666667,2,8,25.0,72.75,green
uuid-2569-2035,2569,2026-06-15,2026-06-21,100.0,84.84848484848484,0,1,9,18,50.0,72.52222222222221,3,6,50.0,86.90000000000002,green
uuid-2569-2036,2569,2026-06-15,2026-06-21,100.0,100.0,0,16,8,12,66.66666666666667,79.9875,3,4,75.0,80.66666666666666,green
uuid-2569-2037,2569,2026-06-15,2026-06-21,100.0,92.1875,0,1,18,24,75.0,90.09444444444445,5,8,62.5,90.53999999999999,green
uuid-2569-2038,2569,2026-06-15,2026-06-21,100.0,91.66666666666667,0,2,9,18,50.0,76.38888888888889,5,6,83.33333333333333,83.67999999999999,green
uuid-2569-2039,2569,2026-06-15,2026-06-21,,47.22222222222222,0,0,5,24,20.833333333333332,76.74000000000001,1,8,12.5,65.5,green
uuid-2569-2040,2569,2026-06-15,2026-06-21,75.0,75.0,0,3,1,24,4.166666666666667,89.4,0,8,0.0,,green
uuid-2569-2041,2569,2026-06-15,2026-06-21,50.0,64.0625,0,0,12,24,50.0,72.00833333333334,6,8,75.0,81.48333333333332,yellow
uuid-2569-2042,2569,2026-06-15,2026-06-21,75.0,75.0,0,10,9,24,37.5,79.51111111111112,3,8,37.5,82.2,green
uuid-2569-2043,2569,2026-06-15,2026-06-21,,78.125,0,1,9,24,37.5,71.92222222222222,2,8,25.0,60.85,green
uuid-2569-2044,2569,2026-06-15,2026-06-21,75.0,70.3125,0,3,13,24,54.166666666666664,75.53846153846155,4,8,50.0,68.275,green
uuid-2569-2045,2569,2026-06-15,2026-06-21,50.0,84.0909090909091,0,0,13,24,54.166666666666664,79.45384615384616,2,8,25.0,93.95,yellow
uuid-2569-2046,2569,2026-06-15,2026-06-21,,65.625,0,0,9,24,37.5,77.33333333333333,3,8,37.5,78.56666666666666,green
uuid-2569-2047,2569,2026-06-15,2026-06-21,75.0,95.3125,0,16,19,24,79.16666666666667,86.99473684210525,7,8,87.5,88.71428571428571,green
uuid-2569-2048,2569,2026-06-15,2026-06-21,100.0,98.4375,0,16,16,24,66.66666666666667,86.46875,8,8,100.0,92.67500000000001,green
uuid-2569-2049,2569,2026-06-15,2026-06-21,,58.333333333333336,0,0,5,24,20.833333333333332,64.58,1,8,12.5,66.4,green
uuid-2569-2050,2569,2026-06-15,2026-06-21,75.0,81.81818181818181,0,1,12,24,50.0,78.50833333333334,3,8,37.5,59.63333333333333,green
uuid-2569-2051,2569,2026-06-15,2026-06-21,50.0,71.42857142857143,0,0,6,24,25.0,84.58333333333334,2,8,25.0,86.8,yellow
uuid-2569-2052,2569,2026-06-15,2026-06-21,,50.0,0,0,3,12,25.0,70.0,0,4,0.0,,green
uuid-2569-2053,2569,2026-06-15,2026-06-21,100.0,82.8125,0,13,17,24,70.83333333333333,83.37058823529412,6,8,75.0,73.68333333333334,green
uuid-2569-2054,2569,2026-06-15,2026-06-21,100.0,40.625,0,1,6,24,25.0,65.61666666666666,4,8,50.0,65.75,green
uuid-2569-2055,2569,2026-06-15,2026-06-21,,94.23076923076923,0,13,14,24,58.333333333333336,84.47142857142856,6,8,75.0,82.01666666666667,green
uuid-2569-2056,2569,2026-06-15,2026-06-21,75.0,66.66666666666667,0,2,2,24,8.333333333333334,77.4,0,8,0.0,,green
uuid-2569-2057,2569,2026-06-15,2026-06-21,,56.25,0,0,2,24,8.333333333333334,69.80000000000001,2,8,25.0,67.5,green
uuid-2569-2058,2569,2026-06-15,2026-06-21,,50.0,0,0,6,24,25.0,64.01666666666667,0,8,0.0,,green
uuid-2569-2059,2569,2026-06-15,2026-06-21,100.0,87.5,0,1,8,12,66.66666666666667,85.975,3,4,75.0,93.90000000000002,green
uuid-2569-2060,2569,2026-06-15,2026-06-21,75.0,87.5,0,15,18,24,75.0,87.46111111111111,7,8,87.5,87.74285714285713,green
uuid-2569-2061,2569,2026-06-15,2026-06-21,,55.0,0,1,2,24,8.333333333333334,82.5,3,8,37.5,72.86666666666666,green
uuid-2569-2062,2569,2026-06-15,2026-06-21,100.0,97.91666666666667,0,6,14,18,77.77777777777777,90.21428571428571,4,6,66.66666666666667,90.25,green
uuid-2569-2063,2569,2026-06-15,2026-06-21,25.0,54.6875,0,0,6,24,25.0,77.18333333333334,5,8,62.5,80.16000000000001,orange
uuid-2569-2064,2569,2026-06-15,2026-06-21,75.0,70.45454545454545,0,4,11,24,45.833333333333336,73.34545454545454,1,8,12.5,72.4,green
uuid-2569-2065,2569,2026-06-15,2026-06-21,100.0,97.91666666666667,0,14,11,18,61.111111111111114,86.42727272727274,4,6,66.66666666666667,87.075,green
uuid-2569-2066,2569,2026-06-15,2026-06-21,75.0,64.28571428571429,0,1,2,24,8.333333333333334,60.25,3,8,37.5,74.5,green
uuid-2569-2067,2569,2026-06-15,2026-06-21,100.0,97.91666666666667,0,14,14,18,77.77777777777777,85.50714285714287,4,6,66.66666666666667,94.875,green
uuid-2569-2068,2569,2026-06-15,2026-06-21,100.0,59.375,0,1,14,24,58.333333333333336,72.72857142857143,8,8,100.0,73.3125,green
uuid-2569-2069,2569,2026-06-15,2026-06-21,100.0,100.0,0,7,3,12,25.0,67.86666666666666,1,4,25.0,65.0,green
uuid-2569-2070,2569,2026-06-15,2026-06-21,50.0,62.5,0,0,13,24,54.166666666666664,79.33076923076922,4,8,50.0,72.75,yellow
uuid-2569-2071,2569,2026-06-15,2026-06-21,,83.33333333333333,0,8,7,24,29.166666666666668,73.01428571428572,2,8,25.0,77.15,green
uuid-2569-2072,2569,2026-06-15,2026-06-21,50.0,78.125,0,0,7,12,58.333333333333336,79.87142857142858,3,4,75.0,89.16666666666667,yellow
uuid-2569-2073,2569,2026-06-15,2026-06-21,,75.0,0,4,10,24,41.666666666666664,75.63000000000001,3,8,37.5,81.93333333333334,green
uuid-2569-2074,2569,2026-06-15,2026-06-21,100.0,96.875,0,4,9,12,75.0,78.45555555555556,3,4,75.0,74.1,green
uuid-2569-2075,2569,2026-06-15,2026-06-21,75.0,82.8125,0,6,14,24,58.333333333333336,83.0,6,8,75.0,80.48333333333333,green
uuid-2569-2076,2569,2026-06-15,2026-06-21,100.0,70.3125,0,1,13,24,54.166666666666664,71.78461538461539,4,8,50.0,77.05,green
uuid-2569-2077,2569,2026-06-15,2026-06-21,100.0,100.0,0,16,20,24,83.33333333333333,87.07,8,8,100.0,93.7875,green
uuid-2569-2078,2569,2026-06-15,2026-06-21,25.0,68.75,0,0,12,24,50.0,71.95833333333333,2,8,25.0,62.95,orange
uuid-2569-2079,2569,2026-06-15,2026-06-21,100.0,93.75,0,16,14,24,58.333333333333336,88.2357142857143,8,8,100.0,84.23750000000001,green
uuid-2569-2080,2569,2026-06-15,2026-06-21,75.0,85.9375,0,8,16,24,66.66666666666667,86.8375,6,8,75.0,94.08333333333333,green
uuid-2569-2081,2569,2026-06-15,2026-06-21,50.0,87.5,0,0,15,24,62.5,80.51333333333332,6,8,75.0,82.18333333333334,yellow
uuid-2569-2082,2569,2026-06-15,2026-06-21,100.0,71.875,0,1,6,12,50.0,64.10000000000001,4,4,100.0,73.22500000000001,green
uuid-2569-2083,2569,2026-06-15,2026-06-21,,51.92307692307692,0,0,6,24,25.0,79.63333333333334,2,8,25.0,74.25,green
uuid-2569-2084,2569,2026-06-15,2026-06-21,100.0,96.875,0,16,17,24,70.83333333333333,87.37058823529412,8,8,100.0,87.375,green
uuid-2569-2085,2569,2026-06-15,2026-06-21,75.0,78.125,0,2,15,24,62.5,80.62000000000002,6,8,75.0,72.35000000000001,green
uuid-2569-2086,2569,2026-06-15,2026-06-21,100.0,85.9375,0,8,16,24,66.66666666666667,84.39375,7,8,87.5,73.0,green
uuid-2569-2087,2569,2026-06-15,2026-06-21,,97.22222222222223,0,9,7,24,29.166666666666668,88.04285714285713,2,8,25.0,83.3,green
uuid-2569-2088,2569,2026-06-15,2026-06-21,,10.0,1,0,0,12,0.0,,0,4,0.0,,green
uuid-2569-2089,2569,2026-06-15,2026-06-21,50.0,65.625,0,0,5,12,41.666666666666664,59.14000000000001,2,4,50.0,71.95,yellow
uuid-2569-2090,2569,2026-06-15,2026-06-21,75.0,71.875,0,1,11,24,45.833333333333336,77.18181818181817,7,8,87.5,75.0857142857143,green
uuid-2569-2091,2569,2026-06-15,2026-06-21,,100.0,0,5,2,12,16.666666666666668,83.1,2,4,50.0,91.80000000000001,green
uuid-2569-2092,2569,2026-06-15,2026-06-21,75.0,84.0909090909091,0,11,12,24,50.0,79.22500000000001,3,8,37.5,84.56666666666666,green
uuid-2569-2093,2569,2026-06-15,2026-06-21,0.0,52.083333333333336,1,0,8,18,44.44444444444444,71.8875,2,6,33.333333333333336,81.45,red
uuid-2569-2094,2569,2026-06-15,2026-06-21,75.0,95.45454545454545,0,11,11,24,45.833333333333336,73.71818181818182,3,8,37.5,89.40000000000002,green
uuid-2569-2095,2569,2026-06-15,2026-06-21,100.0,90.625,0,2,9,12,75.0,87.87777777777778,3,4,75.0,90.83333333333333,green
uuid-2569-2096,2569,2026-06-15,2026-06-21,50.0,75.0,0,0,7,12,58.333333333333336,80.31428571428572,3,4,75.0,91.46666666666665,yellow
uuid-2569-2097,2569,2026-06-15,2026-06-21,100.0,66.66666666666667,0,1,9,18,50.0,72.34444444444443,3,6,50.0,80.56666666666666,green
uuid-2569-2098,2569,2026-06-15,2026-06-21,,76.92307692307692,0,0,10,24,41.666666666666664,79.15,5,8,62.5,72.32000000000001,green
uuid-2569-2099,2569,2026-06-15,2026-06-21,100.0,48.4375,0,1,6,24,25.0,63.28333333333333,1,8,12.5,52.3,green
uuid-2569-2100,2569,2026-06-15,2026-06-21,25.0,71.42857142857143,0,0,5,24,20.833333333333332,75.75999999999999,3,8,37.5,69.53333333333335,orange
uuid-2569-2101,2569,2026-06-15,2026-06-21,,73.07692307692308,0,0,3,12,25.0,81.96666666666667,2,4,50.0,57.349999999999994,green
uuid-2569-2102,2569,2026-06-15,2026-06-21,,72.22222222222223,0,0,4,12,33.333333333333336,77.825,1,4,25.0,57.9,green
uuid-2569-2103,2569,2026-06-15,2026-06-21,100.0,79.6875,0,9,15,24,62.5,76.30666666666666,7,8,87.5,88.37142857142858,green
uuid-2569-2104,2569,2026-06-15,2026-06-21,75.0,67.1875,0,1,16,24,66.66666666666667,71.79375,5,8,62.5,79.08,green
uuid-2569-2105,2569,2026-06-15,2026-06-21,,25.0,0,0,2,24,8.333333333333334,66.2,0,8,0.0,,green
uuid-2569-2106,2569,2026-06-15,2026-06-21,100.0,64.0625,0,2,11,24,45.833333333333336,75.0,4,8,50.0,84.025,green
uuid-2569-2107,2569,2026-06-15,2026-06-21,75.0,75.0,0,1,7,24,29.166666666666668,78.71428571428571,0,8,0.0,,green
uuid-2569-2108,2569,2026-06-15,2026-06-21,75.0,57.8125,0,1,14,24,58.333333333333336,83.29285714285716,5,8,62.5,87.05999999999999,green
uuid-2569-2109,2569,2026-06-15,2026-06-21,100.0,79.6875,0,3,15,24,62.5,81.74666666666667,5,8,62.5,87.13999999999999,green
uuid-2569-2110,2569,2026-06-15,2026-06-21,100.0,96.875,0,16,18,24,75.0,89.42222222222223,7,8,87.5,91.38571428571427,green
uuid-2569-2111,2569,2026-06-15,2026-06-21,25.0,56.25,0,0,9,24,37.5,62.111111111111114,4,8,50.0,54.599999999999994,orange
uuid-2569-2112,2569,2026-06-15,2026-06-21,50.0,75.0,0,0,16,24,66.66666666666667,82.6,7,8,87.5,78.47142857142858,yellow
uuid-2569-2113,2569,2026-06-15,2026-06-21,100.0,75.0,0,1,11,18,61.111111111111114,75.50000000000001,4,6,66.66666666666667,82.45,green
uuid-2569-2114,2569,2026-06-15,2026-06-21,75.0,59.375,0,1,8,24,33.333333333333336,64.325,3,8,37.5,61.5,green
uuid-2569-2115,2569,2026-06-15,2026-06-21,,50.0,0,0,4,24,16.666666666666668,59.12500000000001,3,8,37.5,68.03333333333333,green
uuid-2569-2116,2569,2026-06-15,2026-06-21,75.0,90.9090909090909,0,11,15,24,62.5,85.98666666666666,4,8,50.0,89.525,green
uuid-2569-2117,2569,2026-06-15,2026-06-21,100.0,100.0,0,11,11,18,61.111111111111114,88.68181818181819,3,6,50.0,88.33333333333333,green
uuid-2569-2118,2569,2026-06-15,2026-06-21,,66.66666666666667,0,0,1,18,5.555555555555555,97.4,3,6,50.0,82.8,green
uuid-2569-2119,2569,2026-06-15,2026-06-21,75.0,92.1875,0,12,15,24,62.5,88.52666666666667,5,8,62.5,90.54,green
uuid-2569-2120,2569,2026-06-15,2026-06-21,50.0,76.5625,0,0,11,24,45.833333333333336,79.6909090909091,4,8,50.0,86.19999999999999,yellow
uuid-2569-2121,2569,2026-06-15,2026-06-21,100.0,97.72727272727273,0,11,15,24,62.5,89.82666666666667,2,8,25.0,88.85,green
uuid-2569-2122,2569,2026-06-15,2026-06-21,100.0,85.9375,0,7,15,24,62.5,82.8,7,8,87.5,88.44285714285714,green
uuid-2569-2123,2569,2026-06-15,2026-06-21,25.0,84.375,0,0,17,24,70.83333333333333,84.96470588235294,4,8,50.0,86.925,orange
uuid-2569-2124,2569,2026-06-15,2026-06-21,25.0,73.4375,0,0,10,24,41.666666666666664,66.72999999999999,4,8,50.0,62.4,orange
uuid-2569-2125,2569,2026-06-15,2026-06-21,100.0,76.5625,0,3,15,24,62.5,68.09333333333332,6,8,75.0,68.18333333333332,green
uuid-2569-2126,2569,2026-06-15,2026-06-21,75.0,31.25,0,1,7,24,29.166666666666668,58.48571428571429,2,8,25.0,57.550000000000004,green
uuid-2569-2127,2569,2026-06-15,2026-06-21,100.0,83.33333333333333,0,3,4,24,16.666666666666668,89.95,0,8,0.0,,green
uuid-2569-2128,2569,2026-06-15,2026-06-21,,66.66666666666667,0,1,1,18,5.555555555555555,74.0,2,6,33.333333333333336,75.35,green
uuid-2569-2129,2569,2026-06-15,2026-06-21,100.0,96.96969696969697,0,5,11,18,61.111111111111114,88.54545454545455,3,6,50.0,91.83333333333333,green
uuid-2569-2130,2569,2026-06-15,2026-06-21,75.0,86.36363636363636,0,11,14,24,58.333333333333336,82.78571428571429,4,8,50.0,89.025,green
uuid-2569-2131,2569,2026-06-15,2026-06-21,66.66666666666667,72.91666666666667,0,0,11,18,61.111111111111114,71.71818181818182,5,6,83.33333333333333,63.620000000000005,yellow
uuid-2569-2132,2569,2026-06-15,2026-06-21,100.0,78.125,0,2,5,12,41.666666666666664,72.3,4,4,100.0,77.0,green
uuid-2569-2133,2569,2026-06-15,2026-06-21,50.0,79.6875,0,0,16,24,66.66666666666667,87.26875,8,8,100.0,84.9875,yellow
uuid-2569-2134,2569,2026-06-15,2026-06-21,,27.77777777777778,0,0,3,12,25.0,67.60000000000001,1,4,25.0,87.4,green
uuid-2569-2135,2569,2026-06-15,2026-06-21,100.0,75.0,0,4,13,24,54.166666666666664,78.76153846153846,5,8,62.5,79.7,green
uuid-2569-2136,2569,2026-06-15,2026-06-21,50.0,65.625,0,0,11,24,45.833333333333336,76.64545454545456,8,8,100.0,75.075,yellow
uuid-2569-2137,2569,2026-06-15,2026-06-21,100.0,100.0,0,16,20,24,83.33333333333333,86.2,7,8,87.5,85.97142857142856,green
uuid-2569-2138,2569,2026-06-15,2026-06-21,,66.66666666666667,0,0,8,24,33.333333333333336,78.325,4,8,50.0,84.975,green
uuid-2569-2139,2569,2026-06-15,2026-06-21,0.0,54.54545454545455,1,0,9,18,50.0,68.84444444444445,0,6,0.0,,red
uuid-2569-2140,2569,2026-06-15,2026-06-21,,70.0,0,0,1,12,8.333333333333334,89.1,1,4,25.0,82.5,green
uuid-2569-2141,2569,2026-06-15,2026-06-21,50.0,72.72727272727273,0,0,14,24,58.333333333333336,76.6,2,8,25.0,77.5,yellow
uuid-2569-2142,2569,2026-06-15,2026-06-21,100.0,91.66666666666667,0,3,1,24,4.166666666666667,86.6,0,8,0.0,,green
uuid-2569-2143,2569,2026-06-15,2026-06-21,,100.0,0,5,1,12,8.333333333333334,63.8,1,4,25.0,84.0,green
uuid-2569-2144,2569,2026-06-15,2026-06-21,66.66666666666667,66.66666666666667,0,0,7,18,38.888888888888886,67.49999999999999,2,6,33.333333333333336,72.9,yellow
uuid-2569-2145,2569,2026-06-15,2026-06-21,,90.0,0,5,4,24,16.666666666666668,96.25,4,8,50.0,92.2,green
uuid-2569-2146,2569,2026-06-15,2026-06-21,66.66666666666667,91.66666666666667,0,0,11,18,61.111111111111114,83.75454545454546,6,6,100.0,84.08333333333333,yellow
uuid-2569-2147,2569,2026-06-15,2026-06-21,25.0,57.142857142857146,0,0,6,24,25.0,74.61666666666666,0,8,0.0,,orange
uuid-2569-2148,2569,2026-06-15,2026-06-21,75.0,75.0,0,1,11,24,45.833333333333336,82.08181818181819,4,8,50.0,79.925,green
uuid-2569-2149,2569,2026-06-15,2026-06-21,50.0,71.875,0,0,6,12,50.0,67.66666666666667,3,4,75.0,59.5,yellow
uuid-2569-2150,2569,2026-06-15,2026-06-21,100.0,97.72727272727273,0,11,14,24,58.333333333333336,84.17857142857143,3,8,37.5,87.66666666666667,green
uuid-2569-2001,2569,2026-06-22,2026-06-28,100.0,85.29411764705883,0,3,10,12,83.33333333333333,84.52999999999999,6,6,100.0,93.63333333333333,green
uuid-2569-2002,2569,2026-06-22,2026-06-28,25.0,33.8235294117647,0,0,5,24,20.833333333333332,50.959999999999994,5,12,41.666666666666664,59.96,orange
uuid-2569-2003,2569,2026-06-22,2026-06-28,50.0,66.17647058823529,0,0,9,24,37.5,69.01111111111112,8,12,66.66666666666667,65.825,yellow
uuid-2569-2004,2569,2026-06-22,2026-06-28,50.0,70.58823529411765,0,0,10,24,41.666666666666664,78.79,8,12,66.66666666666667,72.8875,yellow
uuid-2569-2005,2569,2026-06-22,2026-06-28,100.0,97.91666666666667,0,12,16,24,66.66666666666667,87.9375,7,12,58.333333333333336,82.58571428571429,green
uuid-2569-2006,2569,2026-06-22,2026-06-28,50.0,58.8235294117647,0,0,13,24,54.166666666666664,73.5,8,12,66.66666666666667,74.28750000000001,yellow
uuid-2569-2007,2569,2026-06-22,2026-06-28,66.66666666666667,86.11111111111111,0,0,11,18,61.111111111111114,77.04545454545455,3,9,33.333333333333336,79.06666666666666,yellow
uuid-2569-2008,2569,2026-06-22,2026-06-28,100.0,89.58333333333333,0,12,13,24,54.166666666666664,71.83846153846153,6,12,50.0,84.1,green
uuid-2569-2009,2569,2026-06-22,2026-06-28,,65.38461538461539,0,0,10,24,41.666666666666664,71.04,2,12,16.666666666666668,73.69999999999999,green
uuid-2569-2010,2569,2026-06-22,2026-06-28,100.0,97.05882352941177,0,17,16,24,66.66666666666667,90.0375,10,12,83.33333333333333,92.13000000000001,green
uuid-2569-2011,2569,2026-06-22,2026-06-28,,61.111111111111114,0,0,3,12,25.0,81.10000000000001,1,6,16.666666666666668,63.2,green
uuid-2569-2012,2569,2026-06-22,2026-06-28,100.0,88.88888888888889,0,3,9,18,50.0,82.80000000000001,6,9,66.66666666666667,86.76666666666667,green
uuid-2569-2013,2569,2026-06-22,2026-06-28,,53.333333333333336,0,1,3,18,16.666666666666668,68.83333333333333,2,9,22.22222222222222,63.3,green
uuid-2569-2014,2569,2026-06-22,2026-06-28,75.0,58.8235294117647,0,1,8,24,33.333333333333336,63.337500000000006,8,12,66.66666666666667,68.5375,green
uuid-2569-2015,2569,2026-06-22,2026-06-28,,70.37037037037037,0,0,6,18,33.333333333333336,60.1,2,9,22.22222222222222,67.05,green
uuid-2569-2016,2569,2026-06-22,2026-06-28,50.0,64.70588235294117,0,0,13,24,54.166666666666664,81.98461538461538,10,12,83.33333333333333,83.08,yellow
uuid-2569-2017,2569,2026-06-22,2026-06-28,,47.22222222222222,0,0,6,24,25.0,68.05,2,12,16.666666666666668,68.15,green
uuid-2569-2018,2569,2026-06-22,2026-06-28,,41.666666666666664,0,0,8,24,33.333333333333336,66.7625,3,12,25.0,64.93333333333334,green
uuid-2569-2019,2569,2026-06-22,2026-06-28,,95.0,0,5,2,24,8.333333333333334,76.4,2,12,16.666666666666668,80.6,green
uuid-2569-2020,2569,2026-06-22,2026-06-28,50.0,88.23529411764706,0,0,19,24,79.16666666666667,85.50526315789473,10,12,83.33333333333333,74.6,yellow
uuid-2569-2021,2569,2026-06-22,2026-06-28,75.0,66.17647058823529,0,1,15,24,62.5,79.73333333333333,5,12,41.666666666666664,74.38,green
uuid-2569-2022,2569,2026-06-22,2026-06-28,,93.33333333333333,0,4,1,18,5.555555555555555,79.5,3,9,33.333333333333336,77.03333333333333,green
uuid-2569-2023,2569,2026-06-22,2026-06-28,50.0,54.411764705882355,0,0,19,24,79.16666666666667,73.63684210526316,10,12,83.33333333333333,76.33000000000001,yellow
uuid-2569-2024,2569,2026-06-22,2026-06-28,100.0,85.29411764705883,0,1,5,12,41.666666666666664,88.62,3,6,50.0,64.2,green
uuid-2569-2025,2569,2026-06-22,2026-06-28,,59.25925925925926,0,1,3,18,16.666666666666668,75.36666666666666,3,9,33.333333333333336,84.10000000000001,green
uuid-2569-2026,2569,2026-06-22,2026-06-28,100.0,94.11764705882354,0,17,15,24,62.5,86.14,11,12,91.66666666666667,86.08181818181819,green
uuid-2569-2027,2569,2026-06-22,2026-06-28,100.0,68.75,0,2,4,24,16.666666666666668,79.85,3,12,25.0,73.2,green
uuid-2569-2028,2569,2026-06-22,2026-06-28,,65.0,0,0,2,24,8.333333333333334,73.75,4,12,33.333333333333336,73.525,green
uuid-2569-2029,2569,2026-06-22,2026-06-28,50.0,67.6470588235294,0,0,8,12,66.66666666666667,80.55,4,6,66.66666666666667,76.55000000000001,yellow
uuid-2569-2030,2569,2026-06-22,2026-06-28,100.0,95.83333333333333,0,1,11,24,45.833333333333336,83.17272727272726,8,12,66.66666666666667,89.4,green
uuid-2569-2031,2569,2026-06-22,2026-06-28,100.0,82.3529411764706,0,8,14,24,58.333333333333336,90.76428571428572,10,12,83.33333333333333,82.99000000000001,green
uuid-2569-2032,2569,2026-06-22,2026-06-28,66.66666666666667,83.33333333333333,0,0,11,18,61.111111111111114,81.96363636363637,6,9,66.66666666666667,77.7,yellow
uuid-2569-2033,2569,2026-06-22,2026-06-28,100.0,88.23529411764706,0,5,8,12,66.66666666666667,86.35,3,6,50.0,84.36666666666666,green
uuid-2569-2034,2569,2026-06-22,2026-06-28,50.0,79.16666666666667,0,0,15,24,62.5,85.44666666666667,4,12,33.333333333333336,82.25,yellow
uuid-2569-2035,2569,2026-06-22,2026-06-28,100.0,86.11111111111111,0,2,9,18,50.0,72.52222222222221,5,9,55.55555555555556,82.02000000000001,green
uuid-2569-2036,2569,2026-06-22,2026-06-28,50.0,97.05882352941177,0,0,8,12,66.66666666666667,79.9875,4,6,66.66666666666667,84.8,yellow
uuid-2569-2037,2569,2026-06-22,2026-06-28,100.0,92.6470588235294,0,2,18,24,75.0,90.09444444444445,9,12,75.0,90.65555555555557,green
uuid-2569-2038,2569,2026-06-22,2026-06-28,100.0,92.15686274509804,0,3,9,18,50.0,76.38888888888889,7,9,77.77777777777777,86.07142857142857,green
uuid-2569-2039,2569,2026-06-22,2026-06-28,,47.22222222222222,0,0,5,24,20.833333333333332,76.74000000000001,1,12,8.333333333333334,65.5,green
uuid-2569-2040,2569,2026-06-22,2026-06-28,100.0,81.25,0,4,1,24,4.166666666666667,89.4,3,12,25.0,82.43333333333332,green
uuid-2569-2041,2569,2026-06-22,2026-06-28,75.0,64.70588235294117,0,1,12,24,50.0,72.00833333333334,8,12,66.66666666666667,77.7125,green
uuid-2569-2042,2569,2026-06-22,2026-06-28,50.0,72.91666666666667,0,0,9,24,37.5,79.51111111111112,7,12,58.333333333333336,74.34285714285716,yellow
uuid-2569-2043,2569,2026-06-22,2026-06-28,,78.125,0,1,9,24,37.5,71.92222222222222,2,12,16.666666666666668,60.85,green
uuid-2569-2044,2569,2026-06-22,2026-06-28,50.0,69.11764705882354,0,0,13,24,54.166666666666664,75.53846153846155,7,12,58.333333333333336,75.27142857142857,yellow
uuid-2569-2045,2569,2026-06-22,2026-06-28,100.0,85.41666666666667,0,1,13,24,54.166666666666664,79.45384615384616,4,12,33.333333333333336,81.925,green
uuid-2569-2046,2569,2026-06-22,2026-06-28,,65.625,0,0,9,24,37.5,77.33333333333333,3,12,25.0,78.56666666666666,green
uuid-2569-2047,2569,2026-06-22,2026-06-28,100.0,95.58823529411765,0,17,19,24,79.16666666666667,86.99473684210525,10,12,83.33333333333333,89.88,green
uuid-2569-2048,2569,2026-06-22,2026-06-28,100.0,98.52941176470588,0,17,16,24,66.66666666666667,86.46875,11,12,91.66666666666667,89.41818181818182,green
uuid-2569-2049,2569,2026-06-22,2026-06-28,,58.333333333333336,0,0,5,24,20.833333333333332,64.58,1,12,8.333333333333334,66.4,green
uuid-2569-2050,2569,2026-06-22,2026-06-28,75.0,81.25,0,2,12,24,50.0,78.50833333333334,6,12,50.0,69.13333333333334,green
uuid-2569-2051,2569,2026-06-22,2026-06-28,75.0,71.875,0,1,6,24,25.0,84.58333333333334,5,12,41.666666666666664,90.3,green
uuid-2569-2052,2569,2026-06-22,2026-06-28,,50.0,0,0,3,12,25.0,70.0,0,6,0.0,,green
uuid-2569-2053,2569,2026-06-22,2026-06-28,50.0,80.88235294117646,0,0,17,24,70.83333333333333,83.37058823529412,10,12,83.33333333333333,71.76000000000002,yellow
uuid-2569-2054,2569,2026-06-22,2026-06-28,100.0,44.11764705882353,0,2,6,24,25.0,65.61666666666666,4,12,33.333333333333336,65.75,green
uuid-2569-2055,2569,2026-06-22,2026-06-28,,94.23076923076923,0,13,14,24,58.333333333333336,84.47142857142856,6,12,50.0,82.01666666666667,green
uuid-2569-2056,2569,2026-06-22,2026-06-28,75.0,68.75,0,3,2,24,8.333333333333334,77.4,4,12,33.333333333333336,65.275,green
uuid-2569-2057,2569,2026-06-22,2026-06-28,,56.25,0,0,2,24,8.333333333333334,69.80000000000001,2,12,16.666666666666668,67.5,green
uuid-2569-2058,2569,2026-06-22,2026-06-28,,50.0,0,0,6,24,25.0,64.01666666666667,0,12,0.0,,green
uuid-2569-2059,2569,2026-06-22,2026-06-28,100.0,88.23529411764706,0,2,8,12,66.66666666666667,85.975,5,6,83.33333333333333,92.9,green
uuid-2569-2060,2569,2026-06-22,2026-06-28,100.0,88.23529411764706,0,16,18,24,75.0,87.46111111111111,10,12,83.33333333333333,88.12,green
uuid-2569-2061,2569,2026-06-22,2026-06-28,,55.0,0,1,2,24,8.333333333333334,82.5,3,12,25.0,72.86666666666666,green
uuid-2569-2062,2569,2026-06-22,2026-06-28,66.66666666666667,96.07843137254902,0,0,14,18,77.77777777777777,90.21428571428571,6,9,66.66666666666667,88.85000000000001,yellow
uuid-2569-2063,2569,2026-06-22,2026-06-28,50.0,54.411764705882355,0,0,6,24,25.0,77.18333333333334,6,12,50.0,76.73333333333335,yellow
uuid-2569-2064,2569,2026-06-22,2026-06-28,50.0,68.75,0,0,11,24,45.833333333333336,73.34545454545454,4,12,33.333333333333336,64.7,yellow
uuid-2569-2065,2569,2026-06-22,2026-06-28,100.0,98.03921568627452,0,15,11,18,61.111111111111114,86.42727272727274,7,9,77.77777777777777,84.60000000000001,green
uuid-2569-2066,2569,2026-06-22,2026-06-28,75.0,65.625,0,2,2,24,8.333333333333334,60.25,7,12,58.333333333333336,72.22857142857143,green
uuid-2569-2067,2569,2026-06-22,2026-06-28,66.66666666666667,96.07843137254902,0,0,14,18,77.77777777777777,85.50714285714287,7,9,77.77777777777777,91.92857142857143,yellow
uuid-2569-2068,2569,2026-06-22,2026-06-28,100.0,61.76470588235294,0,2,14,24,58.333333333333336,72.72857142857143,11,12,91.66666666666667,73.04545454545453,green
uuid-2569-2069,2569,2026-06-22,2026-06-28,50.0,93.75,0,0,3,12,25.0,67.86666666666666,2,6,33.333333333333336,64.7,yellow
uuid-2569-2070,2569,2026-06-22,2026-06-28,25.0,60.294117647058826,0,0,13,24,54.166666666666664,79.33076923076922,6,12,50.0,69.51666666666667,orange
uuid-2569-2071,2569,2026-06-22,2026-06-28,,83.33333333333333,0,8,7,24,29.166666666666668,73.01428571428572,2,12,16.666666666666668,77.15,green
uuid-2569-2072,2569,2026-06-22,2026-06-28,0.0,73.52941176470588,0,0,7,12,58.333333333333336,79.87142857142858,5,6,83.33333333333333,83.22,red
uuid-2569-2073,2569,2026-06-22,2026-06-28,,75.0,0,4,10,24,41.666666666666664,75.63000000000001,3,12,25.0,81.93333333333334,green
uuid-2569-2074,2569,2026-06-22,2026-06-28,100.0,97.05882352941177,0,5,9,12,75.0,78.45555555555556,4,6,66.66666666666667,76.25,green
uuid-2569-2075,2569,2026-06-22,2026-06-28,50.0,80.88235294117646,0,0,14,24,58.333333333333336,83.0,9,12,75.0,81.01111111111112,yellow
uuid-2569-2076,2569,2026-06-22,2026-06-28,50.0,69.11764705882354,0,0,13,24,54.166666666666664,71.78461538461539,7,12,58.333333333333336,73.3,yellow
uuid-2569-2077,2569,2026-06-22,2026-06-28,100.0,100.0,0,17,20,24,83.33333333333333,87.07,12,12,100.0,93.89999999999999,green
uuid-2569-2078,2569,2026-06-22,2026-06-28,75.0,69.11764705882354,0,1,12,24,50.0,71.95833333333333,5,12,41.666666666666664,66.02000000000001,green
uuid-2569-2079,2569,2026-06-22,2026-06-28,100.0,94.11764705882354,0,17,14,24,58.333333333333336,88.2357142857143,11,12,91.66666666666667,86.15454545454547,green
uuid-2569-2080,2569,2026-06-22,2026-06-28,100.0,86.76470588235294,0,9,16,24,66.66666666666667,86.8375,9,12,75.0,92.35555555555555,green
uuid-2569-2081,2569,2026-06-22,2026-06-28,100.0,88.23529411764706,0,1,15,24,62.5,80.51333333333332,9,12,75.0,79.67777777777778,green
uuid-2569-2082,2569,2026-06-22,2026-06-28,50.0,70.58823529411765,0,0,6,12,50.0,64.10000000000001,5,6,83.33333333333333,74.32000000000001,yellow
uuid-2569-2083,2569,2026-06-22,2026-06-28,,51.92307692307692,0,0,6,24,25.0,79.63333333333334,2,12,16.666666666666668,74.25,green
uuid-2569-2084,2569,2026-06-22,2026-06-28,100.0,97.05882352941177,0,17,17,24,70.83333333333333,87.37058823529412,12,12,100.0,86.05,green
uuid-2569-2085,2569,2026-06-22,2026-06-28,100.0,79.41176470588235,0,3,15,24,62.5,80.62000000000002,8,12,66.66666666666667,69.275,green
uuid-2569-2086,2569,2026-06-22,2026-06-28,75.0,85.29411764705883,0,9,16,24,66.66666666666667,84.39375,10,12,83.33333333333333,75.35,green
uuid-2569-2087,2569,2026-06-22,2026-06-28,,97.22222222222223,0,9,7,24,29.166666666666668,88.04285714285713,2,12,16.666666666666668,83.3,green
uuid-2569-2088,2569,2026-06-22,2026-06-28,,10.0,1,0,0,12,0.0,,0,6,0.0,,green
uuid-2569-2089,2569,2026-06-22,2026-06-28,0.0,61.76470588235294,0,0,5,12,41.666666666666664,59.14000000000001,4,6,66.66666666666667,73.325,red
uuid-2569-2090,2569,2026-06-22,2026-06-28,50.0,70.58823529411765,0,0,11,24,45.833333333333336,77.18181818181817,9,12,75.0,75.55555555555556,yellow
uuid-2569-2091,2569,2026-06-22,2026-06-28,,100.0,0,5,2,12,16.666666666666668,83.1,2,6,33.333333333333336,91.80000000000001,green
uuid-2569-2092,2569,2026-06-22,2026-06-28,75.0,83.33333333333333,0,12,12,24,50.0,79.22500000000001,7,12,58.333333333333336,81.5142857142857,green
uuid-2569-2093,2569,2026-06-22,2026-06-28,0.0,49.01960784313726,0,0,8,18,44.44444444444444,71.8875,4,9,44.44444444444444,66.35,red
uuid-2569-2094,2569,2026-06-22,2026-06-28,50.0,91.66666666666667,0,0,11,24,45.833333333333336,73.71818181818182,6,12,50.0,83.75,yellow
uuid-2569-2095,2569,2026-06-22,2026-06-28,50.0,88.23529411764706,0,0,9,12,75.0,87.87777777777778,5,6,83.33333333333333,91.38000000000001,yellow
uuid-2569-2096,2569,2026-06-22,2026-06-28,100.0,76.47058823529412,0,1,7,12,58.333333333333336,80.31428571428572,5,6,83.33333333333333,91.0,green
uuid-2569-2097,2569,2026-06-22,2026-06-28,100.0,68.62745098039215,0,2,9,18,50.0,72.34444444444443,5,9,55.55555555555556,79.4,green
uuid-2569-2098,2569,2026-06-22,2026-06-28,,76.92307692307692,0,0,10,24,41.666666666666664,79.15,5,12,41.666666666666664,72.32000000000001,green
uuid-2569-2099,2569,2026-06-22,2026-06-28,50.0,48.529411764705884,0,0,6,24,25.0,63.28333333333333,2,12,16.666666666666668,56.05,yellow
uuid-2569-2100,2569,2026-06-22,2026-06-28,75.0,71.875,0,1,5,24,20.833333333333332,75.75999999999999,4,12,33.333333333333336,75.9,green
uuid-2569-2101,2569,2026-06-22,2026-06-28,,73.07692307692308,0,0,3,12,25.0,81.96666666666667,2,6,33.333333333333336,57.349999999999994,green
uuid-2569-2102,2569,2026-06-22,2026-06-28,,72.22222222222223,0,0,4,12,33.333333333333336,77.825,1,6,16.666666666666668,57.9,green
uuid-2569-2103,2569,2026-06-22,2026-06-28,25.0,76.47058823529412,0,0,15,24,62.5,76.30666666666666,10,12,83.33333333333333,82.35,orange
uuid-2569-2104,2569,2026-06-22,2026-06-28,50.0,66.17647058823529,0,0,16,24,66.66666666666667,71.79375,7,12,58.333333333333336,79.52857142857144,yellow
uuid-2569-2105,2569,2026-06-22,2026-06-28,,25.0,0,0,2,24,8.333333333333334,66.2,0,12,0.0,,green
uuid-2569-2106,2569,2026-06-22,2026-06-28,75.0,64.70588235294117,0,3,11,24,45.833333333333336,75.0,7,12,58.333333333333336,83.51428571428572,green
uuid-2569-2107,2569,2026-06-22,2026-06-28,50.0,71.875,0,0,7,24,29.166666666666668,78.71428571428571,3,12,25.0,65.23333333333333,yellow
uuid-2569-2108,2569,2026-06-22,2026-06-28,75.0,58.8235294117647,0,2,14,24,58.333333333333336,83.29285714285716,7,12,58.333333333333336,83.45714285714284,green
uuid-2569-2109,2569,2026-06-22,2026-06-28,75.0,79.41176470588235,0,4,15,24,62.5,81.74666666666667,8,12,66.66666666666667,79.75,green
uuid-2569-2110,2569,2026-06-22,2026-06-28,100.0,97.05882352941177,0,17,18,24,75.0,89.42222222222223,10,12,83.33333333333333,92.75000000000001,green
uuid-2569-2111,2569,2026-06-22,2026-06-28,25.0,54.411764705882355,0,0,9,24,37.5,62.111111111111114,4,12,33.333333333333336,54.599999999999994,orange
uuid-2569-2112,2569,2026-06-22,2026-06-28,100.0,76.47058823529412,0,1,16,24,66.66666666666667,82.6,9,12,75.0,76.88888888888889,green
uuid-2569-2113,2569,2026-06-22,2026-06-28,66.66666666666667,74.50980392156863,0,0,11,18,61.111111111111114,75.50000000000001,7,9,77.77777777777777,77.97142857142858,yellow
uuid-2569-2114,2569,2026-06-22,2026-06-28,75.0,60.294117647058826,0,2,8,24,33.333333333333336,64.325,5,12,41.666666666666664,65.82000000000001,green
uuid-2569-2115,2569,2026-06-22,2026-06-28,,50.0,0,0,4,24,16.666666666666668,59.12500000000001,3,12,25.0,68.03333333333333,green
uuid-2569-2116,2569,2026-06-22,2026-06-28,100.0,91.66666666666667,0,12,15,24,62.5,85.98666666666666,7,12,58.333333333333336,87.65714285714287,green
uuid-2569-2117,2569,2026-06-22,2026-06-28,100.0,100.0,0,12,11,18,61.111111111111114,88.68181818181819,5,9,55.55555555555556,86.98,green
uuid-2569-2118,2569,2026-06-22,2026-06-28,,66.66666666666667,0,0,1,18,5.555555555555555,97.4,3,9,33.333333333333336,82.8,green
uuid-2569-2119,2569,2026-06-22,2026-06-28,100.0,92.6470588235294,0,13,15,24,62.5,88.52666666666667,8,12,66.66666666666667,86.9375,green
uuid-2569-2120,2569,2026-06-22,2026-06-28,100.0,77.94117647058823,0,1,11,24,45.833333333333336,79.6909090909091,6,12,50.0,83.51666666666665,green
uuid-2569-2121,2569,2026-06-22,2026-06-28,100.0,97.91666666666667,0,12,15,24,62.5,89.82666666666667,6,12,50.0,86.75,green
uuid-2569-2122,2569,2026-06-22,2026-06-28,100.0,86.76470588235294,0,8,15,24,62.5,82.8,9,12,75.0,83.9111111111111,green
uuid-2569-2123,2569,2026-06-22,2026-06-28,100.0,85.29411764705883,0,1,17,24,70.83333333333333,84.96470588235294,7,12,58.333333333333336,82.82857142857142,green
uuid-2569-2124,2569,2026-06-22,2026-06-28,25.0,70.58823529411765,0,0,10,24,41.666666666666664,66.72999999999999,7,12,58.333333333333336,66.15714285714286,orange
uuid-2569-2125,2569,2026-06-22,2026-06-28,100.0,77.94117647058823,0,4,15,24,62.5,68.09333333333332,10,12,83.33333333333333,66.72,green
uuid-2569-2126,2569,2026-06-22,2026-06-28,50.0,32.35294117647059,0,0,7,24,29.166666666666668,58.48571428571429,3,12,25.0,65.0,yellow
uuid-2569-2127,2569,2026-06-22,2026-06-28,100.0,87.5,0,4,4,24,16.666666666666668,89.95,3,12,25.0,88.8,green
uuid-2569-2128,2569,2026-06-22,2026-06-28,,66.66666666666667,0,1,1,18,5.555555555555555,74.0,2,9,22.22222222222222,75.35,green
uuid-2569-2129,2569,2026-06-22,2026-06-28,100.0,97.22222222222223,0,6,11,18,61.111111111111114,88.54545454545455,5,9,55.55555555555556,89.44000000000001,green
uuid-2569-2130,2569,2026-06-22,2026-06-28,100.0,87.5,0,12,14,24,58.333333333333336,82.78571428571429,7,12,58.333333333333336,89.85714285714286,green
uuid-2569-2131,2569,2026-06-22,2026-06-28,66.66666666666667,72.54901960784314,0,0,11,18,61.111111111111114,71.71818181818182,8,9,88.88888888888889,68.41250000000001,yellow
uuid-2569-2132,2569,2026-06-22,2026-06-28,50.0,76.47058823529412,0,0,5,12,41.666666666666664,72.3,4,6,66.66666666666667,77.0,yellow
uuid-2569-2133,2569,2026-06-22,2026-06-28,100.0,80.88235294117646,0,1,16,24,66.66666666666667,87.26875,12,12,100.0,83.95,green
uuid-2569-2134,2569,2026-06-22,2026-06-28,,27.77777777777778,0,0,3,12,25.0,67.60000000000001,1,6,16.666666666666668,87.4,green
uuid-2569-2135,2569,2026-06-22,2026-06-28,75.0,75.0,0,5,13,24,54.166666666666664,78.76153846153846,8,12,66.66666666666667,85.4625,green
uuid-2569-2136,2569,2026-06-22,2026-06-28,50.0,64.70588235294117,0,0,11,24,45.833333333333336,76.64545454545456,11,12,91.66666666666667,72.89999999999999,yellow
uuid-2569-2137,2569,2026-06-22,2026-06-28,100.0,100.0,0,17,20,24,83.33333333333333,86.2,11,12,91.66666666666667,84.58181818181818,green
uuid-2569-2138,2569,2026-06-22,2026-06-28,,66.66666666666667,0,0,8,24,33.333333333333336,78.325,4,12,33.333333333333336,84.975,green
uuid-2569-2139,2569,2026-06-22,2026-06-28,100.0,58.333333333333336,0,1,9,18,50.0,68.84444444444445,2,9,22.22222222222222,60.85,green
uuid-2569-2140,2569,2026-06-22,2026-06-28,,70.0,0,0,1,12,8.333333333333334,89.1,1,6,16.666666666666668,82.5,green
uuid-2569-2141,2569,2026-06-22,2026-06-28,75.0,72.91666666666667,0,1,14,24,58.333333333333336,76.6,3,12,25.0,81.33333333333333,green
uuid-2569-2142,2569,2026-06-22,2026-06-28,100.0,93.75,0,4,1,24,4.166666666666667,86.6,4,12,33.333333333333336,88.875,green
uuid-2569-2143,2569,2026-06-22,2026-06-28,,100.0,0,5,1,12,8.333333333333334,63.8,1,6,16.666666666666668,84.0,green
uuid-2569-2144,2569,2026-06-22,2026-06-28,66.66666666666667,66.66666666666667,0,0,7,18,38.888888888888886,67.49999999999999,3,9,33.333333333333336,79.53333333333335,yellow
uuid-2569-2145,2569,2026-06-22,2026-06-28,,90.0,0,5,4,24,16.666666666666668,96.25,4,12,33.333333333333336,92.2,green
uuid-2569-2146,2569,2026-06-22,2026-06-28,100.0,92.15686274509804,0,1,11,18,61.111111111111114,83.75454545454546,8,9,88.88888888888889,84.0875,green
uuid-2569-2147,2569,2026-06-22,2026-06-28,75.0,59.375,0,1,6,24,25.0,74.61666666666666,1,12,8.333333333333334,61.4,green
uuid-2569-2148,2569,2026-06-22,2026-06-28,75.0,75.0,0,2,11,24,45.833333333333336,82.08181818181819,6,12,50.0,76.56666666666666,green
uuid-2569-2149,2569,2026-06-22,2026-06-28,50.0,70.58823529411765,0,0,6,12,50.0,67.66666666666667,3,6,50.0,59.5,yellow
uuid-2569-2150,2569,2026-06-22,2026-06-28,100.0,97.91666666666667,0,12,14,24,58.333333333333336,84.17857142857143,7,12,58.333333333333336,86.41428571428571,green
uuid-2569-2001,2569,2026-06-29,2026-07-05,50.0,83.33333333333333,0,0,12,14,85.71428571428571,84.88333333333333,6,6,100.0,93.63333333333333,yellow
uuid-2569-2002,2569,2026-06-29,2026-07-05,0.0,31.944444444444443,0,0,7,28,25.0,50.128571428571426,5,12,41.666666666666664,59.96,red
uuid-2569-2003,2569,2026-06-29,2026-07-05,100.0,68.05555555555556,0,1,11,28,39.285714285714285,67.50909090909092,8,12,66.66666666666667,65.825,green
uuid-2569-2004,2569,2026-06-29,2026-07-05,50.0,69.44444444444444,0,0,14,28,50.0,79.05000000000003,8,12,66.66666666666667,72.8875,yellow
uuid-2569-2005,2569,2026-06-29,2026-07-05,100.0,98.07692307692308,0,13,19,28,67.85714285714286,89.23684210526316,7,12,58.333333333333336,82.58571428571429,green
uuid-2569-2006,2569,2026-06-29,2026-07-05,75.0,59.72222222222222,0,1,16,28,57.142857142857146,71.7125,8,12,66.66666666666667,74.28750000000001,green
uuid-2569-2007,2569,2026-06-29,2026-07-05,66.66666666666667,84.61538461538461,0,0,11,21,52.38095238095238,77.04545454545455,3,9,33.333333333333336,79.06666666666666,yellow
uuid-2569-2008,2569,2026-06-29,2026-07-05,50.0,86.53846153846153,0,0,17,28,60.714285714285715,72.85882352941178,6,12,50.0,84.1,yellow
uuid-2569-2009,2569,2026-06-29,2026-07-05,,65.38461538461539,0,0,10,28,35.714285714285715,71.04,2,12,16.666666666666668,73.69999999999999,green
uuid-2569-2010,2569,2026-06-29,2026-07-05,100.0,97.22222222222223,0,18,19,28,67.85714285714286,89.27368421052631,10,12,83.33333333333333,92.13000000000001,green
uuid-2569-2011,2569,2026-06-29,2026-07-05,,61.111111111111114,0,0,3,14,21.428571428571427,81.10000000000001,1,6,16.666666666666668,63.2,green
uuid-2569-2012,2569,2026-06-29,2026-07-05,100.0,89.74358974358974,0,4,12,21,57.142857142857146,85.18333333333334,6,9,66.66666666666667,86.76666666666667,green
uuid-2569-2013,2569,2026-06-29,2026-07-05,,53.333333333333336,0,1,3,21,14.285714285714286,68.83333333333333,2,9,22.22222222222222,63.3,green
uuid-2569-2014,2569,2026-06-29,2026-07-05,100.0,61.111111111111114,0,2,11,28,39.285714285714285,65.30909090909091,8,12,66.66666666666667,68.5375,green
uuid-2569-2015,2569,2026-06-29,2026-07-05,,70.37037037037037,0,0,6,21,28.571428571428573,60.1,2,9,22.22222222222222,67.05,green
uuid-2569-2016,2569,2026-06-29,2026-07-05,100.0,66.66666666666667,0,1,15,28,53.57142857142857,82.26666666666667,10,12,83.33333333333333,83.08,green
uuid-2569-2017,2569,2026-06-29,2026-07-05,,47.22222222222222,0,0,6,28,21.428571428571427,68.05,2,12,16.666666666666668,68.15,green
uuid-2569-2018,2569,2026-06-29,2026-07-05,,41.666666666666664,0,0,8,28,28.571428571428573,66.7625,3,12,25.0,64.93333333333334,green
uuid-2569-2019,2569,2026-06-29,2026-07-05,,95.0,0,5,2,28,7.142857142857143,76.4,2,12,16.666666666666668,80.6,green
uuid-2569-2020,2569,2026-06-29,2026-07-05,100.0,88.88888888888889,0,1,22,28,78.57142857142857,85.75,10,12,83.33333333333333,74.6,green
uuid-2569-2021,2569,2026-06-29,2026-07-05,100.0,68.05555555555556,0,2,17,28,60.714285714285715,80.19411764705882,5,12,41.666666666666664,74.38,green
uuid-2569-2022,2569,2026-06-29,2026-07-05,,93.33333333333333,0,4,1,21,4.761904761904762,79.5,3,9,33.333333333333336,77.03333333333333,green
uuid-2569-2023,2569,2026-06-29,2026-07-05,100.0,56.94444444444444,0,1,22,28,78.57142857142857,75.69090909090909,10,12,83.33333333333333,76.33000000000001,green
uuid-2569-2024,2569,2026-06-29,2026-07-05,50.0,83.33333333333333,0,0,7,14,50.0,87.98571428571428,3,6,50.0,64.2,yellow
uuid-2569-2025,2569,2026-06-29,2026-07-05,,59.25925925925926,0,1,3,21,14.285714285714286,75.36666666666666,3,9,33.333333333333336,84.10000000000001,green
uuid-2569-2026,2569,2026-06-29,2026-07-05,100.0,94.44444444444444,0,18,19,28,67.85714285714286,87.51578947368421,11,12,91.66666666666667,86.08181818181819,green
uuid-2569-2027,2569,2026-06-29,2026-07-05,75.0,70.0,0,3,5,28,17.857142857142858,80.67999999999999,3,12,25.0,73.2,green
uuid-2569-2028,2569,2026-06-29,2026-07-05,,65.0,0,0,2,28,7.142857142857143,73.75,4,12,33.333333333333336,73.525,green
uuid-2569-2029,2569,2026-06-29,2026-07-05,0.0,63.888888888888886,0,0,9,14,64.28571428571429,78.78888888888889,4,6,66.66666666666667,76.55000000000001,red
uuid-2569-2030,2569,2026-06-29,2026-07-05,100.0,96.15384615384616,0,2,15,28,53.57142857142857,83.44,8,12,66.66666666666667,89.4,green
uuid-2569-2031,2569,2026-06-29,2026-07-05,50.0,80.55555555555556,0,0,16,28,57.142857142857146,90.2,10,12,83.33333333333333,82.99000000000001,yellow
uuid-2569-2032,2569,2026-06-29,2026-07-05,66.66666666666667,82.05128205128206,0,0,13,21,61.904761904761905,82.22307692307693,6,9,66.66666666666667,77.7,yellow
uuid-2569-2033,2569,2026-06-29,2026-07-05,0.0,83.33333333333333,0,0,9,14,64.28571428571429,85.72222222222223,3,6,50.0,84.36666666666666,red
uuid-2569-2034,2569,2026-06-29,2026-07-05,75.0,78.84615384615384,0,1,17,28,60.714285714285715,84.60000000000001,4,12,33.333333333333336,82.25,green
uuid-2569-2035,2569,2026-06-29,2026-07-05,100.0,87.17948717948718,0,3,12,21,57.142857142857146,72.73333333333333,5,9,55.55555555555556,82.02000000000001,green
uuid-2569-2036,2569,2026-06-29,2026-07-05,100.0,97.22222222222223,0,1,10,14,71.42857142857143,81.61999999999999,4,6,66.66666666666667,84.8,green
uuid-2569-2037,2569,2026-06-29,2026-07-05,100.0,93.05555555555556,0,3,22,28,78.57142857142857,88.42272727272727,9,12,75.0,90.65555555555557,green
uuid-2569-2038,2569,2026-06-29,2026-07-05,100.0,92.5925925925926,0,4,12,21,57.142857142857146,79.70833333333333,7,9,77.77777777777777,86.07142857142857,green
uuid-2569-2039,2569,2026-06-29,2026-07-05,,47.22222222222222,0,0,5,28,17.857142857142858,76.74000000000001,1,12,8.333333333333334,65.5,green
uuid-2569-2040,2569,2026-06-29,2026-07-05,75.0,80.0,0,5,4,28,14.285714285714286,74.3,3,12,25.0,82.43333333333332,green
uuid-2569-2041,2569,2026-06-29,2026-07-05,75.0,65.27777777777777,0,2,14,28,50.0,71.78571428571429,8,12,66.66666666666667,77.7125,green
uuid-2569-2042,2569,2026-06-29,2026-07-05,50.0,71.15384615384616,0,0,12,28,42.857142857142854,79.78333333333333,7,12,58.333333333333336,74.34285714285716,yellow
uuid-2569-2043,2569,2026-06-29,2026-07-05,,78.125,0,1,9,28,32.142857142857146,71.92222222222222,2,12,16.666666666666668,60.85,green
uuid-2569-2044,2569,2026-06-29,2026-07-05,100.0,70.83333333333333,0,1,16,28,57.142857142857146,74.65,7,12,58.333333333333336,75.27142857142857,green
uuid-2569-2045,2569,2026-06-29,2026-07-05,75.0,84.61538461538461,0,2,16,28,57.142857142857146,80.5375,4,12,33.333333333333336,81.925,green
uuid-2569-2046,2569,2026-06-29,2026-07-05,,65.625,0,0,9,28,32.142857142857146,77.33333333333333,3,12,25.0,78.56666666666666,green
uuid-2569-2047,2569,2026-06-29,2026-07-05,100.0,95.83333333333333,0,18,22,28,78.57142857142857,87.86818181818181,10,12,83.33333333333333,89.88,green
uuid-2569-2048,2569,2026-06-29,2026-07-05,100.0,98.61111111111111,0,18,20,28,71.42857142857143,87.20000000000002,11,12,91.66666666666667,89.41818181818182,green
uuid-2569-2049,2569,2026-06-29,2026-07-05,,58.333333333333336,0,0,5,28,17.857142857142858,64.58,1,12,8.333333333333334,66.4,green
uuid-2569-2050,2569,2026-06-29,2026-07-05,50.0,78.84615384615384,0,0,13,28,46.42857142857143,77.55384615384615,6,12,50.0,69.13333333333334,yellow
uuid-2569-2051,2569,2026-06-29,2026-07-05,100.0,75.0,0,2,9,28,32.142857142857146,83.5888888888889,5,12,41.666666666666664,90.3,green
uuid-2569-2052,2569,2026-06-29,2026-07-05,,50.0,0,0,3,14,21.428571428571427,70.0,0,6,0.0,,green
uuid-2569-2053,2569,2026-06-29,2026-07-05,100.0,81.94444444444444,0,1,19,28,67.85714285714286,82.56315789473685,10,12,83.33333333333333,71.76000000000002,green
uuid-2569-2054,2569,2026-06-29,2026-07-05,25.0,43.05555555555556,0,0,8,28,28.571428571428573,64.3375,4,12,33.333333333333336,65.75,orange
uuid-2569-2055,2569,2026-06-29,2026-07-05,,94.23076923076923,0,13,14,28,50.0,84.47142857142856,6,12,50.0,82.01666666666667,green
uuid-2569-2056,2569,2026-06-29,2026-07-05,25.0,60.0,0,0,6,28,21.428571428571427,67.81666666666666,4,12,33.333333333333336,65.275,orange
uuid-2569-2057,2569,2026-06-29,2026-07-05,,56.25,0,0,2,28,7.142857142857143,69.80000000000001,2,12,16.666666666666668,67.5,green
uuid-2569-2058,2569,2026-06-29,2026-07-05,,50.0,0,0,6,28,21.428571428571427,64.01666666666667,0,12,0.0,,green
uuid-2569-2059,2569,2026-06-29,2026-07-05,100.0,88.88888888888889,0,3,10,14,71.42857142857143,88.47,5,6,83.33333333333333,92.9,green
uuid-2569-2060,2569,2026-06-29,2026-07-05,100.0,88.88888888888889,0,17,21,28,75.0,86.90952380952382,10,12,83.33333333333333,88.12,green
uuid-2569-2061,2569,2026-06-29,2026-07-05,,55.0,0,1,2,28,7.142857142857143,82.5,3,12,25.0,72.86666666666666,green
uuid-2569-2062,2569,2026-06-29,2026-07-05,100.0,96.29629629629629,0,1,17,21,80.95238095238095,89.5529411764706,6,9,66.66666666666667,88.85000000000001,green
uuid-2569-2063,2569,2026-06-29,2026-07-05,25.0,52.77777777777778,0,0,7,28,25.0,76.8,6,12,50.0,76.73333333333335,orange
uuid-2569-2064,2569,2026-06-29,2026-07-05,100.0,71.15384615384616,0,1,13,28,46.42857142857143,73.83846153846153,4,12,33.333333333333336,64.7,green
uuid-2569-2065,2569,2026-06-29,2026-07-05,100.0,98.14814814814815,0,16,14,21,66.66666666666667,85.31428571428572,7,9,77.77777777777777,84.60000000000001,green
uuid-2569-2066,2569,2026-06-29,2026-07-05,50.0,63.888888888888886,0,0,4,28,14.285714285714286,61.849999999999994,7,12,58.333333333333336,72.22857142857143,yellow
uuid-2569-2067,2569,2026-06-29,2026-07-05,100.0,96.29629629629629,0,1,16,21,76.19047619047619,86.15625,7,9,77.77777777777777,91.92857142857143,green
uuid-2569-2068,2569,2026-06-29,2026-07-05,50.0,61.111111111111114,0,0,15,28,53.57142857142857,72.9,11,12,91.66666666666667,73.04545454545453,yellow
uuid-2569-2069,2569,2026-06-29,2026-07-05,100.0,94.44444444444444,0,1,5,14,35.714285714285715,64.42,2,6,33.333333333333336,64.7,green
uuid-2569-2070,2569,2026-06-29,2026-07-05,75.0,61.111111111111114,0,1,17,28,60.714285714285715,78.44117647058822,6,12,50.0,69.51666666666667,green
uuid-2569-2071,2569,2026-06-29,2026-07-05,,83.33333333333333,0,8,7,28,25.0,73.01428571428572,2,12,16.666666666666668,77.15,green
uuid-2569-2072,2569,2026-06-29,2026-07-05,50.0,72.22222222222223,0,0,8,14,57.142857142857146,76.4375,5,6,83.33333333333333,83.22,yellow
uuid-2569-2073,2569,2026-06-29,2026-07-05,,75.0,0,4,10,28,35.714285714285715,75.63000000000001,3,12,25.0,81.93333333333334,green
uuid-2569-2074,2569,2026-06-29,2026-07-05,100.0,97.22222222222223,0,6,11,14,78.57142857142857,78.69999999999999,4,6,66.66666666666667,76.25,green
uuid-2569-2075,2569,2026-06-29,2026-07-05,75.0,80.55555555555556,0,1,18,28,64.28571428571429,83.55000000000001,9,12,75.0,81.01111111111112,green
uuid-2569-2076,2569,2026-06-29,2026-07-05,75.0,69.44444444444444,0,1,16,28,57.142857142857146,70.36250000000001,7,12,58.333333333333336,73.3,green
uuid-2569-2077,2569,2026-06-29,2026-07-05,100.0,100.0,0,18,23,28,82.14285714285714,85.84782608695652,12,12,100.0,93.89999999999999,green
uuid-2569-2078,2569,2026-06-29,2026-07-05,50.0,68.05555555555556,0,0,16,28,57.142857142857146,71.61875,5,12,41.666666666666664,66.02000000000001,yellow
uuid-2569-2079,2569,2026-06-29,2026-07-05,100.0,94.44444444444444,0,18,17,28,60.714285714285715,88.12352941176471,11,12,91.66666666666667,86.15454545454547,green
uuid-2569-2080,2569,2026-06-29,2026-07-05,100.0,87.5,0,10,19,28,67.85714285714286,87.68947368421054,9,12,75.0,92.35555555555555,green
uuid-2569-2081,2569,2026-06-29,2026-07-05,100.0,88.88888888888889,0,2,16,28,57.142857142857146,80.71875,9,12,75.0,79.67777777777778,green
uuid-2569-2082,2569,2026-06-29,2026-07-05,50.0,69.44444444444444,0,0,7,14,50.0,67.52857142857144,5,6,83.33333333333333,74.32000000000001,yellow
uuid-2569-2083,2569,2026-06-29,2026-07-05,,51.92307692307692,0,0,6,28,21.428571428571427,79.63333333333334,2,12,16.666666666666668,74.25,green
uuid-2569-2084,2569,2026-06-29,2026-07-05,100.0,97.22222222222223,0,18,20,28,71.42857142857143,88.56000000000002,12,12,100.0,86.05,green
uuid-2569-2085,2569,2026-06-29,2026-07-05,50.0,77.77777777777777,0,0,16,28,57.142857142857146,80.03125,8,12,66.66666666666667,69.275,yellow
uuid-2569-2086,2569,2026-06-29,2026-07-05,75.0,84.72222222222223,0,10,19,28,67.85714285714286,83.73684210526315,10,12,83.33333333333333,75.35,green
uuid-2569-2087,2569,2026-06-29,2026-07-05,,97.22222222222223,0,9,7,28,25.0,88.04285714285713,2,12,16.666666666666668,83.3,green
uuid-2569-2088,2569,2026-06-29,2026-07-05,,10.0,1,0,0,14,0.0,,0,6,0.0,,green
uuid-2569-2089,2569,2026-06-29,2026-07-05,100.0,63.888888888888886,0,1,7,14,50.0,61.94285714285714,4,6,66.66666666666667,73.325,green
uuid-2569-2090,2569,2026-06-29,2026-07-05,25.0,68.05555555555556,0,0,14,28,50.0,75.5642857142857,9,12,75.0,75.55555555555556,orange
uuid-2569-2091,2569,2026-06-29,2026-07-05,,100.0,0,5,2,14,14.285714285714286,83.1,2,6,33.333333333333336,91.80000000000001,green
uuid-2569-2092,2569,2026-06-29,2026-07-05,100.0,84.61538461538461,0,13,13,28,46.42857142857143,80.82307692307693,7,12,58.333333333333336,81.5142857142857,green
uuid-2569-2093,2569,2026-06-29,2026-07-05,100.0,51.851851851851855,0,1,10,21,47.61904761904762,71.09,4,9,44.44444444444444,66.35,green
uuid-2569-2094,2569,2026-06-29,2026-07-05,75.0,90.38461538461539,0,1,13,28,46.42857142857143,75.95384615384616,6,12,50.0,83.75,green
uuid-2569-2095,2569,2026-06-29,2026-07-05,100.0,88.88888888888889,0,1,11,14,78.57142857142857,87.80909090909091,5,6,83.33333333333333,91.38000000000001,green
uuid-2569-2096,2569,2026-06-29,2026-07-05,100.0,77.77777777777777,0,2,9,14,64.28571428571429,82.37777777777778,5,6,83.33333333333333,91.0,green
uuid-2569-2097,2569,2026-06-29,2026-07-05,100.0,70.37037037037037,0,3,11,21,52.38095238095238,72.69090909090909,5,9,55.55555555555556,79.4,green
uuid-2569-2098,2569,2026-06-29,2026-07-05,,76.92307692307692,0,0,10,28,35.714285714285715,79.15,5,12,41.666666666666664,72.32000000000001,green
uuid-2569-2099,2569,2026-06-29,2026-07-05,100.0,51.388888888888886,0,1,6,28,21.428571428571427,63.28333333333333,2,12,16.666666666666668,56.05,green
uuid-2569-2100,2569,2026-06-29,2026-07-05,25.0,66.66666666666667,0,0,7,28,25.0,76.34285714285714,4,12,33.333333333333336,75.9,orange
uuid-2569-2101,2569,2026-06-29,2026-07-05,,73.07692307692308,0,0,3,14,21.428571428571427,81.96666666666667,2,6,33.333333333333336,57.349999999999994,green
uuid-2569-2102,2569,2026-06-29,2026-07-05,,72.22222222222223,0,0,4,14,28.571428571428573,77.825,1,6,16.666666666666668,57.9,green
uuid-2569-2103,2569,2026-06-29,2026-07-05,75.0,76.38888888888889,0,1,17,28,60.714285714285715,77.49411764705883,10,12,83.33333333333333,82.35,green
uuid-2569-2104,2569,2026-06-29,2026-07-05,50.0,65.27777777777777,0,0,19,28,67.85714285714286,71.86315789473684,7,12,58.333333333333336,79.52857142857144,yellow
uuid-2569-2105,2569,2026-06-29,2026-07-05,,25.0,0,0,2,28,7.142857142857143,66.2,0,12,0.0,,green
uuid-2569-2106,2569,2026-06-29,2026-07-05,25.0,62.5,0,0,15,28,53.57142857142857,75.96000000000001,7,12,58.333333333333336,83.51428571428572,orange
uuid-2569-2107,2569,2026-06-29,2026-07-05,100.0,75.0,0,1,9,28,32.142857142857146,73.72222222222223,3,12,25.0,65.23333333333333,green
uuid-2569-2108,2569,2026-06-29,2026-07-05,25.0,56.94444444444444,0,0,18,28,64.28571428571429,81.63888888888889,7,12,58.333333333333336,83.45714285714284,orange
uuid-2569-2109,2569,2026-06-29,2026-07-05,25.0,76.38888888888889,0,0,16,28,57.142857142857146,80.76875,8,12,66.66666666666667,79.75,orange
uuid-2569-2110,2569,2026-06-29,2026-07-05,100.0,97.22222222222223,0,18,20,28,71.42857142857143,89.04,10,12,83.33333333333333,92.75000000000001,green
uuid-2569-2111,2569,2026-06-29,2026-07-05,50.0,54.166666666666664,0,0,11,28,39.285714285714285,60.76363636363636,4,12,33.333333333333336,54.599999999999994,yellow
uuid-2569-2112,2569,2026-06-29,2026-07-05,100.0,77.77777777777777,0,2,18,28,64.28571428571429,82.00555555555555,9,12,75.0,76.88888888888889,green
uuid-2569-2113,2569,2026-06-29,2026-07-05,100.0,75.92592592592592,0,1,14,21,66.66666666666667,75.95000000000002,7,9,77.77777777777777,77.97142857142858,green
uuid-2569-2114,2569,2026-06-29,2026-07-05,50.0,59.72222222222222,0,0,9,28,32.142857142857146,64.53333333333335,5,12,41.666666666666664,65.82000000000001,yellow
uuid-2569-2115,2569,2026-06-29,2026-07-05,,50.0,0,0,4,28,14.285714285714286,59.12500000000001,3,12,25.0,68.03333333333333,green
uuid-2569-2116,2569,2026-06-29,2026-07-05,100.0,92.3076923076923,0,13,19,28,67.85714285714286,85.16842105263159,7,12,58.333333333333336,87.65714285714287,green
uuid-2569-2117,2569,2026-06-29,2026-07-05,100.0,100.0,0,13,13,21,61.904761904761905,88.25384615384615,5,9,55.55555555555556,86.98,green
uuid-2569-2118,2569,2026-06-29,2026-07-05,,66.66666666666667,0,0,1,21,4.761904761904762,97.4,3,9,33.333333333333336,82.8,green
uuid-2569-2119,2569,2026-06-29,2026-07-05,100.0,93.05555555555556,0,14,17,28,60.714285714285715,89.65882352941176,8,12,66.66666666666667,86.9375,green
uuid-2569-2120,2569,2026-06-29,2026-07-05,75.0,77.77777777777777,0,2,13,28,46.42857142857143,80.26153846153846,6,12,50.0,83.51666666666665,green
uuid-2569-2121,2569,2026-06-29,2026-07-05,100.0,98.07692307692308,0,13,19,28,67.85714285714286,88.98421052631579,6,12,50.0,86.75,green
uuid-2569-2122,2569,2026-06-29,2026-07-05,75.0,86.11111111111111,0,9,18,28,64.28571428571429,83.82222222222222,9,12,75.0,83.9111111111111,green
uuid-2569-2123,2569,2026-06-29,2026-07-05,100.0,86.11111111111111,0,2,20,28,71.42857142857143,85.28500000000001,7,12,58.333333333333336,82.82857142857142,green
uuid-2569-2124,2569,2026-06-29,2026-07-05,50.0,69.44444444444444,0,0,13,28,46.42857142857143,67.1076923076923,7,12,58.333333333333336,66.15714285714286,yellow
uuid-2569-2125,2569,2026-06-29,2026-07-05,50.0,76.38888888888889,0,0,17,28,60.714285714285715,68.1,10,12,83.33333333333333,66.72,yellow
uuid-2569-2126,2569,2026-06-29,2026-07-05,25.0,31.944444444444443,0,0,9,28,32.142857142857146,57.955555555555556,3,12,25.0,65.0,orange
uuid-2569-2127,2569,2026-06-29,2026-07-05,100.0,90.0,0,5,6,28,21.428571428571427,91.31666666666666,3,12,25.0,88.8,green
uuid-2569-2128,2569,2026-06-29,2026-07-05,,66.66666666666667,0,1,1,21,4.761904761904762,74.0,2,9,22.22222222222222,75.35,green
uuid-2569-2129,2569,2026-06-29,2026-07-05,100.0,97.43589743589743,0,7,13,21,61.904761904761905,88.93076923076923,5,9,55.55555555555556,89.44000000000001,green
uuid-2569-2130,2569,2026-06-29,2026-07-05,100.0,88.46153846153847,0,13,18,28,64.28571428571429,84.6222222222222,7,12,58.333333333333336,89.85714285714286,green
uuid-2569-2131,2569,2026-06-29,2026-07-05,33.333333333333336,70.37037037037037,0,0,13,21,61.904761904761905,70.75384615384615,8,9,88.88888888888889,68.41250000000001,orange
uuid-2569-2132,2569,2026-06-29,2026-07-05,100.0,77.77777777777777,0,1,6,14,42.857142857142854,72.86666666666666,4,6,66.66666666666667,77.0,green
uuid-2569-2133,2569,2026-06-29,2026-07-05,75.0,80.55555555555556,0,2,19,28,67.85714285714286,85.97894736842105,12,12,100.0,83.95,green
uuid-2569-2134,2569,2026-06-29,2026-07-05,,27.77777777777778,0,0,3,14,21.428571428571427,67.60000000000001,1,6,16.666666666666668,87.4,green
uuid-2569-2135,2569,2026-06-29,2026-07-05,100.0,76.38888888888889,0,6,16,28,57.142857142857146,79.36874999999999,8,12,66.66666666666667,85.4625,green
uuid-2569-2136,2569,2026-06-29,2026-07-05,25.0,62.5,0,0,14,28,50.0,76.19285714285715,11,12,91.66666666666667,72.89999999999999,orange
uuid-2569-2137,2569,2026-06-29,2026-07-05,100.0,100.0,0,18,24,28,85.71428571428571,86.14999999999999,11,12,91.66666666666667,84.58181818181818,green
uuid-2569-2138,2569,2026-06-29,2026-07-05,,66.66666666666667,0,0,8,28,28.571428571428573,78.325,4,12,33.333333333333336,84.975,green
uuid-2569-2139,2569,2026-06-29,2026-07-05,100.0,61.53846153846154,0,2,10,21,47.61904761904762,68.3,2,9,22.22222222222222,60.85,green
uuid-2569-2140,2569,2026-06-29,2026-07-05,,70.0,0,0,1,14,7.142857142857143,89.1,1,6,16.666666666666668,82.5,green
uuid-2569-2141,2569,2026-06-29,2026-07-05,100.0,75.0,0,2,16,28,57.142857142857146,74.74374999999999,3,12,25.0,81.33333333333333,green
uuid-2569-2142,2569,2026-06-29,2026-07-05,75.0,90.0,0,5,5,28,17.857142857142858,82.66,4,12,33.333333333333336,88.875,green
uuid-2569-2143,2569,2026-06-29,2026-07-05,,100.0,0,5,1,14,7.142857142857143,63.8,1,6,16.666666666666668,84.0,green
uuid-2569-2144,2569,2026-06-29,2026-07-05,0.0,61.53846153846154,0,0,9,21,42.857142857142854,69.55555555555556,3,9,33.333333333333336,79.53333333333335,red
uuid-2569-2145,2569,2026-06-29,2026-07-05,,90.0,0,5,4,28,14.285714285714286,96.25,4,12,33.333333333333336,92.2,green
uuid-2569-2146,2569,2026-06-29,2026-07-05,100.0,92.5925925925926,0,2,13,21,61.904761904761905,84.80000000000001,8,9,88.88888888888889,84.0875,green
uuid-2569-2147,2569,2026-06-29,2026-07-05,25.0,55.55555555555556,0,0,7,28,25.0,73.02857142857142,1,12,8.333333333333334,61.4,orange
uuid-2569-2148,2569,2026-06-29,2026-07-05,100.0,76.92307692307692,0,3,14,28,50.0,79.98571428571428,6,12,50.0,76.56666666666666,green
uuid-2569-2149,2569,2026-06-29,2026-07-05,0.0,66.66666666666667,1,0,6,14,42.857142857142854,67.66666666666667,3,6,50.0,59.5,red
uuid-2569-2150,2569,2026-06-29,2026-07-05,100.0,98.07692307692308,0,13,18,28,64.28571428571429,87.06111111111112,7,12,58.333333333333336,86.41428571428571,green
uuid-2569-2001,2569,2026-07-06,2026-07-12,100.0,84.21052631578948,0,1,12,14,85.71428571428571,84.88333333333333,6,6,100.0,93.63333333333333,green
uuid-2569-2002,2569,2026-07-06,2026-07-12,,31.944444444444443,0,0,7,28,25.0,50.128571428571426,5,12,41.666666666666664,59.96,green
uuid-2569-2003,2569,2026-07-06,2026-07-12,75.0,68.42105263157895,0,2,11,28,39.285714285714285,67.50909090909092,8,12,66.66666666666667,65.825,green
uuid-2569-2004,2569,2026-07-06,2026-07-12,25.0,67.10526315789474,0,0,14,28,50.0,79.05000000000003,8,12,66.66666666666667,72.8875,orange
uuid-2569-2005,2569,2026-07-06,2026-07-12,75.0,96.42857142857143,0,14,19,28,67.85714285714286,89.23684210526316,7,12,58.333333333333336,82.58571428571429,green
uuid-2569-2006,2569,2026-07-06,2026-07-12,75.0,60.526315789473685,0,2,16,28,57.142857142857146,71.7125,8,12,66.66666666666667,74.28750000000001,green
uuid-2569-2007,2569,2026-07-06,2026-07-12,100.0,85.71428571428571,0,1,11,21,52.38095238095238,77.04545454545455,3,9,33.333333333333336,79.06666666666666,green
uuid-2569-2008,2569,2026-07-06,2026-07-12,100.0,87.5,0,1,17,28,60.714285714285715,72.85882352941178,6,12,50.0,84.1,green
uuid-2569-2009,2569,2026-07-06,2026-07-12,,65.38461538461539,0,0,10,28,35.714285714285715,71.04,2,12,16.666666666666668,73.69999999999999,green
uuid-2569-2010,2569,2026-07-06,2026-07-12,100.0,97.36842105263158,0,19,19,28,67.85714285714286,89.27368421052631,10,12,83.33333333333333,92.13000000000001,green
uuid-2569-2011,2569,2026-07-06,2026-07-12,,61.111111111111114,0,0,3,14,21.428571428571427,81.10000000000001,1,6,16.666666666666668,63.2,green
uuid-2569-2012,2569,2026-07-06,2026-07-12,100.0,90.47619047619048,0,5,12,21,57.142857142857146,85.18333333333334,6,9,66.66666666666667,86.76666666666667,green
uuid-2569-2013,2569,2026-07-06,2026-07-12,,53.333333333333336,0,1,3,21,14.285714285714286,68.83333333333333,2,9,22.22222222222222,63.3,green
uuid-2569-2014,2569,2026-07-06,2026-07-12,50.0,60.526315789473685,0,0,11,28,39.285714285714285,65.30909090909091,8,12,66.66666666666667,68.5375,yellow
uuid-2569-2015,2569,2026-07-06,2026-07-12,,70.37037037037037,0,0,6,21,28.571428571428573,60.1,2,9,22.22222222222222,67.05,green
uuid-2569-2016,2569,2026-07-06,2026-07-12,25.0,64.47368421052632,0,0,15,28,53.57142857142857,82.26666666666667,10,12,83.33333333333333,83.08,orange
uuid-2569-2017,2569,2026-07-06,2026-07-12,,47.22222222222222,0,0,6,28,21.428571428571427,68.05,2,12,16.666666666666668,68.15,green
uuid-2569-2018,2569,2026-07-06,2026-07-12,,41.666666666666664,0,0,8,28,28.571428571428573,66.7625,3,12,25.0,64.93333333333334,green
uuid-2569-2019,2569,2026-07-06,2026-07-12,,95.0,0,5,2,28,7.142857142857143,76.4,2,12,16.666666666666668,80.6,green
uuid-2569-2020,2569,2026-07-06,2026-07-12,100.0,89.47368421052632,0,2,22,28,78.57142857142857,85.75,10,12,83.33333333333333,74.6,green
uuid-2569-2021,2569,2026-07-06,2026-07-12,50.0,67.10526315789474,0,0,17,28,60.714285714285715,80.19411764705882,5,12,41.666666666666664,74.38,yellow
uuid-2569-2022,2569,2026-07-06,2026-07-12,,93.33333333333333,0,4,1,21,4.761904761904762,79.5,3,9,33.333333333333336,77.03333333333333,green
uuid-2569-2023,2569,2026-07-06,2026-07-12,25.0,55.26315789473684,0,0,22,28,78.57142857142857,75.69090909090909,10,12,83.33333333333333,76.33000000000001,orange
uuid-2569-2024,2569,2026-07-06,2026-07-12,50.0,81.57894736842105,0,0,7,14,50.0,87.98571428571428,3,6,50.0,64.2,yellow
uuid-2569-2025,2569,2026-07-06,2026-07-12,,59.25925925925926,0,1,3,21,14.285714285714286,75.36666666666666,3,9,33.333333333333336,84.10000000000001,green
uuid-2569-2026,2569,2026-07-06,2026-07-12,100.0,94.73684210526316,0,19,19,28,67.85714285714286,87.51578947368421,11,12,91.66666666666667,86.08181818181819,green
uuid-2569-2027,2569,2026-07-06,2026-07-12,75.0,70.83333333333333,0,4,5,28,17.857142857142858,80.67999999999999,3,12,25.0,73.2,green
uuid-2569-2028,2569,2026-07-06,2026-07-12,,65.0,0,0,2,28,7.142857142857143,73.75,4,12,33.333333333333336,73.525,green
uuid-2569-2029,2569,2026-07-06,2026-07-12,100.0,65.78947368421052,0,1,9,14,64.28571428571429,78.78888888888889,4,6,66.66666666666667,76.55000000000001,green
uuid-2569-2030,2569,2026-07-06,2026-07-12,100.0,96.42857142857143,0,3,15,28,53.57142857142857,83.44,8,12,66.66666666666667,89.4,green
uuid-2569-2031,2569,2026-07-06,2026-07-12,50.0,78.94736842105263,0,0,16,28,57.142857142857146,90.2,10,12,83.33333333333333,82.99000000000001,yellow
uuid-2569-2032,2569,2026-07-06,2026-07-12,33.333333333333336,78.57142857142857,0,0,13,21,61.904761904761905,82.22307692307693,6,9,66.66666666666667,77.7,orange
uuid-2569-2033,2569,2026-07-06,2026-07-12,100.0,84.21052631578948,0,1,9,14,64.28571428571429,85.72222222222223,3,6,50.0,84.36666666666666,green
uuid-2569-2034,2569,2026-07-06,2026-07-12,100.0,80.35714285714286,0,2,17,28,60.714285714285715,84.60000000000001,4,12,33.333333333333336,82.25,green
uuid-2569-2035,2569,2026-07-06,2026-07-12,66.66666666666667,85.71428571428571,0,0,12,21,57.142857142857146,72.73333333333333,5,9,55.55555555555556,82.02000000000001,yellow
uuid-2569-2036,2569,2026-07-06,2026-07-12,100.0,97.36842105263158,0,2,10,14,71.42857142857143,81.61999999999999,4,6,66.66666666666667,84.8,green
uuid-2569-2037,2569,2026-07-06,2026-07-12,100.0,93.42105263157895,0,4,22,28,78.57142857142857,88.42272727272727,9,12,75.0,90.65555555555557,green
uuid-2569-2038,2569,2026-07-06,2026-07-12,100.0,92.98245614035088,0,5,12,21,57.142857142857146,79.70833333333333,7,9,77.77777777777777,86.07142857142857,green
uuid-2569-2039,2569,2026-07-06,2026-07-12,,47.22222222222222,0,0,5,28,17.857142857142858,76.74000000000001,1,12,8.333333333333334,65.5,green
uuid-2569-2040,2569,2026-07-06,2026-07-12,75.0,79.16666666666667,0,6,4,28,14.285714285714286,74.3,3,12,25.0,82.43333333333332,green
uuid-2569-2041,2569,2026-07-06,2026-07-12,75.0,65.78947368421052,0,3,14,28,50.0,71.78571428571429,8,12,66.66666666666667,77.7125,green
uuid-2569-2042,2569,2026-07-06,2026-07-12,100.0,73.21428571428571,0,1,12,28,42.857142857142854,79.78333333333333,7,12,58.333333333333336,74.34285714285716,green
uuid-2569-2043,2569,2026-07-06,2026-07-12,,78.125,0,1,9,28,32.142857142857146,71.92222222222222,2,12,16.666666666666668,60.85,green
uuid-2569-2044,2569,2026-07-06,2026-07-12,100.0,72.36842105263158,0,2,16,28,57.142857142857146,74.65,7,12,58.333333333333336,75.27142857142857,green
uuid-2569-2045,2569,2026-07-06,2026-07-12,50.0,82.14285714285714,0,0,16,28,57.142857142857146,80.5375,4,12,33.333333333333336,81.925,yellow
uuid-2569-2046,2569,2026-07-06,2026-07-12,,65.625,0,0,9,28,32.142857142857146,77.33333333333333,3,12,25.0,78.56666666666666,green
uuid-2569-2047,2569,2026-07-06,2026-07-12,75.0,94.73684210526316,0,19,22,28,78.57142857142857,87.86818181818181,10,12,83.33333333333333,89.88,green
uuid-2569-2048,2569,2026-07-06,2026-07-12,100.0,98.6842105263158,0,19,20,28,71.42857142857143,87.20000000000002,11,12,91.66666666666667,89.41818181818182,green
uuid-2569-2049,2569,2026-07-06,2026-07-12,,58.333333333333336,0,0,5,28,17.857142857142858,64.58,1,12,8.333333333333334,66.4,green
uuid-2569-2050,2569,2026-07-06,2026-07-12,75.0,78.57142857142857,0,1,13,28,46.42857142857143,77.55384615384615,6,12,50.0,69.13333333333334,green
uuid-2569-2051,2569,2026-07-06,2026-07-12,75.0,75.0,0,3,9,28,32.142857142857146,83.5888888888889,5,12,41.666666666666664,90.3,green
uuid-2569-2052,2569,2026-07-06,2026-07-12,,50.0,0,0,3,14,21.428571428571427,70.0,0,6,0.0,,green
uuid-2569-2053,2569,2026-07-06,2026-07-12,50.0,80.26315789473684,0,0,19,28,67.85714285714286,82.56315789473685,10,12,83.33333333333333,71.76000000000002,yellow
uuid-2569-2054,2569,2026-07-06,2026-07-12,50.0,43.421052631578945,0,0,8,28,28.571428571428573,64.3375,4,12,33.333333333333336,65.75,yellow
uuid-2569-2055,2569,2026-07-06,2026-07-12,,94.23076923076923,0,13,14,28,50.0,84.47142857142856,6,12,50.0,82.01666666666667,green
uuid-2569-2056,2569,2026-07-06,2026-07-12,75.0,62.5,0,1,6,28,21.428571428571427,67.81666666666666,4,12,33.333333333333336,65.275,green
uuid-2569-2057,2569,2026-07-06,2026-07-12,,56.25,0,0,2,28,7.142857142857143,69.80000000000001,2,12,16.666666666666668,67.5,green
uuid-2569-2058,2569,2026-07-06,2026-07-12,,50.0,0,0,6,28,21.428571428571427,64.01666666666667,0,12,0.0,,green
uuid-2569-2059,2569,2026-07-06,2026-07-12,100.0,89.47368421052632,0,4,10,14,71.42857142857143,88.47,5,6,83.33333333333333,92.9,green
uuid-2569-2060,2569,2026-07-06,2026-07-12,75.0,88.15789473684211,0,18,21,28,75.0,86.90952380952382,10,12,83.33333333333333,88.12,green
uuid-2569-2061,2569,2026-07-06,2026-07-12,,55.0,0,1,2,28,7.142857142857143,82.5,3,12,25.0,72.86666666666666,green
uuid-2569-2062,2569,2026-07-06,2026-07-12,66.66666666666667,94.73684210526316,0,0,17,21,80.95238095238095,89.5529411764706,6,9,66.66666666666667,88.85000000000001,yellow
uuid-2569-2063,2569,2026-07-06,2026-07-12,50.0,52.63157894736842,0,0,7,28,25.0,76.8,6,12,50.0,76.73333333333335,yellow
uuid-2569-2064,2569,2026-07-06,2026-07-12,75.0,71.42857142857143,0,2,13,28,46.42857142857143,73.83846153846153,4,12,33.333333333333336,64.7,green
uuid-2569-2065,2569,2026-07-06,2026-07-12,100.0,98.24561403508773,0,17,14,21,66.66666666666667,85.31428571428572,7,9,77.77777777777777,84.60000000000001,green
uuid-2569-2066,2569,2026-07-06,2026-07-12,50.0,62.5,0,0,4,28,14.285714285714286,61.849999999999994,7,12,58.333333333333336,72.22857142857143,yellow
uuid-2569-2067,2569,2026-07-06,2026-07-12,100.0,96.49122807017544,0,2,16,21,76.19047619047619,86.15625,7,9,77.77777777777777,91.92857142857143,green
uuid-2569-2068,2569,2026-07-06,2026-07-12,50.0,60.526315789473685,0,0,15,28,53.57142857142857,72.9,11,12,91.66666666666667,73.04545454545453,yellow
uuid-2569-2069,2569,2026-07-06,2026-07-12,,94.44444444444444,0,1,5,14,35.714285714285715,64.42,2,6,33.333333333333336,64.7,green
uuid-2569-2070,2569,2026-07-06,2026-07-12,75.0,61.8421052631579,0,2,17,28,60.714285714285715,78.44117647058822,6,12,50.0,69.51666666666667,green
uuid-2569-2071,2569,2026-07-06,2026-07-12,,83.33333333333333,0,8,7,28,25.0,73.01428571428572,2,12,16.666666666666668,77.15,green
uuid-2569-2072,2569,2026-07-06,2026-07-12,50.0,71.05263157894737,0,0,8,14,57.142857142857146,76.4375,5,6,83.33333333333333,83.22,yellow
uuid-2569-2073,2569,2026-07-06,2026-07-12,,75.0,0,4,10,28,35.714285714285715,75.63000000000001,3,12,25.0,81.93333333333334,green
uuid-2569-2074,2569,2026-07-06,2026-07-12,100.0,97.36842105263158,0,7,11,14,78.57142857142857,78.69999999999999,4,6,66.66666666666667,76.25,green
uuid-2569-2075,2569,2026-07-06,2026-07-12,75.0,80.26315789473684,0,2,18,28,64.28571428571429,83.55000000000001,9,12,75.0,81.01111111111112,green
uuid-2569-2076,2569,2026-07-06,2026-07-12,75.0,69.73684210526316,0,2,16,28,57.142857142857146,70.36250000000001,7,12,58.333333333333336,73.3,green
uuid-2569-2077,2569,2026-07-06,2026-07-12,100.0,100.0,0,19,23,28,82.14285714285714,85.84782608695652,12,12,100.0,93.89999999999999,green
uuid-2569-2078,2569,2026-07-06,2026-07-12,75.0,68.42105263157895,0,1,16,28,57.142857142857146,71.61875,5,12,41.666666666666664,66.02000000000001,green
uuid-2569-2079,2569,2026-07-06,2026-07-12,100.0,94.73684210526316,0,19,17,28,60.714285714285715,88.12352941176471,11,12,91.66666666666667,86.15454545454547,green
uuid-2569-2080,2569,2026-07-06,2026-07-12,75.0,86.84210526315789,0,11,19,28,67.85714285714286,87.68947368421054,9,12,75.0,92.35555555555555,green
uuid-2569-2081,2569,2026-07-06,2026-07-12,75.0,88.15789473684211,0,3,16,28,57.142857142857146,80.71875,9,12,75.0,79.67777777777778,green
uuid-2569-2082,2569,2026-07-06,2026-07-12,50.0,68.42105263157895,0,0,7,14,50.0,67.52857142857144,5,6,83.33333333333333,74.32000000000001,yellow
uuid-2569-2083,2569,2026-07-06,2026-07-12,,51.92307692307692,0,0,6,28,21.428571428571427,79.63333333333334,2,12,16.666666666666668,74.25,green
uuid-2569-2084,2569,2026-07-06,2026-07-12,100.0,97.36842105263158,0,19,20,28,71.42857142857143,88.56000000000002,12,12,100.0,86.05,green
uuid-2569-2085,2569,2026-07-06,2026-07-12,75.0,77.63157894736842,0,1,16,28,57.142857142857146,80.03125,8,12,66.66666666666667,69.275,green
uuid-2569-2086,2569,2026-07-06,2026-07-12,100.0,85.52631578947368,0,11,19,28,67.85714285714286,83.73684210526315,10,12,83.33333333333333,75.35,green
uuid-2569-2087,2569,2026-07-06,2026-07-12,,97.22222222222223,0,9,7,28,25.0,88.04285714285713,2,12,16.666666666666668,83.3,green
uuid-2569-2088,2569,2026-07-06,2026-07-12,,10.0,1,0,0,14,0.0,,0,6,0.0,,green
uuid-2569-2089,2569,2026-07-06,2026-07-12,50.0,63.1578947368421,0,0,7,14,50.0,61.94285714285714,4,6,66.66666666666667,73.325,yellow
uuid-2569-2090,2569,2026-07-06,2026-07-12,75.0,68.42105263157895,0,1,14,28,50.0,75.5642857142857,9,12,75.0,75.55555555555556,green
uuid-2569-2091,2569,2026-07-06,2026-07-12,,100.0,0,5,2,14,14.285714285714286,83.1,2,6,33.333333333333336,91.80000000000001,green
uuid-2569-2092,2569,2026-07-06,2026-07-12,,84.61538461538461,0,13,13,28,46.42857142857143,80.82307692307693,7,12,58.333333333333336,81.5142857142857,green
uuid-2569-2093,2569,2026-07-06,2026-07-12,100.0,54.3859649122807,0,2,10,21,47.61904761904762,71.09,4,9,44.44444444444444,66.35,green
uuid-2569-2094,2569,2026-07-06,2026-07-12,,90.38461538461539,0,1,13,28,46.42857142857143,75.95384615384616,6,12,50.0,83.75,green
uuid-2569-2095,2569,2026-07-06,2026-07-12,50.0,86.84210526315789,0,0,11,14,78.57142857142857,87.80909090909091,5,6,83.33333333333333,91.38000000000001,yellow
uuid-2569-2096,2569,2026-07-06,2026-07-12,100.0,78.94736842105263,0,3,9,14,64.28571428571429,82.37777777777778,5,6,83.33333333333333,91.0,green
uuid-2569-2097,2569,2026-07-06,2026-07-12,33.333333333333336,68.42105263157895,0,0,11,21,52.38095238095238,72.69090909090909,5,9,55.55555555555556,79.4,orange
uuid-2569-2098,2569,2026-07-06,2026-07-12,,76.92307692307692,0,0,10,28,35.714285714285715,79.15,5,12,41.666666666666664,72.32000000000001,green
uuid-2569-2099,2569,2026-07-06,2026-07-12,,51.388888888888886,0,1,6,28,21.428571428571427,63.28333333333333,2,12,16.666666666666668,56.05,green
uuid-2569-2100,2569,2026-07-06,2026-07-12,75.0,67.5,0,1,7,28,25.0,76.34285714285714,4,12,33.333333333333336,75.9,green
uuid-2569-2101,2569,2026-07-06,2026-07-12,,73.07692307692308,0,0,3,14,21.428571428571427,81.96666666666667,2,6,33.333333333333336,57.349999999999994,green
uuid-2569-2102,2569,2026-07-06,2026-07-12,,72.22222222222223,0,0,4,14,28.571428571428573,77.825,1,6,16.666666666666668,57.9,green
uuid-2569-2103,2569,2026-07-06,2026-07-12,50.0,75.0,0,0,17,28,60.714285714285715,77.49411764705883,10,12,83.33333333333333,82.35,yellow
uuid-2569-2104,2569,2026-07-06,2026-07-12,100.0,67.10526315789474,0,1,19,28,67.85714285714286,71.86315789473684,7,12,58.333333333333336,79.52857142857144,green
uuid-2569-2105,2569,2026-07-06,2026-07-12,,25.0,0,0,2,28,7.142857142857143,66.2,0,12,0.0,,green
uuid-2569-2106,2569,2026-07-06,2026-07-12,75.0,63.1578947368421,0,1,15,28,53.57142857142857,75.96000000000001,7,12,58.333333333333336,83.51428571428572,green
uuid-2569-2107,2569,2026-07-06,2026-07-12,75.0,75.0,0,2,9,28,32.142857142857146,73.72222222222223,3,12,25.0,65.23333333333333,green
uuid-2569-2108,2569,2026-07-06,2026-07-12,100.0,59.21052631578947,0,1,18,28,64.28571428571429,81.63888888888889,7,12,58.333333333333336,83.45714285714284,green
uuid-2569-2109,2569,2026-07-06,2026-07-12,75.0,76.3157894736842,0,1,16,28,57.142857142857146,80.76875,8,12,66.66666666666667,79.75,green
uuid-2569-2110,2569,2026-07-06,2026-07-12,100.0,97.36842105263158,0,19,20,28,71.42857142857143,89.04,10,12,83.33333333333333,92.75000000000001,green
uuid-2569-2111,2569,2026-07-06,2026-07-12,100.0,56.578947368421055,0,1,11,28,39.285714285714285,60.76363636363636,4,12,33.333333333333336,54.599999999999994,green
uuid-2569-2112,2569,2026-07-06,2026-07-12,25.0,75.0,0,0,18,28,64.28571428571429,82.00555555555555,9,12,75.0,76.88888888888889,orange
uuid-2569-2113,2569,2026-07-06,2026-07-12,66.66666666666667,75.43859649122807,0,0,14,21,66.66666666666667,75.95000000000002,7,9,77.77777777777777,77.97142857142858,yellow
uuid-2569-2114,2569,2026-07-06,2026-07-12,100.0,61.8421052631579,0,1,9,28,32.142857142857146,64.53333333333335,5,12,41.666666666666664,65.82000000000001,green
uuid-2569-2115,2569,2026-07-06,2026-07-12,,50.0,0,0,4,28,14.285714285714286,59.12500000000001,3,12,25.0,68.03333333333333,green
uuid-2569-2116,2569,2026-07-06,2026-07-12,75.0,91.07142857142857,0,14,19,28,67.85714285714286,85.16842105263159,7,12,58.333333333333336,87.65714285714287,green
uuid-2569-2117,2569,2026-07-06,2026-07-12,100.0,100.0,0,14,13,21,61.904761904761905,88.25384615384615,5,9,55.55555555555556,86.98,green
uuid-2569-2118,2569,2026-07-06,2026-07-12,,66.66666666666667,0,0,1,21,4.761904761904762,97.4,3,9,33.333333333333336,82.8,green
uuid-2569-2119,2569,2026-07-06,2026-07-12,100.0,93.42105263157895,0,15,17,28,60.714285714285715,89.65882352941176,8,12,66.66666666666667,86.9375,green
uuid-2569-2120,2569,2026-07-06,2026-07-12,50.0,76.3157894736842,0,0,13,28,46.42857142857143,80.26153846153846,6,12,50.0,83.51666666666665,yellow
uuid-2569-2121,2569,2026-07-06,2026-07-12,100.0,98.21428571428571,0,14,19,28,67.85714285714286,88.98421052631579,6,12,50.0,86.75,green
uuid-2569-2122,2569,2026-07-06,2026-07-12,100.0,86.84210526315789,0,10,18,28,64.28571428571429,83.82222222222222,9,12,75.0,83.9111111111111,green
uuid-2569-2123,2569,2026-07-06,2026-07-12,100.0,86.84210526315789,0,3,20,28,71.42857142857143,85.28500000000001,7,12,58.333333333333336,82.82857142857142,green
uuid-2569-2124,2569,2026-07-06,2026-07-12,50.0,68.42105263157895,0,0,13,28,46.42857142857143,67.1076923076923,7,12,58.333333333333336,66.15714285714286,yellow
uuid-2569-2125,2569,2026-07-06,2026-07-12,50.0,75.0,0,0,17,28,60.714285714285715,68.1,10,12,83.33333333333333,66.72,yellow
uuid-2569-2126,2569,2026-07-06,2026-07-12,,31.944444444444443,0,0,9,28,32.142857142857146,57.955555555555556,3,12,25.0,65.0,green
uuid-2569-2127,2569,2026-07-06,2026-07-12,75.0,87.5,0,6,6,28,21.428571428571427,91.31666666666666,3,12,25.0,88.8,green
uuid-2569-2128,2569,2026-07-06,2026-07-12,,66.66666666666667,0,1,1,21,4.761904761904762,74.0,2,9,22.22222222222222,75.35,green
uuid-2569-2129,2569,2026-07-06,2026-07-12,100.0,97.61904761904762,0,8,13,21,61.904761904761905,88.93076923076923,5,9,55.55555555555556,89.44000000000001,green
uuid-2569-2130,2569,2026-07-06,2026-07-12,75.0,87.5,0,14,18,28,64.28571428571429,84.6222222222222,7,12,58.333333333333336,89.85714285714286,green
uuid-2569-2131,2569,2026-07-06,2026-07-12,0.0,66.66666666666667,1,0,13,21,61.904761904761905,70.75384615384615,8,9,88.88888888888889,68.41250000000001,red
uuid-2569-2132,2569,2026-07-06,2026-07-12,100.0,78.94736842105263,0,2,6,14,42.857142857142854,72.86666666666666,4,6,66.66666666666667,77.0,green
uuid-2569-2133,2569,2026-07-06,2026-07-12,50.0,78.94736842105263,0,0,19,28,67.85714285714286,85.97894736842105,12,12,100.0,83.95,yellow
uuid-2569-2134,2569,2026-07-06,2026-07-12,,27.77777777777778,0,0,3,14,21.428571428571427,67.60000000000001,1,6,16.666666666666668,87.4,green
uuid-2569-2135,2569,2026-07-06,2026-07-12,75.0,76.3157894736842,0,7,16,28,57.142857142857146,79.36874999999999,8,12,66.66666666666667,85.4625,green
uuid-2569-2136,2569,2026-07-06,2026-07-12,50.0,61.8421052631579,0,0,14,28,50.0,76.19285714285715,11,12,91.66666666666667,72.89999999999999,yellow
uuid-2569-2137,2569,2026-07-06,2026-07-12,100.0,100.0,0,19,24,28,85.71428571428571,86.14999999999999,11,12,91.66666666666667,84.58181818181818,green
uuid-2569-2138,2569,2026-07-06,2026-07-12,,66.66666666666667,0,0,8,28,28.571428571428573,78.325,4,12,33.333333333333336,84.975,green
uuid-2569-2139,2569,2026-07-06,2026-07-12,33.333333333333336,59.523809523809526,0,0,10,21,47.61904761904762,68.3,2,9,22.22222222222222,60.85,orange
uuid-2569-2140,2569,2026-07-06,2026-07-12,,70.0,0,0,1,14,7.142857142857143,89.1,1,6,16.666666666666668,82.5,green
uuid-2569-2141,2569,2026-07-06,2026-07-12,50.0,73.21428571428571,0,0,16,28,57.142857142857146,74.74374999999999,3,12,25.0,81.33333333333333,yellow
uuid-2569-2142,2569,2026-07-06,2026-07-12,100.0,91.66666666666667,0,6,5,28,17.857142857142858,82.66,4,12,33.333333333333336,88.875,green
uuid-2569-2143,2569,2026-07-06,2026-07-12,,100.0,0,5,1,14,7.142857142857143,63.8,1,6,16.666666666666668,84.0,green
uuid-2569-2144,2569,2026-07-06,2026-07-12,,61.53846153846154,0,0,9,21,42.857142857142854,69.55555555555556,3,9,33.333333333333336,79.53333333333335,green
uuid-2569-2145,2569,2026-07-06,2026-07-12,,90.0,0,5,4,28,14.285714285714286,96.25,4,12,33.333333333333336,92.2,green
uuid-2569-2146,2569,2026-07-06,2026-07-12,100.0,92.98245614035088,0,3,13,21,61.904761904761905,84.80000000000001,8,9,88.88888888888889,84.0875,green
uuid-2569-2147,2569,2026-07-06,2026-07-12,50.0,55.0,0,0,7,28,25.0,73.02857142857142,1,12,8.333333333333334,61.4,yellow
uuid-2569-2148,2569,2026-07-06,2026-07-12,75.0,76.78571428571429,0,4,14,28,50.0,79.98571428571428,6,12,50.0,76.56666666666666,green
uuid-2569-2149,2569,2026-07-06,2026-07-12,0.0,63.1578947368421,2,0,6,14,42.857142857142854,67.66666666666667,3,6,50.0,59.5,red
uuid-2569-2150,2569,2026-07-06,2026-07-12,100.0,98.21428571428571,0,14,18,28,64.28571428571429,87.06111111111112,7,12,58.333333333333336,86.41428571428571,green
uuid-2569-2001,2569,2026-07-13,2026-07-19,50.0,82.5,0,0,12,14,85.71428571428571,84.88333333333333,6,6,100.0,93.63333333333333,yellow
uuid-2569-2002,2569,2026-07-13,2026-07-19,,31.944444444444443,0,0,7,28,25.0,50.128571428571426,5,12,41.666666666666664,59.96,green
uuid-2569-2003,2569,2026-07-13,2026-07-19,50.0,67.5,0,0,11,28,39.285714285714285,67.50909090909092,8,12,66.66666666666667,65.825,yellow
uuid-2569-2004,2569,2026-07-13,2026-07-19,100.0,68.75,0,1,14,28,50.0,79.05000000000003,8,12,66.66666666666667,72.8875,green
uuid-2569-2005,2569,2026-07-13,2026-07-19,100.0,96.66666666666667,0,15,19,28,67.85714285714286,89.23684210526316,7,12,58.333333333333336,82.58571428571429,green
uuid-2569-2006,2569,2026-07-13,2026-07-19,50.0,60.0,0,0,16,28,57.142857142857146,71.7125,8,12,66.66666666666667,74.28750000000001,yellow
uuid-2569-2007,2569,2026-07-13,2026-07-19,100.0,86.66666666666667,0,2,11,21,52.38095238095238,77.04545454545455,3,9,33.333333333333336,79.06666666666666,green
uuid-2569-2008,2569,2026-07-13,2026-07-19,100.0,88.33333333333333,0,2,17,28,60.714285714285715,72.85882352941178,6,12,50.0,84.1,green
uuid-2569-2009,2569,2026-07-13,2026-07-19,,65.38461538461539,0,0,10,28,35.714285714285715,71.04,2,12,16.666666666666668,73.69999999999999,green
uuid-2569-2010,2569,2026-07-13,2026-07-19,100.0,97.5,0,20,19,28,67.85714285714286,89.27368421052631,10,12,83.33333333333333,92.13000000000001,green
uuid-2569-2011,2569,2026-07-13,2026-07-19,,61.111111111111114,0,0,3,14,21.428571428571427,81.10000000000001,1,6,16.666666666666668,63.2,green
uuid-2569-2012,2569,2026-07-13,2026-07-19,100.0,91.11111111111111,0,6,12,21,57.142857142857146,85.18333333333334,6,9,66.66666666666667,86.76666666666667,green
uuid-2569-2013,2569,2026-07-13,2026-07-19,,53.333333333333336,0,1,3,21,14.285714285714286,68.83333333333333,2,9,22.22222222222222,63.3,green
uuid-2569-2014,2569,2026-07-13,2026-07-19,50.0,60.0,0,0,11,28,39.285714285714285,65.30909090909091,8,12,66.66666666666667,68.5375,yellow
uuid-2569-2015,2569,2026-07-13,2026-07-19,,70.37037037037037,0,0,6,21,28.571428571428573,60.1,2,9,22.22222222222222,67.05,green
uuid-2569-2016,2569,2026-07-13,2026-07-19,75.0,65.0,0,1,15,28,53.57142857142857,82.26666666666667,10,12,83.33333333333333,83.08,green
uuid-2569-2017,2569,2026-07-13,2026-07-19,,47.22222222222222,0,0,6,28,21.428571428571427,68.05,2,12,16.666666666666668,68.15,green
uuid-2569-2018,2569,2026-07-13,2026-07-19,,41.666666666666664,0,0,8,28,28.571428571428573,66.7625,3,12,25.0,64.93333333333334,green
uuid-2569-2019,2569,2026-07-13,2026-07-19,,95.0,0,5,2,28,7.142857142857143,76.4,2,12,16.666666666666668,80.6,green
uuid-2569-2020,2569,2026-07-13,2026-07-19,100.0,90.0,0,3,22,28,78.57142857142857,85.75,10,12,83.33333333333333,74.6,green
uuid-2569-2021,2569,2026-07-13,2026-07-19,25.0,65.0,0,0,17,28,60.714285714285715,80.19411764705882,5,12,41.666666666666664,74.38,orange
uuid-2569-2022,2569,2026-07-13,2026-07-19,,93.33333333333333,0,4,1,21,4.761904761904762,79.5,3,9,33.333333333333336,77.03333333333333,green
uuid-2569-2023,2569,2026-07-13,2026-07-19,75.0,56.25,0,1,22,28,78.57142857142857,75.69090909090909,10,12,83.33333333333333,76.33000000000001,green
uuid-2569-2024,2569,2026-07-13,2026-07-19,100.0,82.5,0,1,7,14,50.0,87.98571428571428,3,6,50.0,64.2,green
uuid-2569-2025,2569,2026-07-13,2026-07-19,,59.25925925925926,0,1,3,21,14.285714285714286,75.36666666666666,3,9,33.333333333333336,84.10000000000001,green
uuid-2569-2026,2569,2026-07-13,2026-07-19,100.0,95.0,0,20,19,28,67.85714285714286,87.51578947368421,11,12,91.66666666666667,86.08181818181819,green
uuid-2569-2027,2569,2026-07-13,2026-07-19,100.0,75.0,0,5,5,28,17.857142857142858,80.67999999999999,3,12,25.0,73.2,green
uuid-2569-2028,2569,2026-07-13,2026-07-19,,65.0,0,0,2,28,7.142857142857143,73.75,4,12,33.333333333333336,73.525,green
uuid-2569-2029,2569,2026-07-13,2026-07-19,100.0,67.5,0,2,9,14,64.28571428571429,78.78888888888889,4,6,66.66666666666667,76.55000000000001,green
uuid-2569-2030,2569,2026-07-13,2026-07-19,100.0,96.66666666666667,0,4,15,28,53.57142857142857,83.44,8,12,66.66666666666667,89.4,green
uuid-2569-2031,2569,2026-07-13,2026-07-19,100.0,80.0,0,1,16,28,57.142857142857146,90.2,10,12,83.33333333333333,82.99000000000001,green
uuid-2569-2032,2569,2026-07-13,2026-07-19,100.0,80.0,0,1,13,21,61.904761904761905,82.22307692307693,6,9,66.66666666666667,77.7,green
uuid-2569-2033,2569,2026-07-13,2026-07-19,100.0,85.0,0,2,9,14,64.28571428571429,85.72222222222223,3,6,50.0,84.36666666666666,green
uuid-2569-2034,2569,2026-07-13,2026-07-19,100.0,81.66666666666667,0,3,17,28,60.714285714285715,84.60000000000001,4,12,33.333333333333336,82.25,green
uuid-2569-2035,2569,2026-07-13,2026-07-19,100.0,86.66666666666667,0,1,12,21,57.142857142857146,72.73333333333333,5,9,55.55555555555556,82.02000000000001,green
uuid-2569-2036,2569,2026-07-13,2026-07-19,50.0,95.0,0,0,10,14,71.42857142857143,81.61999999999999,4,6,66.66666666666667,84.8,yellow
uuid-2569-2037,2569,2026-07-13,2026-07-19,100.0,93.75,0,5,22,28,78.57142857142857,88.42272727272727,9,12,75.0,90.65555555555557,green
uuid-2569-2038,2569,2026-07-13,2026-07-19,100.0,93.33333333333333,0,6,12,21,57.142857142857146,79.70833333333333,7,9,77.77777777777777,86.07142857142857,green
uuid-2569-2039,2569,2026-07-13,2026-07-19,,47.22222222222222,0,0,5,28,17.857142857142858,76.74000000000001,1,12,8.333333333333334,65.5,green
uuid-2569-2040,2569,2026-07-13,2026-07-19,50.0,75.0,0,0,4,28,14.285714285714286,74.3,3,12,25.0,82.43333333333332,yellow
uuid-2569-2041,2569,2026-07-13,2026-07-19,0.0,62.5,1,0,14,28,50.0,71.78571428571429,8,12,66.66666666666667,77.7125,red
uuid-2569-2042,2569,2026-07-13,2026-07-19,100.0,75.0,0,2,12,28,42.857142857142854,79.78333333333333,7,12,58.333333333333336,74.34285714285716,green
uuid-2569-2043,2569,2026-07-13,2026-07-19,,78.125,0,1,9,28,32.142857142857146,71.92222222222222,2,12,16.666666666666668,60.85,green
uuid-2569-2044,2569,2026-07-13,2026-07-19,50.0,71.25,0,0,16,28,57.142857142857146,74.65,7,12,58.333333333333336,75.27142857142857,yellow
uuid-2569-2045,2569,2026-07-13,2026-07-19,75.0,81.66666666666667,0,1,16,28,57.142857142857146,80.5375,4,12,33.333333333333336,81.925,green
uuid-2569-2046,2569,2026-07-13,2026-07-19,,65.625,0,0,9,28,32.142857142857146,77.33333333333333,3,12,25.0,78.56666666666666,green
uuid-2569-2047,2569,2026-07-13,2026-07-19,75.0,93.75,0,20,22,28,78.57142857142857,87.86818181818181,10,12,83.33333333333333,89.88,green
uuid-2569-2048,2569,2026-07-13,2026-07-19,100.0,98.75,0,20,20,28,71.42857142857143,87.20000000000002,11,12,91.66666666666667,89.41818181818182,green
uuid-2569-2049,2569,2026-07-13,2026-07-19,,58.333333333333336,0,0,5,28,17.857142857142858,64.58,1,12,8.333333333333334,66.4,green
uuid-2569-2050,2569,2026-07-13,2026-07-19,50.0,76.66666666666667,0,0,13,28,46.42857142857143,77.55384615384615,6,12,50.0,69.13333333333334,yellow
uuid-2569-2051,2569,2026-07-13,2026-07-19,100.0,77.27272727272727,0,4,9,28,32.142857142857146,83.5888888888889,5,12,41.666666666666664,90.3,green
uuid-2569-2052,2569,2026-07-13,2026-07-19,,50.0,0,0,3,14,21.428571428571427,70.0,0,6,0.0,,green
uuid-2569-2053,2569,2026-07-13,2026-07-19,100.0,81.25,0,1,19,28,67.85714285714286,82.56315789473685,10,12,83.33333333333333,71.76000000000002,green
uuid-2569-2054,2569,2026-07-13,2026-07-19,75.0,45.0,0,1,8,28,28.571428571428573,64.3375,4,12,33.333333333333336,65.75,green
uuid-2569-2055,2569,2026-07-13,2026-07-19,,94.23076923076923,0,13,14,28,50.0,84.47142857142856,6,12,50.0,82.01666666666667,green
uuid-2569-2056,2569,2026-07-13,2026-07-19,75.0,64.28571428571429,0,2,6,28,21.428571428571427,67.81666666666666,4,12,33.333333333333336,65.275,green
uuid-2569-2057,2569,2026-07-13,2026-07-19,,56.25,0,0,2,28,7.142857142857143,69.80000000000001,2,12,16.666666666666668,67.5,green
uuid-2569-2058,2569,2026-07-13,2026-07-19,,50.0,0,0,6,28,21.428571428571427,64.01666666666667,0,12,0.0,,green
uuid-2569-2059,2569,2026-07-13,2026-07-19,100.0,90.0,0,5,10,14,71.42857142857143,88.47,5,6,83.33333333333333,92.9,green
uuid-2569-2060,2569,2026-07-13,2026-07-19,75.0,87.5,0,19,21,28,75.0,86.90952380952382,10,12,83.33333333333333,88.12,green
uuid-2569-2061,2569,2026-07-13,2026-07-19,,55.0,0,1,2,28,7.142857142857143,82.5,3,12,25.0,72.86666666666666,green
uuid-2569-2062,2569,2026-07-13,2026-07-19,100.0,95.0,0,1,17,21,80.95238095238095,89.5529411764706,6,9,66.66666666666667,88.85000000000001,green
uuid-2569-2063,2569,2026-07-13,2026-07-19,25.0,51.25,0,0,7,28,25.0,76.8,6,12,50.0,76.73333333333335,orange
uuid-2569-2064,2569,2026-07-13,2026-07-19,50.0,70.0,0,0,13,28,46.42857142857143,73.83846153846153,4,12,33.333333333333336,64.7,yellow
uuid-2569-2065,2569,2026-07-13,2026-07-19,100.0,98.33333333333333,0,18,14,21,66.66666666666667,85.31428571428572,7,9,77.77777777777777,84.60000000000001,green
uuid-2569-2066,2569,2026-07-13,2026-07-19,25.0,59.09090909090909,0,0,4,28,14.285714285714286,61.849999999999994,7,12,58.333333333333336,72.22857142857143,orange
uuid-2569-2067,2569,2026-07-13,2026-07-19,100.0,96.66666666666667,0,3,16,21,76.19047619047619,86.15625,7,9,77.77777777777777,91.92857142857143,green
uuid-2569-2068,2569,2026-07-13,2026-07-19,25.0,58.75,0,0,15,28,53.57142857142857,72.9,11,12,91.66666666666667,73.04545454545453,orange
uuid-2569-2069,2569,2026-07-13,2026-07-19,,94.44444444444444,0,1,5,14,35.714285714285715,64.42,2,6,33.333333333333336,64.7,green
uuid-2569-2070,2569,2026-07-13,2026-07-19,100.0,63.75,0,3,17,28,60.714285714285715,78.44117647058822,6,12,50.0,69.51666666666667,green
uuid-2569-2071,2569,2026-07-13,2026-07-19,,83.33333333333333,0,8,7,28,25.0,73.01428571428572,2,12,16.666666666666668,77.15,green
uuid-2569-2072,2569,2026-07-13,2026-07-19,100.0,72.5,0,1,8,14,57.142857142857146,76.4375,5,6,83.33333333333333,83.22,green
uuid-2569-2073,2569,2026-07-13,2026-07-19,,75.0,0,4,10,28,35.714285714285715,75.63000000000001,3,12,25.0,81.93333333333334,green
uuid-2569-2074,2569,2026-07-13,2026-07-19,100.0,97.5,0,8,11,14,78.57142857142857,78.69999999999999,4,6,66.66666666666667,76.25,green
uuid-2569-2075,2569,2026-07-13,2026-07-19,50.0,78.75,0,0,18,28,64.28571428571429,83.55000000000001,9,12,75.0,81.01111111111112,yellow
uuid-2569-2076,2569,2026-07-13,2026-07-19,50.0,68.75,0,0,16,28,57.142857142857146,70.36250000000001,7,12,58.333333333333336,73.3,yellow
uuid-2569-2077,2569,2026-07-13,2026-07-19,100.0,100.0,0,20,23,28,82.14285714285714,85.84782608695652,12,12,100.0,93.89999999999999,green
uuid-2569-2078,2569,2026-07-13,2026-07-19,50.0,67.5,0,0,16,28,57.142857142857146,71.61875,5,12,41.666666666666664,66.02000000000001,yellow
uuid-2569-2079,2569,2026-07-13,2026-07-19,100.0,95.0,0,20,17,28,60.714285714285715,88.12352941176471,11,12,91.66666666666667,86.15454545454547,green
uuid-2569-2080,2569,2026-07-13,2026-07-19,75.0,86.25,0,12,19,28,67.85714285714286,87.68947368421054,9,12,75.0,92.35555555555555,green
uuid-2569-2081,2569,2026-07-13,2026-07-19,100.0,88.75,0,4,16,28,57.142857142857146,80.71875,9,12,75.0,79.67777777777778,green
uuid-2569-2082,2569,2026-07-13,2026-07-19,50.0,67.5,0,0,7,14,50.0,67.52857142857144,5,6,83.33333333333333,74.32000000000001,yellow
uuid-2569-2083,2569,2026-07-13,2026-07-19,,51.92307692307692,0,0,6,28,21.428571428571427,79.63333333333334,2,12,16.666666666666668,74.25,green
uuid-2569-2084,2569,2026-07-13,2026-07-19,100.0,97.5,0,20,20,28,71.42857142857143,88.56000000000002,12,12,100.0,86.05,green
uuid-2569-2085,2569,2026-07-13,2026-07-19,50.0,76.25,0,0,16,28,57.142857142857146,80.03125,8,12,66.66666666666667,69.275,yellow
uuid-2569-2086,2569,2026-07-13,2026-07-19,50.0,83.75,0,0,19,28,67.85714285714286,83.73684210526315,10,12,83.33333333333333,75.35,yellow
uuid-2569-2087,2569,2026-07-13,2026-07-19,,97.22222222222223,0,9,7,28,25.0,88.04285714285713,2,12,16.666666666666668,83.3,green
uuid-2569-2088,2569,2026-07-13,2026-07-19,,10.0,1,0,0,14,0.0,,0,6,0.0,,green
uuid-2569-2089,2569,2026-07-13,2026-07-19,100.0,65.0,0,1,7,14,50.0,61.94285714285714,4,6,66.66666666666667,73.325,green
uuid-2569-2090,2569,2026-07-13,2026-07-19,75.0,68.75,0,2,14,28,50.0,75.5642857142857,9,12,75.0,75.55555555555556,green
uuid-2569-2091,2569,2026-07-13,2026-07-19,,100.0,0,5,2,14,14.285714285714286,83.1,2,6,33.333333333333336,91.80000000000001,green
uuid-2569-2092,2569,2026-07-13,2026-07-19,,84.61538461538461,0,13,13,28,46.42857142857143,80.82307692307693,7,12,58.333333333333336,81.5142857142857,green
uuid-2569-2093,2569,2026-07-13,2026-07-19,66.66666666666667,55.0,0,0,10,21,47.61904761904762,71.09,4,9,44.44444444444444,66.35,yellow
uuid-2569-2094,2569,2026-07-13,2026-07-19,,90.38461538461539,0,1,13,28,46.42857142857143,75.95384615384616,6,12,50.0,83.75,green
uuid-2569-2095,2569,2026-07-13,2026-07-19,100.0,87.5,0,1,11,14,78.57142857142857,87.80909090909091,5,6,83.33333333333333,91.38000000000001,green
uuid-2569-2096,2569,2026-07-13,2026-07-19,100.0,80.0,0,4,9,14,64.28571428571429,82.37777777777778,5,6,83.33333333333333,91.0,green
uuid-2569-2097,2569,2026-07-13,2026-07-19,66.66666666666667,68.33333333333333,0,0,11,21,52.38095238095238,72.69090909090909,5,9,55.55555555555556,79.4,yellow
uuid-2569-2098,2569,2026-07-13,2026-07-19,,76.92307692307692,0,0,10,28,35.714285714285715,79.15,5,12,41.666666666666664,72.32000000000001,green
uuid-2569-2099,2569,2026-07-13,2026-07-19,,51.388888888888886,0,1,6,28,21.428571428571427,63.28333333333333,2,12,16.666666666666668,56.05,green
uuid-2569-2100,2569,2026-07-13,2026-07-19,25.0,63.63636363636363,0,0,7,28,25.0,76.34285714285714,4,12,33.333333333333336,75.9,orange
uuid-2569-2101,2569,2026-07-13,2026-07-19,,73.07692307692308,0,0,3,14,21.428571428571427,81.96666666666667,2,6,33.333333333333336,57.349999999999994,green
uuid-2569-2102,2569,2026-07-13,2026-07-19,,72.22222222222223,0,0,4,14,28.571428571428573,77.825,1,6,16.666666666666668,57.9,green
uuid-2569-2103,2569,2026-07-13,2026-07-19,75.0,75.0,0,1,17,28,60.714285714285715,77.49411764705883,10,12,83.33333333333333,82.35,green
uuid-2569-2104,2569,2026-07-13,2026-07-19,50.0,66.25,0,0,19,28,67.85714285714286,71.86315789473684,7,12,58.333333333333336,79.52857142857144,yellow
uuid-2569-2105,2569,2026-07-13,2026-07-19,,25.0,0,0,2,28,7.142857142857143,66.2,0,12,0.0,,green
uuid-2569-2106,2569,2026-07-13,2026-07-19,75.0,63.75,0,2,15,28,53.57142857142857,75.96000000000001,7,12,58.333333333333336,83.51428571428572,green
uuid-2569-2107,2569,2026-07-13,2026-07-19,75.0,75.0,0,3,9,28,32.142857142857146,73.72222222222223,3,12,25.0,65.23333333333333,green
uuid-2569-2108,2569,2026-07-13,2026-07-19,75.0,60.0,0,2,18,28,64.28571428571429,81.63888888888889,7,12,58.333333333333336,83.45714285714284,green
uuid-2569-2109,2569,2026-07-13,2026-07-19,75.0,76.25,0,2,16,28,57.142857142857146,80.76875,8,12,66.66666666666667,79.75,green
uuid-2569-2110,2569,2026-07-13,2026-07-19,100.0,97.5,0,20,20,28,71.42857142857143,89.04,10,12,83.33333333333333,92.75000000000001,green
uuid-2569-2111,2569,2026-07-13,2026-07-19,25.0,55.0,0,0,11,28,39.285714285714285,60.76363636363636,4,12,33.333333333333336,54.599999999999994,orange
uuid-2569-2112,2569,2026-07-13,2026-07-19,50.0,73.75,0,0,18,28,64.28571428571429,82.00555555555555,9,12,75.0,76.88888888888889,yellow
uuid-2569-2113,2569,2026-07-13,2026-07-19,100.0,76.66666666666667,0,1,14,21,66.66666666666667,75.95000000000002,7,9,77.77777777777777,77.97142857142858,green
uuid-2569-2114,2569,2026-07-13,2026-07-19,50.0,61.25,0,0,9,28,32.142857142857146,64.53333333333335,5,12,41.666666666666664,65.82000000000001,yellow
uuid-2569-2115,2569,2026-07-13,2026-07-19,,50.0,0,0,4,28,14.285714285714286,59.12500000000001,3,12,25.0,68.03333333333333,green
uuid-2569-2116,2569,2026-07-13,2026-07-19,100.0,91.66666666666667,0,15,19,28,67.85714285714286,85.16842105263159,7,12,58.333333333333336,87.65714285714287,green
uuid-2569-2117,2569,2026-07-13,2026-07-19,100.0,100.0,0,15,13,21,61.904761904761905,88.25384615384615,5,9,55.55555555555556,86.98,green
uuid-2569-2118,2569,2026-07-13,2026-07-19,,66.66666666666667,0,0,1,21,4.761904761904762,97.4,3,9,33.333333333333336,82.8,green
uuid-2569-2119,2569,2026-07-13,2026-07-19,100.0,93.75,0,16,17,28,60.714285714285715,89.65882352941176,8,12,66.66666666666667,86.9375,green
uuid-2569-2120,2569,2026-07-13,2026-07-19,100.0,77.5,0,1,13,28,46.42857142857143,80.26153846153846,6,12,50.0,83.51666666666665,green
uuid-2569-2121,2569,2026-07-13,2026-07-19,75.0,96.66666666666667,0,15,19,28,67.85714285714286,88.98421052631579,6,12,50.0,86.75,green
uuid-2569-2122,2569,2026-07-13,2026-07-19,75.0,86.25,0,11,18,28,64.28571428571429,83.82222222222222,9,12,75.0,83.9111111111111,green
uuid-2569-2123,2569,2026-07-13,2026-07-19,75.0,86.25,0,4,20,28,71.42857142857143,85.28500000000001,7,12,58.333333333333336,82.82857142857142,green
uuid-2569-2124,2569,2026-07-13,2026-07-19,50.0,67.5,0,0,13,28,46.42857142857143,67.1076923076923,7,12,58.333333333333336,66.15714285714286,yellow
uuid-2569-2125,2569,2026-07-13,2026-07-19,100.0,76.25,0,1,17,28,60.714285714285715,68.1,10,12,83.33333333333333,66.72,green
uuid-2569-2126,2569,2026-07-13,2026-07-19,,31.944444444444443,0,0,9,28,32.142857142857146,57.955555555555556,3,12,25.0,65.0,green
uuid-2569-2127,2569,2026-07-13,2026-07-19,75.0,85.71428571428571,0,7,6,28,21.428571428571427,91.31666666666666,3,12,25.0,88.8,green
uuid-2569-2128,2569,2026-07-13,2026-07-19,,66.66666666666667,0,1,1,21,4.761904761904762,74.0,2,9,22.22222222222222,75.35,green
uuid-2569-2129,2569,2026-07-13,2026-07-19,66.66666666666667,95.55555555555556,0,0,13,21,61.904761904761905,88.93076923076923,5,9,55.55555555555556,89.44000000000001,yellow
uuid-2569-2130,2569,2026-07-13,2026-07-19,100.0,88.33333333333333,0,15,18,28,64.28571428571429,84.6222222222222,7,12,58.333333333333336,89.85714285714286,green
uuid-2569-2131,2569,2026-07-13,2026-07-19,66.66666666666667,66.66666666666667,0,0,13,21,61.904761904761905,70.75384615384615,8,9,88.88888888888889,68.41250000000001,yellow
uuid-2569-2132,2569,2026-07-13,2026-07-19,100.0,80.0,0,3,6,14,42.857142857142854,72.86666666666666,4,6,66.66666666666667,77.0,green
uuid-2569-2133,2569,2026-07-13,2026-07-19,75.0,78.75,0,1,19,28,67.85714285714286,85.97894736842105,12,12,100.0,83.95,green
uuid-2569-2134,2569,2026-07-13,2026-07-19,,27.77777777777778,0,0,3,14,21.428571428571427,67.60000000000001,1,6,16.666666666666668,87.4,green
uuid-2569-2135,2569,2026-07-13,2026-07-19,100.0,77.5,0,8,16,28,57.142857142857146,79.36874999999999,8,12,66.66666666666667,85.4625,green
uuid-2569-2136,2569,2026-07-13,2026-07-19,75.0,62.5,0,1,14,28,50.0,76.19285714285715,11,12,91.66666666666667,72.89999999999999,green
uuid-2569-2137,2569,2026-07-13,2026-07-19,100.0,100.0,0,20,24,28,85.71428571428571,86.14999999999999,11,12,91.66666666666667,84.58181818181818,green
uuid-2569-2138,2569,2026-07-13,2026-07-19,,66.66666666666667,0,0,8,28,28.571428571428573,78.325,4,12,33.333333333333336,84.975,green
uuid-2569-2139,2569,2026-07-13,2026-07-19,33.333333333333336,57.77777777777778,0,0,10,21,47.61904761904762,68.3,2,9,22.22222222222222,60.85,orange
uuid-2569-2140,2569,2026-07-13,2026-07-19,,70.0,0,0,1,14,7.142857142857143,89.1,1,6,16.666666666666668,82.5,green
uuid-2569-2141,2569,2026-07-13,2026-07-19,100.0,75.0,0,1,16,28,57.142857142857146,74.74374999999999,3,12,25.0,81.33333333333333,green
uuid-2569-2142,2569,2026-07-13,2026-07-19,100.0,92.85714285714286,0,7,5,28,17.857142857142858,82.66,4,12,33.333333333333336,88.875,green
uuid-2569-2143,2569,2026-07-13,2026-07-19,,100.0,0,5,1,14,7.142857142857143,63.8,1,6,16.666666666666668,84.0,green
uuid-2569-2144,2569,2026-07-13,2026-07-19,,61.53846153846154,0,0,9,21,42.857142857142854,69.55555555555556,3,9,33.333333333333336,79.53333333333335,green
uuid-2569-2145,2569,2026-07-13,2026-07-19,,90.0,0,5,4,28,14.285714285714286,96.25,4,12,33.333333333333336,92.2,green
uuid-2569-2146,2569,2026-07-13,2026-07-19,66.66666666666667,91.66666666666667,0,0,13,21,61.904761904761905,84.80000000000001,8,9,88.88888888888889,84.0875,yellow
uuid-2569-2147,2569,2026-07-13,2026-07-19,50.0,54.54545454545455,0,0,7,28,25.0,73.02857142857142,1,12,8.333333333333334,61.4,yellow
uuid-2569-2148,2569,2026-07-13,2026-07-19,100.0,78.33333333333333,0,5,14,28,50.0,79.98571428571428,6,12,50.0,76.56666666666666,green
uuid-2569-2149,2569,2026-07-13,2026-07-19,50.0,62.5,0,0,6,14,42.857142857142854,67.66666666666667,3,6,50.0,59.5,yellow
uuid-2569-2150,2569,2026-07-13,2026-07-19,100.0,98.33333333333333,0,15,18,28,64.28571428571429,87.06111111111112,7,12,58.333333333333336,86.41428571428571,green
uuid-2569-2001,2569,2026-07-20,2026-07-26,100.0,83.33333333333333,0,1,14,16,87.5,86.6,6,6,100.0,93.63333333333333,green
uuid-2569-2002,2569,2026-07-20,2026-07-26,,31.944444444444443,0,0,7,32,21.875,50.128571428571426,5,12,41.666666666666664,59.96,green
uuid-2569-2003,2569,2026-07-20,2026-07-26,75.0,67.85714285714286,0,1,15,32,46.875,70.19333333333334,8,12,66.66666666666667,65.825,green
uuid-2569-2004,2569,2026-07-20,2026-07-26,75.0,69.04761904761905,0,2,15,32,46.875,79.06666666666668,8,12,66.66666666666667,72.8875,green
uuid-2569-2005,2569,2026-07-20,2026-07-26,100.0,96.875,0,16,21,32,65.625,89.58571428571429,7,12,58.333333333333336,82.58571428571429,green
uuid-2569-2006,2569,2026-07-20,2026-07-26,50.0,59.523809523809526,0,0,17,32,53.125,71.29411764705883,8,12,66.66666666666667,74.28750000000001,yellow
uuid-2569-2007,2569,2026-07-20,2026-07-26,66.66666666666667,85.41666666666667,0,0,13,24,54.166666666666664,78.16153846153847,3,9,33.333333333333336,79.06666666666666,yellow
uuid-2569-2008,2569,2026-07-20,2026-07-26,75.0,87.5,0,3,20,32,62.5,73.37500000000001,6,12,50.0,84.1,green
uuid-2569-2009,2569,2026-07-20,2026-07-26,,65.38461538461539,0,0,10,32,31.25,71.04,2,12,16.666666666666668,73.69999999999999,green
uuid-2569-2010,2569,2026-07-20,2026-07-26,100.0,97.61904761904762,0,21,22,32,68.75,89.7090909090909,10,12,83.33333333333333,92.13000000000001,green
uuid-2569-2011,2569,2026-07-20,2026-07-26,,61.111111111111114,0,0,3,16,18.75,81.10000000000001,1,6,16.666666666666668,63.2,green
uuid-2569-2012,2569,2026-07-20,2026-07-26,100.0,91.66666666666667,0,7,14,24,58.333333333333336,84.27142857142859,6,9,66.66666666666667,86.76666666666667,green
uuid-2569-2013,2569,2026-07-20,2026-07-26,,53.333333333333336,0,1,3,24,12.5,68.83333333333333,2,9,22.22222222222222,63.3,green
uuid-2569-2014,2569,2026-07-20,2026-07-26,100.0,61.904761904761905,0,1,14,32,43.75,64.08571428571429,8,12,66.66666666666667,68.5375,green
uuid-2569-2015,2569,2026-07-20,2026-07-26,,70.37037037037037,0,0,6,24,25.0,60.1,2,9,22.22222222222222,67.05,green
uuid-2569-2016,2569,2026-07-20,2026-07-26,75.0,65.47619047619048,0,2,17,32,53.125,81.4235294117647,10,12,83.33333333333333,83.08,green
uuid-2569-2017,2569,2026-07-20,2026-07-26,,47.22222222222222,0,0,6,32,18.75,68.05,2,12,16.666666666666668,68.15,green
uuid-2569-2018,2569,2026-07-20,2026-07-26,,41.666666666666664,0,0,8,32,25.0,66.7625,3,12,25.0,64.93333333333334,green
uuid-2569-2019,2569,2026-07-20,2026-07-26,,95.0,0,5,2,32,6.25,76.4,2,12,16.666666666666668,80.6,green
uuid-2569-2020,2569,2026-07-20,2026-07-26,100.0,90.47619047619048,0,4,25,32,78.125,84.108,10,12,83.33333333333333,74.6,green
uuid-2569-2021,2569,2026-07-20,2026-07-26,75.0,65.47619047619048,0,1,20,32,62.5,80.785,5,12,41.666666666666664,74.38,green
uuid-2569-2022,2569,2026-07-20,2026-07-26,,93.33333333333333,0,4,1,24,4.166666666666667,79.5,3,9,33.333333333333336,77.03333333333333,green
uuid-2569-2023,2569,2026-07-20,2026-07-26,50.0,55.95238095238095,0,0,26,32,81.25,75.91153846153847,10,12,83.33333333333333,76.33000000000001,yellow
uuid-2569-2024,2569,2026-07-20,2026-07-26,100.0,83.33333333333333,0,2,7,16,43.75,87.98571428571428,3,6,50.0,64.2,green
uuid-2569-2025,2569,2026-07-20,2026-07-26,,59.25925925925926,0,1,3,24,12.5,75.36666666666666,3,9,33.333333333333336,84.10000000000001,green
uuid-2569-2026,2569,2026-07-20,2026-07-26,100.0,95.23809523809524,0,21,22,32,68.75,88.22272727272728,11,12,91.66666666666667,86.08181818181819,green
uuid-2569-2027,2569,2026-07-20,2026-07-26,50.0,71.875,0,0,8,32,25.0,84.4625,3,12,25.0,73.2,yellow
uuid-2569-2028,2569,2026-07-20,2026-07-26,,65.0,0,0,2,32,6.25,73.75,4,12,33.333333333333336,73.525,green
uuid-2569-2029,2569,2026-07-20,2026-07-26,50.0,66.66666666666667,0,0,10,16,62.5,77.64,4,6,66.66666666666667,76.55000000000001,yellow
uuid-2569-2030,2569,2026-07-20,2026-07-26,100.0,96.875,0,5,18,32,56.25,84.8111111111111,8,12,66.66666666666667,89.4,green
uuid-2569-2031,2569,2026-07-20,2026-07-26,100.0,80.95238095238095,0,2,19,32,59.375,90.3736842105263,10,12,83.33333333333333,82.99000000000001,green
uuid-2569-2032,2569,2026-07-20,2026-07-26,100.0,81.25,0,2,16,24,66.66666666666667,82.31875,6,9,66.66666666666667,77.7,green
uuid-2569-2033,2569,2026-07-20,2026-07-26,100.0,85.71428571428571,0,3,10,16,62.5,87.15,3,6,50.0,84.36666666666666,green
uuid-2569-2034,2569,2026-07-20,2026-07-26,50.0,79.6875,0,0,19,32,59.375,83.75263157894737,4,12,33.333333333333336,82.25,yellow
uuid-2569-2035,2569,2026-07-20,2026-07-26,66.66666666666667,85.41666666666667,0,0,14,24,58.333333333333336,75.68571428571428,5,9,55.55555555555556,82.02000000000001,yellow
uuid-2569-2036,2569,2026-07-20,2026-07-26,100.0,95.23809523809524,0,1,11,16,68.75,81.73636363636363,4,6,66.66666666666667,84.8,green
uuid-2569-2037,2569,2026-07-20,2026-07-26,100.0,94.04761904761905,0,6,26,32,81.25,87.15,9,12,75.0,90.65555555555557,green
uuid-2569-2038,2569,2026-07-20,2026-07-26,100.0,93.65079365079364,0,7,14,24,58.333333333333336,77.82857142857142,7,9,77.77777777777777,86.07142857142857,green
uuid-2569-2039,2569,2026-07-20,2026-07-26,,47.22222222222222,0,0,5,32,15.625,76.74000000000001,1,12,8.333333333333334,65.5,green
uuid-2569-2040,2569,2026-07-20,2026-07-26,75.0,75.0,0,1,6,32,18.75,73.95,3,12,25.0,82.43333333333332,green
uuid-2569-2041,2569,2026-07-20,2026-07-26,75.0,63.095238095238095,0,1,15,32,46.875,70.78666666666666,8,12,66.66666666666667,77.7125,green
uuid-2569-2042,2569,2026-07-20,2026-07-26,75.0,75.0,0,3,15,32,46.875,79.52,7,12,58.333333333333336,74.34285714285716,green
uuid-2569-2043,2569,2026-07-20,2026-07-26,,78.125,0,1,9,32,28.125,71.92222222222222,2,12,16.666666666666668,60.85,green
uuid-2569-2044,2569,2026-07-20,2026-07-26,75.0,71.42857142857143,0,1,18,32,56.25,74.45555555555556,7,12,58.333333333333336,75.27142857142857,green
uuid-2569-2045,2569,2026-07-20,2026-07-26,75.0,81.25,0,2,19,32,59.375,80.8157894736842,4,12,33.333333333333336,81.925,green
uuid-2569-2046,2569,2026-07-20,2026-07-26,,65.625,0,0,9,32,28.125,77.33333333333333,3,12,25.0,78.56666666666666,green
uuid-2569-2047,2569,2026-07-20,2026-07-26,100.0,94.04761904761905,0,21,25,32,78.125,88.772,10,12,83.33333333333333,89.88,green
uuid-2569-2048,2569,2026-07-20,2026-07-26,100.0,98.80952380952381,0,21,23,32,71.875,88.75652173913045,11,12,91.66666666666667,89.41818181818182,green
uuid-2569-2049,2569,2026-07-20,2026-07-26,,58.333333333333336,0,0,5,32,15.625,64.58,1,12,8.333333333333334,66.4,green
uuid-2569-2050,2569,2026-07-20,2026-07-26,100.0,78.125,0,1,16,32,50.0,73.28750000000001,6,12,50.0,69.13333333333334,green
uuid-2569-2051,2569,2026-07-20,2026-07-26,100.0,79.16666666666667,0,5,12,32,37.5,83.825,5,12,41.666666666666664,90.3,green
uuid-2569-2052,2569,2026-07-20,2026-07-26,,50.0,0,0,3,16,18.75,70.0,0,6,0.0,,green
uuid-2569-2053,2569,2026-07-20,2026-07-26,50.0,79.76190476190476,0,0,21,32,65.625,82.27619047619048,10,12,83.33333333333333,71.76000000000002,yellow
uuid-2569-2054,2569,2026-07-20,2026-07-26,25.0,44.04761904761905,0,0,10,32,31.25,60.99000000000001,4,12,33.333333333333336,65.75,orange
uuid-2569-2055,2569,2026-07-20,2026-07-26,,94.23076923076923,0,13,14,32,43.75,84.47142857142856,6,12,50.0,82.01666666666667,green
uuid-2569-2056,2569,2026-07-20,2026-07-26,100.0,68.75,0,3,9,32,28.125,69.85555555555555,4,12,33.333333333333336,65.275,green
uuid-2569-2057,2569,2026-07-20,2026-07-26,,56.25,0,0,2,32,6.25,69.80000000000001,2,12,16.666666666666668,67.5,green
uuid-2569-2058,2569,2026-07-20,2026-07-26,,50.0,0,0,6,32,18.75,64.01666666666667,0,12,0.0,,green
uuid-2569-2059,2569,2026-07-20,2026-07-26,100.0,90.47619047619048,0,6,12,16,75.0,87.41666666666667,5,6,83.33333333333333,92.9,green
uuid-2569-2060,2569,2026-07-20,2026-07-26,50.0,85.71428571428571,0,0,24,32,75.0,86.52499999999999,10,12,83.33333333333333,88.12,yellow
uuid-2569-2061,2569,2026-07-20,2026-07-26,,55.0,0,1,2,32,6.25,82.5,3,12,25.0,72.86666666666666,green
uuid-2569-2062,2569,2026-07-20,2026-07-26,100.0,95.23809523809524,0,2,20,24,83.33333333333333,87.23500000000001,6,9,66.66666666666667,88.85000000000001,green
uuid-2569-2063,2569,2026-07-20,2026-07-26,75.0,52.38095238095238,0,1,9,32,28.125,75.5888888888889,6,12,50.0,76.73333333333335,green
uuid-2569-2064,2569,2026-07-20,2026-07-26,100.0,71.875,0,1,14,32,43.75,74.97857142857143,4,12,33.333333333333336,64.7,green
uuid-2569-2065,2569,2026-07-20,2026-07-26,100.0,98.41269841269842,0,19,16,24,66.66666666666667,83.20625,7,9,77.77777777777777,84.60000000000001,green
uuid-2569-2066,2569,2026-07-20,2026-07-26,25.0,56.25,0,0,6,32,18.75,59.633333333333326,7,12,58.333333333333336,72.22857142857143,orange
uuid-2569-2067,2569,2026-07-20,2026-07-26,100.0,96.82539682539682,0,4,18,24,75.0,86.78888888888889,7,9,77.77777777777777,91.92857142857143,green
uuid-2569-2068,2569,2026-07-20,2026-07-26,50.0,58.333333333333336,0,0,18,32,56.25,73.2,11,12,91.66666666666667,73.04545454545453,yellow
uuid-2569-2069,2569,2026-07-20,2026-07-26,,94.44444444444444,0,1,5,16,31.25,64.42,2,6,33.333333333333336,64.7,green
uuid-2569-2070,2569,2026-07-20,2026-07-26,50.0,63.095238095238095,0,0,21,32,65.625,78.96666666666667,6,12,50.0,69.51666666666667,yellow
uuid-2569-2071,2569,2026-07-20,2026-07-26,,83.33333333333333,0,8,7,32,21.875,73.01428571428572,2,12,16.666666666666668,77.15,green
uuid-2569-2072,2569,2026-07-20,2026-07-26,100.0,73.80952380952381,0,2,10,16,62.5,78.71,5,6,83.33333333333333,83.22,green
uuid-2569-2073,2569,2026-07-20,2026-07-26,,75.0,0,4,10,32,31.25,75.63000000000001,3,12,25.0,81.93333333333334,green
uuid-2569-2074,2569,2026-07-20,2026-07-26,100.0,97.61904761904762,0,9,12,16,75.0,78.325,4,6,66.66666666666667,76.25,green
uuid-2569-2075,2569,2026-07-20,2026-07-26,75.0,78.57142857142857,0,1,22,32,68.75,82.52272727272727,9,12,75.0,81.01111111111112,green
uuid-2569-2076,2569,2026-07-20,2026-07-26,50.0,67.85714285714286,0,0,18,32,56.25,71.59444444444446,7,12,58.333333333333336,73.3,yellow
uuid-2569-2077,2569,2026-07-20,2026-07-26,100.0,100.0,0,21,27,32,84.375,85.89259259259259,12,12,100.0,93.89999999999999,green
uuid-2569-2078,2569,2026-07-20,2026-07-26,50.0,66.66666666666667,0,0,19,32,59.375,70.03684210526316,5,12,41.666666666666664,66.02000000000001,yellow
uuid-2569-2079,2569,2026-07-20,2026-07-26,100.0,95.23809523809524,0,21,20,32,62.5,87.975,11,12,91.66666666666667,86.15454545454547,green
uuid-2569-2080,2569,2026-07-20,2026-07-26,75.0,85.71428571428571,0,13,22,32,68.75,87.0409090909091,9,12,75.0,92.35555555555555,green
uuid-2569-2081,2569,2026-07-20,2026-07-26,75.0,88.0952380952381,0,5,19,32,59.375,79.75263157894737,9,12,75.0,79.67777777777778,green
uuid-2569-2082,2569,2026-07-20,2026-07-26,100.0,69.04761904761905,0,1,8,16,50.0,65.82499999999999,5,6,83.33333333333333,74.32000000000001,green
uuid-2569-2083,2569,2026-07-20,2026-07-26,,51.92307692307692,0,0,6,32,18.75,79.63333333333334,2,12,16.666666666666668,74.25,green
uuid-2569-2084,2569,2026-07-20,2026-07-26,100.0,97.61904761904762,0,21,23,32,71.875,87.42608695652174,12,12,100.0,86.05,green
uuid-2569-2085,2569,2026-07-20,2026-07-26,100.0,77.38095238095238,0,1,20,32,62.5,81.73500000000001,8,12,66.66666666666667,69.275,green
uuid-2569-2086,2569,2026-07-20,2026-07-26,75.0,83.33333333333333,0,1,23,32,71.875,85.17391304347825,10,12,83.33333333333333,75.35,green
uuid-2569-2087,2569,2026-07-20,2026-07-26,,97.22222222222223,0,9,7,32,21.875,88.04285714285713,2,12,16.666666666666668,83.3,green
uuid-2569-2088,2569,2026-07-20,2026-07-26,,10.0,1,0,0,16,0.0,,0,6,0.0,,green
uuid-2569-2089,2569,2026-07-20,2026-07-26,50.0,64.28571428571429,0,0,9,16,56.25,61.3111111111111,4,6,66.66666666666667,73.325,yellow
uuid-2569-2090,2569,2026-07-20,2026-07-26,50.0,67.85714285714286,0,0,16,32,50.0,75.78125,9,12,75.0,75.55555555555556,yellow
uuid-2569-2091,2569,2026-07-20,2026-07-26,,100.0,0,5,2,16,12.5,83.1,2,6,33.333333333333336,91.80000000000001,green
uuid-2569-2092,2569,2026-07-20,2026-07-26,,84.61538461538461,0,13,13,32,40.625,80.82307692307693,7,12,58.333333333333336,81.5142857142857,green
uuid-2569-2093,2569,2026-07-20,2026-07-26,66.66666666666667,55.55555555555556,0,0,10,24,41.666666666666664,71.09,4,9,44.44444444444444,66.35,yellow
uuid-2569-2094,2569,2026-07-20,2026-07-26,,90.38461538461539,0,1,13,32,40.625,75.95384615384616,6,12,50.0,83.75,green
uuid-2569-2095,2569,2026-07-20,2026-07-26,100.0,88.0952380952381,0,2,13,16,81.25,87.58461538461538,5,6,83.33333333333333,91.38000000000001,green
uuid-2569-2096,2569,2026-07-20,2026-07-26,100.0,80.95238095238095,0,5,11,16,68.75,79.44545454545454,5,6,83.33333333333333,91.0,green
uuid-2569-2097,2569,2026-07-20,2026-07-26,66.66666666666667,68.25396825396825,0,0,14,24,58.333333333333336,73.41428571428571,5,9,55.55555555555556,79.4,yellow
uuid-2569-2098,2569,2026-07-20,2026-07-26,,76.92307692307692,0,0,10,32,31.25,79.15,5,12,41.666666666666664,72.32000000000001,green
uuid-2569-2099,2569,2026-07-20,2026-07-26,,51.388888888888886,0,1,6,32,18.75,63.28333333333333,2,12,16.666666666666668,56.05,green
uuid-2569-2100,2569,2026-07-20,2026-07-26,100.0,66.66666666666667,0,1,11,32,34.375,74.43636363636364,4,12,33.333333333333336,75.9,green
uuid-2569-2101,2569,2026-07-20,2026-07-26,,73.07692307692308,0,0,3,16,18.75,81.96666666666667,2,6,33.333333333333336,57.349999999999994,green
uuid-2569-2102,2569,2026-07-20,2026-07-26,,72.22222222222223,0,0,4,16,25.0,77.825,1,6,16.666666666666668,57.9,green
uuid-2569-2103,2569,2026-07-20,2026-07-26,75.0,75.0,0,2,20,32,62.5,76.06500000000001,10,12,83.33333333333333,82.35,green
uuid-2569-2104,2569,2026-07-20,2026-07-26,50.0,65.47619047619048,0,0,22,32,68.75,70.46363636363637,7,12,58.333333333333336,79.52857142857144,yellow
uuid-2569-2105,2569,2026-07-20,2026-07-26,,25.0,0,0,2,32,6.25,66.2,0,12,0.0,,green
uuid-2569-2106,2569,2026-07-20,2026-07-26,25.0,61.904761904761905,0,0,17,32,53.125,77.0,7,12,58.333333333333336,83.51428571428572,orange
uuid-2569-2107,2569,2026-07-20,2026-07-26,100.0,77.08333333333333,0,4,12,32,37.5,75.825,3,12,25.0,65.23333333333333,green
uuid-2569-2108,2569,2026-07-20,2026-07-26,75.0,60.714285714285715,0,3,18,32,56.25,81.63888888888889,7,12,58.333333333333336,83.45714285714284,green
uuid-2569-2109,2569,2026-07-20,2026-07-26,100.0,77.38095238095238,0,3,19,32,59.375,80.73157894736842,8,12,66.66666666666667,79.75,green
uuid-2569-2110,2569,2026-07-20,2026-07-26,100.0,97.61904761904762,0,21,23,32,71.875,89.54347826086956,10,12,83.33333333333333,92.75000000000001,green
uuid-2569-2111,2569,2026-07-20,2026-07-26,25.0,53.57142857142857,0,0,12,32,37.5,61.574999999999996,4,12,33.333333333333336,54.599999999999994,orange
uuid-2569-2112,2569,2026-07-20,2026-07-26,0.0,70.23809523809524,0,0,22,32,68.75,81.84545454545456,9,12,75.0,76.88888888888889,red
uuid-2569-2113,2569,2026-07-20,2026-07-26,66.66666666666667,76.19047619047619,0,0,15,24,62.5,76.04666666666668,7,9,77.77777777777777,77.97142857142858,yellow
uuid-2569-2114,2569,2026-07-20,2026-07-26,50.0,60.714285714285715,0,0,10,32,31.25,65.18,5,12,41.666666666666664,65.82000000000001,yellow
uuid-2569-2115,2569,2026-07-20,2026-07-26,,50.0,0,0,4,32,12.5,59.12500000000001,3,12,25.0,68.03333333333333,green
uuid-2569-2116,2569,2026-07-20,2026-07-26,100.0,92.1875,0,16,23,32,71.875,85.14782608695654,7,12,58.333333333333336,87.65714285714287,green
uuid-2569-2117,2569,2026-07-20,2026-07-26,100.0,100.0,0,16,16,24,66.66666666666667,88.4,5,9,55.55555555555556,86.98,green
uuid-2569-2118,2569,2026-07-20,2026-07-26,,66.66666666666667,0,0,1,24,4.166666666666667,97.4,3,9,33.333333333333336,82.8,green
uuid-2569-2119,2569,2026-07-20,2026-07-26,100.0,94.04761904761905,0,17,21,32,65.625,89.97619047619048,8,12,66.66666666666667,86.9375,green
uuid-2569-2120,2569,2026-07-20,2026-07-26,100.0,78.57142857142857,0,2,16,32,50.0,79.88125,6,12,50.0,83.51666666666665,green
uuid-2569-2121,2569,2026-07-20,2026-07-26,75.0,95.3125,0,16,23,32,71.875,86.78260869565217,6,12,50.0,86.75,green
uuid-2569-2122,2569,2026-07-20,2026-07-26,75.0,85.71428571428571,0,12,22,32,68.75,84.02272727272727,9,12,75.0,83.9111111111111,green
uuid-2569-2123,2569,2026-07-20,2026-07-26,100.0,86.9047619047619,0,5,23,32,71.875,83.8,7,12,58.333333333333336,82.82857142857142,green
uuid-2569-2124,2569,2026-07-20,2026-07-26,100.0,69.04761904761905,0,1,17,32,53.125,66.6470588235294,7,12,58.333333333333336,66.15714285714286,green
uuid-2569-2125,2569,2026-07-20,2026-07-26,50.0,75.0,0,0,17,32,53.125,68.1,10,12,83.33333333333333,66.72,yellow
uuid-2569-2126,2569,2026-07-20,2026-07-26,,31.944444444444443,0,0,9,32,28.125,57.955555555555556,3,12,25.0,65.0,green
uuid-2569-2127,2569,2026-07-20,2026-07-26,50.0,81.25,0,0,10,32,31.25,83.98999999999998,3,12,25.0,88.8,yellow
uuid-2569-2128,2569,2026-07-20,2026-07-26,,66.66666666666667,0,1,1,24,4.166666666666667,74.0,2,9,22.22222222222222,75.35,green
uuid-2569-2129,2569,2026-07-20,2026-07-26,100.0,95.83333333333333,0,1,16,24,66.66666666666667,88.69999999999999,5,9,55.55555555555556,89.44000000000001,green
uuid-2569-2130,2569,2026-07-20,2026-07-26,100.0,89.0625,0,16,21,32,65.625,84.82380952380952,7,12,58.333333333333336,89.85714285714286,green
uuid-2569-2131,2569,2026-07-20,2026-07-26,33.333333333333336,65.07936507936508,0,0,15,24,62.5,71.55333333333333,8,9,88.88888888888889,68.41250000000001,orange
uuid-2569-2132,2569,2026-07-20,2026-07-26,100.0,80.95238095238095,0,4,8,16,50.0,76.69999999999999,4,6,66.66666666666667,77.0,green
uuid-2569-2133,2569,2026-07-20,2026-07-26,75.0,78.57142857142857,0,2,22,32,68.75,85.3409090909091,12,12,100.0,83.95,green
uuid-2569-2134,2569,2026-07-20,2026-07-26,,27.77777777777778,0,0,3,16,18.75,67.60000000000001,1,6,16.666666666666668,87.4,green
uuid-2569-2135,2569,2026-07-20,2026-07-26,75.0,77.38095238095238,0,9,20,32,62.5,77.68499999999999,8,12,66.66666666666667,85.4625,green
uuid-2569-2136,2569,2026-07-20,2026-07-26,25.0,60.714285714285715,0,0,17,32,53.125,75.93529411764705,11,12,91.66666666666667,72.89999999999999,orange
uuid-2569-2137,2569,2026-07-20,2026-07-26,100.0,100.0,0,21,28,32,87.5,86.97857142857143,11,12,91.66666666666667,84.58181818181818,green
uuid-2569-2138,2569,2026-07-20,2026-07-26,,66.66666666666667,0,0,8,32,25.0,78.325,4,12,33.333333333333336,84.975,green
uuid-2569-2139,2569,2026-07-20,2026-07-26,0.0,54.166666666666664,0,0,13,24,54.166666666666664,69.38461538461539,2,9,22.22222222222222,60.85,red
uuid-2569-2140,2569,2026-07-20,2026-07-26,,70.0,0,0,1,16,6.25,89.1,1,6,16.666666666666668,82.5,green
uuid-2569-2141,2569,2026-07-20,2026-07-26,75.0,75.0,0,2,17,32,53.125,74.84117647058824,3,12,25.0,81.33333333333333,green
uuid-2569-2142,2569,2026-07-20,2026-07-26,100.0,93.75,0,8,9,32,28.125,89.01111111111112,4,12,33.333333333333336,88.875,green
uuid-2569-2143,2569,2026-07-20,2026-07-26,,100.0,0,5,1,16,6.25,63.8,1,6,16.666666666666668,84.0,green
uuid-2569-2144,2569,2026-07-20,2026-07-26,,61.53846153846154,0,0,9,24,37.5,69.55555555555556,3,9,33.333333333333336,79.53333333333335,green
uuid-2569-2145,2569,2026-07-20,2026-07-26,,90.0,0,5,4,32,12.5,96.25,4,12,33.333333333333336,92.2,green
uuid-2569-2146,2569,2026-07-20,2026-07-26,100.0,92.06349206349206,0,1,14,24,58.333333333333336,85.88571428571429,8,9,88.88888888888889,84.0875,green
uuid-2569-2147,2569,2026-07-20,2026-07-26,50.0,54.166666666666664,0,0,9,32,28.125,76.27777777777777,1,12,8.333333333333334,61.4,yellow
uuid-2569-2148,2569,2026-07-20,2026-07-26,75.0,78.125,0,6,16,32,50.0,79.18125,6,12,50.0,76.56666666666666,green
uuid-2569-2149,2569,2026-07-20,2026-07-26,50.0,61.904761904761905,0,0,6,16,37.5,67.66666666666667,3,6,50.0,59.5,yellow
uuid-2569-2150,2569,2026-07-20,2026-07-26,100.0,98.4375,0,16,20,32,62.5,86.36000000000001,7,12,58.333333333333336,86.41428571428571,green
uuid-2569-2001,2569,2026-07-27,2026-08-02,100.0,84.0909090909091,0,2,14,16,87.5,86.6,6,6,100.0,93.63333333333333,green
uuid-2569-2002,2569,2026-07-27,2026-08-02,,31.944444444444443,0,0,7,32,21.875,50.128571428571426,5,12,41.666666666666664,59.96,green
uuid-2569-2003,2569,2026-07-27,2026-08-02,100.0,69.31818181818181,0,2,15,32,46.875,70.19333333333334,8,12,66.66666666666667,65.825,green
uuid-2569-2004,2569,2026-07-27,2026-08-02,50.0,68.18181818181819,0,0,15,32,46.875,79.06666666666668,8,12,66.66666666666667,72.8875,yellow
uuid-2569-2005,2569,2026-07-27,2026-08-02,100.0,97.05882352941177,0,17,21,32,65.625,89.58571428571429,7,12,58.333333333333336,82.58571428571429,green
uuid-2569-2006,2569,2026-07-27,2026-08-02,25.0,57.95454545454545,0,0,17,32,53.125,71.29411764705883,8,12,66.66666666666667,74.28750000000001,orange
uuid-2569-2007,2569,2026-07-27,2026-08-02,100.0,86.27450980392157,0,1,13,24,54.166666666666664,78.16153846153847,3,9,33.333333333333336,79.06666666666666,green
uuid-2569-2008,2569,2026-07-27,2026-08-02,100.0,88.23529411764706,0,4,20,32,62.5,73.37500000000001,6,12,50.0,84.1,green
uuid-2569-2009,2569,2026-07-27,2026-08-02,,65.38461538461539,0,0,10,32,31.25,71.04,2,12,16.666666666666668,73.69999999999999,green
uuid-2569-2010,2569,2026-07-27,2026-08-02,100.0,97.72727272727273,0,22,22,32,68.75,89.7090909090909,10,12,83.33333333333333,92.13000000000001,green
uuid-2569-2011,2569,2026-07-27,2026-08-02,,61.111111111111114,0,0,3,16,18.75,81.10000000000001,1,6,16.666666666666668,63.2,green
uuid-2569-2012,2569,2026-07-27,2026-08-02,100.0,92.15686274509804,0,8,14,24,58.333333333333336,84.27142857142859,6,9,66.66666666666667,86.76666666666667,green
uuid-2569-2013,2569,2026-07-27,2026-08-02,,53.333333333333336,0,1,3,24,12.5,68.83333333333333,2,9,22.22222222222222,63.3,green
uuid-2569-2014,2569,2026-07-27,2026-08-02,100.0,63.63636363636363,0,2,14,32,43.75,64.08571428571429,8,12,66.66666666666667,68.5375,green
uuid-2569-2015,2569,2026-07-27,2026-08-02,,70.37037037037037,0,0,6,24,25.0,60.1,2,9,22.22222222222222,67.05,green
uuid-2569-2016,2569,2026-07-27,2026-08-02,50.0,64.77272727272727,0,0,17,32,53.125,81.4235294117647,10,12,83.33333333333333,83.08,yellow
uuid-2569-2017,2569,2026-07-27,2026-08-02,,47.22222222222222,0,0,6,32,18.75,68.05,2,12,16.666666666666668,68.15,green
uuid-2569-2018,2569,2026-07-27,2026-08-02,,41.666666666666664,0,0,8,32,25.0,66.7625,3,12,25.0,64.93333333333334,green
uuid-2569-2019,2569,2026-07-27,2026-08-02,,95.0,0,5,2,32,6.25,76.4,2,12,16.666666666666668,80.6,green
uuid-2569-2020,2569,2026-07-27,2026-08-02,100.0,90.9090909090909,0,5,25,32,78.125,84.108,10,12,83.33333333333333,74.6,green
uuid-2569-2021,2569,2026-07-27,2026-08-02,25.0,63.63636363636363,0,0,20,32,62.5,80.785,5,12,41.666666666666664,74.38,orange
uuid-2569-2022,2569,2026-07-27,2026-08-02,,93.33333333333333,0,4,1,24,4.166666666666667,79.5,3,9,33.333333333333336,77.03333333333333,green
uuid-2569-2023,2569,2026-07-27,2026-08-02,50.0,55.68181818181818,0,0,26,32,81.25,75.91153846153847,10,12,83.33333333333333,76.33000000000001,yellow
uuid-2569-2024,2569,2026-07-27,2026-08-02,100.0,84.0909090909091,0,3,7,16,43.75,87.98571428571428,3,6,50.0,64.2,green
uuid-2569-2025,2569,2026-07-27,2026-08-02,,59.25925925925926,0,1,3,24,12.5,75.36666666666666,3,9,33.333333333333336,84.10000000000001,green
uuid-2569-2026,2569,2026-07-27,2026-08-02,100.0,95.45454545454545,0,22,22,32,68.75,88.22272727272728,11,12,91.66666666666667,86.08181818181819,green
uuid-2569-2027,2569,2026-07-27,2026-08-02,100.0,75.0,0,1,8,32,25.0,84.4625,3,12,25.0,73.2,green
uuid-2569-2028,2569,2026-07-27,2026-08-02,,65.0,0,0,2,32,6.25,73.75,4,12,33.333333333333336,73.525,green
uuid-2569-2029,2569,2026-07-27,2026-08-02,50.0,65.9090909090909,0,0,10,16,62.5,77.64,4,6,66.66666666666667,76.55000000000001,yellow
uuid-2569-2030,2569,2026-07-27,2026-08-02,75.0,95.58823529411765,0,6,18,32,56.25,84.8111111111111,8,12,66.66666666666667,89.4,green
uuid-2569-2031,2569,2026-07-27,2026-08-02,100.0,81.81818181818181,0,3,19,32,59.375,90.3736842105263,10,12,83.33333333333333,82.99000000000001,green
uuid-2569-2032,2569,2026-07-27,2026-08-02,100.0,82.3529411764706,0,3,16,24,66.66666666666667,82.31875,6,9,66.66666666666667,77.7,green
uuid-2569-2033,2569,2026-07-27,2026-08-02,100.0,86.36363636363636,0,4,10,16,62.5,87.15,3,6,50.0,84.36666666666666,green
uuid-2569-2034,2569,2026-07-27,2026-08-02,75.0,79.41176470588235,0,1,19,32,59.375,83.75263157894737,4,12,33.333333333333336,82.25,green
uuid-2569-2035,2569,2026-07-27,2026-08-02,66.66666666666667,84.31372549019608,0,0,14,24,58.333333333333336,75.68571428571428,5,9,55.55555555555556,82.02000000000001,yellow
uuid-2569-2036,2569,2026-07-27,2026-08-02,50.0,93.18181818181819,0,0,11,16,68.75,81.73636363636363,4,6,66.66666666666667,84.8,yellow
uuid-2569-2037,2569,2026-07-27,2026-08-02,100.0,94.31818181818181,0,7,26,32,81.25,87.15,9,12,75.0,90.65555555555557,green
uuid-2569-2038,2569,2026-07-27,2026-08-02,100.0,93.93939393939394,0,8,14,24,58.333333333333336,77.82857142857142,7,9,77.77777777777777,86.07142857142857,green
uuid-2569-2039,2569,2026-07-27,2026-08-02,,47.22222222222222,0,0,5,32,15.625,76.74000000000001,1,12,8.333333333333334,65.5,green
uuid-2569-2040,2569,2026-07-27,2026-08-02,75.0,75.0,0,2,6,32,18.75,73.95,3,12,25.0,82.43333333333332,green
uuid-2569-2041,2569,2026-07-27,2026-08-02,50.0,62.5,0,0,15,32,46.875,70.78666666666666,8,12,66.66666666666667,77.7125,yellow
uuid-2569-2042,2569,2026-07-27,2026-08-02,100.0,76.47058823529412,0,4,15,32,46.875,79.52,7,12,58.333333333333336,74.34285714285716,green
uuid-2569-2043,2569,2026-07-27,2026-08-02,,78.125,0,1,9,32,28.125,71.92222222222222,2,12,16.666666666666668,60.85,green
uuid-2569-2044,2569,2026-07-27,2026-08-02,50.0,70.45454545454545,0,0,18,32,56.25,74.45555555555556,7,12,58.333333333333336,75.27142857142857,yellow
uuid-2569-2045,2569,2026-07-27,2026-08-02,100.0,82.3529411764706,0,3,19,32,59.375,80.8157894736842,4,12,33.333333333333336,81.925,green
uuid-2569-2046,2569,2026-07-27,2026-08-02,,65.625,0,0,9,32,28.125,77.33333333333333,3,12,25.0,78.56666666666666,green
uuid-2569-2047,2569,2026-07-27,2026-08-02,100.0,94.31818181818181,0,22,25,32,78.125,88.772,10,12,83.33333333333333,89.88,green
uuid-2569-2048,2569,2026-07-27,2026-08-02,100.0,98.86363636363636,0,22,23,32,71.875,88.75652173913045,11,12,91.66666666666667,89.41818181818182,green
uuid-2569-2049,2569,2026-07-27,2026-08-02,,58.333333333333336,0,0,5,32,15.625,64.58,1,12,8.333333333333334,66.4,green
uuid-2569-2050,2569,2026-07-27,2026-08-02,75.0,77.94117647058823,0,2,16,32,50.0,73.28750000000001,6,12,50.0,69.13333333333334,green
uuid-2569-2051,2569,2026-07-27,2026-08-02,100.0,80.76923076923077,0,6,12,32,37.5,83.825,5,12,41.666666666666664,90.3,green
uuid-2569-2052,2569,2026-07-27,2026-08-02,,50.0,0,0,3,16,18.75,70.0,0,6,0.0,,green
uuid-2569-2053,2569,2026-07-27,2026-08-02,100.0,80.68181818181819,0,1,21,32,65.625,82.27619047619048,10,12,83.33333333333333,71.76000000000002,green
uuid-2569-2054,2569,2026-07-27,2026-08-02,25.0,43.18181818181818,0,0,10,32,31.25,60.99000000000001,4,12,33.333333333333336,65.75,orange
uuid-2569-2055,2569,2026-07-27,2026-08-02,,94.23076923076923,0,13,14,32,43.75,84.47142857142856,6,12,50.0,82.01666666666667,green
uuid-2569-2056,2569,2026-07-27,2026-08-02,50.0,66.66666666666667,0,0,9,32,28.125,69.85555555555555,4,12,33.333333333333336,65.275,yellow
uuid-2569-2057,2569,2026-07-27,2026-08-02,,56.25,0,0,2,32,6.25,69.80000000000001,2,12,16.666666666666668,67.5,green
uuid-2569-2058,2569,2026-07-27,2026-08-02,,50.0,0,0,6,32,18.75,64.01666666666667,0,12,0.0,,green
uuid-2569-2059,2569,2026-07-27,2026-08-02,100.0,90.9090909090909,0,7,12,16,75.0,87.41666666666667,5,6,83.33333333333333,92.9,green
uuid-2569-2060,2569,2026-07-27,2026-08-02,100.0,86.36363636363636,0,1,24,32,75.0,86.52499999999999,10,12,83.33333333333333,88.12,green
uuid-2569-2061,2569,2026-07-27,2026-08-02,,55.0,0,1,2,32,6.25,82.5,3,12,25.0,72.86666666666666,green
uuid-2569-2062,2569,2026-07-27,2026-08-02,100.0,95.45454545454545,0,3,20,24,83.33333333333333,87.23500000000001,6,9,66.66666666666667,88.85000000000001,green
uuid-2569-2063,2569,2026-07-27,2026-08-02,25.0,51.13636363636363,0,0,9,32,28.125,75.5888888888889,6,12,50.0,76.73333333333335,orange
uuid-2569-2064,2569,2026-07-27,2026-08-02,75.0,72.05882352941177,0,2,14,32,43.75,74.97857142857143,4,12,33.333333333333336,64.7,green
uuid-2569-2065,2569,2026-07-27,2026-08-02,66.66666666666667,96.96969696969697,0,0,16,24,66.66666666666667,83.20625,7,9,77.77777777777777,84.60000000000001,yellow
uuid-2569-2066,2569,2026-07-27,2026-08-02,50.0,55.76923076923077,0,0,6,32,18.75,59.633333333333326,7,12,58.333333333333336,72.22857142857143,yellow
uuid-2569-2067,2569,2026-07-27,2026-08-02,100.0,96.96969696969697,0,5,18,24,75.0,86.78888888888889,7,9,77.77777777777777,91.92857142857143,green
uuid-2569-2068,2569,2026-07-27,2026-08-02,50.0,57.95454545454545,0,0,18,32,56.25,73.2,11,12,91.66666666666667,73.04545454545453,yellow
uuid-2569-2069,2569,2026-07-27,2026-08-02,,94.44444444444444,0,1,5,16,31.25,64.42,2,6,33.333333333333336,64.7,green
uuid-2569-2070,2569,2026-07-27,2026-08-02,75.0,63.63636363636363,0,1,21,32,65.625,78.96666666666667,6,12,50.0,69.51666666666667,green
uuid-2569-2071,2569,2026-07-27,2026-08-02,,83.33333333333333,0,8,7,32,21.875,73.01428571428572,2,12,16.666666666666668,77.15,green
uuid-2569-2072,2569,2026-07-27,2026-08-02,50.0,72.72727272727273,0,0,10,16,62.5,78.71,5,6,83.33333333333333,83.22,yellow
uuid-2569-2073,2569,2026-07-27,2026-08-02,,75.0,0,4,10,32,31.25,75.63000000000001,3,12,25.0,81.93333333333334,green
uuid-2569-2074,2569,2026-07-27,2026-08-02,100.0,97.72727272727273,0,10,12,16,75.0,78.325,4,6,66.66666666666667,76.25,green
uuid-2569-2075,2569,2026-07-27,2026-08-02,75.0,78.4090909090909,0,2,22,32,68.75,82.52272727272727,9,12,75.0,81.01111111111112,green
uuid-2569-2076,2569,2026-07-27,2026-08-02,75.0,68.18181818181819,0,1,18,32,56.25,71.59444444444446,7,12,58.333333333333336,73.3,green
uuid-2569-2077,2569,2026-07-27,2026-08-02,100.0,100.0,0,22,27,32,84.375,85.89259259259259,12,12,100.0,93.89999999999999,green
uuid-2569-2078,2569,2026-07-27,2026-08-02,75.0,67.04545454545455,0,1,19,32,59.375,70.03684210526316,5,12,41.666666666666664,66.02000000000001,green
uuid-2569-2079,2569,2026-07-27,2026-08-02,50.0,93.18181818181819,0,0,20,32,62.5,87.975,11,12,91.66666666666667,86.15454545454547,yellow
uuid-2569-2080,2569,2026-07-27,2026-08-02,100.0,86.36363636363636,0,14,22,32,68.75,87.0409090909091,9,12,75.0,92.35555555555555,green
uuid-2569-2081,2569,2026-07-27,2026-08-02,50.0,86.36363636363636,0,0,19,32,59.375,79.75263157894737,9,12,75.0,79.67777777777778,yellow
uuid-2569-2082,2569,2026-07-27,2026-08-02,0.0,65.9090909090909,1,0,8,16,50.0,65.82499999999999,5,6,83.33333333333333,74.32000000000001,red
uuid-2569-2083,2569,2026-07-27,2026-08-02,,51.92307692307692,0,0,6,32,18.75,79.63333333333334,2,12,16.666666666666668,74.25,green
uuid-2569-2084,2569,2026-07-27,2026-08-02,100.0,97.72727272727273,0,22,23,32,71.875,87.42608695652174,12,12,100.0,86.05,green
uuid-2569-2085,2569,2026-07-27,2026-08-02,100.0,78.4090909090909,0,2,20,32,62.5,81.73500000000001,8,12,66.66666666666667,69.275,green
uuid-2569-2086,2569,2026-07-27,2026-08-02,100.0,84.0909090909091,0,2,23,32,71.875,85.17391304347825,10,12,83.33333333333333,75.35,green
uuid-2569-2087,2569,2026-07-27,2026-08-02,,97.22222222222223,0,9,7,32,21.875,88.04285714285713,2,12,16.666666666666668,83.3,green
uuid-2569-2088,2569,2026-07-27,2026-08-02,,10.0,1,0,0,16,0.0,,0,6,0.0,,green
uuid-2569-2089,2569,2026-07-27,2026-08-02,50.0,63.63636363636363,0,0,9,16,56.25,61.3111111111111,4,6,66.66666666666667,73.325,yellow
uuid-2569-2090,2569,2026-07-27,2026-08-02,100.0,69.31818181818181,0,1,16,32,50.0,75.78125,9,12,75.0,75.55555555555556,green
uuid-2569-2091,2569,2026-07-27,2026-08-02,,100.0,0,5,2,16,12.5,83.1,2,6,33.333333333333336,91.80000000000001,green
uuid-2569-2092,2569,2026-07-27,2026-08-02,,84.61538461538461,0,13,13,32,40.625,80.82307692307693,7,12,58.333333333333336,81.5142857142857,green
uuid-2569-2093,2569,2026-07-27,2026-08-02,0.0,53.03030303030303,1,0,10,24,41.666666666666664,71.09,4,9,44.44444444444444,66.35,red
uuid-2569-2094,2569,2026-07-27,2026-08-02,,90.38461538461539,0,1,13,32,40.625,75.95384615384616,6,12,50.0,83.75,green
uuid-2569-2095,2569,2026-07-27,2026-08-02,100.0,88.63636363636364,0,3,13,16,81.25,87.58461538461538,5,6,83.33333333333333,91.38000000000001,green
uuid-2569-2096,2569,2026-07-27,2026-08-02,100.0,81.81818181818181,0,6,11,16,68.75,79.44545454545454,5,6,83.33333333333333,91.0,green
uuid-2569-2097,2569,2026-07-27,2026-08-02,66.66666666666667,68.18181818181819,0,0,14,24,58.333333333333336,73.41428571428571,5,9,55.55555555555556,79.4,yellow
uuid-2569-2098,2569,2026-07-27,2026-08-02,,76.92307692307692,0,0,10,32,31.25,79.15,5,12,41.666666666666664,72.32000000000001,green
uuid-2569-2099,2569,2026-07-27,2026-08-02,,51.388888888888886,0,1,6,32,18.75,63.28333333333333,2,12,16.666666666666668,56.05,green
uuid-2569-2100,2569,2026-07-27,2026-08-02,75.0,67.3076923076923,0,2,11,32,34.375,74.43636363636364,4,12,33.333333333333336,75.9,green
uuid-2569-2101,2569,2026-07-27,2026-08-02,,73.07692307692308,0,0,3,16,18.75,81.96666666666667,2,6,33.333333333333336,57.349999999999994,green
uuid-2569-2102,2569,2026-07-27,2026-08-02,,72.22222222222223,0,0,4,16,25.0,77.825,1,6,16.666666666666668,57.9,green
uuid-2569-2103,2569,2026-07-27,2026-08-02,25.0,72.72727272727273,0,0,20,32,62.5,76.06500000000001,10,12,83.33333333333333,82.35,orange
uuid-2569-2104,2569,2026-07-27,2026-08-02,75.0,65.9090909090909,0,1,22,32,68.75,70.46363636363637,7,12,58.333333333333336,79.52857142857144,green
uuid-2569-2105,2569,2026-07-27,2026-08-02,,25.0,0,0,2,32,6.25,66.2,0,12,0.0,,green
uuid-2569-2106,2569,2026-07-27,2026-08-02,75.0,62.5,0,1,17,32,53.125,77.0,7,12,58.333333333333336,83.51428571428572,green
uuid-2569-2107,2569,2026-07-27,2026-08-02,50.0,75.0,0,0,12,32,37.5,75.825,3,12,25.0,65.23333333333333,yellow
uuid-2569-2108,2569,2026-07-27,2026-08-02,25.0,59.09090909090909,0,0,18,32,56.25,81.63888888888889,7,12,58.333333333333336,83.45714285714284,orange
uuid-2569-2109,2569,2026-07-27,2026-08-02,50.0,76.13636363636364,0,0,19,32,59.375,80.73157894736842,8,12,66.66666666666667,79.75,yellow
uuid-2569-2110,2569,2026-07-27,2026-08-02,100.0,97.72727272727273,0,22,23,32,71.875,89.54347826086956,10,12,83.33333333333333,92.75000000000001,green
uuid-2569-2111,2569,2026-07-27,2026-08-02,25.0,52.27272727272727,0,0,12,32,37.5,61.574999999999996,4,12,33.333333333333336,54.599999999999994,orange
uuid-2569-2112,2569,2026-07-27,2026-08-02,75.0,70.45454545454545,0,1,22,32,68.75,81.84545454545456,9,12,75.0,76.88888888888889,green
uuid-2569-2113,2569,2026-07-27,2026-08-02,100.0,77.27272727272727,0,1,15,24,62.5,76.04666666666668,7,9,77.77777777777777,77.97142857142858,green
uuid-2569-2114,2569,2026-07-27,2026-08-02,100.0,62.5,0,1,10,32,31.25,65.18,5,12,41.666666666666664,65.82000000000001,green
uuid-2569-2115,2569,2026-07-27,2026-08-02,,50.0,0,0,4,32,12.5,59.12500000000001,3,12,25.0,68.03333333333333,green
uuid-2569-2116,2569,2026-07-27,2026-08-02,75.0,91.17647058823529,0,17,23,32,71.875,85.14782608695654,7,12,58.333333333333336,87.65714285714287,green
uuid-2569-2117,2569,2026-07-27,2026-08-02,100.0,100.0,0,17,16,24,66.66666666666667,88.4,5,9,55.55555555555556,86.98,green
uuid-2569-2118,2569,2026-07-27,2026-08-02,,66.66666666666667,0,0,1,24,4.166666666666667,97.4,3,9,33.333333333333336,82.8,green
uuid-2569-2119,2569,2026-07-27,2026-08-02,100.0,94.31818181818181,0,18,21,32,65.625,89.97619047619048,8,12,66.66666666666667,86.9375,green
uuid-2569-2120,2569,2026-07-27,2026-08-02,75.0,78.4090909090909,0,3,16,32,50.0,79.88125,6,12,50.0,83.51666666666665,green
uuid-2569-2121,2569,2026-07-27,2026-08-02,100.0,95.58823529411765,0,17,23,32,71.875,86.78260869565217,6,12,50.0,86.75,green
uuid-2569-2122,2569,2026-07-27,2026-08-02,100.0,86.36363636363636,0,13,22,32,68.75,84.02272727272727,9,12,75.0,83.9111111111111,green
uuid-2569-2123,2569,2026-07-27,2026-08-02,50.0,85.22727272727273,0,0,23,32,71.875,83.8,7,12,58.333333333333336,82.82857142857142,yellow
uuid-2569-2124,2569,2026-07-27,2026-08-02,75.0,69.31818181818181,0,2,17,32,53.125,66.6470588235294,7,12,58.333333333333336,66.15714285714286,green
uuid-2569-2125,2569,2026-07-27,2026-08-02,0.0,71.5909090909091,1,0,17,32,53.125,68.1,10,12,83.33333333333333,66.72,red
uuid-2569-2126,2569,2026-07-27,2026-08-02,,31.944444444444443,0,0,9,32,28.125,57.955555555555556,3,12,25.0,65.0,green
uuid-2569-2127,2569,2026-07-27,2026-08-02,75.0,80.55555555555556,0,1,10,32,31.25,83.98999999999998,3,12,25.0,88.8,green
uuid-2569-2128,2569,2026-07-27,2026-08-02,,66.66666666666667,0,1,1,24,4.166666666666667,74.0,2,9,22.22222222222222,75.35,green
uuid-2569-2129,2569,2026-07-27,2026-08-02,100.0,96.07843137254902,0,2,16,24,66.66666666666667,88.69999999999999,5,9,55.55555555555556,89.44000000000001,green
uuid-2569-2130,2569,2026-07-27,2026-08-02,100.0,89.70588235294117,0,17,21,32,65.625,84.82380952380952,7,12,58.333333333333336,89.85714285714286,green
uuid-2569-2131,2569,2026-07-27,2026-08-02,66.66666666666667,65.15151515151516,0,0,15,24,62.5,71.55333333333333,8,9,88.88888888888889,68.41250000000001,yellow
uuid-2569-2132,2569,2026-07-27,2026-08-02,50.0,79.54545454545455,0,0,8,16,50.0,76.69999999999999,4,6,66.66666666666667,77.0,yellow
uuid-2569-2133,2569,2026-07-27,2026-08-02,100.0,79.54545454545455,0,3,22,32,68.75,85.3409090909091,12,12,100.0,83.95,green
uuid-2569-2134,2569,2026-07-27,2026-08-02,,27.77777777777778,0,0,3,16,18.75,67.60000000000001,1,6,16.666666666666668,87.4,green
uuid-2569-2135,2569,2026-07-27,2026-08-02,75.0,77.27272727272727,0,10,20,32,62.5,77.68499999999999,8,12,66.66666666666667,85.4625,green
uuid-2569-2136,2569,2026-07-27,2026-08-02,75.0,61.36363636363637,0,1,17,32,53.125,75.93529411764705,11,12,91.66666666666667,72.89999999999999,green
uuid-2569-2137,2569,2026-07-27,2026-08-02,100.0,100.0,0,22,28,32,87.5,86.97857142857143,11,12,91.66666666666667,84.58181818181818,green
uuid-2569-2138,2569,2026-07-27,2026-08-02,,66.66666666666667,0,0,8,32,25.0,78.325,4,12,33.333333333333336,84.975,green
uuid-2569-2139,2569,2026-07-27,2026-08-02,33.333333333333336,52.94117647058823,0,0,13,24,54.166666666666664,69.38461538461539,2,9,22.22222222222222,60.85,orange
uuid-2569-2140,2569,2026-07-27,2026-08-02,,70.0,0,0,1,16,6.25,89.1,1,6,16.666666666666668,82.5,green
uuid-2569-2141,2569,2026-07-27,2026-08-02,75.0,75.0,0,3,17,32,53.125,74.84117647058824,3,12,25.0,81.33333333333333,green
uuid-2569-2142,2569,2026-07-27,2026-08-02,75.0,91.66666666666667,0,9,9,32,28.125,89.01111111111112,4,12,33.333333333333336,88.875,green
uuid-2569-2143,2569,2026-07-27,2026-08-02,,100.0,0,5,1,16,6.25,63.8,1,6,16.666666666666668,84.0,green
uuid-2569-2144,2569,2026-07-27,2026-08-02,,61.53846153846154,0,0,9,24,37.5,69.55555555555556,3,9,33.333333333333336,79.53333333333335,green
uuid-2569-2145,2569,2026-07-27,2026-08-02,,90.0,0,5,4,32,12.5,96.25,4,12,33.333333333333336,92.2,green
uuid-2569-2146,2569,2026-07-27,2026-08-02,100.0,92.42424242424242,0,2,14,24,58.333333333333336,85.88571428571429,8,9,88.88888888888889,84.0875,green
uuid-2569-2147,2569,2026-07-27,2026-08-02,50.0,53.84615384615385,0,0,9,32,28.125,76.27777777777777,1,12,8.333333333333334,61.4,yellow
uuid-2569-2148,2569,2026-07-27,2026-08-02,50.0,76.47058823529412,0,0,16,32,50.0,79.18125,6,12,50.0,76.56666666666666,yellow
uuid-2569-2149,2569,2026-07-27,2026-08-02,100.0,63.63636363636363,0,1,6,16,37.5,67.66666666666667,3,6,50.0,59.5,green
uuid-2569-2150,2569,2026-07-27,2026-08-02,100.0,98.52941176470588,0,17,20,32,62.5,86.36000000000001,7,12,58.333333333333336,86.41428571428571,green
